run_dir=/Users/gab/Library/Mobile Documents/com~apple~CloudDocs/QuIST/ML/Optimization/Project 2/LNS_scheduling/PPO_checkpoints
results_dir=/Users/gab/Library/Mobile Documents/com~apple~CloudDocs/QuIST/ML/Optimization/Project 2/LNS_scheduling/PPO_checkpoints
checkpoint=drl_ppo_checkpoint_20000.pt
seed=direct
runs_each=3
timeout_seconds=150.0
eval_seeds=0,1,2
test_instances=Example24,Example48,Example26,Example2,Example16,Example32,Example31,Example25,Example19,Example30


===== instance=Example24 seed=0 checkpoint=drl_ppo_checkpoint_20000.pt =====
Loaded checkpoint: /Users/gab/Library/Mobile Documents/com~apple~CloudDocs/QuIST/ML/Optimization/Project 2/LNS_scheduling/PPO_checkpoints/drl_ppo_checkpoint_20000.pt
Loaded instance: /Users/gab/Library/Mobile Documents/com~apple~CloudDocs/QuIST/ML/Optimization/Project 2/LNS_scheduling/Instances1-50/Example24.txt
Detected state_dim=7
iter=1 time=18.032s destroy=destroy_max_border_off repair=repair_chuffed_long objective=None->383.0 accepted=True reward=+10.008
iter=2 time=34.556s destroy=destroy_forbidden_sequences_30pct repair=repair_chuffed_long objective=383.0->361.0 accepted=True reward=+10.583
iter=3 time=37.387s destroy=destroy_worker repair=repair_chuffed_long objective=361.0->354.0 accepted=True reward=+10.202
iter=4 time=53.861s destroy=destroy_worst_workers_10pct repair=repair_chuffed_long objective=354.0->388.0 accepted=False reward=+0.000
iter=5 time=57.596s destroy=destroy_worker repair=repair_chuffed_long objective=354.0->341.0 accepted=True reward=+10.376
iter=6 time=61.019s destroy=destroy_worker repair=repair_chuffed_long objective=341.0->335.0 accepted=True reward=+10.185
iter=7 time=64.423s destroy=destroy_worker repair=repair_chuffed_long objective=335.0->326.0 accepted=True reward=+10.278
iter=8 time=80.966s destroy=destroy_max_border_off repair=repair_chuffed_long objective=326.0->309.0 accepted=True reward=+10.531
iter=9 time=84.497s destroy=destroy_worker repair=repair_chuffed_long objective=309.0->304.0 accepted=True reward=+10.172
iter=10 time=87.548s destroy=destroy_worker repair=repair_chuffed_long objective=304.0->299.0 accepted=True reward=+10.174
iter=11 time=89.962s destroy=destroy_worker repair=repair_chuffed_long objective=299.0->289.0 accepted=True reward=+10.345
iter=12 time=92.703s destroy=destroy_worker repair=repair_chuffed_long objective=289.0->289.0 accepted=True reward=+0.010
iter=13 time=109.179s destroy=destroy_forbidden_sequences_30pct repair=repair_chuffed_long objective=289.0->290.0 accepted=True reward=-0.024
iter=14 time=125.668s destroy=destroy_forbidden_sequences_30pct repair=repair_chuffed_long objective=290.0->287.0 accepted=True reward=+10.114
iter=15 time=142.103s destroy=destroy_forbidden_sequences_30pct repair=repair_chuffed_long objective=287.0->289.0 accepted=True reward=-0.059
iter=16 time=146.556s destroy=destroy_worker repair=repair_chuffed_long objective=289.0->286.0 accepted=True reward=+10.114
iter=17 time=151.587s destroy=destroy_worker repair=repair_chuffed_long objective=286.0->275.0 accepted=True reward=+10.395
solved=False stop_time=151.587s reason=timeout
run_completed=True runtime=151.587s best_objective=275.0 current_objective=275.0

===== instance=Example24 seed=1 checkpoint=drl_ppo_checkpoint_20000.pt =====
Loaded checkpoint: /Users/gab/Library/Mobile Documents/com~apple~CloudDocs/QuIST/ML/Optimization/Project 2/LNS_scheduling/PPO_checkpoints/drl_ppo_checkpoint_20000.pt
Loaded instance: /Users/gab/Library/Mobile Documents/com~apple~CloudDocs/QuIST/ML/Optimization/Project 2/LNS_scheduling/Instances1-50/Example24.txt
Detected state_dim=7
iter=1 time=2.337s destroy=destroy_max_border_shift_1 repair=repair_chuffed_fast objective=None->350.0 accepted=True reward=+10.009
iter=2 time=18.831s destroy=destroy_max_border_off repair=repair_chuffed_long objective=350.0->342.0 accepted=True reward=+10.237
iter=3 time=21.166s destroy=destroy_worker repair=repair_chuffed_long objective=342.0->339.0 accepted=True reward=+10.097
iter=4 time=24.078s destroy=destroy_worker repair=repair_chuffed_fast objective=339.0->334.0 accepted=True reward=+10.156
iter=5 time=26.710s destroy=destroy_worker repair=repair_chuffed_long objective=334.0->330.0 accepted=True reward=+10.129
iter=6 time=29.706s destroy=destroy_worker repair=repair_chuffed_long objective=330.0->326.0 accepted=True reward=+10.130
iter=7 time=46.271s destroy=destroy_forbidden_sequences_30pct repair=repair_chuffed_long objective=326.0->331.0 accepted=False reward=+0.000
iter=8 time=62.898s destroy=destroy_worst_workers_10pct repair=repair_chuffed_long objective=326.0->364.0 accepted=False reward=+0.000
iter=9 time=65.254s destroy=destroy_worker repair=repair_chuffed_long objective=326.0->319.0 accepted=True reward=+10.224
iter=10 time=67.578s destroy=destroy_worker repair=repair_chuffed_long objective=319.0->319.0 accepted=True reward=+0.009
iter=11 time=69.896s destroy=destroy_worker repair=repair_chuffed_long objective=319.0->310.0 accepted=True reward=+10.292
iter=12 time=72.178s destroy=destroy_worker repair=repair_chuffed_long objective=310.0->303.0 accepted=True reward=+10.236
iter=13 time=74.386s destroy=destroy_worker repair=repair_chuffed_long objective=303.0->299.0 accepted=True reward=+10.142
iter=14 time=82.089s destroy=destroy_max_border_off repair=repair_chuffed_long objective=299.0->294.0 accepted=True reward=+10.177
iter=15 time=84.850s destroy=destroy_worker repair=repair_chuffed_long objective=294.0->279.0 accepted=True reward=+10.521
iter=16 time=87.229s destroy=destroy_worker repair=repair_chuffed_long objective=279.0->277.0 accepted=True reward=+10.082
iter=17 time=89.714s destroy=destroy_worker repair=repair_chuffed_long objective=277.0->274.0 accepted=True reward=+10.119
iter=18 time=92.033s destroy=destroy_worker repair=repair_chuffed_long objective=274.0->266.0 accepted=True reward=+10.303
iter=19 time=94.285s destroy=destroy_worker repair=repair_chuffed_long objective=266.0->265.0 accepted=True reward=+10.049
iter=20 time=96.465s destroy=destroy_max_border_off repair=repair_chuffed_long objective=265.0->264.0 accepted=True reward=+10.049
iter=21 time=98.877s destroy=destroy_worker repair=repair_chuffed_long objective=264.0->262.0 accepted=True reward=+10.087
iter=22 time=101.240s destroy=destroy_worker repair=repair_chuffed_long objective=262.0->257.0 accepted=True reward=+10.202
iter=23 time=103.693s destroy=destroy_worker repair=repair_chuffed_long objective=257.0->253.0 accepted=True reward=+10.167
iter=24 time=105.891s destroy=destroy_worker repair=repair_chuffed_long objective=253.0->253.0 accepted=True reward=+0.012
iter=25 time=108.558s destroy=destroy_worker repair=repair_chuffed_long objective=253.0->248.0 accepted=True reward=+10.210
iter=26 time=110.529s destroy=destroy_max_border_off repair=repair_chuffed_long objective=248.0->248.0 accepted=True reward=+0.012
iter=27 time=112.874s destroy=destroy_worker repair=repair_chuffed_long objective=248.0->241.0 accepted=True reward=+10.295
iter=28 time=115.687s destroy=destroy_worker repair=repair_chuffed_long objective=241.0->241.0 accepted=True reward=+0.012
iter=29 time=132.338s destroy=destroy_forbidden_sequences_30pct repair=repair_chuffed_long objective=241.0->249.0 accepted=False reward=+0.000
iter=30 time=134.905s destroy=destroy_worker repair=repair_chuffed_long objective=241.0->241.0 accepted=True reward=+0.012
iter=31 time=137.449s destroy=destroy_worker repair=repair_chuffed_long objective=241.0->241.0 accepted=True reward=+0.012
iter=32 time=139.712s destroy=destroy_worker repair=repair_chuffed_long objective=241.0->240.0 accepted=True reward=+10.054
iter=33 time=156.270s destroy=destroy_forbidden_sequences_30pct repair=repair_chuffed_long objective=240.0->230.0 accepted=True reward=+10.430
solved=False stop_time=156.270s reason=timeout
run_completed=True runtime=156.270s best_objective=230.0 current_objective=230.0

===== instance=Example24 seed=2 checkpoint=drl_ppo_checkpoint_20000.pt =====
Loaded checkpoint: /Users/gab/Library/Mobile Documents/com~apple~CloudDocs/QuIST/ML/Optimization/Project 2/LNS_scheduling/PPO_checkpoints/drl_ppo_checkpoint_20000.pt
Loaded instance: /Users/gab/Library/Mobile Documents/com~apple~CloudDocs/QuIST/ML/Optimization/Project 2/LNS_scheduling/Instances1-50/Example24.txt
Detected state_dim=7
iter=1 time=4.728s destroy=destroy_max_border_off repair=repair_chuffed_fast objective=None->338.0 accepted=True reward=+10.009
iter=2 time=6.793s destroy=destroy_worker repair=repair_chuffed_long objective=338.0->336.0 accepted=True reward=+10.068
iter=3 time=23.303s destroy=destroy_worst_workers_10pct repair=repair_chuffed_long objective=336.0->357.0 accepted=False reward=+0.000
iter=4 time=25.480s destroy=destroy_worker repair=repair_chuffed_long objective=336.0->328.0 accepted=True reward=+10.247
iter=5 time=27.667s destroy=destroy_worker repair=repair_chuffed_long objective=328.0->321.0 accepted=True reward=+10.223
iter=6 time=30.126s destroy=destroy_worker repair=repair_chuffed_long objective=321.0->313.0 accepted=True reward=+10.259
iter=7 time=32.459s destroy=destroy_worker repair=repair_chuffed_long objective=313.0->297.0 accepted=True reward=+10.521
iter=8 time=34.890s destroy=destroy_worker repair=repair_chuffed_long objective=297.0->297.0 accepted=True reward=+0.010
iter=9 time=37.236s destroy=destroy_worker repair=repair_chuffed_long objective=297.0->290.0 accepted=True reward=+10.246
iter=10 time=53.731s destroy=destroy_forbidden_sequences_30pct repair=repair_chuffed_long objective=290.0->284.0 accepted=True reward=+10.217
iter=11 time=57.234s destroy=destroy_worker repair=repair_chuffed_long objective=284.0->274.0 accepted=True reward=+10.363
iter=12 time=61.915s destroy=destroy_worker repair=repair_chuffed_long objective=274.0->262.0 accepted=True reward=+10.449
iter=13 time=64.723s destroy=destroy_worker repair=repair_chuffed_long objective=262.0->255.0 accepted=True reward=+10.279
iter=14 time=67.701s destroy=destroy_worker repair=repair_chuffed_long objective=255.0->242.0 accepted=True reward=+10.522
iter=15 time=70.413s destroy=destroy_worker repair=repair_chuffed_long objective=242.0->240.0 accepted=True reward=+10.095
iter=16 time=73.182s destroy=destroy_worker repair=repair_chuffed_long objective=240.0->232.0 accepted=True reward=+10.346
iter=17 time=89.683s destroy=destroy_max_border_off repair=repair_chuffed_long objective=232.0->219.0 accepted=True reward=+10.574
iter=18 time=93.756s destroy=destroy_worker repair=repair_chuffed_long objective=219.0->210.0 accepted=True reward=+10.425
iter=19 time=97.072s destroy=destroy_worker repair=repair_chuffed_long objective=210.0->204.0 accepted=True reward=+10.300
iter=20 time=100.598s destroy=destroy_worker repair=repair_chuffed_long objective=204.0->203.0 accepted=True reward=+10.064
iter=21 time=103.728s destroy=destroy_worker repair=repair_chuffed_long objective=203.0->192.0 accepted=True reward=+10.557
iter=22 time=106.771s destroy=destroy_worker repair=repair_chuffed_long objective=192.0->185.0 accepted=True reward=+10.381
iter=23 time=123.298s destroy=destroy_max_border_off repair=repair_chuffed_long objective=185.0->183.0 accepted=True reward=+10.124
iter=24 time=126.103s destroy=destroy_worker repair=repair_chuffed_long objective=183.0->178.0 accepted=True reward=+10.290
iter=25 time=142.597s destroy=destroy_forbidden_sequences_30pct repair=repair_chuffed_long objective=178.0->194.0 accepted=False reward=+0.000
iter=26 time=159.198s destroy=destroy_worst_workers_10pct repair=repair_chuffed_long objective=178.0->217.0 accepted=False reward=+0.000
solved=False stop_time=159.198s reason=timeout
run_completed=True runtime=159.198s best_objective=178.0 current_objective=178.0

===== instance=Example48 seed=0 checkpoint=drl_ppo_checkpoint_20000.pt =====
Loaded checkpoint: /Users/gab/Library/Mobile Documents/com~apple~CloudDocs/QuIST/ML/Optimization/Project 2/LNS_scheduling/PPO_checkpoints/drl_ppo_checkpoint_20000.pt
Loaded instance: /Users/gab/Library/Mobile Documents/com~apple~CloudDocs/QuIST/ML/Optimization/Project 2/LNS_scheduling/Instances1-50/Example48.txt
Detected state_dim=7
iter=1 time=2.006s destroy=destroy_max_border_off repair=repair_chuffed_long objective=None->204.0 accepted=True reward=+10.015
iter=2 time=18.328s destroy=destroy_forbidden_sequences_30pct repair=repair_chuffed_long objective=204.0->185.0 accepted=True reward=+10.948
iter=3 time=19.996s destroy=destroy_worker repair=repair_chuffed_long objective=185.0->180.0 accepted=True reward=+10.287
iter=4 time=36.467s destroy=destroy_worst_workers_10pct repair=repair_chuffed_long objective=180.0->191.0 accepted=False reward=+0.000
iter=5 time=38.563s destroy=destroy_worker repair=repair_chuffed_long objective=180.0->174.0 accepted=True reward=+10.350
iter=6 time=41.146s destroy=destroy_worker repair=repair_chuffed_long objective=174.0->171.0 accepted=True reward=+10.190
iter=7 time=43.851s destroy=destroy_worker repair=repair_chuffed_long objective=171.0->168.0 accepted=True reward=+10.193
iter=8 time=45.222s destroy=destroy_max_border_off repair=repair_chuffed_long objective=168.0->168.0 accepted=True reward=+0.018
iter=9 time=47.586s destroy=destroy_worker repair=repair_chuffed_long objective=168.0->159.0 accepted=True reward=+10.554
iter=10 time=49.771s destroy=destroy_worker repair=repair_chuffed_long objective=159.0->159.0 accepted=True reward=+0.019
iter=11 time=52.101s destroy=destroy_worker repair=repair_chuffed_long objective=159.0->152.0 accepted=True reward=+10.460
iter=12 time=54.974s destroy=destroy_worker repair=repair_chuffed_long objective=152.0->152.0 accepted=True reward=+0.020
iter=13 time=71.122s destroy=destroy_forbidden_sequences_30pct repair=repair_chuffed_long objective=152.0->144.0 accepted=True reward=+10.547
iter=14 time=87.409s destroy=destroy_forbidden_sequences_30pct repair=repair_chuffed_long objective=144.0->136.0 accepted=True reward=+10.577
iter=15 time=90.298s destroy=destroy_forbidden_sequences_30pct repair=repair_chuffed_long objective=136.0->127.0 accepted=True reward=+10.685
iter=16 time=92.357s destroy=destroy_worker repair=repair_chuffed_long objective=127.0->127.0 accepted=True reward=+0.023
iter=17 time=94.760s destroy=destroy_worker repair=repair_chuffed_long objective=127.0->125.0 accepted=True reward=+10.181
iter=18 time=97.636s destroy=destroy_forbidden_sequences_30pct repair=repair_chuffed_long objective=125.0->116.0 accepted=True reward=+10.746
iter=19 time=100.152s destroy=destroy_worker repair=repair_chuffed_long objective=116.0->112.0 accepted=True reward=+10.371
iter=20 time=103.006s destroy=destroy_worker repair=repair_chuffed_long objective=112.0->105.0 accepted=True reward=+10.653
iter=21 time=105.087s destroy=destroy_worker repair=repair_chuffed_long objective=105.0->104.0 accepted=True reward=+10.124
iter=22 time=106.500s destroy=destroy_max_border_off repair=repair_chuffed_long objective=104.0->104.0 accepted=True reward=+0.029
iter=23 time=123.021s destroy=destroy_worst_workers_10pct repair=repair_chuffed_long objective=104.0->122.0 accepted=False reward=+0.000
iter=24 time=125.232s destroy=destroy_worker repair=repair_chuffed_long objective=104.0->99.0 accepted=True reward=+10.511
iter=25 time=126.614s destroy=destroy_max_border_shift_1 repair=repair_chuffed_long objective=99.0->99.0 accepted=True reward=+0.030
iter=26 time=128.758s destroy=destroy_worker repair=repair_chuffed_long objective=99.0->99.0 accepted=True reward=+0.030
iter=27 time=130.722s destroy=destroy_worker repair=repair_chuffed_long objective=99.0->99.0 accepted=True reward=+0.030
iter=28 time=133.726s destroy=destroy_worker repair=repair_chuffed_long objective=99.0->98.0 accepted=True reward=+10.131
iter=29 time=136.134s destroy=destroy_worker repair=repair_chuffed_long objective=98.0->93.0 accepted=True reward=+10.542
iter=30 time=137.729s destroy=destroy_max_border_off repair=repair_chuffed_long objective=93.0->93.0 accepted=True reward=+0.032
iter=31 time=140.338s destroy=destroy_worker repair=repair_chuffed_long objective=93.0->88.0 accepted=True reward=+10.571
iter=32 time=142.683s destroy=destroy_worker repair=repair_chuffed_long objective=88.0->88.0 accepted=True reward=+0.034
iter=33 time=144.149s destroy=destroy_max_border_off repair=repair_chuffed_long objective=88.0->88.0 accepted=True reward=+0.034
iter=34 time=145.595s destroy=destroy_max_border_off repair=repair_chuffed_long objective=88.0->88.0 accepted=True reward=+0.034
iter=35 time=147.776s destroy=destroy_worker repair=repair_chuffed_long objective=88.0->83.0 accepted=True reward=+10.604
iter=36 time=164.046s destroy=destroy_day repair=repair_chuffed_long objective=83.0->121.0 accepted=False reward=+0.000
solved=False stop_time=164.046s reason=timeout
run_completed=True runtime=164.046s best_objective=83.0 current_objective=83.0

===== instance=Example48 seed=1 checkpoint=drl_ppo_checkpoint_20000.pt =====
Loaded checkpoint: /Users/gab/Library/Mobile Documents/com~apple~CloudDocs/QuIST/ML/Optimization/Project 2/LNS_scheduling/PPO_checkpoints/drl_ppo_checkpoint_20000.pt
Loaded instance: /Users/gab/Library/Mobile Documents/com~apple~CloudDocs/QuIST/ML/Optimization/Project 2/LNS_scheduling/Instances1-50/Example48.txt
Detected state_dim=7
iter=1 time=2.055s destroy=destroy_max_border_shift_1 repair=repair_chuffed_fast objective=None->217.0 accepted=True reward=+10.014
iter=2 time=3.592s destroy=destroy_max_border_off repair=repair_chuffed_long objective=217.0->217.0 accepted=True reward=+0.014
iter=3 time=5.530s destroy=destroy_worker repair=repair_chuffed_long objective=217.0->217.0 accepted=True reward=+0.014
iter=4 time=7.665s destroy=destroy_worker repair=repair_chuffed_fast objective=217.0->209.0 accepted=True reward=+10.383
iter=5 time=9.498s destroy=destroy_worker repair=repair_chuffed_long objective=209.0->209.0 accepted=True reward=+0.014
iter=6 time=11.507s destroy=destroy_worker repair=repair_chuffed_long objective=209.0->205.0 accepted=True reward=+10.206
iter=7 time=27.805s destroy=destroy_forbidden_sequences_30pct repair=repair_chuffed_long objective=205.0->187.0 accepted=True reward=+10.894
iter=8 time=44.377s destroy=destroy_worst_workers_10pct repair=repair_chuffed_long objective=187.0->191.0 accepted=False reward=+0.000
iter=9 time=46.482s destroy=destroy_worker repair=repair_chuffed_long objective=187.0->181.0 accepted=True reward=+10.337
iter=10 time=48.790s destroy=destroy_worker repair=repair_chuffed_long objective=181.0->179.0 accepted=True reward=+10.127
iter=11 time=50.610s destroy=destroy_worker repair=repair_chuffed_long objective=179.0->172.0 accepted=True reward=+10.408
iter=12 time=52.854s destroy=destroy_worker repair=repair_chuffed_long objective=172.0->168.0 accepted=True reward=+10.250
iter=13 time=54.760s destroy=destroy_worker repair=repair_chuffed_long objective=168.0->165.0 accepted=True reward=+10.197
iter=14 time=56.220s destroy=destroy_max_border_off repair=repair_chuffed_long objective=165.0->162.0 accepted=True reward=+10.200
iter=15 time=58.162s destroy=destroy_worker repair=repair_chuffed_long objective=162.0->157.0 accepted=True reward=+10.328
iter=16 time=60.083s destroy=destroy_worker repair=repair_chuffed_long objective=157.0->157.0 accepted=True reward=+0.019
iter=17 time=62.137s destroy=destroy_worker repair=repair_chuffed_long objective=157.0->152.0 accepted=True reward=+10.338
iter=18 time=64.161s destroy=destroy_worker repair=repair_chuffed_long objective=152.0->144.0 accepted=True reward=+10.547
iter=19 time=66.056s destroy=destroy_worker repair=repair_chuffed_long objective=144.0->142.0 accepted=True reward=+10.160
iter=20 time=67.530s destroy=destroy_max_border_off repair=repair_chuffed_long objective=142.0->142.0 accepted=True reward=+0.021
iter=21 time=69.567s destroy=destroy_worker repair=repair_chuffed_long objective=142.0->138.0 accepted=True reward=+10.303
iter=22 time=71.737s destroy=destroy_worker repair=repair_chuffed_long objective=138.0->135.0 accepted=True reward=+10.239
iter=23 time=74.029s destroy=destroy_worker repair=repair_chuffed_long objective=135.0->135.0 accepted=True reward=+0.022
iter=24 time=76.111s destroy=destroy_worker repair=repair_chuffed_long objective=135.0->135.0 accepted=True reward=+0.022
iter=25 time=78.193s destroy=destroy_worker repair=repair_chuffed_long objective=135.0->135.0 accepted=True reward=+0.022
iter=26 time=79.767s destroy=destroy_max_border_off repair=repair_chuffed_long objective=135.0->135.0 accepted=True reward=+0.022
iter=27 time=81.761s destroy=destroy_worker repair=repair_chuffed_long objective=135.0->130.0 accepted=True reward=+10.393
iter=28 time=83.718s destroy=destroy_worker repair=repair_chuffed_long objective=130.0->123.0 accepted=True reward=+10.563
iter=29 time=87.922s destroy=destroy_forbidden_sequences_30pct repair=repair_chuffed_long objective=123.0->110.0 accepted=True reward=+11.084
iter=30 time=90.264s destroy=destroy_worker repair=repair_chuffed_long objective=110.0->110.0 accepted=True reward=+0.027
iter=31 time=92.487s destroy=destroy_worker repair=repair_chuffed_long objective=110.0->110.0 accepted=True reward=+0.027
iter=32 time=101.877s destroy=destroy_forbidden_sequences_30pct repair=repair_chuffed_long objective=110.0->100.0 accepted=True reward=+10.939
iter=33 time=103.605s destroy=destroy_forbidden_sequences_30pct repair=repair_chuffed_long objective=100.0->97.0 accepted=True reward=+10.331
iter=34 time=120.147s destroy=destroy_worst_workers_10pct repair=repair_chuffed_long objective=97.0->121.0 accepted=False reward=+0.000
iter=35 time=122.422s destroy=destroy_worker repair=repair_chuffed_long objective=97.0->95.0 accepted=True reward=+10.237
iter=36 time=124.629s destroy=destroy_worker repair=repair_chuffed_long objective=95.0->93.0 accepted=True reward=+10.242
iter=37 time=126.035s destroy=destroy_max_border_off repair=repair_chuffed_long objective=93.0->93.0 accepted=True reward=+0.032
iter=38 time=127.522s destroy=destroy_max_border_off repair=repair_chuffed_long objective=93.0->93.0 accepted=True reward=+0.032
iter=39 time=129.480s destroy=destroy_worker repair=repair_chuffed_long objective=93.0->93.0 accepted=True reward=+0.032
iter=40 time=131.136s destroy=destroy_forbidden_sequences_30pct repair=repair_chuffed_long objective=93.0->90.0 accepted=True reward=+10.356
iter=41 time=132.705s destroy=destroy_max_border_off repair=repair_chuffed_long objective=90.0->90.0 accepted=True reward=+0.033
iter=42 time=134.992s destroy=destroy_worker repair=repair_chuffed_long objective=90.0->90.0 accepted=True reward=+0.033
iter=43 time=137.585s destroy=destroy_worker repair=repair_chuffed_long objective=90.0->87.0 accepted=True reward=+10.367
iter=44 time=140.057s destroy=destroy_worker repair=repair_chuffed_long objective=87.0->86.0 accepted=True reward=+10.149
iter=45 time=142.302s destroy=destroy_worker repair=repair_chuffed_long objective=86.0->86.0 accepted=True reward=+0.034
iter=46 time=144.545s destroy=destroy_worker repair=repair_chuffed_long objective=86.0->85.0 accepted=True reward=+10.151
iter=47 time=145.988s destroy=destroy_forbidden_sequences_30pct repair=repair_chuffed_long objective=85.0->81.0 accepted=True reward=+10.507
iter=48 time=148.301s destroy=destroy_worker repair=repair_chuffed_long objective=81.0->81.0 accepted=True reward=+0.037
iter=49 time=150.208s destroy=destroy_worker repair=repair_chuffed_long objective=81.0->80.0 accepted=True reward=+10.160
solved=False stop_time=150.208s reason=timeout
run_completed=True runtime=150.208s best_objective=80.0 current_objective=80.0

===== instance=Example48 seed=2 checkpoint=drl_ppo_checkpoint_20000.pt =====
Loaded checkpoint: /Users/gab/Library/Mobile Documents/com~apple~CloudDocs/QuIST/ML/Optimization/Project 2/LNS_scheduling/PPO_checkpoints/drl_ppo_checkpoint_20000.pt
Loaded instance: /Users/gab/Library/Mobile Documents/com~apple~CloudDocs/QuIST/ML/Optimization/Project 2/LNS_scheduling/Instances1-50/Example48.txt
Detected state_dim=7
iter=1 time=1.816s destroy=destroy_max_border_off repair=repair_chuffed_fast objective=None->241.0 accepted=True reward=+10.012
iter=2 time=3.581s destroy=destroy_worker repair=repair_chuffed_long objective=241.0->235.0 accepted=True reward=+10.262
iter=3 time=20.126s destroy=destroy_worst_workers_10pct repair=repair_chuffed_long objective=235.0->242.0 accepted=True reward=-0.286
iter=4 time=22.224s destroy=destroy_worker repair=repair_chuffed_long objective=242.0->242.0 accepted=True reward=+0.012
iter=5 time=24.319s destroy=destroy_worker repair=repair_chuffed_long objective=242.0->240.0 accepted=True reward=+0.595
iter=6 time=26.537s destroy=destroy_worker repair=repair_chuffed_long objective=240.0->233.0 accepted=True reward=+10.304
iter=7 time=28.594s destroy=destroy_worker repair=repair_chuffed_long objective=233.0->233.0 accepted=True reward=+0.013
iter=8 time=30.814s destroy=destroy_worker repair=repair_chuffed_long objective=233.0->228.0 accepted=True reward=+10.228
iter=9 time=33.086s destroy=destroy_worker repair=repair_chuffed_long objective=228.0->216.0 accepted=True reward=+10.540
iter=10 time=49.306s destroy=destroy_forbidden_sequences_30pct repair=repair_chuffed_long objective=216.0->172.0 accepted=True reward=+12.054
iter=11 time=52.192s destroy=destroy_worker repair=repair_chuffed_long objective=172.0->158.0 accepted=True reward=+10.833
iter=12 time=68.776s destroy=destroy_random_workers_20pct repair=repair_chuffed_long objective=158.0->185.0 accepted=False reward=+0.000
iter=13 time=72.978s destroy=destroy_forbidden_sequences_30pct repair=repair_chuffed_long objective=158.0->142.0 accepted=True reward=+11.034
iter=14 time=74.637s destroy=destroy_worker repair=repair_chuffed_long objective=142.0->142.0 accepted=True reward=+0.021
iter=15 time=76.391s destroy=destroy_worker repair=repair_chuffed_long objective=142.0->135.0 accepted=True reward=+10.515
iter=16 time=78.483s destroy=destroy_worker repair=repair_chuffed_long objective=135.0->135.0 accepted=True reward=+0.022
iter=17 time=81.342s destroy=destroy_max_border_off repair=repair_chuffed_long objective=135.0->123.0 accepted=True reward=+10.913
iter=18 time=83.474s destroy=destroy_worker repair=repair_chuffed_long objective=123.0->113.0 accepted=True reward=+10.839
iter=19 time=84.963s destroy=destroy_max_border_shift_3 repair=repair_chuffed_long objective=113.0->113.0 accepted=True reward=+0.026
iter=20 time=86.883s destroy=destroy_worker repair=repair_chuffed_long objective=113.0->107.0 accepted=True reward=+10.559
iter=21 time=89.227s destroy=destroy_worker repair=repair_chuffed_long objective=107.0->102.0 accepted=True reward=+10.496
iter=22 time=91.369s destroy=destroy_worker repair=repair_chuffed_long objective=102.0->98.0 accepted=True reward=+10.422
iter=23 time=92.827s destroy=destroy_max_border_off repair=repair_chuffed_long objective=98.0->98.0 accepted=True reward=+0.030
iter=24 time=95.211s destroy=destroy_worker repair=repair_chuffed_long objective=98.0->98.0 accepted=True reward=+0.030
iter=25 time=96.996s destroy=destroy_forbidden_sequences_30pct repair=repair_chuffed_long objective=98.0->91.0 accepted=True reward=+10.747
iter=26 time=113.497s destroy=destroy_worst_workers_10pct repair=repair_chuffed_long objective=91.0->100.0 accepted=False reward=+0.000
iter=27 time=115.639s destroy=destroy_worker repair=repair_chuffed_long objective=91.0->88.0 accepted=True reward=+10.363
iter=28 time=118.010s destroy=destroy_worker repair=repair_chuffed_fast objective=88.0->88.0 accepted=True reward=+0.034
iter=29 time=119.932s destroy=destroy_worker repair=repair_chuffed_long objective=88.0->85.0 accepted=True reward=+10.376
iter=30 time=122.096s destroy=destroy_worker repair=repair_chuffed_long objective=85.0->83.0 accepted=True reward=+10.271
iter=31 time=138.666s destroy=destroy_worst_workers_10pct repair=repair_chuffed_long objective=83.0->96.0 accepted=True reward=-1.535
iter=32 time=141.127s destroy=destroy_worker repair=repair_chuffed_long objective=96.0->92.0 accepted=True reward=+0.949
iter=33 time=143.754s destroy=destroy_worker repair=repair_chuffed_long objective=92.0->90.0 accepted=True reward=+0.750
iter=34 time=146.151s destroy=destroy_worker repair=repair_chuffed_long objective=90.0->88.0 accepted=True reward=+0.756
iter=35 time=150.360s destroy=destroy_max_border_off repair=repair_chuffed_long objective=88.0->65.0 accepted=True reward=+12.659
solved=False stop_time=150.360s reason=timeout
run_completed=True runtime=150.360s best_objective=65.0 current_objective=65.0

===== instance=Example26 seed=0 checkpoint=drl_ppo_checkpoint_20000.pt =====
Loaded checkpoint: /Users/gab/Library/Mobile Documents/com~apple~CloudDocs/QuIST/ML/Optimization/Project 2/LNS_scheduling/PPO_checkpoints/drl_ppo_checkpoint_20000.pt
Loaded instance: /Users/gab/Library/Mobile Documents/com~apple~CloudDocs/QuIST/ML/Optimization/Project 2/LNS_scheduling/Instances1-50/Example26.txt
Detected state_dim=7
iter=1 time=1.895s destroy=destroy_max_border_off repair=repair_chuffed_long objective=None->295.0 accepted=True reward=+10.010
iter=2 time=18.295s destroy=destroy_forbidden_sequences_30pct repair=repair_chuffed_long objective=295.0->280.0 accepted=True reward=+10.519
iter=3 time=20.293s destroy=destroy_worker repair=repair_chuffed_long objective=280.0->275.0 accepted=True reward=+10.189
iter=4 time=36.804s destroy=destroy_worst_workers_10pct repair=repair_chuffed_long objective=275.0->288.0 accepted=True reward=-0.462
iter=5 time=38.987s destroy=destroy_worker repair=repair_chuffed_long objective=288.0->261.0 accepted=True reward=+10.949
iter=6 time=40.819s destroy=destroy_worker repair=repair_chuffed_long objective=261.0->255.0 accepted=True reward=+10.242
iter=7 time=42.882s destroy=destroy_worker repair=repair_chuffed_long objective=255.0->252.0 accepted=True reward=+10.130
iter=8 time=59.117s destroy=destroy_max_border_off repair=repair_chuffed_long objective=252.0->237.0 accepted=True reward=+10.608
iter=9 time=61.302s destroy=destroy_worker repair=repair_chuffed_long objective=237.0->231.0 accepted=True reward=+10.266
iter=10 time=63.593s destroy=destroy_worker repair=repair_chuffed_long objective=231.0->222.0 accepted=True reward=+10.403
iter=11 time=67.078s destroy=destroy_worker repair=repair_chuffed_long objective=222.0->222.0 accepted=True reward=+0.013
iter=12 time=69.444s destroy=destroy_worker repair=repair_chuffed_long objective=222.0->218.0 accepted=True reward=+10.194
iter=13 time=85.591s destroy=destroy_forbidden_sequences_30pct repair=repair_chuffed_long objective=218.0->208.0 accepted=True reward=+10.473
iter=14 time=101.563s destroy=destroy_forbidden_sequences_30pct repair=repair_chuffed_long objective=208.0->193.0 accepted=True reward=+10.737
iter=15 time=108.756s destroy=destroy_forbidden_sequences_30pct repair=repair_chuffed_long objective=193.0->182.0 accepted=True reward=+10.586
iter=16 time=110.725s destroy=destroy_worker repair=repair_chuffed_long objective=182.0->177.0 accepted=True reward=+10.292
iter=17 time=112.940s destroy=destroy_worker repair=repair_chuffed_long objective=177.0->177.0 accepted=True reward=+0.017
iter=18 time=114.656s destroy=destroy_forbidden_sequences_30pct repair=repair_chuffed_long objective=177.0->177.0 accepted=True reward=+0.017
iter=19 time=116.384s destroy=destroy_worker repair=repair_chuffed_long objective=177.0->172.0 accepted=True reward=+10.300
iter=20 time=118.139s destroy=destroy_worker repair=repair_chuffed_long objective=172.0->172.0 accepted=True reward=+0.017
iter=21 time=119.718s destroy=destroy_worker repair=repair_chuffed_long objective=172.0->172.0 accepted=True reward=+0.017
iter=22 time=121.272s destroy=destroy_worker repair=repair_chuffed_long objective=172.0->171.0 accepted=True reward=+10.076
iter=23 time=137.680s destroy=destroy_worst_workers_10pct repair=repair_chuffed_long objective=171.0->178.0 accepted=False reward=+0.000
iter=24 time=139.325s destroy=destroy_worker repair=repair_chuffed_long objective=171.0->165.0 accepted=True reward=+10.369
iter=25 time=140.512s destroy=destroy_max_border_shift_1 repair=repair_chuffed_long objective=165.0->165.0 accepted=True reward=+0.018
iter=26 time=142.153s destroy=destroy_worker repair=repair_chuffed_long objective=165.0->157.0 accepted=True reward=+10.504
iter=27 time=144.068s destroy=destroy_worker repair=repair_chuffed_long objective=157.0->156.0 accepted=True reward=+10.083
iter=28 time=145.930s destroy=destroy_worker repair=repair_chuffed_long objective=156.0->156.0 accepted=True reward=+0.019
iter=29 time=147.600s destroy=destroy_worker repair=repair_chuffed_long objective=156.0->150.0 accepted=True reward=+10.404
iter=30 time=163.696s destroy=destroy_max_border_off repair=repair_chuffed_long objective=150.0->133.0 accepted=True reward=+11.156
solved=False stop_time=163.696s reason=timeout
run_completed=True runtime=163.696s best_objective=133.0 current_objective=133.0

===== instance=Example26 seed=1 checkpoint=drl_ppo_checkpoint_20000.pt =====
Loaded checkpoint: /Users/gab/Library/Mobile Documents/com~apple~CloudDocs/QuIST/ML/Optimization/Project 2/LNS_scheduling/PPO_checkpoints/drl_ppo_checkpoint_20000.pt
Loaded instance: /Users/gab/Library/Mobile Documents/com~apple~CloudDocs/QuIST/ML/Optimization/Project 2/LNS_scheduling/Instances1-50/Example26.txt
Detected state_dim=7
iter=1 time=1.566s destroy=destroy_max_border_shift_1 repair=repair_chuffed_fast objective=None->356.0 accepted=True reward=+10.008
iter=2 time=2.862s destroy=destroy_max_border_off repair=repair_chuffed_long objective=356.0->354.0 accepted=True reward=+10.065
iter=3 time=4.408s destroy=destroy_worker repair=repair_chuffed_long objective=354.0->348.0 accepted=True reward=+10.178
iter=4 time=5.936s destroy=destroy_worker repair=repair_chuffed_fast objective=348.0->345.0 accepted=True reward=+10.095
iter=5 time=7.647s destroy=destroy_worker repair=repair_chuffed_long objective=345.0->335.0 accepted=True reward=+10.299
iter=6 time=9.323s destroy=destroy_worker repair=repair_chuffed_long objective=335.0->330.0 accepted=True reward=+10.158
iter=7 time=25.467s destroy=destroy_forbidden_sequences_30pct repair=repair_chuffed_long objective=330.0->264.0 accepted=True reward=+12.011
iter=8 time=41.852s destroy=destroy_worst_workers_10pct repair=repair_chuffed_long objective=264.0->264.0 accepted=True reward=+0.011
iter=9 time=43.587s destroy=destroy_worker repair=repair_chuffed_long objective=264.0->264.0 accepted=True reward=+0.011
iter=10 time=45.283s destroy=destroy_worker repair=repair_chuffed_long objective=264.0->262.0 accepted=True reward=+10.087
iter=11 time=47.495s destroy=destroy_worker repair=repair_chuffed_long objective=262.0->254.0 accepted=True reward=+10.317
iter=12 time=49.261s destroy=destroy_worker repair=repair_chuffed_long objective=254.0->246.0 accepted=True reward=+10.327
iter=13 time=51.217s destroy=destroy_worker repair=repair_chuffed_long objective=246.0->235.0 accepted=True reward=+10.460
iter=14 time=67.411s destroy=destroy_max_border_off repair=repair_chuffed_long objective=235.0->213.0 accepted=True reward=+10.950
iter=15 time=69.078s destroy=destroy_worker repair=repair_chuffed_long objective=213.0->206.0 accepted=True reward=+10.343
iter=16 time=70.901s destroy=destroy_worker repair=repair_chuffed_long objective=206.0->201.0 accepted=True reward=+10.258
iter=17 time=72.661s destroy=destroy_worker repair=repair_chuffed_long objective=201.0->201.0 accepted=True reward=+0.015
iter=18 time=74.416s destroy=destroy_worker repair=repair_chuffed_long objective=201.0->201.0 accepted=True reward=+0.015
iter=19 time=76.133s destroy=destroy_worker repair=repair_chuffed_long objective=201.0->195.0 accepted=True reward=+10.314
iter=20 time=77.664s destroy=destroy_max_border_off repair=repair_chuffed_long objective=195.0->186.0 accepted=True reward=+10.478
iter=21 time=79.445s destroy=destroy_worker repair=repair_chuffed_long objective=186.0->174.0 accepted=True reward=+10.662
iter=22 time=81.206s destroy=destroy_worker repair=repair_chuffed_long objective=174.0->169.0 accepted=True reward=+10.305
iter=23 time=82.818s destroy=destroy_worker repair=repair_chuffed_long objective=169.0->169.0 accepted=True reward=+0.018
iter=24 time=84.586s destroy=destroy_worker repair=repair_chuffed_long objective=169.0->161.0 accepted=True reward=+10.492
iter=25 time=86.501s destroy=destroy_worker repair=repair_chuffed_long objective=161.0->161.0 accepted=True reward=+0.019
iter=26 time=87.977s destroy=destroy_max_border_off repair=repair_chuffed_long objective=161.0->161.0 accepted=True reward=+0.019
iter=27 time=92.856s destroy=destroy_worker repair=repair_chuffed_long objective=161.0->157.0 accepted=True reward=+10.267
iter=28 time=95.323s destroy=destroy_worker repair=repair_chuffed_long objective=157.0->153.0 accepted=True reward=+10.274
iter=29 time=108.733s destroy=destroy_forbidden_sequences_30pct repair=repair_chuffed_long objective=153.0->141.0 accepted=True reward=+10.805
iter=30 time=110.450s destroy=destroy_worker repair=repair_chuffed_long objective=141.0->141.0 accepted=True reward=+0.021
iter=31 time=112.172s destroy=destroy_worker repair=repair_chuffed_long objective=141.0->140.0 accepted=True reward=+10.092
iter=32 time=113.840s destroy=destroy_forbidden_sequences_30pct repair=repair_chuffed_long objective=140.0->137.0 accepted=True reward=+10.236
iter=33 time=115.607s destroy=destroy_forbidden_sequences_30pct repair=repair_chuffed_long objective=137.0->132.0 accepted=True reward=+10.388
iter=34 time=132.117s destroy=destroy_worst_workers_10pct repair=repair_chuffed_long objective=132.0->146.0 accepted=False reward=+0.000
iter=35 time=134.233s destroy=destroy_worker repair=repair_chuffed_long objective=132.0->128.0 accepted=True reward=+10.326
iter=36 time=136.451s destroy=destroy_worker repair=repair_chuffed_long objective=128.0->121.0 accepted=True reward=+10.571
iter=37 time=137.939s destroy=destroy_max_border_off repair=repair_chuffed_long objective=121.0->121.0 accepted=True reward=+0.025
iter=38 time=139.827s destroy=destroy_max_border_off repair=repair_chuffed_long objective=121.0->121.0 accepted=True reward=+0.025
iter=39 time=141.829s destroy=destroy_worker repair=repair_chuffed_long objective=121.0->115.0 accepted=True reward=+10.522
iter=40 time=143.497s destroy=destroy_forbidden_sequences_30pct repair=repair_chuffed_long objective=115.0->111.0 accepted=True reward=+10.375
iter=41 time=144.987s destroy=destroy_max_border_off repair=repair_chuffed_long objective=111.0->111.0 accepted=True reward=+0.027
iter=42 time=147.069s destroy=destroy_worker repair=repair_chuffed_long objective=111.0->110.0 accepted=True reward=+10.117
iter=43 time=149.120s destroy=destroy_worker repair=repair_chuffed_long objective=110.0->110.0 accepted=True reward=+0.027
iter=44 time=151.164s destroy=destroy_worker repair=repair_chuffed_long objective=110.0->109.0 accepted=True reward=+10.118
solved=False stop_time=151.164s reason=timeout
run_completed=True runtime=151.164s best_objective=109.0 current_objective=109.0

===== instance=Example26 seed=2 checkpoint=drl_ppo_checkpoint_20000.pt =====
Loaded checkpoint: /Users/gab/Library/Mobile Documents/com~apple~CloudDocs/QuIST/ML/Optimization/Project 2/LNS_scheduling/PPO_checkpoints/drl_ppo_checkpoint_20000.pt
Loaded instance: /Users/gab/Library/Mobile Documents/com~apple~CloudDocs/QuIST/ML/Optimization/Project 2/LNS_scheduling/Instances1-50/Example26.txt
Detected state_dim=7
iter=1 time=1.703s destroy=destroy_max_border_off repair=repair_chuffed_fast objective=None->307.0 accepted=True reward=+10.010
iter=2 time=3.218s destroy=destroy_worker repair=repair_chuffed_long objective=307.0->301.0 accepted=True reward=+10.205
iter=3 time=19.727s destroy=destroy_worst_workers_10pct repair=repair_chuffed_long objective=301.0->310.0 accepted=True reward=-0.289
iter=4 time=21.390s destroy=destroy_worker repair=repair_chuffed_long objective=310.0->297.0 accepted=True reward=+10.429
iter=5 time=23.346s destroy=destroy_worker repair=repair_chuffed_long objective=297.0->295.0 accepted=True reward=+10.077
iter=6 time=25.252s destroy=destroy_worker repair=repair_chuffed_long objective=295.0->291.0 accepted=True reward=+10.146
iter=7 time=27.415s destroy=destroy_worker repair=repair_chuffed_long objective=291.0->284.0 accepted=True reward=+10.251
iter=8 time=29.306s destroy=destroy_worker repair=repair_chuffed_long objective=284.0->270.0 accepted=True reward=+10.504
iter=9 time=31.434s destroy=destroy_worker repair=repair_chuffed_long objective=270.0->263.0 accepted=True reward=+10.271
iter=10 time=47.588s destroy=destroy_forbidden_sequences_30pct repair=repair_chuffed_long objective=263.0->253.0 accepted=True reward=+10.392
iter=11 time=49.496s destroy=destroy_worker repair=repair_chuffed_long objective=253.0->251.0 accepted=True reward=+10.091
iter=12 time=51.604s destroy=destroy_worker repair=repair_chuffed_long objective=251.0->243.0 accepted=True reward=+10.331
iter=13 time=58.865s destroy=destroy_forbidden_sequences_30pct repair=repair_chuffed_long objective=243.0->221.0 accepted=True reward=+10.919
iter=14 time=61.386s destroy=destroy_worker repair=repair_chuffed_long objective=221.0->215.0 accepted=True reward=+10.285
iter=15 time=63.605s destroy=destroy_worker repair=repair_chuffed_long objective=215.0->211.0 accepted=True reward=+10.200
iter=16 time=65.605s destroy=destroy_worker repair=repair_chuffed_long objective=211.0->202.0 accepted=True reward=+10.441
iter=17 time=81.986s destroy=destroy_max_border_off repair=repair_chuffed_long objective=202.0->188.0 accepted=True reward=+10.709
iter=18 time=84.025s destroy=destroy_worker repair=repair_chuffed_long objective=188.0->188.0 accepted=True reward=+0.016
iter=19 time=85.824s destroy=destroy_worker repair=repair_chuffed_long objective=188.0->186.0 accepted=True reward=+10.122
iter=20 time=87.724s destroy=destroy_worker repair=repair_chuffed_long objective=186.0->186.0 accepted=True reward=+0.016
iter=21 time=89.618s destroy=destroy_worker repair=repair_chuffed_long objective=186.0->186.0 accepted=True reward=+0.016
iter=22 time=91.527s destroy=destroy_worker repair=repair_chuffed_long objective=186.0->182.0 accepted=True reward=+10.231
iter=23 time=107.867s destroy=destroy_max_border_off repair=repair_chuffed_long objective=182.0->157.0 accepted=True reward=+11.393
iter=24 time=110.793s destroy=destroy_worker repair=repair_chuffed_long objective=157.0->157.0 accepted=True reward=+0.019
iter=25 time=112.685s destroy=destroy_forbidden_sequences_30pct repair=repair_chuffed_long objective=157.0->151.0 accepted=True reward=+10.402
iter=26 time=129.141s destroy=destroy_worst_workers_10pct repair=repair_chuffed_long objective=151.0->152.0 accepted=False reward=+0.000
iter=27 time=130.918s destroy=destroy_worker repair=repair_chuffed_long objective=151.0->148.0 accepted=True reward=+10.219
iter=28 time=133.228s destroy=destroy_worker repair=repair_chuffed_fast objective=148.0->148.0 accepted=True reward=+0.020
iter=29 time=134.898s destroy=destroy_worker repair=repair_chuffed_long objective=148.0->148.0 accepted=True reward=+0.020
iter=30 time=136.924s destroy=destroy_worker repair=repair_chuffed_long objective=148.0->141.0 accepted=True reward=+10.494
iter=31 time=153.357s destroy=destroy_worst_workers_10pct repair=repair_chuffed_long objective=141.0->141.0 accepted=True reward=+0.021
solved=False stop_time=153.357s reason=timeout
run_completed=True runtime=153.357s best_objective=141.0 current_objective=141.0

===== instance=Example2 seed=0 checkpoint=drl_ppo_checkpoint_20000.pt =====
Loaded checkpoint: /Users/gab/Library/Mobile Documents/com~apple~CloudDocs/QuIST/ML/Optimization/Project 2/LNS_scheduling/PPO_checkpoints/drl_ppo_checkpoint_20000.pt
Loaded instance: /Users/gab/Library/Mobile Documents/com~apple~CloudDocs/QuIST/ML/Optimization/Project 2/LNS_scheduling/Instances1-50/Example2.txt
Detected state_dim=7
iter=1 time=0.789s destroy=destroy_max_border_off repair=repair_chuffed_long objective=None->88.0 accepted=True reward=+10.034
iter=2 time=1.424s destroy=destroy_forbidden_sequences_30pct repair=repair_chuffed_long objective=88.0->81.0 accepted=True reward=+10.832
iter=3 time=2.071s destroy=destroy_worker repair=repair_chuffed_long objective=81.0->76.0 accepted=True reward=+10.656
iter=4 time=2.712s destroy=destroy_worst_workers_10pct repair=repair_chuffed_long objective=76.0->69.0 accepted=True reward=+10.964
iter=5 time=3.245s destroy=destroy_max_border_off repair=repair_chuffed_long objective=69.0->69.0 accepted=True reward=+0.043
iter=6 time=3.864s destroy=destroy_worker repair=repair_chuffed_long objective=69.0->61.0 accepted=True reward=+11.208
iter=7 time=4.499s destroy=destroy_worker repair=repair_chuffed_long objective=61.0->61.0 accepted=True reward=+0.048
iter=8 time=5.028s destroy=destroy_max_border_off repair=repair_chuffed_long objective=61.0->61.0 accepted=True reward=+0.048
iter=9 time=5.728s destroy=destroy_worker repair=repair_chuffed_long objective=61.0->51.0 accepted=True reward=+11.697
iter=10 time=6.395s destroy=destroy_worker repair=repair_chuffed_long objective=51.0->51.0 accepted=True reward=+0.058
iter=11 time=7.046s destroy=destroy_worker repair=repair_chuffed_long objective=51.0->51.0 accepted=True reward=+0.058
iter=12 time=7.582s destroy=destroy_max_border_shift_1 repair=repair_chuffed_long objective=51.0->51.0 accepted=True reward=+0.058
iter=13 time=8.218s destroy=destroy_worst_workers_10pct repair=repair_chuffed_long objective=51.0->36.0 accepted=True reward=+13.022
iter=14 time=8.781s destroy=destroy_forbidden_sequences_30pct repair=repair_chuffed_long objective=36.0->36.0 accepted=True reward=+0.081
iter=15 time=9.370s destroy=destroy_forbidden_sequences_30pct repair=repair_chuffed_long objective=36.0->32.0 accepted=True reward=+11.202
iter=16 time=9.920s destroy=destroy_max_border_shift_1 repair=repair_chuffed_long objective=32.0->32.0 accepted=True reward=+0.091
iter=17 time=10.648s destroy=destroy_worker repair=repair_chuffed_long objective=32.0->31.0 accepted=True reward=+10.406
iter=18 time=11.346s destroy=destroy_forbidden_sequences_30pct repair=repair_chuffed_long objective=31.0->31.0 accepted=True reward=+0.094
iter=19 time=12.054s destroy=destroy_day repair=repair_chuffed_long objective=31.0->31.0 accepted=True reward=+0.094
iter=20 time=12.686s destroy=destroy_worker repair=repair_chuffed_long objective=31.0->31.0 accepted=True reward=+0.094
iter=21 time=13.328s destroy=destroy_worker repair=repair_chuffed_long objective=31.0->26.0 accepted=True reward=+11.724
iter=22 time=13.954s destroy=destroy_max_border_off repair=repair_chuffed_long objective=26.0->26.0 accepted=True reward=+0.111
iter=23 time=14.572s destroy=destroy_worst_workers_10pct repair=repair_chuffed_long objective=26.0->21.0 accepted=True reward=+12.059
iter=24 time=15.121s destroy=destroy_max_border_off repair=repair_chuffed_long objective=21.0->21.0 accepted=True reward=+0.136
iter=25 time=15.676s destroy=destroy_max_border_shift_1 repair=repair_chuffed_long objective=21.0->21.0 accepted=True reward=+0.136
iter=26 time=16.297s destroy=destroy_worker repair=repair_chuffed_long objective=21.0->21.0 accepted=True reward=+0.136
iter=27 time=16.950s destroy=destroy_worker repair=repair_chuffed_long objective=21.0->20.0 accepted=True reward=+10.619
iter=28 time=17.577s destroy=destroy_worker repair=repair_chuffed_long objective=20.0->19.0 accepted=True reward=+10.650
iter=29 time=18.204s destroy=destroy_worker repair=repair_chuffed_long objective=19.0->19.0 accepted=True reward=+0.150
iter=30 time=18.750s destroy=destroy_max_border_off repair=repair_chuffed_long objective=19.0->19.0 accepted=True reward=+0.150
iter=31 time=19.388s destroy=destroy_worker repair=repair_chuffed_long objective=19.0->16.0 accepted=True reward=+11.755
iter=32 time=20.024s destroy=destroy_worker repair=repair_chuffed_long objective=16.0->7.0 accepted=True reward=+16.000
iter=33 time=20.585s destroy=destroy_max_border_off repair=repair_chuffed_long objective=7.0->7.0 accepted=True reward=+0.375
iter=34 time=21.138s destroy=destroy_max_border_shift_1 repair=repair_chuffed_long objective=7.0->7.0 accepted=True reward=+0.375
iter=35 time=21.676s destroy=destroy_max_border_shift_3 repair=repair_chuffed_long objective=7.0->7.0 accepted=True reward=+0.375
iter=36 time=22.362s destroy=destroy_day repair=repair_chuffed_long objective=7.0->5.0 accepted=True reward=+12.500
iter=37 time=22.906s destroy=destroy_forbidden_sequences_30pct repair=repair_chuffed_long objective=5.0->5.0 accepted=True reward=+0.500
iter=38 time=23.791s destroy=destroy_forbidden_sequences_30pct repair=repair_gecode_fast objective=5.0->5.0 accepted=True reward=+0.500
iter=39 time=24.467s destroy=destroy_worst_workers_10pct repair=repair_chuffed_long objective=5.0->5.0 accepted=True reward=+0.500
iter=40 time=25.057s destroy=destroy_max_border_shift_3 repair=repair_chuffed_long objective=5.0->5.0 accepted=True reward=+0.500
iter=41 time=25.755s destroy=destroy_worst_workers_10pct repair=repair_chuffed_long objective=5.0->5.0 accepted=True reward=+0.500
iter=42 time=26.407s destroy=destroy_worst_workers_10pct repair=repair_chuffed_long objective=5.0->5.0 accepted=True reward=+0.500
iter=43 time=27.053s destroy=destroy_worker repair=repair_chuffed_long objective=5.0->5.0 accepted=True reward=+0.500
iter=44 time=27.592s destroy=destroy_forbidden_sequences_30pct repair=repair_chuffed_long objective=5.0->5.0 accepted=True reward=+0.500
iter=45 time=28.213s destroy=destroy_worker repair=repair_chuffed_long objective=5.0->4.0 accepted=True reward=+11.600
iter=46 time=28.775s destroy=destroy_max_border_off repair=repair_chuffed_long objective=4.0->4.0 accepted=True reward=+0.600
iter=47 time=29.416s destroy=destroy_max_border_shift_2 repair=repair_chuffed_fast objective=4.0->4.0 accepted=True reward=+0.600
iter=48 time=30.051s destroy=destroy_worker repair=repair_chuffed_long objective=4.0->2.0 accepted=True reward=+23.000
iter=49 time=30.609s destroy=destroy_max_border_shift_3 repair=repair_chuffed_long objective=2.0->2.0 accepted=True reward=+1.000
iter=50 time=31.320s destroy=destroy_day repair=repair_chuffed_long objective=2.0->2.0 accepted=True reward=+1.000
iter=51 time=31.947s destroy=destroy_worst_workers_10pct repair=repair_chuffed_long objective=2.0->2.0 accepted=True reward=+1.000
iter=52 time=32.488s destroy=destroy_max_border_off repair=repair_chuffed_long objective=2.0->2.0 accepted=True reward=+1.000
iter=53 time=33.114s destroy=destroy_worker repair=repair_chuffed_long objective=2.0->2.0 accepted=True reward=+1.000
iter=54 time=33.662s destroy=destroy_max_border_off repair=repair_chuffed_long objective=2.0->2.0 accepted=True reward=+1.000
iter=55 time=34.453s destroy=destroy_random_workers_20pct repair=repair_chuffed_long objective=2.0->2.0 accepted=True reward=+1.000
iter=56 time=35.124s destroy=destroy_day repair=repair_chuffed_long objective=2.0->2.0 accepted=True reward=+1.000
iter=57 time=35.803s destroy=destroy_worker repair=repair_chuffed_fast objective=2.0->2.0 accepted=True reward=+1.000
iter=58 time=36.462s destroy=destroy_worst_workers_10pct repair=repair_chuffed_long objective=2.0->2.0 accepted=True reward=+1.000
iter=59 time=37.086s destroy=destroy_worst_workers_10pct repair=repair_chuffed_fast objective=2.0->2.0 accepted=True reward=+1.000
iter=60 time=38.113s destroy=destroy_worst_workers_30pct repair=repair_chuffed_long objective=2.0->2.0 accepted=True reward=+1.000
iter=61 time=38.832s destroy=destroy_worst_workers_10pct repair=repair_chuffed_long objective=2.0->2.0 accepted=True reward=+1.000
iter=62 time=39.393s destroy=destroy_max_border_shift_1 repair=repair_chuffed_fast objective=2.0->2.0 accepted=True reward=+1.000
iter=63 time=40.067s destroy=destroy_worst_workers_10pct repair=repair_chuffed_long objective=2.0->2.0 accepted=True reward=+1.000
iter=64 time=40.655s destroy=destroy_max_border_off repair=repair_chuffed_long objective=2.0->2.0 accepted=True reward=+1.000
iter=65 time=41.218s destroy=destroy_max_border_shift_1 repair=repair_chuffed_long objective=2.0->2.0 accepted=True reward=+1.000
iter=66 time=41.861s destroy=destroy_worst_workers_10pct repair=repair_gecode_fast objective=2.0->2.0 accepted=True reward=+1.000
iter=67 time=42.411s destroy=destroy_max_border_off repair=repair_chuffed_long objective=2.0->2.0 accepted=True reward=+1.000
iter=68 time=42.964s destroy=destroy_max_border_off repair=repair_chuffed_long objective=2.0->2.0 accepted=True reward=+1.000
iter=69 time=43.552s destroy=destroy_max_border_shift_1 repair=repair_chuffed_long objective=2.0->2.0 accepted=True reward=+1.000
iter=70 time=44.205s destroy=destroy_forbidden_sequences_30pct repair=repair_chuffed_long objective=2.0->2.0 accepted=True reward=+1.000
iter=71 time=44.852s destroy=destroy_worst_workers_10pct repair=repair_chuffed_long objective=2.0->2.0 accepted=True reward=+1.000
iter=72 time=45.420s destroy=destroy_forbidden_sequences_30pct repair=repair_chuffed_fast objective=2.0->2.0 accepted=True reward=+1.000
iter=73 time=46.078s destroy=destroy_worst_workers_10pct repair=repair_chuffed_long objective=2.0->2.0 accepted=True reward=+1.000
iter=74 time=46.737s destroy=destroy_worker repair=repair_chuffed_long objective=2.0->2.0 accepted=True reward=+1.000
iter=75 time=47.374s destroy=destroy_streak_around_worst_worker repair=repair_chuffed_long objective=2.0->2.0 accepted=True reward=+1.000
iter=76 time=47.921s destroy=destroy_max_border_shift_3 repair=repair_chuffed_long objective=2.0->2.0 accepted=True reward=+1.000
iter=77 time=48.475s destroy=destroy_max_border_shift_3 repair=repair_chuffed_fast objective=2.0->2.0 accepted=True reward=+1.000
iter=78 time=49.023s destroy=destroy_max_border_shift_1 repair=repair_chuffed_long objective=2.0->2.0 accepted=True reward=+1.000
iter=79 time=49.651s destroy=destroy_worst_workers_10pct repair=repair_chuffed_long objective=2.0->2.0 accepted=True reward=+1.000
iter=80 time=50.433s destroy=destroy_worker repair=repair_gecode_fast objective=2.0->2.0 accepted=True reward=+1.000
iter=81 time=51.117s destroy=destroy_day repair=repair_chuffed_long objective=2.0->2.0 accepted=True reward=+1.000
iter=82 time=51.748s destroy=destroy_worker repair=repair_chuffed_long objective=2.0->2.0 accepted=True reward=+1.000
iter=83 time=52.302s destroy=destroy_max_border_shift_2 repair=repair_chuffed_long objective=2.0->2.0 accepted=True reward=+1.000
iter=84 time=52.874s destroy=destroy_max_border_off repair=repair_gecode_fast objective=2.0->2.0 accepted=True reward=+1.000
iter=85 time=53.499s destroy=destroy_worst_workers_10pct repair=repair_chuffed_fast objective=2.0->2.0 accepted=True reward=+1.000
iter=86 time=54.167s destroy=destroy_day repair=repair_chuffed_fast objective=2.0->2.0 accepted=True reward=+1.000
iter=87 time=54.793s destroy=destroy_worker repair=repair_chuffed_fast objective=2.0->2.0 accepted=True reward=+1.000
iter=88 time=55.426s destroy=destroy_worst_workers_10pct repair=repair_gecode_fast objective=2.0->2.0 accepted=True reward=+1.000
iter=89 time=55.970s destroy=destroy_max_border_shift_1 repair=repair_chuffed_long objective=2.0->2.0 accepted=True reward=+1.000
iter=90 time=56.675s destroy=destroy_worker repair=repair_chuffed_fast objective=2.0->2.0 accepted=True reward=+1.000
iter=91 time=57.318s destroy=destroy_worker repair=repair_gecode_fast objective=2.0->2.0 accepted=True reward=+1.000
iter=92 time=57.953s destroy=destroy_worker repair=repair_chuffed_long objective=2.0->2.0 accepted=True reward=+1.000
iter=93 time=58.503s destroy=destroy_max_border_off repair=repair_chuffed_long objective=2.0->2.0 accepted=True reward=+1.000
iter=94 time=59.112s destroy=destroy_max_border_shift_1 repair=repair_chuffed_fast objective=2.0->2.0 accepted=True reward=+1.000
iter=95 time=59.799s destroy=destroy_worker repair=repair_chuffed_long objective=2.0->2.0 accepted=True reward=+1.000
iter=96 time=60.481s destroy=destroy_worst_workers_10pct repair=repair_chuffed_long objective=2.0->2.0 accepted=True reward=+1.000
iter=97 time=61.063s destroy=destroy_max_border_shift_1 repair=repair_chuffed_long objective=2.0->2.0 accepted=True reward=+1.000
iter=98 time=61.690s destroy=destroy_worst_workers_10pct repair=repair_chuffed_long objective=2.0->2.0 accepted=True reward=+1.000
iter=99 time=62.322s destroy=destroy_worker repair=repair_chuffed_long objective=2.0->2.0 accepted=True reward=+1.000
iter=100 time=63.080s destroy=destroy_random_workers_20pct repair=repair_chuffed_long objective=2.0->2.0 accepted=True reward=+1.000
iter=101 time=63.716s destroy=destroy_worker repair=repair_chuffed_fast objective=2.0->2.0 accepted=True reward=+1.000
iter=102 time=64.365s destroy=destroy_worker repair=repair_chuffed_long objective=2.0->2.0 accepted=True reward=+1.000
iter=103 time=65.051s destroy=destroy_day repair=repair_chuffed_long objective=2.0->2.0 accepted=True reward=+1.000
iter=104 time=65.683s destroy=destroy_max_border_shift_1 repair=repair_gecode_fast objective=2.0->2.0 accepted=True reward=+1.000
iter=105 time=66.257s destroy=destroy_max_border_off repair=repair_chuffed_long objective=2.0->2.0 accepted=True reward=+1.000
iter=106 time=66.947s destroy=destroy_worker repair=repair_chuffed_long objective=2.0->2.0 accepted=True reward=+1.000
iter=107 time=67.685s destroy=destroy_worst_days_10pct repair=repair_chuffed_long objective=2.0->2.0 accepted=True reward=+1.000
iter=108 time=68.230s destroy=destroy_max_border_shift_2 repair=repair_chuffed_fast objective=2.0->2.0 accepted=True reward=+1.000
iter=109 time=68.793s destroy=destroy_forbidden_sequences_30pct repair=repair_chuffed_long objective=2.0->2.0 accepted=True reward=+1.000
iter=110 time=69.348s destroy=destroy_max_border_work repair=repair_chuffed_long objective=2.0->2.0 accepted=True reward=+1.000
iter=111 time=69.987s destroy=destroy_worker repair=repair_gecode_fast objective=2.0->2.0 accepted=True reward=+1.000
iter=112 time=70.663s destroy=destroy_worker repair=repair_chuffed_long objective=2.0->2.0 accepted=True reward=+1.000
iter=113 time=71.255s destroy=destroy_forbidden_sequences_30pct repair=repair_chuffed_fast objective=2.0->2.0 accepted=True reward=+1.000
iter=114 time=71.831s destroy=destroy_forbidden_sequences_30pct repair=repair_chuffed_long objective=2.0->2.0 accepted=True reward=+1.000
iter=115 time=72.521s destroy=destroy_worker repair=repair_chuffed_fast objective=2.0->2.0 accepted=True reward=+1.000
iter=116 time=73.090s destroy=destroy_max_border_shift_3 repair=repair_chuffed_long objective=2.0->2.0 accepted=True reward=+1.000
iter=117 time=73.650s destroy=destroy_max_border_off repair=repair_chuffed_long objective=2.0->2.0 accepted=True reward=+1.000
iter=118 time=74.371s destroy=destroy_worker repair=repair_chuffed_long objective=2.0->2.0 accepted=True reward=+1.000
iter=119 time=74.957s destroy=destroy_max_border_shift_3 repair=repair_chuffed_fast objective=2.0->2.0 accepted=True reward=+1.000
iter=120 time=75.619s destroy=destroy_worker repair=repair_chuffed_long objective=2.0->2.0 accepted=True reward=+1.000
iter=121 time=76.265s destroy=destroy_worst_workers_10pct repair=repair_chuffed_long objective=2.0->2.0 accepted=True reward=+1.000
iter=122 time=76.827s destroy=destroy_max_border_shift_2 repair=repair_chuffed_long objective=2.0->2.0 accepted=True reward=+1.000
iter=123 time=77.392s destroy=destroy_max_border_shift_1 repair=repair_chuffed_long objective=2.0->2.0 accepted=True reward=+1.000
iter=124 time=78.422s destroy=destroy_random_window_20pct repair=repair_chuffed_fast objective=2.0->2.0 accepted=True reward=+1.000
iter=125 time=79.063s destroy=destroy_max_border_off repair=repair_chuffed_long objective=2.0->2.0 accepted=True reward=+1.000
iter=126 time=79.707s destroy=destroy_worker repair=repair_chuffed_long objective=2.0->2.0 accepted=True reward=+1.000
iter=127 time=80.262s destroy=destroy_forbidden_sequences_30pct repair=repair_chuffed_fast objective=2.0->2.0 accepted=True reward=+1.000
iter=128 time=80.889s destroy=destroy_worker repair=repair_chuffed_long objective=2.0->2.0 accepted=True reward=+1.000
iter=129 time=81.515s destroy=destroy_worker repair=repair_chuffed_long objective=2.0->2.0 accepted=True reward=+1.000
iter=130 time=82.061s destroy=destroy_max_border_off repair=repair_chuffed_fast objective=2.0->2.0 accepted=True reward=+1.000
iter=131 time=82.706s destroy=destroy_worker repair=repair_chuffed_long objective=2.0->2.0 accepted=True reward=+1.000
iter=132 time=83.353s destroy=destroy_worker repair=repair_chuffed_fast objective=2.0->2.0 accepted=True reward=+1.000
iter=133 time=83.986s destroy=destroy_worker repair=repair_chuffed_long objective=2.0->1.0 accepted=True reward=+17.500
iter=134 time=84.537s destroy=destroy_max_border_work repair=repair_chuffed_long objective=1.0->1.0 accepted=True reward=+1.500
iter=135 time=85.189s destroy=destroy_worker repair=repair_chuffed_long objective=1.0->1.0 accepted=True reward=+1.500
iter=136 time=85.849s destroy=destroy_worker repair=repair_chuffed_fast objective=1.0->1.0 accepted=True reward=+1.500
iter=137 time=86.484s destroy=destroy_worst_workers_10pct repair=repair_chuffed_fast objective=1.0->1.0 accepted=True reward=+1.500
iter=138 time=87.164s destroy=destroy_worker repair=repair_chuffed_long objective=1.0->1.0 accepted=True reward=+1.500
iter=139 time=87.885s destroy=destroy_worst_workers_10pct repair=repair_chuffed_long objective=1.0->1.0 accepted=True reward=+1.500
iter=140 time=88.535s destroy=destroy_worst_workers_10pct repair=repair_chuffed_long objective=1.0->1.0 accepted=True reward=+1.500
iter=141 time=89.098s destroy=destroy_max_border_work repair=repair_chuffed_fast objective=1.0->1.0 accepted=True reward=+1.500
iter=142 time=89.684s destroy=destroy_max_border_off repair=repair_chuffed_fast objective=1.0->1.0 accepted=True reward=+1.500
iter=143 time=90.256s destroy=destroy_max_border_work repair=repair_gecode_long objective=1.0->1.0 accepted=True reward=+1.500
iter=144 time=90.801s destroy=destroy_max_border_off repair=repair_chuffed_fast objective=1.0->1.0 accepted=True reward=+1.500
iter=145 time=91.376s destroy=destroy_forbidden_sequences_30pct repair=repair_gecode_fast objective=1.0->1.0 accepted=True reward=+1.500
iter=146 time=92.352s destroy=destroy_random_days_20pct repair=repair_chuffed_long objective=1.0->1.0 accepted=True reward=+1.500
iter=147 time=93.015s destroy=destroy_worst_workers_10pct repair=repair_chuffed_fast objective=1.0->1.0 accepted=True reward=+1.500
iter=148 time=93.674s destroy=destroy_worst_workers_10pct repair=repair_chuffed_long objective=1.0->1.0 accepted=True reward=+1.500
iter=149 time=94.268s destroy=destroy_max_border_shift_1 repair=repair_chuffed_long objective=1.0->1.0 accepted=True reward=+1.500
iter=150 time=94.901s destroy=destroy_forbidden_sequences_30pct repair=repair_chuffed_long objective=1.0->1.0 accepted=True reward=+1.500
iter=151 time=95.464s destroy=destroy_forbidden_sequences_30pct repair=repair_chuffed_long objective=1.0->1.0 accepted=True reward=+1.500
iter=152 time=96.143s destroy=destroy_day repair=repair_gecode_fast objective=1.0->1.0 accepted=True reward=+1.500
iter=153 time=96.692s destroy=destroy_max_border_off repair=repair_chuffed_long objective=1.0->1.0 accepted=True reward=+1.500
iter=154 time=97.314s destroy=destroy_worst_workers_10pct repair=repair_chuffed_long objective=1.0->1.0 accepted=True reward=+1.500
iter=155 time=98.023s destroy=destroy_day repair=repair_chuffed_fast objective=1.0->1.0 accepted=True reward=+1.500
iter=156 time=98.785s destroy=destroy_day repair=repair_chuffed_fast objective=1.0->1.0 accepted=True reward=+1.500
iter=157 time=99.508s destroy=destroy_day repair=repair_chuffed_long objective=1.0->1.0 accepted=True reward=+1.500
iter=158 time=100.210s destroy=destroy_worker repair=repair_chuffed_fast objective=1.0->1.0 accepted=True reward=+1.500
iter=159 time=100.892s destroy=destroy_day repair=repair_gecode_fast objective=1.0->1.0 accepted=True reward=+1.500
iter=160 time=101.520s destroy=destroy_worker repair=repair_chuffed_long objective=1.0->1.0 accepted=True reward=+1.500
iter=161 time=102.152s destroy=destroy_worst_workers_10pct repair=repair_chuffed_fast objective=1.0->1.0 accepted=True reward=+1.500
iter=162 time=102.706s destroy=destroy_max_border_shift_3 repair=repair_chuffed_long objective=1.0->1.0 accepted=True reward=+1.500
iter=163 time=103.383s destroy=destroy_worst_workers_10pct repair=repair_chuffed_fast objective=1.0->1.0 accepted=True reward=+1.500
iter=164 time=103.933s destroy=destroy_forbidden_sequences_30pct repair=repair_chuffed_long objective=1.0->1.0 accepted=True reward=+1.500
iter=165 time=104.551s destroy=destroy_forbidden_sequences_30pct repair=repair_chuffed_fast objective=1.0->1.0 accepted=True reward=+1.500
iter=166 time=105.167s destroy=destroy_max_border_shift_1 repair=repair_chuffed_long objective=1.0->1.0 accepted=True reward=+1.500
iter=167 time=105.724s destroy=destroy_max_border_shift_2 repair=repair_chuffed_long objective=1.0->1.0 accepted=True reward=+1.500
iter=168 time=106.268s destroy=destroy_forbidden_sequences_30pct repair=repair_chuffed_long objective=1.0->1.0 accepted=True reward=+1.500
iter=169 time=106.860s destroy=destroy_max_border_off repair=repair_chuffed_fast objective=1.0->1.0 accepted=True reward=+1.500
iter=170 time=107.440s destroy=destroy_max_border_shift_1 repair=repair_chuffed_long objective=1.0->1.0 accepted=True reward=+1.500
iter=171 time=108.164s destroy=destroy_random_window_20pct repair=repair_chuffed_long objective=1.0->1.0 accepted=True reward=+1.500
iter=172 time=108.711s destroy=destroy_max_border_shift_1 repair=repair_chuffed_long objective=1.0->1.0 accepted=True reward=+1.500
iter=173 time=109.274s destroy=destroy_max_border_off repair=repair_chuffed_long objective=1.0->1.0 accepted=True reward=+1.500
iter=174 time=109.837s destroy=destroy_forbidden_sequences_30pct repair=repair_chuffed_fast objective=1.0->1.0 accepted=True reward=+1.500
iter=175 time=110.535s destroy=destroy_worker repair=repair_chuffed_fast objective=1.0->1.0 accepted=True reward=+1.500
iter=176 time=111.191s destroy=destroy_worker repair=repair_chuffed_long objective=1.0->1.0 accepted=True reward=+1.500
iter=177 time=111.738s destroy=destroy_max_border_shift_1 repair=repair_chuffed_long objective=1.0->1.0 accepted=True reward=+1.500
iter=178 time=112.315s destroy=destroy_max_border_off repair=repair_gecode_fast objective=1.0->1.0 accepted=True reward=+1.500
iter=179 time=112.868s destroy=destroy_max_border_shift_2 repair=repair_chuffed_fast objective=1.0->1.0 accepted=True reward=+1.500
iter=180 time=113.423s destroy=destroy_max_border_off repair=repair_chuffed_fast objective=1.0->1.0 accepted=True reward=+1.500
iter=181 time=113.986s destroy=destroy_forbidden_sequences_30pct repair=repair_chuffed_long objective=1.0->1.0 accepted=True reward=+1.500
iter=182 time=114.547s destroy=destroy_max_border_shift_1 repair=repair_chuffed_long objective=1.0->1.0 accepted=True reward=+1.500
iter=183 time=115.241s destroy=destroy_worker repair=repair_chuffed_fast objective=1.0->1.0 accepted=True reward=+1.500
iter=184 time=115.889s destroy=destroy_worker repair=repair_gecode_fast objective=1.0->1.0 accepted=True reward=+1.500
iter=185 time=116.548s destroy=destroy_day repair=repair_chuffed_long objective=1.0->1.0 accepted=True reward=+1.500
iter=186 time=117.162s destroy=destroy_max_border_off repair=repair_chuffed_long objective=1.0->1.0 accepted=True reward=+1.500
iter=187 time=117.730s destroy=destroy_max_border_shift_1 repair=repair_chuffed_long objective=1.0->1.0 accepted=True reward=+1.500
iter=188 time=118.382s destroy=destroy_worst_workers_10pct repair=repair_chuffed_long objective=1.0->1.0 accepted=True reward=+1.500
iter=189 time=119.042s destroy=destroy_max_border_off repair=repair_chuffed_long objective=1.0->1.0 accepted=True reward=+1.500
iter=190 time=119.678s destroy=destroy_max_border_shift_3 repair=repair_chuffed_fast objective=1.0->1.0 accepted=True reward=+1.500
iter=191 time=120.258s destroy=destroy_max_border_off repair=repair_chuffed_long objective=1.0->1.0 accepted=True reward=+1.500
iter=192 time=120.910s destroy=destroy_day repair=repair_chuffed_fast objective=1.0->1.0 accepted=True reward=+1.500
iter=193 time=121.473s destroy=destroy_max_border_shift_2 repair=repair_chuffed_long objective=1.0->1.0 accepted=True reward=+1.500
iter=194 time=122.113s destroy=destroy_day repair=repair_gecode_fast objective=1.0->1.0 accepted=True reward=+1.500
iter=195 time=122.661s destroy=destroy_max_border_off repair=repair_chuffed_long objective=1.0->1.0 accepted=True reward=+1.500
iter=196 time=123.289s destroy=destroy_worst_workers_10pct repair=repair_chuffed_fast objective=1.0->1.0 accepted=True reward=+1.500
iter=197 time=123.967s destroy=destroy_worker repair=repair_chuffed_long objective=1.0->1.0 accepted=True reward=+1.500
iter=198 time=125.296s destroy=destroy_worst_workers_30pct repair=repair_chuffed_fast objective=1.0->1.0 accepted=True reward=+1.500
iter=199 time=125.870s destroy=destroy_max_border_off repair=repair_gecode_fast objective=1.0->1.0 accepted=True reward=+1.500
iter=200 time=126.420s destroy=destroy_forbidden_sequences_30pct repair=repair_chuffed_fast objective=1.0->1.0 accepted=True reward=+1.500
iter=201 time=126.989s destroy=destroy_forbidden_sequences_30pct repair=repair_gecode_long objective=1.0->1.0 accepted=True reward=+1.500
iter=202 time=127.654s destroy=destroy_worker repair=repair_chuffed_long objective=1.0->1.0 accepted=True reward=+1.500
iter=203 time=128.257s destroy=destroy_forbidden_sequences_30pct repair=repair_chuffed_fast objective=1.0->1.0 accepted=True reward=+1.500
iter=204 time=128.951s destroy=destroy_worker repair=repair_gecode_fast objective=1.0->1.0 accepted=True reward=+1.500
iter=205 time=129.605s destroy=destroy_worker repair=repair_chuffed_long objective=1.0->1.0 accepted=True reward=+1.500
iter=206 time=130.265s destroy=destroy_worker repair=repair_chuffed_long objective=1.0->1.0 accepted=True reward=+1.500
iter=207 time=131.055s destroy=destroy_streak_around_worst_worker repair=repair_chuffed_long objective=1.0->1.0 accepted=True reward=+1.500
iter=208 time=131.619s destroy=destroy_max_border_shift_3 repair=repair_chuffed_long objective=1.0->1.0 accepted=True reward=+1.500
iter=209 time=132.164s destroy=destroy_max_border_shift_1 repair=repair_chuffed_long objective=1.0->1.0 accepted=True reward=+1.500
iter=210 time=132.784s destroy=destroy_worker repair=repair_chuffed_long objective=1.0->1.0 accepted=True reward=+1.500
iter=211 time=133.414s destroy=destroy_worst_workers_10pct repair=repair_chuffed_long objective=1.0->1.0 accepted=True reward=+1.500
iter=212 time=134.017s destroy=destroy_max_border_off repair=repair_chuffed_fast objective=1.0->1.0 accepted=True reward=+1.500
iter=213 time=134.717s destroy=destroy_worst_workers_10pct repair=repair_chuffed_long objective=1.0->1.0 accepted=True reward=+1.500
iter=214 time=135.414s destroy=destroy_max_border_shift_3 repair=repair_chuffed_long objective=1.0->1.0 accepted=True reward=+1.500
iter=215 time=136.093s destroy=destroy_worst_workers_10pct repair=repair_chuffed_long objective=1.0->1.0 accepted=True reward=+1.500
iter=216 time=136.710s destroy=destroy_max_border_shift_3 repair=repair_chuffed_fast objective=1.0->1.0 accepted=True reward=+1.500
iter=217 time=137.304s destroy=destroy_max_border_shift_1 repair=repair_chuffed_fast objective=1.0->1.0 accepted=True reward=+1.500
iter=218 time=137.972s destroy=destroy_worker repair=repair_chuffed_long objective=1.0->1.0 accepted=True reward=+1.500
iter=219 time=138.536s destroy=destroy_forbidden_sequences_30pct repair=repair_chuffed_long objective=1.0->1.0 accepted=True reward=+1.500
iter=220 time=139.168s destroy=destroy_max_border_shift_3 repair=repair_chuffed_long objective=1.0->1.0 accepted=True reward=+1.500
iter=221 time=139.795s destroy=destroy_max_border_shift_2 repair=repair_gecode_long objective=1.0->1.0 accepted=True reward=+1.500
iter=222 time=140.467s destroy=destroy_worker repair=repair_chuffed_long objective=1.0->1.0 accepted=True reward=+1.500
iter=223 time=141.033s destroy=destroy_max_border_off repair=repair_chuffed_fast objective=1.0->1.0 accepted=True reward=+1.500
iter=224 time=141.829s destroy=destroy_day repair=repair_chuffed_fast objective=1.0->1.0 accepted=True reward=+1.500
iter=225 time=142.514s destroy=destroy_worker repair=repair_chuffed_long objective=1.0->1.0 accepted=True reward=+1.500
iter=226 time=143.358s destroy=destroy_random_window_20pct repair=repair_chuffed_long objective=1.0->1.0 accepted=True reward=+1.500
iter=227 time=145.996s destroy=destroy_worst_workers_30pct repair=repair_chuffed_fast objective=1.0->1.0 accepted=True reward=+1.500
iter=228 time=146.662s destroy=destroy_worker repair=repair_chuffed_long objective=1.0->1.0 accepted=True reward=+1.500
iter=229 time=147.238s destroy=destroy_max_border_work repair=repair_chuffed_long objective=1.0->1.0 accepted=True reward=+1.500
iter=230 time=148.199s destroy=destroy_random_days_20pct repair=repair_chuffed_long objective=1.0->1.0 accepted=True reward=+1.500
iter=231 time=148.775s destroy=destroy_max_border_off repair=repair_chuffed_fast objective=1.0->1.0 accepted=True reward=+1.500
iter=232 time=149.345s destroy=destroy_max_border_off repair=repair_chuffed_long objective=1.0->1.0 accepted=True reward=+1.500
iter=233 time=149.949s destroy=destroy_max_border_shift_3 repair=repair_gecode_fast objective=1.0->1.0 accepted=True reward=+1.500
iter=234 time=150.716s destroy=destroy_day repair=repair_chuffed_long objective=1.0->1.0 accepted=True reward=+1.500
solved=False stop_time=150.716s reason=timeout
run_completed=True runtime=150.716s best_objective=1.0 current_objective=1.0

===== instance=Example2 seed=1 checkpoint=drl_ppo_checkpoint_20000.pt =====
Loaded checkpoint: /Users/gab/Library/Mobile Documents/com~apple~CloudDocs/QuIST/ML/Optimization/Project 2/LNS_scheduling/PPO_checkpoints/drl_ppo_checkpoint_20000.pt
Loaded instance: /Users/gab/Library/Mobile Documents/com~apple~CloudDocs/QuIST/ML/Optimization/Project 2/LNS_scheduling/Instances1-50/Example2.txt
Detected state_dim=7
iter=1 time=0.790s destroy=destroy_max_border_shift_1 repair=repair_chuffed_fast objective=None->93.0 accepted=True reward=+10.032
iter=2 time=1.385s destroy=destroy_max_border_off repair=repair_chuffed_long objective=93.0->93.0 accepted=True reward=+0.032
iter=3 time=2.089s destroy=destroy_worker repair=repair_chuffed_long objective=93.0->87.0 accepted=True reward=+10.679
iter=4 time=2.870s destroy=destroy_worker repair=repair_chuffed_fast objective=87.0->75.0 accepted=True reward=+11.419
iter=5 time=3.723s destroy=destroy_worker repair=repair_chuffed_long objective=75.0->71.0 accepted=True reward=+10.575
iter=6 time=4.416s destroy=destroy_worker repair=repair_chuffed_long objective=71.0->67.0 accepted=True reward=+10.607
iter=7 time=5.045s destroy=destroy_forbidden_sequences_30pct repair=repair_chuffed_long objective=67.0->55.0 accepted=True reward=+11.845
iter=8 time=5.722s destroy=destroy_worst_workers_10pct repair=repair_chuffed_long objective=55.0->48.0 accepted=True reward=+11.334
iter=9 time=6.286s destroy=destroy_max_border_off repair=repair_chuffed_long objective=48.0->48.0 accepted=True reward=+0.061
iter=10 time=6.950s destroy=destroy_worker repair=repair_chuffed_long objective=48.0->43.0 accepted=True reward=+11.110
iter=11 time=7.635s destroy=destroy_worst_workers_10pct repair=repair_chuffed_long objective=43.0->31.0 accepted=True reward=+12.884
iter=12 time=10.546s destroy=destroy_random_workers_20pct repair=repair_chuffed_long objective=31.0->30.0 accepted=True reward=+10.419
iter=13 time=11.203s destroy=destroy_worker repair=repair_chuffed_long objective=30.0->29.0 accepted=True reward=+10.433
iter=14 time=11.805s destroy=destroy_max_border_off repair=repair_chuffed_long objective=29.0->29.0 accepted=True reward=+0.100
iter=15 time=12.474s destroy=destroy_worker repair=repair_chuffed_long objective=29.0->27.0 accepted=True reward=+10.797
iter=16 time=13.131s destroy=destroy_worker repair=repair_chuffed_long objective=27.0->23.0 accepted=True reward=+11.606
iter=17 time=13.798s destroy=destroy_worker repair=repair_chuffed_long objective=23.0->23.0 accepted=True reward=+0.125
iter=18 time=14.499s destroy=destroy_worker repair=repair_chuffed_fast objective=23.0->23.0 accepted=True reward=+0.125
iter=19 time=15.216s destroy=destroy_worst_workers_10pct repair=repair_chuffed_long objective=23.0->23.0 accepted=True reward=+0.125
iter=20 time=15.815s destroy=destroy_max_border_off repair=repair_chuffed_long objective=23.0->21.0 accepted=True reward=+11.006
iter=21 time=16.472s destroy=destroy_worker repair=repair_chuffed_long objective=21.0->20.0 accepted=True reward=+10.619
iter=22 time=17.064s destroy=destroy_max_border_shift_3 repair=repair_chuffed_long objective=20.0->20.0 accepted=True reward=+0.143
iter=23 time=17.770s destroy=destroy_worker repair=repair_chuffed_long objective=20.0->16.0 accepted=True reward=+12.176
iter=24 time=18.455s destroy=destroy_worker repair=repair_chuffed_long objective=16.0->15.0 accepted=True reward=+10.812
iter=25 time=19.182s destroy=destroy_worker repair=repair_chuffed_long objective=15.0->15.0 accepted=True reward=+0.188
iter=26 time=19.785s destroy=destroy_max_border_off repair=repair_chuffed_long objective=15.0->15.0 accepted=True reward=+0.188
iter=27 time=20.379s destroy=destroy_max_border_off repair=repair_chuffed_long objective=15.0->15.0 accepted=True reward=+0.188
iter=28 time=21.071s destroy=destroy_worst_workers_10pct repair=repair_chuffed_fast objective=15.0->14.0 accepted=True reward=+10.867
iter=29 time=21.778s destroy=destroy_forbidden_sequences_30pct repair=repair_chuffed_long objective=14.0->5.0 accepted=True reward=+16.929
iter=30 time=22.509s destroy=destroy_worker repair=repair_chuffed_long objective=5.0->5.0 accepted=True reward=+0.500
iter=31 time=23.217s destroy=destroy_day repair=repair_chuffed_long objective=5.0->5.0 accepted=True reward=+0.500
iter=32 time=23.776s destroy=destroy_max_border_off repair=repair_chuffed_long objective=5.0->5.0 accepted=True reward=+0.500
iter=33 time=24.385s destroy=destroy_max_border_off repair=repair_chuffed_long objective=5.0->5.0 accepted=True reward=+0.500
iter=34 time=25.051s destroy=destroy_worst_workers_10pct repair=repair_chuffed_long objective=5.0->5.0 accepted=True reward=+0.500
iter=35 time=25.980s destroy=destroy_worker repair=repair_gecode_long objective=5.0->5.0 accepted=True reward=+0.500
iter=36 time=26.722s destroy=destroy_worker repair=repair_chuffed_long objective=5.0->5.0 accepted=True reward=+0.500
iter=37 time=27.302s destroy=destroy_max_border_off repair=repair_chuffed_long objective=5.0->5.0 accepted=True reward=+0.500
iter=38 time=27.863s destroy=destroy_max_border_off repair=repair_chuffed_long objective=5.0->5.0 accepted=True reward=+0.500
iter=39 time=28.551s destroy=destroy_day repair=repair_chuffed_long objective=5.0->5.0 accepted=True reward=+0.500
iter=40 time=30.030s destroy=destroy_worst_workers_30pct repair=repair_chuffed_long objective=5.0->5.0 accepted=True reward=+0.500
iter=41 time=30.609s destroy=destroy_max_border_off repair=repair_chuffed_long objective=5.0->5.0 accepted=True reward=+0.500
iter=42 time=31.495s destroy=destroy_random_workers_20pct repair=repair_chuffed_long objective=5.0->5.0 accepted=True reward=+0.500
iter=43 time=32.166s destroy=destroy_worker repair=repair_chuffed_long objective=5.0->5.0 accepted=True reward=+0.500
iter=44 time=32.709s destroy=destroy_max_border_shift_1 repair=repair_chuffed_long objective=5.0->5.0 accepted=True reward=+0.500
iter=45 time=33.363s destroy=destroy_worker repair=repair_chuffed_long objective=5.0->5.0 accepted=True reward=+0.500
iter=46 time=33.904s destroy=destroy_max_border_off repair=repair_chuffed_long objective=5.0->5.0 accepted=True reward=+0.500
iter=47 time=34.467s destroy=destroy_forbidden_sequences_30pct repair=repair_chuffed_long objective=5.0->5.0 accepted=True reward=+0.500
iter=48 time=35.099s destroy=destroy_worker repair=repair_chuffed_fast objective=5.0->5.0 accepted=True reward=+0.500
iter=49 time=35.695s destroy=destroy_max_border_shift_1 repair=repair_chuffed_long objective=5.0->5.0 accepted=True reward=+0.500
iter=50 time=36.388s destroy=destroy_worst_workers_10pct repair=repair_chuffed_long objective=5.0->5.0 accepted=True reward=+0.500
iter=51 time=37.467s destroy=destroy_day repair=repair_chuffed_long objective=5.0->5.0 accepted=True reward=+0.500
iter=52 time=38.038s destroy=destroy_forbidden_sequences_30pct repair=repair_chuffed_long objective=5.0->5.0 accepted=True reward=+0.500
iter=53 time=38.622s destroy=destroy_max_border_off repair=repair_chuffed_fast objective=5.0->5.0 accepted=True reward=+0.500
iter=54 time=39.255s destroy=destroy_worst_workers_10pct repair=repair_chuffed_long objective=5.0->5.0 accepted=True reward=+0.500
iter=55 time=39.891s destroy=destroy_worst_workers_10pct repair=repair_chuffed_long objective=5.0->5.0 accepted=True reward=+0.500
iter=56 time=40.568s destroy=destroy_day repair=repair_chuffed_fast objective=5.0->5.0 accepted=True reward=+0.500
iter=57 time=41.187s destroy=destroy_worst_workers_10pct repair=repair_chuffed_long objective=5.0->5.0 accepted=True reward=+0.500
iter=58 time=41.735s destroy=destroy_max_border_off repair=repair_chuffed_long objective=5.0->5.0 accepted=True reward=+0.500
iter=59 time=42.410s destroy=destroy_worst_days_10pct repair=repair_chuffed_long objective=5.0->5.0 accepted=True reward=+0.500
iter=60 time=43.024s destroy=destroy_worst_workers_10pct repair=repair_chuffed_long objective=5.0->5.0 accepted=True reward=+0.500
iter=61 time=43.818s destroy=destroy_random_window_20pct repair=repair_chuffed_long objective=5.0->5.0 accepted=True reward=+0.500
iter=62 time=44.458s destroy=destroy_worst_workers_10pct repair=repair_chuffed_long objective=5.0->5.0 accepted=True reward=+0.500
iter=63 time=45.098s destroy=destroy_max_border_off repair=repair_chuffed_long objective=5.0->5.0 accepted=True reward=+0.500
iter=64 time=45.721s destroy=destroy_worst_workers_10pct repair=repair_chuffed_long objective=5.0->5.0 accepted=True reward=+0.500
iter=65 time=46.397s destroy=destroy_day repair=repair_chuffed_long objective=5.0->5.0 accepted=True reward=+0.500
iter=66 time=46.936s destroy=destroy_max_border_shift_1 repair=repair_chuffed_long objective=5.0->5.0 accepted=True reward=+0.500
iter=67 time=47.481s destroy=destroy_max_border_shift_2 repair=repair_chuffed_long objective=5.0->5.0 accepted=True reward=+0.500
iter=68 time=48.104s destroy=destroy_worker repair=repair_chuffed_long objective=5.0->5.0 accepted=True reward=+0.500
iter=69 time=48.724s destroy=destroy_worker repair=repair_chuffed_long objective=5.0->5.0 accepted=True reward=+0.500
iter=70 time=49.260s destroy=destroy_max_border_off repair=repair_chuffed_long objective=5.0->5.0 accepted=True reward=+0.500
iter=71 time=49.813s destroy=destroy_max_border_shift_1 repair=repair_chuffed_fast objective=5.0->5.0 accepted=True reward=+0.500
iter=72 time=50.467s destroy=destroy_worst_workers_10pct repair=repair_chuffed_fast objective=5.0->5.0 accepted=True reward=+0.500
iter=73 time=51.117s destroy=destroy_worst_workers_10pct repair=repair_chuffed_long objective=5.0->5.0 accepted=True reward=+0.500
iter=74 time=51.699s destroy=destroy_max_border_shift_1 repair=repair_chuffed_long objective=5.0->5.0 accepted=True reward=+0.500
iter=75 time=52.350s destroy=destroy_worker repair=repair_chuffed_long objective=5.0->5.0 accepted=True reward=+0.500
iter=76 time=52.926s destroy=destroy_max_border_off repair=repair_chuffed_long objective=5.0->5.0 accepted=True reward=+0.500
iter=77 time=53.520s destroy=destroy_max_border_off repair=repair_chuffed_long objective=5.0->5.0 accepted=True reward=+0.500
iter=78 time=54.071s destroy=destroy_max_border_off repair=repair_chuffed_long objective=5.0->5.0 accepted=True reward=+0.500
iter=79 time=54.640s destroy=destroy_max_border_off repair=repair_chuffed_fast objective=5.0->5.0 accepted=True reward=+0.500
iter=80 time=55.256s destroy=destroy_worker repair=repair_chuffed_fast objective=5.0->5.0 accepted=True reward=+0.500
iter=81 time=55.884s destroy=destroy_worker repair=repair_chuffed_long objective=5.0->5.0 accepted=True reward=+0.500
iter=82 time=56.422s destroy=destroy_max_border_off repair=repair_chuffed_long objective=5.0->5.0 accepted=True reward=+0.500
iter=83 time=57.059s destroy=destroy_worker repair=repair_chuffed_long objective=5.0->5.0 accepted=True reward=+0.500
iter=84 time=57.596s destroy=destroy_forbidden_sequences_30pct repair=repair_chuffed_long objective=5.0->5.0 accepted=True reward=+0.500
iter=85 time=58.155s destroy=destroy_max_border_off repair=repair_chuffed_long objective=5.0->5.0 accepted=True reward=+0.500
iter=86 time=58.770s destroy=destroy_worst_workers_10pct repair=repair_chuffed_long objective=5.0->5.0 accepted=True reward=+0.500
iter=87 time=59.406s destroy=destroy_worst_workers_10pct repair=repair_chuffed_long objective=5.0->5.0 accepted=True reward=+0.500
iter=88 time=60.159s destroy=destroy_worker repair=repair_chuffed_long objective=5.0->5.0 accepted=True reward=+0.500
iter=89 time=60.796s destroy=destroy_worst_workers_10pct repair=repair_chuffed_long objective=5.0->5.0 accepted=True reward=+0.500
iter=90 time=61.414s destroy=destroy_max_border_shift_3 repair=repair_chuffed_long objective=5.0->5.0 accepted=True reward=+0.500
iter=91 time=61.983s destroy=destroy_max_border_off repair=repair_chuffed_fast objective=5.0->5.0 accepted=True reward=+0.500
iter=92 time=62.541s destroy=destroy_max_border_shift_1 repair=repair_chuffed_long objective=5.0->5.0 accepted=True reward=+0.500
iter=93 time=63.171s destroy=destroy_worker repair=repair_chuffed_long objective=5.0->5.0 accepted=True reward=+0.500
iter=94 time=63.720s destroy=destroy_forbidden_sequences_30pct repair=repair_chuffed_fast objective=5.0->5.0 accepted=True reward=+0.500
iter=95 time=64.253s destroy=destroy_max_border_off repair=repair_chuffed_long objective=5.0->5.0 accepted=True reward=+0.500
iter=96 time=64.877s destroy=destroy_worker repair=repair_chuffed_long objective=5.0->5.0 accepted=True reward=+0.500
iter=97 time=65.484s destroy=destroy_worst_workers_10pct repair=repair_chuffed_long objective=5.0->5.0 accepted=True reward=+0.500
iter=98 time=66.021s destroy=destroy_max_border_shift_2 repair=repair_chuffed_long objective=5.0->5.0 accepted=True reward=+0.500
iter=99 time=66.657s destroy=destroy_worker repair=repair_chuffed_long objective=5.0->5.0 accepted=True reward=+0.500
iter=100 time=67.188s destroy=destroy_max_border_off repair=repair_chuffed_long objective=5.0->5.0 accepted=True reward=+0.500
iter=101 time=67.730s destroy=destroy_forbidden_sequences_30pct repair=repair_chuffed_long objective=5.0->5.0 accepted=True reward=+0.500
iter=102 time=68.268s destroy=destroy_max_border_off repair=repair_chuffed_long objective=5.0->5.0 accepted=True reward=+0.500
iter=103 time=68.897s destroy=destroy_worker repair=repair_chuffed_fast objective=5.0->5.0 accepted=True reward=+0.500
iter=104 time=69.587s destroy=destroy_day repair=repair_chuffed_long objective=5.0->5.0 accepted=True reward=+0.500
iter=105 time=70.278s destroy=destroy_worker repair=repair_gecode_fast objective=5.0->5.0 accepted=True reward=+0.500
iter=106 time=70.910s destroy=destroy_worst_workers_10pct repair=repair_chuffed_fast objective=5.0->5.0 accepted=True reward=+0.500
iter=107 time=71.504s destroy=destroy_forbidden_sequences_30pct repair=repair_chuffed_long objective=5.0->5.0 accepted=True reward=+0.500
iter=108 time=72.173s destroy=destroy_worker repair=repair_chuffed_fast objective=5.0->5.0 accepted=True reward=+0.500
iter=109 time=72.841s destroy=destroy_worker repair=repair_chuffed_long objective=5.0->5.0 accepted=True reward=+0.500
iter=110 time=73.432s destroy=destroy_max_border_off repair=repair_chuffed_long objective=5.0->5.0 accepted=True reward=+0.500
iter=111 time=73.979s destroy=destroy_max_border_off repair=repair_chuffed_long objective=5.0->5.0 accepted=True reward=+0.500
iter=112 time=74.527s destroy=destroy_max_border_shift_2 repair=repair_chuffed_long objective=5.0->5.0 accepted=True reward=+0.500
iter=113 time=75.208s destroy=destroy_worst_workers_10pct repair=repair_chuffed_long objective=5.0->5.0 accepted=True reward=+0.500
iter=114 time=75.890s destroy=destroy_worker repair=repair_chuffed_long objective=5.0->5.0 accepted=True reward=+0.500
iter=115 time=76.439s destroy=destroy_forbidden_sequences_30pct repair=repair_chuffed_long objective=5.0->5.0 accepted=True reward=+0.500
iter=116 time=76.974s destroy=destroy_max_border_shift_1 repair=repair_chuffed_fast objective=5.0->5.0 accepted=True reward=+0.500
iter=117 time=77.585s destroy=destroy_worst_workers_10pct repair=repair_chuffed_fast objective=5.0->5.0 accepted=True reward=+0.500
iter=118 time=78.124s destroy=destroy_forbidden_sequences_30pct repair=repair_chuffed_long objective=5.0->5.0 accepted=True reward=+0.500
iter=119 time=78.749s destroy=destroy_worst_workers_10pct repair=repair_chuffed_long objective=5.0->5.0 accepted=True reward=+0.500
iter=120 time=79.377s destroy=destroy_worker repair=repair_chuffed_long objective=5.0->5.0 accepted=True reward=+0.500
iter=121 time=79.911s destroy=destroy_max_border_work repair=repair_chuffed_long objective=5.0->5.0 accepted=True reward=+0.500
iter=122 time=80.570s destroy=destroy_worst_workers_10pct repair=repair_chuffed_long objective=5.0->5.0 accepted=True reward=+0.500
iter=123 time=81.216s destroy=destroy_worker repair=repair_chuffed_long objective=5.0->5.0 accepted=True reward=+0.500
iter=124 time=81.842s destroy=destroy_worst_workers_10pct repair=repair_chuffed_long objective=5.0->5.0 accepted=True reward=+0.500
iter=125 time=82.592s destroy=destroy_random_workers_20pct repair=repair_chuffed_long objective=5.0->5.0 accepted=True reward=+0.500
iter=126 time=83.247s destroy=destroy_worker repair=repair_chuffed_long objective=5.0->5.0 accepted=True reward=+0.500
iter=127 time=83.884s destroy=destroy_worst_workers_10pct repair=repair_chuffed_fast objective=5.0->5.0 accepted=True reward=+0.500
iter=128 time=84.553s destroy=destroy_worker repair=repair_chuffed_long objective=5.0->5.0 accepted=True reward=+0.500
iter=129 time=85.092s destroy=destroy_max_border_off repair=repair_chuffed_long objective=5.0->5.0 accepted=True reward=+0.500
iter=130 time=85.719s destroy=destroy_worst_workers_10pct repair=repair_chuffed_long objective=5.0->5.0 accepted=True reward=+0.500
iter=131 time=86.255s destroy=destroy_max_border_shift_1 repair=repair_chuffed_fast objective=5.0->5.0 accepted=True reward=+0.500
iter=132 time=86.902s destroy=destroy_worker repair=repair_chuffed_fast objective=5.0->5.0 accepted=True reward=+0.500
iter=133 time=87.438s destroy=destroy_forbidden_sequences_30pct repair=repair_chuffed_long objective=5.0->5.0 accepted=True reward=+0.500
iter=134 time=88.068s destroy=destroy_worst_workers_10pct repair=repair_chuffed_long objective=5.0->5.0 accepted=True reward=+0.500
iter=135 time=88.728s destroy=destroy_worker repair=repair_chuffed_long objective=5.0->5.0 accepted=True reward=+0.500
iter=136 time=89.381s destroy=destroy_worst_workers_10pct repair=repair_gecode_fast objective=5.0->5.0 accepted=True reward=+0.500
iter=137 time=90.019s destroy=destroy_worker repair=repair_chuffed_fast objective=5.0->5.0 accepted=True reward=+0.500
iter=138 time=90.638s destroy=destroy_max_border_shift_3 repair=repair_chuffed_long objective=5.0->5.0 accepted=True reward=+0.500
iter=139 time=91.168s destroy=destroy_forbidden_sequences_30pct repair=repair_chuffed_long objective=5.0->5.0 accepted=True reward=+0.500
iter=140 time=91.768s destroy=destroy_max_border_shift_2 repair=repair_chuffed_long objective=5.0->5.0 accepted=True reward=+0.500
iter=141 time=92.403s destroy=destroy_worker repair=repair_chuffed_long objective=5.0->5.0 accepted=True reward=+0.500
iter=142 time=92.958s destroy=destroy_max_border_shift_2 repair=repair_chuffed_long objective=5.0->5.0 accepted=True reward=+0.500
iter=143 time=93.511s destroy=destroy_forbidden_sequences_30pct repair=repair_chuffed_long objective=5.0->5.0 accepted=True reward=+0.500
iter=144 time=94.038s destroy=destroy_max_border_off repair=repair_chuffed_long objective=5.0->5.0 accepted=True reward=+0.500
iter=145 time=94.739s destroy=destroy_worker repair=repair_chuffed_long objective=5.0->5.0 accepted=True reward=+0.500
iter=146 time=95.360s destroy=destroy_worker repair=repair_chuffed_long objective=5.0->5.0 accepted=True reward=+0.500
iter=147 time=96.056s destroy=destroy_worker repair=repair_gecode_long objective=5.0->5.0 accepted=True reward=+0.500
iter=148 time=96.738s destroy=destroy_worker repair=repair_chuffed_fast objective=5.0->5.0 accepted=True reward=+0.500
iter=149 time=97.430s destroy=destroy_worker repair=repair_chuffed_long objective=5.0->5.0 accepted=True reward=+0.500
iter=150 time=98.101s destroy=destroy_worker repair=repair_chuffed_long objective=5.0->5.0 accepted=True reward=+0.500
iter=151 time=98.757s destroy=destroy_worker repair=repair_chuffed_long objective=5.0->5.0 accepted=True reward=+0.500
iter=152 time=99.324s destroy=destroy_max_border_off repair=repair_chuffed_long objective=5.0->5.0 accepted=True reward=+0.500
iter=153 time=99.881s destroy=destroy_max_border_shift_1 repair=repair_chuffed_long objective=5.0->5.0 accepted=True reward=+0.500
iter=154 time=100.427s destroy=destroy_forbidden_sequences_30pct repair=repair_chuffed_long objective=5.0->5.0 accepted=True reward=+0.500
iter=155 time=102.437s destroy=destroy_worst_workers_30pct repair=repair_chuffed_long objective=5.0->5.0 accepted=True reward=+0.500
iter=156 time=103.125s destroy=destroy_worst_workers_10pct repair=repair_chuffed_long objective=5.0->5.0 accepted=True reward=+0.500
iter=157 time=103.696s destroy=destroy_max_border_off repair=repair_chuffed_long objective=5.0->5.0 accepted=True reward=+0.500
iter=158 time=104.273s destroy=destroy_max_border_off repair=repair_chuffed_long objective=5.0->5.0 accepted=True reward=+0.500
iter=159 time=104.876s destroy=destroy_max_border_shift_1 repair=repair_chuffed_fast objective=5.0->5.0 accepted=True reward=+0.500
iter=160 time=105.514s destroy=destroy_max_border_shift_1 repair=repair_chuffed_long objective=5.0->5.0 accepted=True reward=+0.500
iter=161 time=106.101s destroy=destroy_max_border_off repair=repair_chuffed_long objective=5.0->5.0 accepted=True reward=+0.500
iter=162 time=106.728s destroy=destroy_worst_workers_10pct repair=repair_chuffed_long objective=5.0->5.0 accepted=True reward=+0.500
iter=163 time=107.426s destroy=destroy_worst_workers_10pct repair=repair_chuffed_long objective=5.0->5.0 accepted=True reward=+0.500
iter=164 time=107.994s destroy=destroy_max_border_off repair=repair_chuffed_long objective=5.0->5.0 accepted=True reward=+0.500
iter=165 time=108.605s destroy=destroy_max_border_off repair=repair_gecode_fast objective=5.0->5.0 accepted=True reward=+0.500
iter=166 time=109.306s destroy=destroy_worker repair=repair_chuffed_long objective=5.0->5.0 accepted=True reward=+0.500
iter=167 time=109.901s destroy=destroy_max_border_shift_1 repair=repair_chuffed_long objective=5.0->5.0 accepted=True reward=+0.500
iter=168 time=110.500s destroy=destroy_forbidden_sequences_30pct repair=repair_chuffed_fast objective=5.0->5.0 accepted=True reward=+0.500
iter=169 time=111.054s destroy=destroy_forbidden_sequences_30pct repair=repair_chuffed_long objective=5.0->5.0 accepted=True reward=+0.500
iter=170 time=111.690s destroy=destroy_worst_workers_10pct repair=repair_chuffed_long objective=5.0->5.0 accepted=True reward=+0.500
iter=171 time=112.215s destroy=destroy_max_border_off repair=repair_chuffed_long objective=5.0->5.0 accepted=True reward=+0.500
iter=172 time=112.744s destroy=destroy_forbidden_sequences_30pct repair=repair_chuffed_long objective=5.0->5.0 accepted=True reward=+0.500
iter=173 time=113.360s destroy=destroy_worst_workers_10pct repair=repair_chuffed_long objective=5.0->5.0 accepted=True reward=+0.500
iter=174 time=114.043s destroy=destroy_worst_workers_10pct repair=repair_chuffed_long objective=5.0->5.0 accepted=True reward=+0.500
iter=175 time=114.701s destroy=destroy_worker repair=repair_chuffed_long objective=5.0->5.0 accepted=True reward=+0.500
iter=176 time=115.419s destroy=destroy_worker repair=repair_chuffed_long objective=5.0->5.0 accepted=True reward=+0.500
iter=177 time=116.061s destroy=destroy_worker repair=repair_chuffed_long objective=5.0->5.0 accepted=True reward=+0.500
iter=178 time=116.681s destroy=destroy_worker repair=repair_chuffed_fast objective=5.0->5.0 accepted=True reward=+0.500
iter=179 time=117.303s destroy=destroy_worker repair=repair_chuffed_long objective=5.0->5.0 accepted=True reward=+0.500
iter=180 time=117.919s destroy=destroy_worst_workers_10pct repair=repair_chuffed_long objective=5.0->5.0 accepted=True reward=+0.500
iter=181 time=118.467s destroy=destroy_max_border_off repair=repair_chuffed_long objective=5.0->5.0 accepted=True reward=+0.500
iter=182 time=118.996s destroy=destroy_forbidden_sequences_30pct repair=repair_chuffed_long objective=5.0->5.0 accepted=True reward=+0.500
iter=183 time=119.709s destroy=destroy_worst_workers_10pct repair=repair_chuffed_fast objective=5.0->5.0 accepted=True reward=+0.500
iter=184 time=120.391s destroy=destroy_worst_workers_10pct repair=repair_chuffed_long objective=5.0->5.0 accepted=True reward=+0.500
iter=185 time=121.094s destroy=destroy_max_border_shift_1 repair=repair_gecode_fast objective=5.0->5.0 accepted=True reward=+0.500
iter=186 time=121.845s destroy=destroy_day repair=repair_chuffed_long objective=5.0->5.0 accepted=True reward=+0.500
iter=187 time=122.509s destroy=destroy_worker repair=repair_chuffed_long objective=5.0->5.0 accepted=True reward=+0.500
iter=188 time=123.044s destroy=destroy_forbidden_sequences_30pct repair=repair_chuffed_long objective=5.0->5.0 accepted=True reward=+0.500
iter=189 time=123.681s destroy=destroy_worker repair=repair_chuffed_long objective=5.0->5.0 accepted=True reward=+0.500
iter=190 time=124.335s destroy=destroy_day repair=repair_chuffed_long objective=5.0->5.0 accepted=True reward=+0.500
iter=191 time=124.958s destroy=destroy_worst_workers_10pct repair=repair_chuffed_long objective=5.0->5.0 accepted=True reward=+0.500
iter=192 time=125.573s destroy=destroy_worst_workers_10pct repair=repair_chuffed_long objective=5.0->5.0 accepted=True reward=+0.500
iter=193 time=126.189s destroy=destroy_worker repair=repair_chuffed_fast objective=5.0->5.0 accepted=True reward=+0.500
iter=194 time=126.857s destroy=destroy_worst_workers_10pct repair=repair_chuffed_long objective=5.0->5.0 accepted=True reward=+0.500
iter=195 time=127.556s destroy=destroy_day repair=repair_chuffed_fast objective=5.0->5.0 accepted=True reward=+0.500
iter=196 time=128.107s destroy=destroy_max_border_off repair=repair_chuffed_long objective=5.0->5.0 accepted=True reward=+0.500
iter=197 time=128.759s destroy=destroy_day repair=repair_chuffed_long objective=5.0->5.0 accepted=True reward=+0.500
iter=198 time=129.345s destroy=destroy_max_border_shift_2 repair=repair_chuffed_long objective=5.0->5.0 accepted=True reward=+0.500
iter=199 time=129.957s destroy=destroy_max_border_off repair=repair_chuffed_long objective=5.0->5.0 accepted=True reward=+0.500
iter=200 time=130.556s destroy=destroy_max_border_shift_3 repair=repair_chuffed_long objective=5.0->5.0 accepted=True reward=+0.500
iter=201 time=131.153s destroy=destroy_max_border_off repair=repair_chuffed_long objective=5.0->5.0 accepted=True reward=+0.500
iter=202 time=131.824s destroy=destroy_worker repair=repair_chuffed_long objective=5.0->5.0 accepted=True reward=+0.500
iter=203 time=132.366s destroy=destroy_max_border_shift_1 repair=repair_chuffed_long objective=5.0->5.0 accepted=True reward=+0.500
iter=204 time=132.988s destroy=destroy_worker repair=repair_chuffed_long objective=5.0->5.0 accepted=True reward=+0.500
iter=205 time=133.525s destroy=destroy_forbidden_sequences_30pct repair=repair_chuffed_long objective=5.0->5.0 accepted=True reward=+0.500
iter=206 time=134.150s destroy=destroy_worker repair=repair_gecode_fast objective=5.0->5.0 accepted=True reward=+0.500
iter=207 time=134.690s destroy=destroy_max_border_shift_1 repair=repair_chuffed_long objective=5.0->5.0 accepted=True reward=+0.500
iter=208 time=135.248s destroy=destroy_max_border_off repair=repair_chuffed_long objective=5.0->5.0 accepted=True reward=+0.500
iter=209 time=135.819s destroy=destroy_max_border_off repair=repair_chuffed_long objective=5.0->5.0 accepted=True reward=+0.500
iter=210 time=136.576s destroy=destroy_day repair=repair_chuffed_long objective=5.0->5.0 accepted=True reward=+0.500
iter=211 time=137.263s destroy=destroy_day repair=repair_gecode_fast objective=5.0->5.0 accepted=True reward=+0.500
iter=212 time=137.942s destroy=destroy_max_border_off repair=repair_chuffed_long objective=5.0->5.0 accepted=True reward=+0.500
iter=213 time=138.502s destroy=destroy_max_border_shift_1 repair=repair_chuffed_long objective=5.0->5.0 accepted=True reward=+0.500
iter=214 time=139.169s destroy=destroy_day repair=repair_chuffed_long objective=5.0->5.0 accepted=True reward=+0.500
iter=215 time=139.804s destroy=destroy_worst_workers_10pct repair=repair_chuffed_long objective=5.0->5.0 accepted=True reward=+0.500
iter=216 time=140.475s destroy=destroy_worker repair=repair_chuffed_long objective=5.0->5.0 accepted=True reward=+0.500
iter=217 time=141.036s destroy=destroy_max_border_shift_1 repair=repair_chuffed_long objective=5.0->5.0 accepted=True reward=+0.500
iter=218 time=141.668s destroy=destroy_worst_workers_10pct repair=repair_chuffed_fast objective=5.0->5.0 accepted=True reward=+0.500
iter=219 time=142.357s destroy=destroy_worker repair=repair_chuffed_long objective=5.0->5.0 accepted=True reward=+0.500
iter=220 time=143.023s destroy=destroy_worst_workers_10pct repair=repair_gecode_fast objective=5.0->5.0 accepted=True reward=+0.500
iter=221 time=143.582s destroy=destroy_max_border_off repair=repair_chuffed_long objective=5.0->5.0 accepted=True reward=+0.500
iter=222 time=144.230s destroy=destroy_worker repair=repair_chuffed_long objective=5.0->5.0 accepted=True reward=+0.500
iter=223 time=144.811s destroy=destroy_max_border_off repair=repair_chuffed_long objective=5.0->5.0 accepted=True reward=+0.500
iter=224 time=145.449s destroy=destroy_max_border_off repair=repair_chuffed_long objective=5.0->5.0 accepted=True reward=+0.500
iter=225 time=146.118s destroy=destroy_worst_workers_10pct repair=repair_chuffed_long objective=5.0->5.0 accepted=True reward=+0.500
iter=226 time=146.765s destroy=destroy_worker repair=repair_chuffed_long objective=5.0->5.0 accepted=True reward=+0.500
iter=227 time=147.349s destroy=destroy_forbidden_sequences_30pct repair=repair_chuffed_fast objective=5.0->5.0 accepted=True reward=+0.500
iter=228 time=148.009s destroy=destroy_worst_workers_10pct repair=repair_chuffed_fast objective=5.0->5.0 accepted=True reward=+0.500
iter=229 time=148.722s destroy=destroy_worker repair=repair_chuffed_long objective=5.0->5.0 accepted=True reward=+0.500
iter=230 time=149.459s destroy=destroy_worker repair=repair_chuffed_long objective=5.0->5.0 accepted=True reward=+0.500
iter=231 time=150.055s destroy=destroy_max_border_shift_1 repair=repair_chuffed_long objective=5.0->5.0 accepted=True reward=+0.500
solved=False stop_time=150.055s reason=timeout
run_completed=True runtime=150.055s best_objective=5.0 current_objective=5.0

===== instance=Example2 seed=2 checkpoint=drl_ppo_checkpoint_20000.pt =====
Loaded checkpoint: /Users/gab/Library/Mobile Documents/com~apple~CloudDocs/QuIST/ML/Optimization/Project 2/LNS_scheduling/PPO_checkpoints/drl_ppo_checkpoint_20000.pt
Loaded instance: /Users/gab/Library/Mobile Documents/com~apple~CloudDocs/QuIST/ML/Optimization/Project 2/LNS_scheduling/Instances1-50/Example2.txt
Detected state_dim=7
iter=1 time=0.826s destroy=destroy_max_border_off repair=repair_chuffed_fast objective=None->91.0 accepted=True reward=+10.033
iter=2 time=1.683s destroy=destroy_worker repair=repair_chuffed_long objective=91.0->83.0 accepted=True reward=+10.915
iter=3 time=2.630s destroy=destroy_worst_workers_10pct repair=repair_chuffed_long objective=83.0->74.0 accepted=True reward=+11.124
iter=4 time=3.308s destroy=destroy_worker repair=repair_chuffed_long objective=74.0->60.0 accepted=True reward=+11.941
iter=5 time=3.985s destroy=destroy_worker repair=repair_chuffed_long objective=60.0->60.0 accepted=True reward=+0.049
iter=6 time=4.682s destroy=destroy_worker repair=repair_chuffed_long objective=60.0->53.0 accepted=True reward=+11.222
iter=7 time=5.279s destroy=destroy_forbidden_sequences_30pct repair=repair_chuffed_long objective=53.0->48.0 accepted=True reward=+11.005
iter=8 time=5.915s destroy=destroy_worst_workers_10pct repair=repair_chuffed_long objective=48.0->39.0 accepted=True reward=+11.950
iter=9 time=6.578s destroy=destroy_day repair=repair_chuffed_long objective=39.0->36.0 accepted=True reward=+10.850
iter=10 time=7.168s destroy=destroy_forbidden_sequences_30pct repair=repair_chuffed_long objective=36.0->30.0 accepted=True reward=+11.763
iter=11 time=7.857s destroy=destroy_worker repair=repair_chuffed_fast objective=30.0->22.0 accepted=True reward=+12.797
iter=12 time=8.788s destroy=destroy_random_workers_20pct repair=repair_chuffed_long objective=22.0->22.0 accepted=True reward=+0.130
iter=13 time=9.399s destroy=destroy_forbidden_sequences_30pct repair=repair_chuffed_long objective=22.0->22.0 accepted=True reward=+0.130
iter=14 time=10.077s destroy=destroy_worker repair=repair_chuffed_long objective=22.0->20.0 accepted=True reward=+11.052
iter=15 time=10.817s destroy=destroy_max_border_off repair=repair_chuffed_long objective=20.0->20.0 accepted=True reward=+0.143
iter=16 time=11.486s destroy=destroy_worst_workers_10pct repair=repair_chuffed_long objective=20.0->10.0 accepted=True reward=+15.273
iter=17 time=12.048s destroy=destroy_max_border_off repair=repair_chuffed_long objective=10.0->10.0 accepted=True reward=+0.273
iter=18 time=12.694s destroy=destroy_worker repair=repair_chuffed_long objective=10.0->9.0 accepted=True reward=+11.300
iter=19 time=13.237s destroy=destroy_max_border_shift_3 repair=repair_chuffed_long objective=9.0->9.0 accepted=True reward=+0.300
iter=20 time=13.894s destroy=destroy_worker repair=repair_chuffed_long objective=9.0->9.0 accepted=True reward=+0.300
iter=21 time=14.600s destroy=destroy_day repair=repair_chuffed_long objective=9.0->9.0 accepted=True reward=+0.300
iter=22 time=15.360s destroy=destroy_worker repair=repair_chuffed_long objective=9.0->8.0 accepted=True reward=+11.333
iter=23 time=15.929s destroy=destroy_max_border_off repair=repair_chuffed_fast objective=8.0->8.0 accepted=True reward=+0.333
iter=24 time=16.688s destroy=destroy_worker repair=repair_chuffed_long objective=8.0->8.0 accepted=True reward=+0.333
iter=25 time=17.280s destroy=destroy_forbidden_sequences_30pct repair=repair_chuffed_long objective=8.0->5.0 accepted=True reward=+13.500
iter=26 time=18.034s destroy=destroy_worst_workers_10pct repair=repair_chuffed_long objective=5.0->3.0 accepted=True reward=+12.750
iter=27 time=18.632s destroy=destroy_max_border_shift_3 repair=repair_chuffed_long objective=3.0->3.0 accepted=True reward=+0.750
iter=28 time=19.289s destroy=destroy_worst_workers_10pct repair=repair_chuffed_fast objective=3.0->3.0 accepted=True reward=+0.750
iter=29 time=20.205s destroy=destroy_random_workers_20pct repair=repair_chuffed_long objective=3.0->3.0 accepted=True reward=+0.750
iter=30 time=20.750s destroy=destroy_max_border_shift_3 repair=repair_chuffed_long objective=3.0->3.0 accepted=True reward=+0.750
iter=31 time=21.410s destroy=destroy_worst_workers_10pct repair=repair_chuffed_long objective=3.0->3.0 accepted=True reward=+0.750
iter=32 time=22.129s destroy=destroy_worker repair=repair_chuffed_long objective=3.0->3.0 accepted=True reward=+0.750
iter=33 time=22.876s destroy=destroy_forbidden_sequences_30pct repair=repair_chuffed_long objective=3.0->3.0 accepted=True reward=+0.750
iter=34 time=23.527s destroy=destroy_max_border_shift_3 repair=repair_chuffed_long objective=3.0->3.0 accepted=True reward=+0.750
iter=35 time=24.099s destroy=destroy_max_border_off repair=repair_chuffed_fast objective=3.0->3.0 accepted=True reward=+0.750
iter=36 time=25.114s destroy=destroy_day repair=repair_gecode_long objective=3.0->3.0 accepted=True reward=+0.750
iter=37 time=25.698s destroy=destroy_max_border_off repair=repair_chuffed_long objective=3.0->3.0 accepted=True reward=+0.750
iter=38 time=26.358s destroy=destroy_worst_workers_10pct repair=repair_chuffed_long objective=3.0->2.0 accepted=True reward=+17.000
iter=39 time=26.994s destroy=destroy_max_border_off repair=repair_gecode_fast objective=2.0->2.0 accepted=True reward=+1.000
iter=40 time=27.591s destroy=destroy_max_border_off repair=repair_chuffed_fast objective=2.0->2.0 accepted=True reward=+1.000
iter=41 time=28.270s destroy=destroy_worst_workers_10pct repair=repair_chuffed_long objective=2.0->2.0 accepted=True reward=+1.000
iter=42 time=28.865s destroy=destroy_max_border_shift_2 repair=repair_chuffed_long objective=2.0->2.0 accepted=True reward=+1.000
iter=43 time=29.481s destroy=destroy_forbidden_sequences_30pct repair=repair_gecode_fast objective=2.0->2.0 accepted=True reward=+1.000
iter=44 time=30.078s destroy=destroy_forbidden_sequences_30pct repair=repair_chuffed_long objective=2.0->2.0 accepted=True reward=+1.000
iter=45 time=30.649s destroy=destroy_max_border_off repair=repair_chuffed_long objective=2.0->2.0 accepted=True reward=+1.000
iter=46 time=31.230s destroy=destroy_max_border_shift_1 repair=repair_chuffed_long objective=2.0->2.0 accepted=True reward=+1.000
iter=47 time=32.021s destroy=destroy_worker repair=repair_chuffed_long objective=2.0->2.0 accepted=True reward=+1.000
iter=48 time=32.635s destroy=destroy_max_border_off repair=repair_chuffed_long objective=2.0->2.0 accepted=True reward=+1.000
iter=49 time=33.298s destroy=destroy_max_border_shift_3 repair=repair_gecode_fast objective=2.0->2.0 accepted=True reward=+1.000
iter=50 time=33.976s destroy=destroy_worker repair=repair_chuffed_fast objective=2.0->2.0 accepted=True reward=+1.000
iter=51 time=35.841s destroy=destroy_streak_around_worst_worker repair=repair_chuffed_long objective=2.0->2.0 accepted=True reward=+1.000
iter=52 time=36.476s destroy=destroy_worker repair=repair_chuffed_fast objective=2.0->2.0 accepted=True reward=+1.000
iter=53 time=37.180s destroy=destroy_worker repair=repair_chuffed_long objective=2.0->2.0 accepted=True reward=+1.000
iter=54 time=37.742s destroy=destroy_forbidden_sequences_30pct repair=repair_chuffed_long objective=2.0->2.0 accepted=True reward=+1.000
iter=55 time=38.430s destroy=destroy_worker repair=repair_chuffed_fast objective=2.0->2.0 accepted=True reward=+1.000
iter=56 time=39.098s destroy=destroy_worker repair=repair_chuffed_long objective=2.0->2.0 accepted=True reward=+1.000
iter=57 time=39.707s destroy=destroy_max_border_work repair=repair_chuffed_fast objective=2.0->2.0 accepted=True reward=+1.000
iter=58 time=40.473s destroy=destroy_worst_days_10pct repair=repair_chuffed_long objective=2.0->1.0 accepted=True reward=+17.500
iter=59 time=41.700s destroy=destroy_worst_workers_30pct repair=repair_chuffed_fast objective=1.0->0.0 accepted=True reward=+44.000
solved=True stop_iter=59 reason=objective_zero
run_completed=True runtime=41.700s best_objective=0.0 current_objective=0.0

===== instance=Example16 seed=0 checkpoint=drl_ppo_checkpoint_20000.pt =====
Loaded checkpoint: /Users/gab/Library/Mobile Documents/com~apple~CloudDocs/QuIST/ML/Optimization/Project 2/LNS_scheduling/PPO_checkpoints/drl_ppo_checkpoint_20000.pt
Loaded instance: /Users/gab/Library/Mobile Documents/com~apple~CloudDocs/QuIST/ML/Optimization/Project 2/LNS_scheduling/Instances1-50/Example16.txt
Detected state_dim=7
iter=1 time=1.205s destroy=destroy_max_border_off repair=repair_chuffed_long objective=None->145.0 accepted=True reward=+10.021
iter=2 time=5.546s destroy=destroy_forbidden_sequences_30pct repair=repair_chuffed_long objective=145.0->127.0 accepted=True reward=+11.265
iter=3 time=6.914s destroy=destroy_worker repair=repair_chuffed_long objective=127.0->124.0 accepted=True reward=+10.260
iter=4 time=22.913s destroy=destroy_worst_workers_10pct repair=repair_chuffed_long objective=124.0->122.0 accepted=True reward=+10.186
iter=5 time=24.169s destroy=destroy_max_border_off repair=repair_chuffed_long objective=122.0->115.0 accepted=True reward=+10.600
iter=6 time=25.636s destroy=destroy_worker repair=repair_chuffed_long objective=115.0->107.0 accepted=True reward=+10.723
iter=7 time=27.030s destroy=destroy_worker repair=repair_chuffed_long objective=107.0->103.0 accepted=True reward=+10.403
iter=8 time=28.059s destroy=destroy_max_border_off repair=repair_chuffed_long objective=103.0->103.0 accepted=True reward=+0.029
iter=9 time=29.577s destroy=destroy_worker repair=repair_chuffed_long objective=103.0->100.0 accepted=True reward=+10.321
iter=10 time=31.289s destroy=destroy_worker repair=repair_chuffed_long objective=100.0->99.0 accepted=True reward=+10.130
iter=11 time=33.288s destroy=destroy_worker repair=repair_chuffed_long objective=99.0->98.0 accepted=True reward=+10.131
iter=12 time=34.293s destroy=destroy_max_border_shift_1 repair=repair_chuffed_long objective=98.0->98.0 accepted=True reward=+0.030
iter=13 time=35.543s destroy=destroy_forbidden_sequences_30pct repair=repair_chuffed_long objective=98.0->93.0 accepted=True reward=+10.542
iter=14 time=36.852s destroy=destroy_forbidden_sequences_30pct repair=repair_chuffed_long objective=93.0->86.0 accepted=True reward=+10.787
iter=15 time=37.985s destroy=destroy_forbidden_sequences_30pct repair=repair_chuffed_long objective=86.0->82.0 accepted=True reward=+10.501
iter=16 time=39.340s destroy=destroy_worker repair=repair_chuffed_long objective=82.0->79.0 accepted=True reward=+10.403
iter=17 time=40.582s destroy=destroy_worker repair=repair_chuffed_long objective=79.0->75.0 accepted=True reward=+10.546
iter=18 time=41.808s destroy=destroy_forbidden_sequences_30pct repair=repair_chuffed_long objective=75.0->75.0 accepted=True reward=+0.039
iter=19 time=43.108s destroy=destroy_worker repair=repair_chuffed_long objective=75.0->74.0 accepted=True reward=+10.173
iter=20 time=44.308s destroy=destroy_worker repair=repair_chuffed_long objective=74.0->74.0 accepted=True reward=+0.040
iter=21 time=45.526s destroy=destroy_worker repair=repair_chuffed_long objective=74.0->68.0 accepted=True reward=+10.854
iter=22 time=46.627s destroy=destroy_max_border_off repair=repair_chuffed_long objective=68.0->68.0 accepted=True reward=+0.043
iter=23 time=62.515s destroy=destroy_worst_workers_10pct repair=repair_chuffed_long objective=68.0->64.0 accepted=True reward=+10.634
iter=24 time=63.527s destroy=destroy_max_border_off repair=repair_chuffed_long objective=64.0->61.0 accepted=True reward=+10.517
iter=25 time=64.450s destroy=destroy_max_border_shift_1 repair=repair_chuffed_long objective=61.0->61.0 accepted=True reward=+0.048
iter=26 time=65.540s destroy=destroy_worker repair=repair_chuffed_long objective=61.0->61.0 accepted=True reward=+0.048
iter=27 time=66.739s destroy=destroy_worker repair=repair_chuffed_long objective=61.0->55.0 accepted=True reward=+11.037
iter=28 time=67.985s destroy=destroy_worker repair=repair_chuffed_long objective=55.0->55.0 accepted=True reward=+0.054
iter=29 time=69.641s destroy=destroy_worker repair=repair_chuffed_long objective=55.0->54.0 accepted=True reward=+10.236
iter=30 time=70.799s destroy=destroy_max_border_off repair=repair_chuffed_long objective=54.0->54.0 accepted=True reward=+0.055
iter=31 time=72.609s destroy=destroy_worker repair=repair_chuffed_long objective=54.0->54.0 accepted=True reward=+0.055
iter=32 time=74.008s destroy=destroy_worker repair=repair_chuffed_long objective=54.0->52.0 accepted=True reward=+10.427
iter=33 time=75.460s destroy=destroy_max_border_off repair=repair_chuffed_long objective=52.0->52.0 accepted=True reward=+0.057
iter=34 time=76.819s destroy=destroy_max_border_off repair=repair_chuffed_long objective=52.0->52.0 accepted=True reward=+0.057
iter=35 time=78.098s destroy=destroy_worker repair=repair_chuffed_long objective=52.0->52.0 accepted=True reward=+0.057
iter=36 time=91.679s destroy=destroy_day repair=repair_chuffed_long objective=52.0->45.0 accepted=True reward=+11.411
iter=37 time=92.768s destroy=destroy_forbidden_sequences_30pct repair=repair_chuffed_long objective=45.0->45.0 accepted=True reward=+0.065
iter=38 time=93.776s destroy=destroy_forbidden_sequences_30pct repair=repair_chuffed_long objective=45.0->43.0 accepted=True reward=+10.513
iter=39 time=109.707s destroy=destroy_worst_workers_10pct repair=repair_chuffed_long objective=43.0->39.0 accepted=True reward=+11.005
iter=40 time=110.895s destroy=destroy_worker repair=repair_chuffed_long objective=39.0->39.0 accepted=True reward=+0.075
iter=41 time=123.833s destroy=destroy_worst_workers_10pct repair=repair_chuffed_long objective=39.0->31.0 accepted=True reward=+12.145
iter=42 time=124.924s destroy=destroy_forbidden_sequences_30pct repair=repair_chuffed_long objective=31.0->31.0 accepted=True reward=+0.094
iter=43 time=126.127s destroy=destroy_worker repair=repair_chuffed_long objective=31.0->31.0 accepted=True reward=+0.094
iter=44 time=127.247s destroy=destroy_forbidden_sequences_30pct repair=repair_chuffed_long objective=31.0->31.0 accepted=True reward=+0.094
iter=45 time=128.458s destroy=destroy_worker repair=repair_chuffed_long objective=31.0->27.0 accepted=True reward=+11.397
iter=46 time=129.443s destroy=destroy_max_border_off repair=repair_chuffed_long objective=27.0->27.0 accepted=True reward=+0.107
iter=47 time=130.649s destroy=destroy_worker repair=repair_chuffed_long objective=27.0->27.0 accepted=True reward=+0.107
iter=48 time=131.832s destroy=destroy_worker repair=repair_chuffed_long objective=27.0->27.0 accepted=True reward=+0.107
iter=49 time=132.999s destroy=destroy_worker repair=repair_chuffed_long objective=27.0->27.0 accepted=True reward=+0.107
iter=50 time=142.915s destroy=destroy_day repair=repair_chuffed_long objective=27.0->26.0 accepted=True reward=+10.481
iter=51 time=144.088s destroy=destroy_worker repair=repair_chuffed_long objective=26.0->21.0 accepted=True reward=+12.059
iter=52 time=145.360s destroy=destroy_worker repair=repair_chuffed_long objective=21.0->21.0 accepted=True reward=+0.136
iter=53 time=146.817s destroy=destroy_worker repair=repair_chuffed_long objective=21.0->21.0 accepted=True reward=+0.136
iter=54 time=147.809s destroy=destroy_max_border_off repair=repair_chuffed_long objective=21.0->21.0 accepted=True reward=+0.136
iter=55 time=148.966s destroy=destroy_worker repair=repair_chuffed_long objective=21.0->21.0 accepted=True reward=+0.136
iter=56 time=150.212s destroy=destroy_worker repair=repair_chuffed_long objective=21.0->21.0 accepted=True reward=+0.136
solved=False stop_time=150.212s reason=timeout
run_completed=True runtime=150.212s best_objective=21.0 current_objective=21.0

===== instance=Example16 seed=1 checkpoint=drl_ppo_checkpoint_20000.pt =====
Loaded checkpoint: /Users/gab/Library/Mobile Documents/com~apple~CloudDocs/QuIST/ML/Optimization/Project 2/LNS_scheduling/PPO_checkpoints/drl_ppo_checkpoint_20000.pt
Loaded instance: /Users/gab/Library/Mobile Documents/com~apple~CloudDocs/QuIST/ML/Optimization/Project 2/LNS_scheduling/Instances1-50/Example16.txt
Detected state_dim=7
iter=1 time=1.307s destroy=destroy_max_border_shift_1 repair=repair_chuffed_fast objective=None->143.0 accepted=True reward=+10.021
iter=2 time=2.435s destroy=destroy_max_border_off repair=repair_chuffed_long objective=143.0->143.0 accepted=True reward=+0.021
iter=3 time=3.570s destroy=destroy_worker repair=repair_chuffed_long objective=143.0->141.0 accepted=True reward=+10.161
iter=4 time=4.665s destroy=destroy_worker repair=repair_chuffed_fast objective=141.0->137.0 accepted=True reward=+10.305
iter=5 time=5.839s destroy=destroy_worker repair=repair_chuffed_long objective=137.0->131.0 accepted=True reward=+10.461
iter=6 time=6.981s destroy=destroy_worker repair=repair_chuffed_long objective=131.0->130.0 accepted=True reward=+10.099
iter=7 time=9.888s destroy=destroy_forbidden_sequences_30pct repair=repair_chuffed_long objective=130.0->123.0 accepted=True reward=+10.563
iter=8 time=14.681s destroy=destroy_worst_workers_10pct repair=repair_chuffed_long objective=123.0->112.0 accepted=True reward=+10.921
iter=9 time=15.654s destroy=destroy_max_border_off repair=repair_chuffed_long objective=112.0->112.0 accepted=True reward=+0.027
iter=10 time=16.880s destroy=destroy_worker repair=repair_chuffed_long objective=112.0->109.0 accepted=True reward=+10.295
iter=11 time=32.826s destroy=destroy_worst_workers_10pct repair=repair_chuffed_long objective=109.0->103.0 accepted=True reward=+10.579
iter=12 time=34.412s destroy=destroy_worker repair=repair_chuffed_long objective=103.0->96.0 accepted=True reward=+10.711
iter=13 time=35.729s destroy=destroy_worker repair=repair_chuffed_long objective=96.0->90.0 accepted=True reward=+10.658
iter=14 time=36.796s destroy=destroy_max_border_off repair=repair_chuffed_long objective=90.0->89.0 accepted=True reward=+10.144
iter=15 time=38.285s destroy=destroy_worker repair=repair_chuffed_long objective=89.0->84.0 accepted=True reward=+10.597
iter=16 time=39.491s destroy=destroy_worker repair=repair_chuffed_long objective=84.0->84.0 accepted=True reward=+0.035
iter=17 time=40.624s destroy=destroy_worker repair=repair_chuffed_long objective=84.0->84.0 accepted=True reward=+0.035
iter=18 time=41.767s destroy=destroy_worker repair=repair_chuffed_long objective=84.0->82.0 accepted=True reward=+10.274
iter=19 time=42.899s destroy=destroy_worker repair=repair_chuffed_long objective=82.0->75.0 accepted=True reward=+10.893
iter=20 time=43.867s destroy=destroy_max_border_off repair=repair_chuffed_long objective=75.0->75.0 accepted=True reward=+0.039
iter=21 time=44.933s destroy=destroy_worker repair=repair_chuffed_long objective=75.0->69.0 accepted=True reward=+10.843
iter=22 time=45.823s destroy=destroy_max_border_shift_3 repair=repair_chuffed_long objective=69.0->69.0 accepted=True reward=+0.043
iter=23 time=46.940s destroy=destroy_worker repair=repair_chuffed_long objective=69.0->69.0 accepted=True reward=+0.043
iter=24 time=48.096s destroy=destroy_worker repair=repair_chuffed_long objective=69.0->61.0 accepted=True reward=+11.208
iter=25 time=49.161s destroy=destroy_worker repair=repair_chuffed_long objective=61.0->60.0 accepted=True reward=+10.213
iter=26 time=50.227s destroy=destroy_max_border_off repair=repair_chuffed_long objective=60.0->60.0 accepted=True reward=+0.049
iter=27 time=51.407s destroy=destroy_worker repair=repair_chuffed_long objective=60.0->60.0 accepted=True reward=+0.049
iter=28 time=52.580s destroy=destroy_worker repair=repair_chuffed_long objective=60.0->60.0 accepted=True reward=+0.049
iter=29 time=53.828s destroy=destroy_forbidden_sequences_30pct repair=repair_chuffed_long objective=60.0->54.0 accepted=True reward=+11.055
iter=30 time=54.938s destroy=destroy_worker repair=repair_chuffed_long objective=54.0->54.0 accepted=True reward=+0.055
iter=31 time=56.038s destroy=destroy_worker repair=repair_chuffed_long objective=54.0->52.0 accepted=True reward=+10.427
iter=32 time=57.196s destroy=destroy_forbidden_sequences_30pct repair=repair_chuffed_long objective=52.0->51.0 accepted=True reward=+10.250
iter=33 time=58.223s destroy=destroy_max_border_off repair=repair_chuffed_long objective=51.0->51.0 accepted=True reward=+0.058
iter=34 time=74.076s destroy=destroy_worst_workers_10pct repair=repair_chuffed_long objective=51.0->46.0 accepted=True reward=+11.044
iter=35 time=75.231s destroy=destroy_worker repair=repair_chuffed_long objective=46.0->46.0 accepted=True reward=+0.064
iter=36 time=76.388s destroy=destroy_worker repair=repair_chuffed_long objective=46.0->45.0 accepted=True reward=+10.283
iter=37 time=77.500s destroy=destroy_max_border_off repair=repair_chuffed_long objective=45.0->43.0 accepted=True reward=+10.513
iter=38 time=78.571s destroy=destroy_max_border_off repair=repair_chuffed_long objective=43.0->43.0 accepted=True reward=+0.068
iter=39 time=79.701s destroy=destroy_worker repair=repair_chuffed_long objective=43.0->42.0 accepted=True reward=+10.302
iter=40 time=80.784s destroy=destroy_forbidden_sequences_30pct repair=repair_chuffed_long objective=42.0->42.0 accepted=True reward=+0.070
iter=41 time=81.835s destroy=destroy_max_border_off repair=repair_chuffed_long objective=42.0->41.0 accepted=True reward=+10.310
iter=42 time=82.951s destroy=destroy_worker repair=repair_chuffed_long objective=41.0->35.0 accepted=True reward=+11.547
iter=43 time=84.144s destroy=destroy_worker repair=repair_chuffed_long objective=35.0->35.0 accepted=True reward=+0.083
iter=44 time=85.216s destroy=destroy_worker repair=repair_chuffed_long objective=35.0->35.0 accepted=True reward=+0.083
iter=45 time=86.412s destroy=destroy_worker repair=repair_chuffed_long objective=35.0->35.0 accepted=True reward=+0.083
iter=46 time=87.530s destroy=destroy_worker repair=repair_chuffed_long objective=35.0->32.0 accepted=True reward=+10.948
iter=47 time=88.676s destroy=destroy_forbidden_sequences_30pct repair=repair_chuffed_long objective=32.0->32.0 accepted=True reward=+0.091
iter=48 time=89.818s destroy=destroy_worker repair=repair_chuffed_long objective=32.0->32.0 accepted=True reward=+0.091
iter=49 time=90.798s destroy=destroy_max_border_shift_1 repair=repair_chuffed_long objective=32.0->32.0 accepted=True reward=+0.091
iter=50 time=91.989s destroy=destroy_worker repair=repair_chuffed_long objective=32.0->32.0 accepted=True reward=+0.091
iter=51 time=107.894s destroy=destroy_day repair=repair_chuffed_long objective=32.0->64.0 accepted=False reward=+0.000
iter=52 time=108.935s destroy=destroy_forbidden_sequences_30pct repair=repair_chuffed_long objective=32.0->32.0 accepted=True reward=+0.091
iter=53 time=109.853s destroy=destroy_max_border_off repair=repair_chuffed_fast objective=32.0->32.0 accepted=True reward=+0.091
iter=54 time=111.008s destroy=destroy_worker repair=repair_chuffed_long objective=32.0->32.0 accepted=True reward=+0.091
iter=55 time=112.201s destroy=destroy_worker repair=repair_chuffed_long objective=32.0->32.0 accepted=True reward=+0.091
iter=56 time=113.510s destroy=destroy_worker repair=repair_chuffed_fast objective=32.0->31.0 accepted=True reward=+10.406
iter=57 time=114.687s destroy=destroy_worker repair=repair_chuffed_long objective=31.0->30.0 accepted=True reward=+10.419
iter=58 time=115.676s destroy=destroy_max_border_off repair=repair_chuffed_long objective=30.0->30.0 accepted=True reward=+0.097
iter=59 time=116.852s destroy=destroy_worker repair=repair_chuffed_long objective=30.0->30.0 accepted=True reward=+0.097
iter=60 time=118.000s destroy=destroy_worker repair=repair_chuffed_long objective=30.0->30.0 accepted=True reward=+0.097
iter=61 time=134.248s destroy=destroy_random_window_20pct repair=repair_chuffed_long objective=30.0->86.0 accepted=False reward=+0.000
iter=62 time=136.964s destroy=destroy_worst_workers_10pct repair=repair_chuffed_long objective=30.0->23.0 accepted=True reward=+12.458
iter=63 time=137.955s destroy=destroy_max_border_off repair=repair_chuffed_long objective=23.0->23.0 accepted=True reward=+0.125
iter=64 time=139.184s destroy=destroy_worker repair=repair_chuffed_long objective=23.0->23.0 accepted=True reward=+0.125
iter=65 time=140.462s destroy=destroy_worker repair=repair_chuffed_long objective=23.0->23.0 accepted=True reward=+0.125
iter=66 time=141.459s destroy=destroy_max_border_shift_1 repair=repair_chuffed_long objective=23.0->23.0 accepted=True reward=+0.125
iter=67 time=142.699s destroy=destroy_worker repair=repair_chuffed_long objective=23.0->23.0 accepted=True reward=+0.125
iter=68 time=143.866s destroy=destroy_worker repair=repair_chuffed_long objective=23.0->23.0 accepted=True reward=+0.125
iter=69 time=145.034s destroy=destroy_worker repair=repair_chuffed_long objective=23.0->23.0 accepted=True reward=+0.125
iter=70 time=146.072s destroy=destroy_max_border_off repair=repair_chuffed_long objective=23.0->23.0 accepted=True reward=+0.125
iter=71 time=147.297s destroy=destroy_worker repair=repair_chuffed_long objective=23.0->23.0 accepted=True reward=+0.125
iter=72 time=148.477s destroy=destroy_worker repair=repair_chuffed_fast objective=23.0->23.0 accepted=True reward=+0.125
iter=73 time=164.376s destroy=destroy_worst_workers_10pct repair=repair_chuffed_long objective=23.0->31.0 accepted=False reward=+0.000
solved=False stop_time=164.376s reason=timeout
run_completed=True runtime=164.376s best_objective=23.0 current_objective=23.0

===== instance=Example16 seed=2 checkpoint=drl_ppo_checkpoint_20000.pt =====
Loaded checkpoint: /Users/gab/Library/Mobile Documents/com~apple~CloudDocs/QuIST/ML/Optimization/Project 2/LNS_scheduling/PPO_checkpoints/drl_ppo_checkpoint_20000.pt
Loaded instance: /Users/gab/Library/Mobile Documents/com~apple~CloudDocs/QuIST/ML/Optimization/Project 2/LNS_scheduling/Instances1-50/Example16.txt
Detected state_dim=7
iter=1 time=1.210s destroy=destroy_max_border_off repair=repair_chuffed_fast objective=None->133.0 accepted=True reward=+10.022
iter=2 time=2.396s destroy=destroy_worker repair=repair_chuffed_long objective=133.0->133.0 accepted=True reward=+0.022
iter=3 time=7.111s destroy=destroy_worst_workers_10pct repair=repair_chuffed_long objective=133.0->126.0 accepted=True reward=+10.550
iter=4 time=8.225s destroy=destroy_worker repair=repair_chuffed_long objective=126.0->126.0 accepted=True reward=+0.024
iter=5 time=9.417s destroy=destroy_worker repair=repair_chuffed_long objective=126.0->124.0 accepted=True reward=+10.183
iter=6 time=10.646s destroy=destroy_worker repair=repair_chuffed_long objective=124.0->119.0 accepted=True reward=+10.428
iter=7 time=12.076s destroy=destroy_forbidden_sequences_30pct repair=repair_chuffed_long objective=119.0->107.0 accepted=True reward=+11.036
iter=8 time=28.073s destroy=destroy_worst_workers_10pct repair=repair_chuffed_long objective=107.0->110.0 accepted=False reward=+0.000
iter=9 time=29.331s destroy=destroy_worker repair=repair_chuffed_long objective=107.0->98.0 accepted=True reward=+10.871
iter=10 time=30.577s destroy=destroy_forbidden_sequences_30pct repair=repair_chuffed_long objective=98.0->96.0 accepted=True reward=+10.235
iter=11 time=31.793s destroy=destroy_worker repair=repair_chuffed_long objective=96.0->96.0 accepted=True reward=+0.031
iter=12 time=47.956s destroy=destroy_random_workers_20pct repair=repair_chuffed_long objective=96.0->108.0 accepted=False reward=+0.000
iter=13 time=49.248s destroy=destroy_forbidden_sequences_30pct repair=repair_chuffed_long objective=96.0->92.0 accepted=True reward=+10.449
iter=14 time=50.527s destroy=destroy_worker repair=repair_chuffed_long objective=92.0->91.0 accepted=True reward=+10.141
iter=15 time=51.863s destroy=destroy_worker repair=repair_chuffed_long objective=91.0->90.0 accepted=True reward=+10.143
iter=16 time=63.249s destroy=destroy_worst_workers_10pct repair=repair_chuffed_long objective=90.0->80.0 accepted=True reward=+11.148
iter=17 time=64.279s destroy=destroy_max_border_off repair=repair_chuffed_long objective=80.0->80.0 accepted=True reward=+0.037
iter=18 time=65.649s destroy=destroy_worker repair=repair_chuffed_long objective=80.0->75.0 accepted=True reward=+10.664
iter=19 time=66.688s destroy=destroy_max_border_shift_3 repair=repair_chuffed_long objective=75.0->75.0 accepted=True reward=+0.039
iter=20 time=67.911s destroy=destroy_worker repair=repair_chuffed_long objective=75.0->71.0 accepted=True reward=+10.575
iter=21 time=83.931s destroy=destroy_day repair=repair_chuffed_long objective=71.0->98.0 accepted=False reward=+0.000
iter=22 time=85.173s destroy=destroy_worker repair=repair_chuffed_long objective=71.0->67.0 accepted=True reward=+10.607
iter=23 time=86.269s destroy=destroy_max_border_off repair=repair_chuffed_fast objective=67.0->67.0 accepted=True reward=+0.044
iter=24 time=87.532s destroy=destroy_worker repair=repair_chuffed_long objective=67.0->66.0 accepted=True reward=+10.194
iter=25 time=88.877s destroy=destroy_forbidden_sequences_30pct repair=repair_chuffed_long objective=66.0->64.0 accepted=True reward=+10.349
iter=26 time=93.887s destroy=destroy_worst_workers_10pct repair=repair_chuffed_long objective=64.0->56.0 accepted=True reward=+11.303
iter=27 time=95.174s destroy=destroy_worker repair=repair_chuffed_long objective=56.0->56.0 accepted=True reward=+0.053
iter=28 time=96.446s destroy=destroy_worker repair=repair_chuffed_fast objective=56.0->56.0 accepted=True reward=+0.053
iter=29 time=97.700s destroy=destroy_worker repair=repair_chuffed_long objective=56.0->56.0 accepted=True reward=+0.053
iter=30 time=98.976s destroy=destroy_worker repair=repair_chuffed_long objective=56.0->53.0 accepted=True reward=+10.591
iter=31 time=114.918s destroy=destroy_worst_workers_10pct repair=repair_chuffed_long objective=53.0->55.0 accepted=True reward=-0.324
iter=32 time=116.178s destroy=destroy_worker repair=repair_chuffed_long objective=55.0->54.0 accepted=True reward=+0.736
iter=33 time=117.372s destroy=destroy_worker repair=repair_chuffed_long objective=54.0->54.0 accepted=True reward=+0.055
iter=34 time=118.620s destroy=destroy_worker repair=repair_chuffed_long objective=54.0->54.0 accepted=True reward=+0.055
iter=35 time=119.749s destroy=destroy_max_border_off repair=repair_chuffed_long objective=54.0->51.0 accepted=True reward=+10.613
iter=36 time=121.052s destroy=destroy_worker repair=repair_chuffed_long objective=51.0->51.0 accepted=True reward=+0.058
iter=37 time=122.331s destroy=destroy_worker repair=repair_chuffed_long objective=51.0->51.0 accepted=True reward=+0.058
iter=38 time=123.711s destroy=destroy_worker repair=repair_chuffed_long objective=51.0->51.0 accepted=True reward=+0.058
iter=39 time=124.729s destroy=destroy_max_border_off repair=repair_chuffed_long objective=51.0->51.0 accepted=True reward=+0.058
iter=40 time=126.040s destroy=destroy_worker repair=repair_chuffed_long objective=51.0->51.0 accepted=True reward=+0.058
iter=41 time=142.058s destroy=destroy_worst_workers_10pct repair=repair_chuffed_long objective=51.0->42.0 accepted=True reward=+11.834
iter=42 time=143.379s destroy=destroy_worker repair=repair_chuffed_long objective=42.0->35.0 accepted=True reward=+11.750
iter=43 time=144.477s destroy=destroy_forbidden_sequences_30pct repair=repair_chuffed_long objective=35.0->35.0 accepted=True reward=+0.083
iter=44 time=145.538s destroy=destroy_forbidden_sequences_30pct repair=repair_chuffed_long objective=35.0->35.0 accepted=True reward=+0.083
iter=45 time=146.650s destroy=destroy_max_border_off repair=repair_chuffed_long objective=35.0->35.0 accepted=True reward=+0.083
iter=46 time=147.776s destroy=destroy_max_border_shift_1 repair=repair_chuffed_long objective=35.0->35.0 accepted=True reward=+0.083
iter=47 time=149.056s destroy=destroy_worker repair=repair_chuffed_long objective=35.0->35.0 accepted=True reward=+0.083
iter=48 time=150.168s destroy=destroy_max_border_off repair=repair_chuffed_long objective=35.0->35.0 accepted=True reward=+0.083
solved=False stop_time=150.168s reason=timeout
run_completed=True runtime=150.168s best_objective=35.0 current_objective=35.0

===== instance=Example32 seed=0 checkpoint=drl_ppo_checkpoint_20000.pt =====
Loaded checkpoint: /Users/gab/Library/Mobile Documents/com~apple~CloudDocs/QuIST/ML/Optimization/Project 2/LNS_scheduling/PPO_checkpoints/drl_ppo_checkpoint_20000.pt
Loaded instance: /Users/gab/Library/Mobile Documents/com~apple~CloudDocs/QuIST/ML/Optimization/Project 2/LNS_scheduling/Instances1-50/Example32.txt
Detected state_dim=7
iter=1 time=1.369s destroy=destroy_max_border_off repair=repair_chuffed_long objective=None->212.0 accepted=True reward=+10.014
iter=2 time=17.288s destroy=destroy_forbidden_sequences_30pct repair=repair_chuffed_long objective=212.0->188.0 accepted=True reward=+11.148
iter=3 time=18.949s destroy=destroy_worker repair=repair_chuffed_long objective=188.0->180.0 accepted=True reward=+10.442
iter=4 time=35.445s destroy=destroy_worst_workers_10pct repair=repair_chuffed_long objective=180.0->192.0 accepted=False reward=+0.000
iter=5 time=37.553s destroy=destroy_worker repair=repair_chuffed_long objective=180.0->173.0 accepted=True reward=+10.406
iter=6 time=39.218s destroy=destroy_worker repair=repair_chuffed_long objective=173.0->162.0 accepted=True reward=+10.654
iter=7 time=40.891s destroy=destroy_worker repair=repair_chuffed_long objective=162.0->157.0 accepted=True reward=+10.328
iter=8 time=42.233s destroy=destroy_max_border_off repair=repair_chuffed_long objective=157.0->151.0 accepted=True reward=+10.402
iter=9 time=43.854s destroy=destroy_worker repair=repair_chuffed_long objective=151.0->144.0 accepted=True reward=+10.484
iter=10 time=45.517s destroy=destroy_worker repair=repair_chuffed_long objective=144.0->142.0 accepted=True reward=+10.160
iter=11 time=47.506s destroy=destroy_worker repair=repair_chuffed_long objective=142.0->138.0 accepted=True reward=+10.303
iter=12 time=49.500s destroy=destroy_worker repair=repair_chuffed_long objective=138.0->132.0 accepted=True reward=+10.457
iter=13 time=51.733s destroy=destroy_forbidden_sequences_30pct repair=repair_chuffed_long objective=132.0->124.0 accepted=True reward=+10.630
iter=14 time=53.140s destroy=destroy_forbidden_sequences_30pct repair=repair_chuffed_long objective=124.0->118.0 accepted=True reward=+10.509
iter=15 time=54.710s destroy=destroy_forbidden_sequences_30pct repair=repair_chuffed_long objective=118.0->115.0 accepted=True reward=+10.280
iter=16 time=57.327s destroy=destroy_worker repair=repair_chuffed_long objective=115.0->115.0 accepted=True reward=+0.026
iter=17 time=59.317s destroy=destroy_worker repair=repair_chuffed_long objective=115.0->106.0 accepted=True reward=+10.811
iter=18 time=60.605s destroy=destroy_forbidden_sequences_30pct repair=repair_chuffed_long objective=106.0->105.0 accepted=True reward=+10.123
iter=19 time=62.731s destroy=destroy_worker repair=repair_chuffed_long objective=105.0->105.0 accepted=True reward=+0.028
iter=20 time=64.764s destroy=destroy_worker repair=repair_chuffed_long objective=105.0->104.0 accepted=True reward=+10.124
iter=21 time=66.374s destroy=destroy_worker repair=repair_chuffed_long objective=104.0->98.0 accepted=True reward=+10.607
iter=22 time=68.118s destroy=destroy_max_border_off repair=repair_chuffed_long objective=98.0->98.0 accepted=True reward=+0.030
iter=23 time=84.390s destroy=destroy_worst_workers_10pct repair=repair_chuffed_long objective=98.0->118.0 accepted=False reward=+0.000
iter=24 time=86.157s destroy=destroy_worker repair=repair_chuffed_long objective=98.0->91.0 accepted=True reward=+10.747
iter=25 time=87.814s destroy=destroy_max_border_shift_1 repair=repair_chuffed_long objective=91.0->91.0 accepted=True reward=+0.033
iter=26 time=90.187s destroy=destroy_worker repair=repair_chuffed_long objective=91.0->82.0 accepted=True reward=+11.025
iter=27 time=92.769s destroy=destroy_worker repair=repair_chuffed_long objective=82.0->82.0 accepted=True reward=+0.036
iter=28 time=95.702s destroy=destroy_worker repair=repair_chuffed_long objective=82.0->82.0 accepted=True reward=+0.036
iter=29 time=98.776s destroy=destroy_worker repair=repair_chuffed_long objective=82.0->82.0 accepted=True reward=+0.036
iter=30 time=100.341s destroy=destroy_max_border_off repair=repair_chuffed_long objective=82.0->82.0 accepted=True reward=+0.036
iter=31 time=102.231s destroy=destroy_worker repair=repair_chuffed_long objective=82.0->82.0 accepted=True reward=+0.036
iter=32 time=103.968s destroy=destroy_worker repair=repair_chuffed_long objective=82.0->80.0 accepted=True reward=+10.281
iter=33 time=105.314s destroy=destroy_max_border_off repair=repair_chuffed_long objective=80.0->80.0 accepted=True reward=+0.037
iter=34 time=106.842s destroy=destroy_max_border_off repair=repair_chuffed_long objective=80.0->80.0 accepted=True reward=+0.037
iter=35 time=108.642s destroy=destroy_worker repair=repair_chuffed_long objective=80.0->79.0 accepted=True reward=+10.162
iter=36 time=124.613s destroy=destroy_day repair=repair_chuffed_long objective=79.0->113.0 accepted=False reward=+0.000
iter=37 time=125.967s destroy=destroy_forbidden_sequences_30pct repair=repair_chuffed_long objective=79.0->79.0 accepted=True reward=+0.037
iter=38 time=127.720s destroy=destroy_worker repair=repair_chuffed_long objective=79.0->76.0 accepted=True reward=+10.419
iter=39 time=144.084s destroy=destroy_worst_workers_10pct repair=repair_chuffed_long objective=76.0->96.0 accepted=False reward=+0.000
iter=40 time=145.645s destroy=destroy_worker repair=repair_chuffed_long objective=76.0->76.0 accepted=True reward=+0.039
iter=41 time=162.021s destroy=destroy_worst_workers_10pct repair=repair_chuffed_long objective=76.0->94.0 accepted=False reward=+0.000
solved=False stop_time=162.021s reason=timeout
run_completed=True runtime=162.021s best_objective=76.0 current_objective=76.0

===== instance=Example32 seed=1 checkpoint=drl_ppo_checkpoint_20000.pt =====
Loaded checkpoint: /Users/gab/Library/Mobile Documents/com~apple~CloudDocs/QuIST/ML/Optimization/Project 2/LNS_scheduling/PPO_checkpoints/drl_ppo_checkpoint_20000.pt
Loaded instance: /Users/gab/Library/Mobile Documents/com~apple~CloudDocs/QuIST/ML/Optimization/Project 2/LNS_scheduling/Instances1-50/Example32.txt
Detected state_dim=7
iter=1 time=1.690s destroy=destroy_max_border_shift_1 repair=repair_chuffed_fast objective=None->203.0 accepted=True reward=+10.015
iter=2 time=2.955s destroy=destroy_max_border_off repair=repair_chuffed_long objective=203.0->203.0 accepted=True reward=+0.015
iter=3 time=4.440s destroy=destroy_worker repair=repair_chuffed_long objective=203.0->199.0 accepted=True reward=+10.212
iter=4 time=5.949s destroy=destroy_worker repair=repair_chuffed_fast objective=199.0->192.0 accepted=True reward=+10.367
iter=5 time=7.613s destroy=destroy_worker repair=repair_chuffed_long objective=192.0->186.0 accepted=True reward=+10.329
iter=6 time=9.525s destroy=destroy_worker repair=repair_chuffed_long objective=186.0->185.0 accepted=True reward=+10.070
iter=7 time=25.397s destroy=destroy_forbidden_sequences_30pct repair=repair_chuffed_long objective=185.0->166.0 accepted=True reward=+11.045
iter=8 time=41.663s destroy=destroy_worst_workers_10pct repair=repair_chuffed_long objective=166.0->183.0 accepted=False reward=+0.000
iter=9 time=43.176s destroy=destroy_worker repair=repair_chuffed_long objective=166.0->162.0 accepted=True reward=+10.259
iter=10 time=44.507s destroy=destroy_worker repair=repair_chuffed_long objective=162.0->153.0 accepted=True reward=+10.575
iter=11 time=60.570s destroy=destroy_worst_workers_10pct repair=repair_chuffed_long objective=153.0->167.0 accepted=False reward=+0.000
iter=12 time=61.871s destroy=destroy_worker repair=repair_chuffed_long objective=153.0->149.0 accepted=True reward=+10.281
iter=13 time=63.246s destroy=destroy_worker repair=repair_chuffed_long objective=149.0->141.0 accepted=True reward=+10.558
iter=14 time=64.356s destroy=destroy_max_border_off repair=repair_chuffed_long objective=141.0->140.0 accepted=True reward=+10.092
iter=15 time=65.515s destroy=destroy_worker repair=repair_chuffed_long objective=140.0->137.0 accepted=True reward=+10.236
iter=16 time=66.746s destroy=destroy_worker repair=repair_chuffed_long objective=137.0->133.0 accepted=True reward=+10.314
iter=17 time=67.903s destroy=destroy_worker repair=repair_chuffed_long objective=133.0->126.0 accepted=True reward=+10.550
iter=18 time=69.132s destroy=destroy_worker repair=repair_chuffed_long objective=126.0->117.0 accepted=True reward=+10.740
iter=19 time=70.501s destroy=destroy_worker repair=repair_chuffed_long objective=117.0->116.0 accepted=True reward=+10.111
iter=20 time=71.607s destroy=destroy_max_border_off repair=repair_chuffed_long objective=116.0->113.0 accepted=True reward=+10.285
iter=21 time=72.919s destroy=destroy_worker repair=repair_chuffed_long objective=113.0->111.0 accepted=True reward=+10.204
iter=22 time=74.046s destroy=destroy_worker repair=repair_chuffed_long objective=111.0->108.0 accepted=True reward=+10.298
iter=23 time=75.150s destroy=destroy_worker repair=repair_chuffed_long objective=108.0->100.0 accepted=True reward=+10.770
iter=24 time=76.280s destroy=destroy_worker repair=repair_chuffed_long objective=100.0->91.0 accepted=True reward=+10.933
iter=25 time=77.414s destroy=destroy_worker repair=repair_chuffed_long objective=91.0->89.0 accepted=True reward=+10.253
iter=26 time=78.337s destroy=destroy_max_border_off repair=repair_chuffed_long objective=89.0->89.0 accepted=True reward=+0.033
iter=27 time=79.443s destroy=destroy_worker repair=repair_chuffed_long objective=89.0->89.0 accepted=True reward=+0.033
iter=28 time=80.793s destroy=destroy_worker repair=repair_chuffed_long objective=89.0->89.0 accepted=True reward=+0.033
iter=29 time=82.917s destroy=destroy_forbidden_sequences_30pct repair=repair_chuffed_long objective=89.0->83.0 accepted=True reward=+10.710
iter=30 time=84.295s destroy=destroy_worker repair=repair_chuffed_long objective=83.0->83.0 accepted=True reward=+0.036
iter=31 time=85.900s destroy=destroy_worker repair=repair_chuffed_long objective=83.0->76.0 accepted=True reward=+10.882
iter=32 time=87.028s destroy=destroy_forbidden_sequences_30pct repair=repair_chuffed_long objective=76.0->72.0 accepted=True reward=+10.567
iter=33 time=88.120s destroy=destroy_forbidden_sequences_30pct repair=repair_chuffed_long objective=72.0->69.0 accepted=True reward=+10.460
iter=34 time=104.332s destroy=destroy_worst_workers_10pct repair=repair_chuffed_long objective=69.0->97.0 accepted=False reward=+0.000
iter=35 time=105.669s destroy=destroy_worker repair=repair_chuffed_long objective=69.0->68.0 accepted=True reward=+10.188
iter=36 time=107.001s destroy=destroy_worker repair=repair_chuffed_long objective=68.0->58.0 accepted=True reward=+11.521
iter=37 time=108.102s destroy=destroy_max_border_off repair=repair_chuffed_long objective=58.0->53.0 accepted=True reward=+10.918
iter=38 time=109.032s destroy=destroy_max_border_off repair=repair_chuffed_long objective=53.0->53.0 accepted=True reward=+0.056
iter=39 time=110.203s destroy=destroy_worker repair=repair_chuffed_long objective=53.0->53.0 accepted=True reward=+0.056
iter=40 time=111.190s destroy=destroy_forbidden_sequences_30pct repair=repair_chuffed_long objective=53.0->53.0 accepted=True reward=+0.056
iter=41 time=112.170s destroy=destroy_max_border_off repair=repair_chuffed_long objective=53.0->53.0 accepted=True reward=+0.056
iter=42 time=113.583s destroy=destroy_worker repair=repair_chuffed_long objective=53.0->53.0 accepted=True reward=+0.056
iter=43 time=114.887s destroy=destroy_worker repair=repair_chuffed_long objective=53.0->53.0 accepted=True reward=+0.056
iter=44 time=116.171s destroy=destroy_worker repair=repair_chuffed_long objective=53.0->51.0 accepted=True reward=+10.435
iter=45 time=117.305s destroy=destroy_worker repair=repair_chuffed_long objective=51.0->51.0 accepted=True reward=+0.058
iter=46 time=118.558s destroy=destroy_worker repair=repair_chuffed_long objective=51.0->51.0 accepted=True reward=+0.058
iter=47 time=119.543s destroy=destroy_forbidden_sequences_30pct repair=repair_chuffed_long objective=51.0->51.0 accepted=True reward=+0.058
iter=48 time=120.896s destroy=destroy_worker repair=repair_chuffed_long objective=51.0->51.0 accepted=True reward=+0.058
iter=49 time=121.994s destroy=destroy_max_border_shift_1 repair=repair_chuffed_long objective=51.0->51.0 accepted=True reward=+0.058
iter=50 time=123.423s destroy=destroy_worker repair=repair_chuffed_long objective=51.0->51.0 accepted=True reward=+0.058
iter=51 time=139.415s destroy=destroy_day repair=repair_chuffed_long objective=51.0->91.0 accepted=False reward=+0.000
iter=52 time=140.762s destroy=destroy_worker repair=repair_chuffed_long objective=51.0->51.0 accepted=True reward=+0.058
iter=53 time=142.026s destroy=destroy_worker repair=repair_chuffed_long objective=51.0->51.0 accepted=True reward=+0.058
iter=54 time=143.255s destroy=destroy_worker repair=repair_chuffed_long objective=51.0->51.0 accepted=True reward=+0.058
iter=55 time=144.575s destroy=destroy_worker repair=repair_chuffed_long objective=51.0->51.0 accepted=True reward=+0.058
iter=56 time=145.961s destroy=destroy_worker repair=repair_chuffed_fast objective=51.0->51.0 accepted=True reward=+0.058
iter=57 time=147.110s destroy=destroy_worker repair=repair_chuffed_long objective=51.0->51.0 accepted=True reward=+0.058
iter=58 time=148.050s destroy=destroy_max_border_off repair=repair_chuffed_long objective=51.0->51.0 accepted=True reward=+0.058
iter=59 time=149.262s destroy=destroy_worker repair=repair_chuffed_long objective=51.0->51.0 accepted=True reward=+0.058
iter=60 time=150.623s destroy=destroy_worker repair=repair_chuffed_long objective=51.0->49.0 accepted=True reward=+10.452
solved=False stop_time=150.623s reason=timeout
run_completed=True runtime=150.623s best_objective=49.0 current_objective=49.0

===== instance=Example32 seed=2 checkpoint=drl_ppo_checkpoint_20000.pt =====
Loaded checkpoint: /Users/gab/Library/Mobile Documents/com~apple~CloudDocs/QuIST/ML/Optimization/Project 2/LNS_scheduling/PPO_checkpoints/drl_ppo_checkpoint_20000.pt
Loaded instance: /Users/gab/Library/Mobile Documents/com~apple~CloudDocs/QuIST/ML/Optimization/Project 2/LNS_scheduling/Instances1-50/Example32.txt
Detected state_dim=7
iter=1 time=1.370s destroy=destroy_max_border_off repair=repair_chuffed_fast objective=None->212.0 accepted=True reward=+10.014
iter=2 time=2.544s destroy=destroy_worker repair=repair_chuffed_long objective=212.0->210.0 accepted=True reward=+10.109
iter=3 time=18.488s destroy=destroy_worst_workers_10pct repair=repair_chuffed_long objective=210.0->205.0 accepted=True reward=+10.253
iter=4 time=19.985s destroy=destroy_worker repair=repair_chuffed_long objective=205.0->200.0 accepted=True reward=+10.259
iter=5 time=21.309s destroy=destroy_worker repair=repair_chuffed_long objective=200.0->195.0 accepted=True reward=+10.265
iter=6 time=22.642s destroy=destroy_worker repair=repair_chuffed_long objective=195.0->188.0 accepted=True reward=+10.375
iter=7 time=23.925s destroy=destroy_worker repair=repair_chuffed_long objective=188.0->184.0 accepted=True reward=+10.229
iter=8 time=39.799s destroy=destroy_forbidden_sequences_30pct repair=repair_chuffed_long objective=184.0->172.0 accepted=True reward=+10.670
iter=9 time=41.259s destroy=destroy_worker repair=repair_chuffed_long objective=172.0->161.0 accepted=True reward=+10.658
iter=10 time=46.994s destroy=destroy_forbidden_sequences_30pct repair=repair_chuffed_long objective=161.0->144.0 accepted=True reward=+11.077
iter=11 time=48.355s destroy=destroy_worker repair=repair_chuffed_long objective=144.0->134.0 accepted=True reward=+10.717
iter=12 time=64.919s destroy=destroy_random_workers_20pct repair=repair_chuffed_long objective=134.0->177.0 accepted=False reward=+0.000
iter=13 time=67.687s destroy=destroy_forbidden_sequences_30pct repair=repair_chuffed_long objective=134.0->127.0 accepted=True reward=+10.546
iter=14 time=69.042s destroy=destroy_worker repair=repair_chuffed_long objective=127.0->127.0 accepted=True reward=+0.023
iter=15 time=70.442s destroy=destroy_worker repair=repair_chuffed_long objective=127.0->117.0 accepted=True reward=+10.813
iter=16 time=86.486s destroy=destroy_worst_workers_10pct repair=repair_chuffed_long objective=117.0->135.0 accepted=False reward=+0.000
iter=17 time=87.714s destroy=destroy_worker repair=repair_chuffed_long objective=117.0->117.0 accepted=True reward=+0.025
iter=18 time=88.949s destroy=destroy_worker repair=repair_chuffed_long objective=117.0->117.0 accepted=True reward=+0.025
iter=19 time=90.032s destroy=destroy_max_border_shift_3 repair=repair_chuffed_long objective=117.0->117.0 accepted=True reward=+0.025
iter=20 time=91.251s destroy=destroy_worker repair=repair_chuffed_long objective=117.0->117.0 accepted=True reward=+0.025
iter=21 time=92.662s destroy=destroy_worker repair=repair_chuffed_long objective=117.0->117.0 accepted=True reward=+0.025
iter=22 time=94.018s destroy=destroy_worker repair=repair_chuffed_long objective=117.0->116.0 accepted=True reward=+10.111
iter=23 time=95.325s destroy=destroy_max_border_off repair=repair_chuffed_long objective=116.0->113.0 accepted=True reward=+10.285
iter=24 time=96.530s destroy=destroy_worker repair=repair_chuffed_long objective=113.0->106.0 accepted=True reward=+10.648
iter=25 time=97.822s destroy=destroy_forbidden_sequences_30pct repair=repair_chuffed_long objective=106.0->97.0 accepted=True reward=+10.880
iter=26 time=113.781s destroy=destroy_worst_workers_10pct repair=repair_chuffed_long objective=97.0->117.0 accepted=False reward=+0.000
iter=27 time=115.107s destroy=destroy_worker repair=repair_chuffed_long objective=97.0->94.0 accepted=True reward=+10.341
iter=28 time=116.512s destroy=destroy_worker repair=repair_chuffed_fast objective=94.0->94.0 accepted=True reward=+0.032
iter=29 time=117.807s destroy=destroy_worker repair=repair_chuffed_long objective=94.0->94.0 accepted=True reward=+0.032
iter=30 time=119.092s destroy=destroy_worker repair=repair_chuffed_long objective=94.0->92.0 accepted=True reward=+10.245
iter=31 time=135.174s destroy=destroy_worst_workers_10pct repair=repair_chuffed_long objective=92.0->112.0 accepted=False reward=+0.000
iter=32 time=136.667s destroy=destroy_worker repair=repair_chuffed_long objective=92.0->92.0 accepted=True reward=+0.032
iter=33 time=138.061s destroy=destroy_worker repair=repair_chuffed_long objective=92.0->88.0 accepted=True reward=+10.468
iter=34 time=139.667s destroy=destroy_worker repair=repair_chuffed_long objective=88.0->81.0 accepted=True reward=+10.832
iter=35 time=141.057s destroy=destroy_max_border_off repair=repair_chuffed_long objective=81.0->80.0 accepted=True reward=+10.160
iter=36 time=142.606s destroy=destroy_worker repair=repair_chuffed_long objective=80.0->79.0 accepted=True reward=+10.162
iter=37 time=144.055s destroy=destroy_worker repair=repair_chuffed_long objective=79.0->79.0 accepted=True reward=+0.037
iter=38 time=145.705s destroy=destroy_worker repair=repair_chuffed_long objective=79.0->79.0 accepted=True reward=+0.037
iter=39 time=147.170s destroy=destroy_max_border_off repair=repair_chuffed_long objective=79.0->78.0 accepted=True reward=+10.165
iter=40 time=151.456s destroy=destroy_worker repair=repair_chuffed_long objective=78.0->78.0 accepted=True reward=+0.038
solved=False stop_time=151.456s reason=timeout
run_completed=True runtime=151.456s best_objective=78.0 current_objective=78.0

===== instance=Example31 seed=0 checkpoint=drl_ppo_checkpoint_20000.pt =====
Loaded checkpoint: /Users/gab/Library/Mobile Documents/com~apple~CloudDocs/QuIST/ML/Optimization/Project 2/LNS_scheduling/PPO_checkpoints/drl_ppo_checkpoint_20000.pt
Loaded instance: /Users/gab/Library/Mobile Documents/com~apple~CloudDocs/QuIST/ML/Optimization/Project 2/LNS_scheduling/Instances1-50/Example31.txt
Detected state_dim=7
iter=1 time=1.706s destroy=destroy_max_border_off repair=repair_chuffed_long objective=None->196.0 accepted=True reward=+10.015
iter=2 time=17.690s destroy=destroy_forbidden_sequences_30pct repair=repair_chuffed_long objective=196.0->169.0 accepted=True reward=+11.395
iter=3 time=19.367s destroy=destroy_worker repair=repair_chuffed_long objective=169.0->165.0 accepted=True reward=+10.255
iter=4 time=35.478s destroy=destroy_worst_workers_10pct repair=repair_chuffed_long objective=165.0->155.0 accepted=True reward=+10.625
iter=5 time=37.668s destroy=destroy_max_border_off repair=repair_chuffed_long objective=155.0->149.0 accepted=True reward=+10.407
iter=6 time=39.475s destroy=destroy_worker repair=repair_chuffed_long objective=149.0->146.0 accepted=True reward=+10.222
iter=7 time=41.061s destroy=destroy_worker repair=repair_chuffed_long objective=146.0->141.0 accepted=True reward=+10.364
iter=8 time=42.406s destroy=destroy_max_border_off repair=repair_chuffed_long objective=141.0->140.0 accepted=True reward=+10.092
iter=9 time=43.985s destroy=destroy_worker repair=repair_chuffed_long objective=140.0->133.0 accepted=True reward=+10.522
iter=10 time=45.343s destroy=destroy_worker repair=repair_chuffed_long objective=133.0->128.0 accepted=True reward=+10.399
iter=11 time=46.759s destroy=destroy_worker repair=repair_chuffed_long objective=128.0->122.0 accepted=True reward=+10.493
iter=12 time=48.379s destroy=destroy_worker repair=repair_chuffed_long objective=122.0->114.0 accepted=True reward=+10.682
iter=13 time=64.589s destroy=destroy_worst_workers_10pct repair=repair_chuffed_long objective=114.0->113.0 accepted=True reward=+10.114
iter=14 time=67.771s destroy=destroy_forbidden_sequences_30pct repair=repair_chuffed_long objective=113.0->106.0 accepted=True reward=+10.648
iter=15 time=69.343s destroy=destroy_forbidden_sequences_30pct repair=repair_chuffed_long objective=106.0->102.0 accepted=True reward=+10.406
iter=16 time=71.161s destroy=destroy_worker repair=repair_chuffed_long objective=102.0->100.0 accepted=True reward=+10.226
iter=17 time=72.979s destroy=destroy_worker repair=repair_chuffed_long objective=100.0->96.0 accepted=True reward=+10.431
iter=18 time=74.755s destroy=destroy_forbidden_sequences_30pct repair=repair_chuffed_long objective=96.0->93.0 accepted=True reward=+10.344
iter=19 time=76.577s destroy=destroy_worker repair=repair_chuffed_long objective=93.0->86.0 accepted=True reward=+10.787
iter=20 time=78.628s destroy=destroy_worker repair=repair_chuffed_long objective=86.0->84.0 accepted=True reward=+10.268
iter=21 time=80.710s destroy=destroy_worker repair=repair_chuffed_long objective=84.0->80.0 accepted=True reward=+10.513
iter=22 time=83.008s destroy=destroy_max_border_off repair=repair_chuffed_long objective=80.0->72.0 accepted=True reward=+11.041
iter=23 time=99.046s destroy=destroy_worst_workers_10pct repair=repair_chuffed_long objective=72.0->72.0 accepted=True reward=+0.041
iter=24 time=100.445s destroy=destroy_worker repair=repair_chuffed_long objective=72.0->69.0 accepted=True reward=+10.460
iter=25 time=101.472s destroy=destroy_max_border_shift_1 repair=repair_chuffed_long objective=69.0->69.0 accepted=True reward=+0.043
iter=26 time=102.728s destroy=destroy_worker repair=repair_chuffed_long objective=69.0->68.0 accepted=True reward=+10.188
iter=27 time=104.201s destroy=destroy_worker repair=repair_chuffed_long objective=68.0->68.0 accepted=True reward=+0.043
iter=28 time=105.580s destroy=destroy_worker repair=repair_chuffed_long objective=68.0->68.0 accepted=True reward=+0.043
iter=29 time=106.979s destroy=destroy_worker repair=repair_chuffed_long objective=68.0->65.0 accepted=True reward=+10.487
iter=30 time=108.158s destroy=destroy_max_border_off repair=repair_chuffed_long objective=65.0->60.0 accepted=True reward=+10.818
iter=31 time=109.327s destroy=destroy_worker repair=repair_chuffed_long objective=60.0->58.0 accepted=True reward=+10.384
iter=32 time=110.598s destroy=destroy_worker repair=repair_chuffed_long objective=58.0->58.0 accepted=True reward=+0.051
iter=33 time=111.766s destroy=destroy_max_border_off repair=repair_chuffed_long objective=58.0->58.0 accepted=True reward=+0.051
iter=34 time=112.932s destroy=destroy_max_border_off repair=repair_chuffed_long objective=58.0->58.0 accepted=True reward=+0.051
iter=35 time=114.279s destroy=destroy_worker repair=repair_chuffed_long objective=58.0->58.0 accepted=True reward=+0.051
iter=36 time=130.158s destroy=destroy_day repair=repair_chuffed_long objective=58.0->90.0 accepted=False reward=+0.000
iter=37 time=131.328s destroy=destroy_forbidden_sequences_30pct repair=repair_chuffed_long objective=58.0->58.0 accepted=True reward=+0.051
iter=38 time=132.909s destroy=destroy_worker repair=repair_chuffed_long objective=58.0->58.0 accepted=True reward=+0.051
iter=39 time=149.442s destroy=destroy_worst_workers_10pct repair=repair_chuffed_long objective=58.0->53.0 accepted=True reward=+10.918
iter=40 time=150.699s destroy=destroy_worker repair=repair_chuffed_long objective=53.0->45.0 accepted=True reward=+11.575
solved=False stop_time=150.699s reason=timeout
run_completed=True runtime=150.699s best_objective=45.0 current_objective=45.0

===== instance=Example31 seed=1 checkpoint=drl_ppo_checkpoint_20000.pt =====
Loaded checkpoint: /Users/gab/Library/Mobile Documents/com~apple~CloudDocs/QuIST/ML/Optimization/Project 2/LNS_scheduling/PPO_checkpoints/drl_ppo_checkpoint_20000.pt
Loaded instance: /Users/gab/Library/Mobile Documents/com~apple~CloudDocs/QuIST/ML/Optimization/Project 2/LNS_scheduling/Instances1-50/Example31.txt
Detected state_dim=7
iter=1 time=1.372s destroy=destroy_max_border_shift_1 repair=repair_chuffed_fast objective=None->177.0 accepted=True reward=+10.017
iter=2 time=2.341s destroy=destroy_max_border_off repair=repair_chuffed_long objective=177.0->176.0 accepted=True reward=+10.073
iter=3 time=3.640s destroy=destroy_worker repair=repair_chuffed_long objective=176.0->175.0 accepted=True reward=+10.074
iter=4 time=4.989s destroy=destroy_worker repair=repair_chuffed_fast objective=175.0->169.0 accepted=True reward=+10.361
iter=5 time=6.190s destroy=destroy_worker repair=repair_chuffed_long objective=169.0->164.0 accepted=True reward=+10.314
iter=6 time=7.515s destroy=destroy_worker repair=repair_chuffed_long objective=164.0->157.0 accepted=True reward=+10.446
iter=7 time=11.990s destroy=destroy_forbidden_sequences_30pct repair=repair_chuffed_long objective=157.0->136.0 accepted=True reward=+11.359
iter=8 time=27.810s destroy=destroy_worst_workers_10pct repair=repair_chuffed_long objective=136.0->136.0 accepted=True reward=+0.022
iter=9 time=29.008s destroy=destroy_max_border_off repair=repair_chuffed_long objective=136.0->125.0 accepted=True reward=+10.833
iter=10 time=30.159s destroy=destroy_worker repair=repair_chuffed_long objective=125.0->122.0 accepted=True reward=+10.264
iter=11 time=46.029s destroy=destroy_worst_workers_10pct repair=repair_chuffed_long objective=122.0->119.0 accepted=True reward=+10.271
iter=12 time=48.159s destroy=destroy_worker repair=repair_chuffed_long objective=119.0->117.0 accepted=True reward=+10.193
iter=13 time=49.700s destroy=destroy_worker repair=repair_chuffed_long objective=117.0->117.0 accepted=True reward=+0.025
iter=14 time=51.411s destroy=destroy_max_border_off repair=repair_chuffed_long objective=117.0->107.0 accepted=True reward=+10.882
iter=15 time=52.728s destroy=destroy_worker repair=repair_chuffed_long objective=107.0->99.0 accepted=True reward=+10.778
iter=16 time=54.048s destroy=destroy_worker repair=repair_chuffed_long objective=99.0->93.0 accepted=True reward=+10.638
iter=17 time=55.499s destroy=destroy_worker repair=repair_chuffed_long objective=93.0->92.0 accepted=True reward=+10.140
iter=18 time=56.831s destroy=destroy_worker repair=repair_chuffed_fast objective=92.0->86.0 accepted=True reward=+10.687
iter=19 time=58.129s destroy=destroy_worker repair=repair_chuffed_long objective=86.0->86.0 accepted=True reward=+0.034
iter=20 time=59.221s destroy=destroy_max_border_off repair=repair_chuffed_long objective=86.0->86.0 accepted=True reward=+0.034
iter=21 time=60.432s destroy=destroy_worker repair=repair_chuffed_long objective=86.0->86.0 accepted=True reward=+0.034
iter=22 time=61.607s destroy=destroy_worker repair=repair_chuffed_long objective=86.0->80.0 accepted=True reward=+10.735
iter=23 time=62.862s destroy=destroy_worker repair=repair_chuffed_long objective=80.0->80.0 accepted=True reward=+0.037
iter=24 time=64.185s destroy=destroy_worker repair=repair_chuffed_long objective=80.0->80.0 accepted=True reward=+0.037
iter=25 time=65.664s destroy=destroy_worker repair=repair_chuffed_long objective=80.0->80.0 accepted=True reward=+0.037
iter=26 time=66.810s destroy=destroy_max_border_off repair=repair_chuffed_long objective=80.0->80.0 accepted=True reward=+0.037
iter=27 time=68.079s destroy=destroy_worker repair=repair_chuffed_long objective=80.0->76.0 accepted=True reward=+10.539
iter=28 time=69.328s destroy=destroy_worker repair=repair_chuffed_long objective=76.0->71.0 accepted=True reward=+10.700
iter=29 time=70.523s destroy=destroy_forbidden_sequences_30pct repair=repair_chuffed_long objective=71.0->65.0 accepted=True reward=+10.891
iter=30 time=71.937s destroy=destroy_worker repair=repair_chuffed_long objective=65.0->65.0 accepted=True reward=+0.045
iter=31 time=73.305s destroy=destroy_worker repair=repair_chuffed_long objective=65.0->60.0 accepted=True reward=+10.818
iter=32 time=74.578s destroy=destroy_forbidden_sequences_30pct repair=repair_chuffed_long objective=60.0->54.0 accepted=True reward=+11.055
iter=33 time=75.776s destroy=destroy_max_border_off repair=repair_chuffed_long objective=54.0->53.0 accepted=True reward=+10.241
iter=34 time=91.768s destroy=destroy_worst_workers_10pct repair=repair_chuffed_long objective=53.0->65.0 accepted=False reward=+0.000
iter=35 time=93.153s destroy=destroy_worker repair=repair_chuffed_long objective=53.0->53.0 accepted=True reward=+0.056
iter=36 time=94.446s destroy=destroy_worker repair=repair_chuffed_long objective=53.0->53.0 accepted=True reward=+0.056
iter=37 time=95.419s destroy=destroy_max_border_off repair=repair_chuffed_long objective=53.0->52.0 accepted=True reward=+10.245
iter=38 time=96.281s destroy=destroy_max_border_off repair=repair_chuffed_long objective=52.0->52.0 accepted=True reward=+0.057
iter=39 time=97.386s destroy=destroy_worker repair=repair_chuffed_long objective=52.0->50.0 accepted=True reward=+10.443
iter=40 time=98.383s destroy=destroy_forbidden_sequences_30pct repair=repair_chuffed_long objective=50.0->50.0 accepted=True reward=+0.059
iter=41 time=99.268s destroy=destroy_max_border_off repair=repair_chuffed_long objective=50.0->50.0 accepted=True reward=+0.059
iter=42 time=100.384s destroy=destroy_worker repair=repair_chuffed_long objective=50.0->50.0 accepted=True reward=+0.059
iter=43 time=101.467s destroy=destroy_worker repair=repair_chuffed_long objective=50.0->50.0 accepted=True reward=+0.059
iter=44 time=102.655s destroy=destroy_worker repair=repair_chuffed_long objective=50.0->50.0 accepted=True reward=+0.059
iter=45 time=103.813s destroy=destroy_worker repair=repair_chuffed_long objective=50.0->48.0 accepted=True reward=+10.461
iter=46 time=104.938s destroy=destroy_worker repair=repair_chuffed_long objective=48.0->48.0 accepted=True reward=+0.061
iter=47 time=105.979s destroy=destroy_forbidden_sequences_30pct repair=repair_chuffed_long objective=48.0->48.0 accepted=True reward=+0.061
iter=48 time=107.139s destroy=destroy_worker repair=repair_chuffed_long objective=48.0->48.0 accepted=True reward=+0.061
iter=49 time=108.082s destroy=destroy_max_border_shift_1 repair=repair_chuffed_long objective=48.0->48.0 accepted=True reward=+0.061
iter=50 time=109.206s destroy=destroy_worker repair=repair_chuffed_long objective=48.0->48.0 accepted=True reward=+0.061
iter=51 time=125.007s destroy=destroy_day repair=repair_chuffed_long objective=48.0->91.0 accepted=False reward=+0.000
iter=52 time=126.225s destroy=destroy_worker repair=repair_chuffed_long objective=48.0->48.0 accepted=True reward=+0.061
iter=53 time=127.362s destroy=destroy_worker repair=repair_chuffed_long objective=48.0->47.0 accepted=True reward=+10.271
iter=54 time=128.529s destroy=destroy_worker repair=repair_chuffed_long objective=47.0->47.0 accepted=True reward=+0.062
iter=55 time=129.817s destroy=destroy_worker repair=repair_chuffed_long objective=47.0->47.0 accepted=True reward=+0.062
iter=56 time=130.904s destroy=destroy_worker repair=repair_chuffed_fast objective=47.0->45.0 accepted=True reward=+10.491
iter=57 time=132.164s destroy=destroy_worker repair=repair_chuffed_long objective=45.0->45.0 accepted=True reward=+0.065
iter=58 time=133.143s destroy=destroy_max_border_off repair=repair_chuffed_long objective=45.0->45.0 accepted=True reward=+0.065
iter=59 time=134.464s destroy=destroy_worker repair=repair_chuffed_long objective=45.0->45.0 accepted=True reward=+0.065
iter=60 time=135.840s destroy=destroy_worker repair=repair_chuffed_long objective=45.0->44.0 accepted=True reward=+10.289
iter=61 time=152.519s destroy=destroy_random_window_20pct repair=repair_chuffed_long objective=44.0->148.0 accepted=False reward=+0.000
solved=False stop_time=152.519s reason=timeout
run_completed=True runtime=152.519s best_objective=44.0 current_objective=44.0

===== instance=Example31 seed=2 checkpoint=drl_ppo_checkpoint_20000.pt =====
Loaded checkpoint: /Users/gab/Library/Mobile Documents/com~apple~CloudDocs/QuIST/ML/Optimization/Project 2/LNS_scheduling/PPO_checkpoints/drl_ppo_checkpoint_20000.pt
Loaded instance: /Users/gab/Library/Mobile Documents/com~apple~CloudDocs/QuIST/ML/Optimization/Project 2/LNS_scheduling/Instances1-50/Example31.txt
Detected state_dim=7
iter=1 time=2.212s destroy=destroy_max_border_off repair=repair_chuffed_fast objective=None->178.0 accepted=True reward=+10.017
iter=2 time=3.570s destroy=destroy_worker repair=repair_chuffed_long objective=178.0->175.0 accepted=True reward=+10.186
iter=3 time=19.728s destroy=destroy_worst_workers_10pct repair=repair_chuffed_long objective=175.0->175.0 accepted=True reward=+0.017
iter=4 time=21.210s destroy=destroy_worker repair=repair_chuffed_long objective=175.0->168.0 accepted=True reward=+10.418
iter=5 time=22.787s destroy=destroy_worker repair=repair_chuffed_long objective=168.0->167.0 accepted=True reward=+10.077
iter=6 time=24.823s destroy=destroy_worker repair=repair_chuffed_long objective=167.0->167.0 accepted=True reward=+0.018
iter=7 time=26.530s destroy=destroy_worker repair=repair_chuffed_long objective=167.0->162.0 accepted=True reward=+10.318
iter=8 time=42.495s destroy=destroy_forbidden_sequences_30pct repair=repair_chuffed_long objective=162.0->148.0 accepted=True reward=+10.884
iter=9 time=44.542s destroy=destroy_worker repair=repair_chuffed_long objective=148.0->148.0 accepted=True reward=+0.020
iter=10 time=46.376s destroy=destroy_forbidden_sequences_30pct repair=repair_chuffed_long objective=148.0->136.0 accepted=True reward=+10.833
iter=11 time=48.205s destroy=destroy_worker repair=repair_chuffed_long objective=136.0->132.0 accepted=True reward=+10.317
iter=12 time=64.661s destroy=destroy_random_workers_20pct repair=repair_chuffed_long objective=132.0->149.0 accepted=False reward=+0.000
iter=13 time=65.983s destroy=destroy_forbidden_sequences_30pct repair=repair_chuffed_long objective=132.0->127.0 accepted=True reward=+10.402
iter=14 time=67.449s destroy=destroy_worker repair=repair_chuffed_long objective=127.0->124.0 accepted=True reward=+10.260
iter=15 time=68.734s destroy=destroy_worker repair=repair_chuffed_long objective=124.0->116.0 accepted=True reward=+10.671
iter=16 time=84.674s destroy=destroy_worst_workers_10pct repair=repair_chuffed_long objective=116.0->107.0 accepted=True reward=+10.804
iter=17 time=85.914s destroy=destroy_max_border_off repair=repair_chuffed_long objective=107.0->97.0 accepted=True reward=+10.965
iter=18 time=87.082s destroy=destroy_worker repair=repair_chuffed_long objective=97.0->97.0 accepted=True reward=+0.031
iter=19 time=88.019s destroy=destroy_max_border_shift_3 repair=repair_chuffed_long objective=97.0->97.0 accepted=True reward=+0.031
iter=20 time=89.211s destroy=destroy_worker repair=repair_chuffed_long objective=97.0->95.0 accepted=True reward=+10.237
iter=21 time=90.412s destroy=destroy_worker repair=repair_chuffed_long objective=95.0->95.0 accepted=True reward=+0.031
iter=22 time=91.552s destroy=destroy_worker repair=repair_chuffed_long objective=95.0->95.0 accepted=True reward=+0.031
iter=23 time=92.427s destroy=destroy_max_border_off repair=repair_chuffed_long objective=95.0->95.0 accepted=True reward=+0.031
iter=24 time=93.767s destroy=destroy_worker repair=repair_chuffed_long objective=95.0->88.0 accepted=True reward=+10.771
iter=25 time=94.820s destroy=destroy_forbidden_sequences_30pct repair=repair_chuffed_long objective=88.0->88.0 accepted=True reward=+0.034
iter=26 time=110.730s destroy=destroy_worst_workers_10pct repair=repair_chuffed_long objective=88.0->101.0 accepted=False reward=+0.000
iter=27 time=111.917s destroy=destroy_worker repair=repair_chuffed_long objective=88.0->88.0 accepted=True reward=+0.034
iter=28 time=113.312s destroy=destroy_worker repair=repair_chuffed_fast objective=88.0->81.0 accepted=True reward=+10.832
iter=29 time=114.637s destroy=destroy_worker repair=repair_chuffed_long objective=81.0->72.0 accepted=True reward=+11.152
iter=30 time=116.029s destroy=destroy_worker repair=repair_chuffed_long objective=72.0->70.0 accepted=True reward=+10.320
iter=31 time=131.903s destroy=destroy_worst_workers_10pct repair=repair_chuffed_long objective=70.0->83.0 accepted=False reward=+0.000
iter=32 time=133.011s destroy=destroy_worker repair=repair_chuffed_long objective=70.0->64.0 accepted=True reward=+10.903
iter=33 time=134.130s destroy=destroy_worker repair=repair_chuffed_long objective=64.0->59.0 accepted=True reward=+10.831
iter=34 time=135.300s destroy=destroy_worker repair=repair_chuffed_long objective=59.0->59.0 accepted=True reward=+0.050
iter=35 time=136.212s destroy=destroy_max_border_off repair=repair_chuffed_long objective=59.0->59.0 accepted=True reward=+0.050
iter=36 time=137.335s destroy=destroy_worker repair=repair_chuffed_long objective=59.0->57.0 accepted=True reward=+10.391
iter=37 time=138.410s destroy=destroy_worker repair=repair_chuffed_long objective=57.0->57.0 accepted=True reward=+0.052
iter=38 time=139.526s destroy=destroy_worker repair=repair_chuffed_long objective=57.0->52.0 accepted=True reward=+10.934
iter=39 time=140.464s destroy=destroy_max_border_off repair=repair_chuffed_long objective=52.0->52.0 accepted=True reward=+0.057
iter=40 time=141.578s destroy=destroy_worker repair=repair_chuffed_long objective=52.0->52.0 accepted=True reward=+0.057
iter=41 time=157.522s destroy=destroy_worst_workers_10pct repair=repair_chuffed_long objective=52.0->63.0 accepted=False reward=+0.000
solved=False stop_time=157.522s reason=timeout
run_completed=True runtime=157.522s best_objective=52.0 current_objective=52.0

===== instance=Example25 seed=0 checkpoint=drl_ppo_checkpoint_20000.pt =====
Loaded checkpoint: /Users/gab/Library/Mobile Documents/com~apple~CloudDocs/QuIST/ML/Optimization/Project 2/LNS_scheduling/PPO_checkpoints/drl_ppo_checkpoint_20000.pt
Loaded instance: /Users/gab/Library/Mobile Documents/com~apple~CloudDocs/QuIST/ML/Optimization/Project 2/LNS_scheduling/Instances1-50/Example25.txt
Detected state_dim=7
iter=1 time=1.132s destroy=destroy_max_border_off repair=repair_chuffed_long objective=None->140.0 accepted=True reward=+10.021
iter=2 time=6.798s destroy=destroy_forbidden_sequences_30pct repair=repair_chuffed_long objective=140.0->117.0 accepted=True reward=+11.668
iter=3 time=7.763s destroy=destroy_worker repair=repair_chuffed_long objective=117.0->101.0 accepted=True reward=+11.397
iter=4 time=9.810s destroy=destroy_worst_workers_10pct repair=repair_chuffed_long objective=101.0->91.0 accepted=True reward=+11.023
iter=5 time=10.612s destroy=destroy_max_border_off repair=repair_chuffed_long objective=91.0->89.0 accepted=True reward=+10.253
iter=6 time=11.529s destroy=destroy_worker repair=repair_chuffed_long objective=89.0->88.0 accepted=True reward=+10.146
iter=7 time=12.427s destroy=destroy_worker repair=repair_chuffed_long objective=88.0->84.0 accepted=True reward=+10.490
iter=8 time=13.193s destroy=destroy_max_border_off repair=repair_chuffed_long objective=84.0->84.0 accepted=True reward=+0.035
iter=9 time=14.088s destroy=destroy_worker repair=repair_chuffed_long objective=84.0->79.0 accepted=True reward=+10.633
iter=10 time=15.032s destroy=destroy_worker repair=repair_chuffed_long objective=79.0->79.0 accepted=True reward=+0.037
iter=11 time=15.930s destroy=destroy_worker repair=repair_chuffed_long objective=79.0->75.0 accepted=True reward=+10.546
iter=12 time=16.728s destroy=destroy_max_border_shift_1 repair=repair_chuffed_long objective=75.0->75.0 accepted=True reward=+0.039
iter=13 time=20.578s destroy=destroy_worst_workers_10pct repair=repair_chuffed_long objective=75.0->70.0 accepted=True reward=+10.709
iter=14 time=21.497s destroy=destroy_forbidden_sequences_30pct repair=repair_chuffed_long objective=70.0->59.0 accepted=True reward=+11.621
iter=15 time=22.521s destroy=destroy_forbidden_sequences_30pct repair=repair_chuffed_long objective=59.0->52.0 accepted=True reward=+11.243
iter=16 time=23.432s destroy=destroy_worker repair=repair_chuffed_long objective=52.0->52.0 accepted=True reward=+0.057
iter=17 time=24.340s destroy=destroy_worker repair=repair_chuffed_long objective=52.0->50.0 accepted=True reward=+10.443
iter=18 time=25.149s destroy=destroy_forbidden_sequences_30pct repair=repair_chuffed_long objective=50.0->50.0 accepted=True reward=+0.059
iter=19 time=26.038s destroy=destroy_worker repair=repair_chuffed_long objective=50.0->50.0 accepted=True reward=+0.059
iter=20 time=26.931s destroy=destroy_worker repair=repair_chuffed_long objective=50.0->48.0 accepted=True reward=+10.461
iter=21 time=27.824s destroy=destroy_worker repair=repair_chuffed_long objective=48.0->44.0 accepted=True reward=+10.900
iter=22 time=28.678s destroy=destroy_max_border_off repair=repair_chuffed_long objective=44.0->44.0 accepted=True reward=+0.067
iter=23 time=30.989s destroy=destroy_worst_workers_10pct repair=repair_chuffed_long objective=44.0->44.0 accepted=True reward=+0.067
iter=24 time=31.827s destroy=destroy_max_border_off repair=repair_chuffed_long objective=44.0->44.0 accepted=True reward=+0.067
iter=25 time=32.580s destroy=destroy_max_border_shift_1 repair=repair_chuffed_long objective=44.0->44.0 accepted=True reward=+0.067
iter=26 time=33.525s destroy=destroy_worker repair=repair_chuffed_long objective=44.0->42.0 accepted=True reward=+10.524
iter=27 time=34.457s destroy=destroy_worker repair=repair_chuffed_long objective=42.0->41.0 accepted=True reward=+10.310
iter=28 time=35.396s destroy=destroy_worker repair=repair_chuffed_long objective=41.0->41.0 accepted=True reward=+0.071
iter=29 time=36.233s destroy=destroy_worker repair=repair_chuffed_long objective=41.0->37.0 accepted=True reward=+11.055
iter=30 time=37.086s destroy=destroy_max_border_off repair=repair_chuffed_long objective=37.0->37.0 accepted=True reward=+0.079
iter=31 time=37.958s destroy=destroy_worker repair=repair_chuffed_long objective=37.0->37.0 accepted=True reward=+0.079
iter=32 time=38.862s destroy=destroy_worker repair=repair_chuffed_long objective=37.0->35.0 accepted=True reward=+10.624
iter=33 time=39.861s destroy=destroy_max_border_off repair=repair_chuffed_long objective=35.0->35.0 accepted=True reward=+0.083
iter=34 time=40.798s destroy=destroy_max_border_off repair=repair_chuffed_long objective=35.0->35.0 accepted=True reward=+0.083
iter=35 time=41.724s destroy=destroy_worker repair=repair_chuffed_long objective=35.0->35.0 accepted=True reward=+0.083
iter=36 time=46.211s destroy=destroy_day repair=repair_chuffed_long objective=35.0->33.0 accepted=True reward=+10.660
iter=37 time=47.071s destroy=destroy_forbidden_sequences_30pct repair=repair_chuffed_long objective=33.0->33.0 accepted=True reward=+0.088
iter=38 time=47.832s destroy=destroy_forbidden_sequences_30pct repair=repair_chuffed_long objective=33.0->30.0 accepted=True reward=+11.006
iter=39 time=49.750s destroy=destroy_worst_workers_10pct repair=repair_chuffed_long objective=30.0->30.0 accepted=True reward=+0.097
iter=40 time=50.744s destroy=destroy_worker repair=repair_chuffed_long objective=30.0->26.0 accepted=True reward=+11.444
iter=41 time=52.886s destroy=destroy_worst_workers_10pct repair=repair_chuffed_long objective=26.0->26.0 accepted=True reward=+0.111
iter=42 time=53.736s destroy=destroy_forbidden_sequences_30pct repair=repair_chuffed_long objective=26.0->26.0 accepted=True reward=+0.111
iter=43 time=54.675s destroy=destroy_worker repair=repair_chuffed_long objective=26.0->26.0 accepted=True reward=+0.111
iter=44 time=55.448s destroy=destroy_forbidden_sequences_30pct repair=repair_chuffed_long objective=26.0->26.0 accepted=True reward=+0.111
iter=45 time=56.302s destroy=destroy_worker repair=repair_chuffed_long objective=26.0->25.0 accepted=True reward=+10.500
iter=46 time=57.256s destroy=destroy_max_border_off repair=repair_chuffed_long objective=25.0->23.0 accepted=True reward=+10.925
iter=47 time=58.158s destroy=destroy_worker repair=repair_chuffed_long objective=23.0->23.0 accepted=True reward=+0.125
iter=48 time=59.052s destroy=destroy_worker repair=repair_chuffed_long objective=23.0->23.0 accepted=True reward=+0.125
iter=49 time=59.978s destroy=destroy_worker repair=repair_chuffed_long objective=23.0->21.0 accepted=True reward=+11.006
iter=50 time=65.839s destroy=destroy_day repair=repair_chuffed_long objective=21.0->18.0 accepted=True reward=+11.586
iter=51 time=66.717s destroy=destroy_worker repair=repair_chuffed_long objective=18.0->17.0 accepted=True reward=+10.722
iter=52 time=67.715s destroy=destroy_worker repair=repair_chuffed_long objective=17.0->17.0 accepted=True reward=+0.167
iter=53 time=68.659s destroy=destroy_worker repair=repair_chuffed_long objective=17.0->17.0 accepted=True reward=+0.167
iter=54 time=69.529s destroy=destroy_max_border_off repair=repair_chuffed_long objective=17.0->17.0 accepted=True reward=+0.167
iter=55 time=70.437s destroy=destroy_worker repair=repair_chuffed_long objective=17.0->17.0 accepted=True reward=+0.167
iter=56 time=76.040s destroy=destroy_day repair=repair_chuffed_long objective=17.0->16.0 accepted=True reward=+10.765
iter=57 time=76.976s destroy=destroy_worker repair=repair_chuffed_fast objective=16.0->16.0 accepted=True reward=+0.176
iter=58 time=78.597s destroy=destroy_worst_workers_10pct repair=repair_chuffed_long objective=16.0->16.0 accepted=True reward=+0.176
iter=59 time=79.572s destroy=destroy_worker repair=repair_chuffed_long objective=16.0->16.0 accepted=True reward=+0.176
iter=60 time=80.468s destroy=destroy_worker repair=repair_chuffed_long objective=16.0->15.0 accepted=True reward=+10.812
iter=61 time=81.445s destroy=destroy_worker repair=repair_chuffed_long objective=15.0->15.0 accepted=True reward=+0.188
iter=62 time=82.203s destroy=destroy_max_border_shift_1 repair=repair_chuffed_fast objective=15.0->15.0 accepted=True reward=+0.188
iter=63 time=83.207s destroy=destroy_worker repair=repair_chuffed_long objective=15.0->13.0 accepted=True reward=+11.548
iter=64 time=84.240s destroy=destroy_max_border_off repair=repair_chuffed_long objective=13.0->11.0 accepted=True reward=+11.788
iter=65 time=84.965s destroy=destroy_max_border_shift_1 repair=repair_chuffed_long objective=11.0->11.0 accepted=True reward=+0.250
iter=66 time=86.514s destroy=destroy_worst_workers_10pct repair=repair_chuffed_long objective=11.0->11.0 accepted=True reward=+0.250
iter=67 time=87.524s destroy=destroy_max_border_off repair=repair_chuffed_long objective=11.0->11.0 accepted=True reward=+0.250
iter=68 time=88.559s destroy=destroy_max_border_off repair=repair_chuffed_long objective=11.0->11.0 accepted=True reward=+0.250
iter=69 time=89.259s destroy=destroy_max_border_shift_1 repair=repair_chuffed_long objective=11.0->11.0 accepted=True reward=+0.250
iter=70 time=89.992s destroy=destroy_forbidden_sequences_30pct repair=repair_chuffed_long objective=11.0->11.0 accepted=True reward=+0.250
iter=71 time=90.811s destroy=destroy_worker repair=repair_chuffed_long objective=11.0->9.0 accepted=True reward=+12.118
iter=72 time=91.534s destroy=destroy_forbidden_sequences_30pct repair=repair_chuffed_long objective=9.0->9.0 accepted=True reward=+0.300
iter=73 time=92.866s destroy=destroy_worst_workers_10pct repair=repair_chuffed_long objective=9.0->9.0 accepted=True reward=+0.300
iter=74 time=93.722s destroy=destroy_worker repair=repair_chuffed_long objective=9.0->9.0 accepted=True reward=+0.300
iter=75 time=94.656s destroy=destroy_worker repair=repair_chuffed_long objective=9.0->9.0 accepted=True reward=+0.300
iter=76 time=95.395s destroy=destroy_max_border_shift_3 repair=repair_chuffed_long objective=9.0->9.0 accepted=True reward=+0.300
iter=77 time=96.189s destroy=destroy_max_border_shift_3 repair=repair_chuffed_long objective=9.0->9.0 accepted=True reward=+0.300
iter=78 time=96.884s destroy=destroy_max_border_shift_1 repair=repair_chuffed_long objective=9.0->9.0 accepted=True reward=+0.300
iter=79 time=97.782s destroy=destroy_worker repair=repair_chuffed_long objective=9.0->9.0 accepted=True reward=+0.300
iter=80 time=98.803s destroy=destroy_worker repair=repair_chuffed_long objective=9.0->8.0 accepted=True reward=+11.333
iter=81 time=102.076s destroy=destroy_day repair=repair_chuffed_long objective=8.0->8.0 accepted=True reward=+0.333
iter=82 time=103.119s destroy=destroy_worker repair=repair_chuffed_long objective=8.0->8.0 accepted=True reward=+0.333
iter=83 time=104.159s destroy=destroy_max_border_off repair=repair_chuffed_long objective=8.0->8.0 accepted=True reward=+0.333
iter=84 time=105.196s destroy=destroy_max_border_off repair=repair_chuffed_long objective=8.0->8.0 accepted=True reward=+0.333
iter=85 time=105.950s destroy=destroy_forbidden_sequences_30pct repair=repair_chuffed_long objective=8.0->8.0 accepted=True reward=+0.333
iter=86 time=107.695s destroy=destroy_day repair=repair_chuffed_long objective=8.0->8.0 accepted=True reward=+0.333
iter=87 time=108.928s destroy=destroy_worker repair=repair_chuffed_long objective=8.0->8.0 accepted=True reward=+0.333
iter=88 time=110.142s destroy=destroy_worker repair=repair_chuffed_long objective=8.0->8.0 accepted=True reward=+0.333
iter=89 time=111.203s destroy=destroy_max_border_shift_1 repair=repair_chuffed_long objective=8.0->8.0 accepted=True reward=+0.333
iter=90 time=112.372s destroy=destroy_worker repair=repair_chuffed_fast objective=8.0->8.0 accepted=True reward=+0.333
iter=91 time=113.513s destroy=destroy_worker repair=repair_chuffed_long objective=8.0->8.0 accepted=True reward=+0.333
iter=92 time=114.658s destroy=destroy_worker repair=repair_chuffed_long objective=8.0->8.0 accepted=True reward=+0.333
iter=93 time=116.113s destroy=destroy_max_border_off repair=repair_chuffed_long objective=8.0->8.0 accepted=True reward=+0.333
iter=94 time=117.167s destroy=destroy_max_border_shift_1 repair=repair_chuffed_fast objective=8.0->8.0 accepted=True reward=+0.333
iter=95 time=118.367s destroy=destroy_worker repair=repair_chuffed_long objective=8.0->8.0 accepted=True reward=+0.333
iter=96 time=120.381s destroy=destroy_worst_workers_10pct repair=repair_chuffed_long objective=8.0->8.0 accepted=True reward=+0.333
iter=97 time=121.424s destroy=destroy_max_border_shift_1 repair=repair_chuffed_long objective=8.0->8.0 accepted=True reward=+0.333
iter=98 time=123.149s destroy=destroy_worst_workers_10pct repair=repair_chuffed_long objective=8.0->8.0 accepted=True reward=+0.333
iter=99 time=124.439s destroy=destroy_worker repair=repair_chuffed_long objective=8.0->8.0 accepted=True reward=+0.333
iter=100 time=125.604s destroy=destroy_worker repair=repair_chuffed_long objective=8.0->8.0 accepted=True reward=+0.333
iter=101 time=126.744s destroy=destroy_worker repair=repair_chuffed_fast objective=8.0->8.0 accepted=True reward=+0.333
iter=102 time=127.942s destroy=destroy_worker repair=repair_chuffed_long objective=8.0->8.0 accepted=True reward=+0.333
iter=103 time=131.119s destroy=destroy_day repair=repair_chuffed_long objective=8.0->8.0 accepted=True reward=+0.333
iter=104 time=132.365s destroy=destroy_worker repair=repair_chuffed_long objective=8.0->8.0 accepted=True reward=+0.333
iter=105 time=133.766s destroy=destroy_max_border_off repair=repair_chuffed_long objective=8.0->8.0 accepted=True reward=+0.333
iter=106 time=134.911s destroy=destroy_worker repair=repair_chuffed_long objective=8.0->8.0 accepted=True reward=+0.333
iter=107 time=138.985s destroy=destroy_worst_days_10pct repair=repair_chuffed_long objective=8.0->8.0 accepted=True reward=+0.333
iter=108 time=140.342s destroy=destroy_max_border_off repair=repair_chuffed_fast objective=8.0->8.0 accepted=True reward=+0.333
iter=109 time=141.446s destroy=destroy_forbidden_sequences_30pct repair=repair_chuffed_long objective=8.0->8.0 accepted=True reward=+0.333
iter=110 time=142.443s destroy=destroy_max_border_work repair=repair_chuffed_long objective=8.0->8.0 accepted=True reward=+0.333
iter=111 time=143.339s destroy=destroy_worker repair=repair_chuffed_long objective=8.0->8.0 accepted=True reward=+0.333
iter=112 time=144.229s destroy=destroy_worker repair=repair_chuffed_long objective=8.0->8.0 accepted=True reward=+0.333
iter=113 time=144.954s destroy=destroy_forbidden_sequences_30pct repair=repair_chuffed_fast objective=8.0->8.0 accepted=True reward=+0.333
iter=114 time=145.673s destroy=destroy_forbidden_sequences_30pct repair=repair_chuffed_long objective=8.0->8.0 accepted=True reward=+0.333
iter=115 time=146.473s destroy=destroy_worker repair=repair_chuffed_long objective=8.0->8.0 accepted=True reward=+0.333
iter=116 time=147.244s destroy=destroy_max_border_shift_3 repair=repair_chuffed_long objective=8.0->8.0 accepted=True reward=+0.333
iter=117 time=148.314s destroy=destroy_max_border_off repair=repair_chuffed_long objective=8.0->8.0 accepted=True reward=+0.333
iter=118 time=149.136s destroy=destroy_worker repair=repair_chuffed_long objective=8.0->8.0 accepted=True reward=+0.333
iter=119 time=149.967s destroy=destroy_worker repair=repair_chuffed_long objective=8.0->8.0 accepted=True reward=+0.333
iter=120 time=150.804s destroy=destroy_worker repair=repair_chuffed_long objective=8.0->8.0 accepted=True reward=+0.333
solved=False stop_time=150.804s reason=timeout
run_completed=True runtime=150.804s best_objective=8.0 current_objective=8.0

===== instance=Example25 seed=1 checkpoint=drl_ppo_checkpoint_20000.pt =====
Loaded checkpoint: /Users/gab/Library/Mobile Documents/com~apple~CloudDocs/QuIST/ML/Optimization/Project 2/LNS_scheduling/PPO_checkpoints/drl_ppo_checkpoint_20000.pt
Loaded instance: /Users/gab/Library/Mobile Documents/com~apple~CloudDocs/QuIST/ML/Optimization/Project 2/LNS_scheduling/Instances1-50/Example25.txt
Detected state_dim=7
iter=1 time=0.944s destroy=destroy_max_border_shift_1 repair=repair_chuffed_fast objective=None->146.0 accepted=True reward=+10.020
iter=2 time=16.545s destroy=destroy_max_border_off repair=repair_chuffed_long objective=146.0->141.0 accepted=True reward=+10.364
iter=3 time=17.330s destroy=destroy_worker repair=repair_chuffed_long objective=141.0->137.0 accepted=True reward=+10.305
iter=4 time=18.128s destroy=destroy_worker repair=repair_chuffed_fast objective=137.0->129.0 accepted=True reward=+10.607
iter=5 time=19.029s destroy=destroy_worker repair=repair_chuffed_long objective=129.0->122.0 accepted=True reward=+10.567
iter=6 time=19.784s destroy=destroy_worker repair=repair_chuffed_long objective=122.0->110.0 accepted=True reward=+11.011
iter=7 time=21.813s destroy=destroy_forbidden_sequences_30pct repair=repair_chuffed_long objective=110.0->91.0 accepted=True reward=+11.760
iter=8 time=25.903s destroy=destroy_worst_workers_10pct repair=repair_chuffed_long objective=91.0->74.0 accepted=True reward=+11.908
iter=9 time=28.355s destroy=destroy_max_border_off repair=repair_chuffed_long objective=74.0->71.0 accepted=True reward=+10.447
iter=10 time=29.322s destroy=destroy_worker repair=repair_chuffed_long objective=71.0->67.0 accepted=True reward=+10.607
iter=11 time=32.124s destroy=destroy_worst_workers_10pct repair=repair_chuffed_long objective=67.0->67.0 accepted=True reward=+0.044
iter=12 time=32.960s destroy=destroy_worker repair=repair_chuffed_long objective=67.0->67.0 accepted=True reward=+0.044
iter=13 time=33.790s destroy=destroy_worker repair=repair_chuffed_long objective=67.0->65.0 accepted=True reward=+10.344
iter=14 time=35.726s destroy=destroy_max_border_off repair=repair_chuffed_long objective=65.0->64.0 accepted=True reward=+10.200
iter=15 time=36.548s destroy=destroy_worker repair=repair_chuffed_long objective=64.0->64.0 accepted=True reward=+0.046
iter=16 time=37.379s destroy=destroy_worker repair=repair_chuffed_long objective=64.0->62.0 accepted=True reward=+10.360
iter=17 time=38.152s destroy=destroy_worker repair=repair_chuffed_long objective=62.0->61.0 accepted=True reward=+10.210
iter=18 time=38.953s destroy=destroy_worker repair=repair_chuffed_fast objective=61.0->61.0 accepted=True reward=+0.048
iter=19 time=39.758s destroy=destroy_worker repair=repair_chuffed_long objective=61.0->61.0 accepted=True reward=+0.048
iter=20 time=41.185s destroy=destroy_max_border_off repair=repair_chuffed_long objective=61.0->61.0 accepted=True reward=+0.048
iter=21 time=41.946s destroy=destroy_worker repair=repair_chuffed_long objective=61.0->61.0 accepted=True reward=+0.048
iter=22 time=42.629s destroy=destroy_max_border_shift_3 repair=repair_chuffed_long objective=61.0->61.0 accepted=True reward=+0.048
iter=23 time=43.387s destroy=destroy_worker repair=repair_chuffed_long objective=61.0->61.0 accepted=True reward=+0.048
iter=24 time=44.210s destroy=destroy_worker repair=repair_chuffed_long objective=61.0->61.0 accepted=True reward=+0.048
iter=25 time=45.064s destroy=destroy_worker repair=repair_chuffed_long objective=61.0->61.0 accepted=True reward=+0.048
iter=26 time=48.733s destroy=destroy_max_border_off repair=repair_chuffed_long objective=61.0->61.0 accepted=True reward=+0.048
iter=27 time=49.590s destroy=destroy_worker repair=repair_chuffed_long objective=61.0->61.0 accepted=True reward=+0.048
iter=28 time=50.445s destroy=destroy_worker repair=repair_chuffed_long objective=61.0->61.0 accepted=True reward=+0.048
iter=29 time=51.316s destroy=destroy_forbidden_sequences_30pct repair=repair_chuffed_long objective=61.0->54.0 accepted=True reward=+11.202
iter=30 time=52.107s destroy=destroy_worker repair=repair_chuffed_long objective=54.0->54.0 accepted=True reward=+0.055
iter=31 time=52.917s destroy=destroy_worker repair=repair_chuffed_long objective=54.0->54.0 accepted=True reward=+0.055
iter=32 time=53.675s destroy=destroy_forbidden_sequences_30pct repair=repair_chuffed_long objective=54.0->54.0 accepted=True reward=+0.055
iter=33 time=54.490s destroy=destroy_forbidden_sequences_30pct repair=repair_chuffed_long objective=54.0->51.0 accepted=True reward=+10.613
iter=34 time=56.501s destroy=destroy_worst_workers_10pct repair=repair_chuffed_long objective=51.0->48.0 accepted=True reward=+10.649
iter=35 time=57.326s destroy=destroy_worker repair=repair_chuffed_long objective=48.0->48.0 accepted=True reward=+0.061
iter=36 time=58.152s destroy=destroy_worker repair=repair_chuffed_long objective=48.0->44.0 accepted=True reward=+10.900
iter=37 time=59.586s destroy=destroy_max_border_off repair=repair_chuffed_long objective=44.0->41.0 accepted=True reward=+10.753
iter=38 time=60.536s destroy=destroy_max_border_off repair=repair_chuffed_long objective=41.0->41.0 accepted=True reward=+0.071
iter=39 time=61.319s destroy=destroy_worker repair=repair_chuffed_long objective=41.0->41.0 accepted=True reward=+0.071
iter=40 time=62.075s destroy=destroy_forbidden_sequences_30pct repair=repair_chuffed_long objective=41.0->41.0 accepted=True reward=+0.071
iter=41 time=62.963s destroy=destroy_max_border_off repair=repair_chuffed_long objective=41.0->39.0 accepted=True reward=+10.563
iter=42 time=63.861s destroy=destroy_worker repair=repair_chuffed_long objective=39.0->38.0 accepted=True reward=+10.333
iter=43 time=64.737s destroy=destroy_worker repair=repair_chuffed_long objective=38.0->38.0 accepted=True reward=+0.077
iter=44 time=65.549s destroy=destroy_worker repair=repair_chuffed_long objective=38.0->36.0 accepted=True reward=+10.607
iter=45 time=66.377s destroy=destroy_worker repair=repair_chuffed_long objective=36.0->33.0 accepted=True reward=+10.922
iter=46 time=67.199s destroy=destroy_worker repair=repair_chuffed_long objective=33.0->33.0 accepted=True reward=+0.088
iter=47 time=67.958s destroy=destroy_forbidden_sequences_30pct repair=repair_chuffed_long objective=33.0->32.0 accepted=True reward=+10.394
iter=48 time=68.742s destroy=destroy_worker repair=repair_chuffed_long objective=32.0->32.0 accepted=True reward=+0.091
iter=49 time=69.409s destroy=destroy_max_border_shift_1 repair=repair_chuffed_long objective=32.0->32.0 accepted=True reward=+0.091
iter=50 time=70.204s destroy=destroy_worker repair=repair_chuffed_long objective=32.0->29.0 accepted=True reward=+11.037
iter=51 time=72.495s destroy=destroy_day repair=repair_chuffed_long objective=29.0->27.0 accepted=True reward=+10.797
iter=52 time=73.261s destroy=destroy_forbidden_sequences_30pct repair=repair_chuffed_long objective=27.0->27.0 accepted=True reward=+0.107
iter=53 time=74.087s destroy=destroy_max_border_off repair=repair_chuffed_fast objective=27.0->25.0 accepted=True reward=+10.856
iter=54 time=74.894s destroy=destroy_worker repair=repair_chuffed_long objective=25.0->25.0 accepted=True reward=+0.115
iter=55 time=75.728s destroy=destroy_worker repair=repair_chuffed_long objective=25.0->22.0 accepted=True reward=+11.330
iter=56 time=76.442s destroy=destroy_max_border_shift_1 repair=repair_chuffed_fast objective=22.0->22.0 accepted=True reward=+0.130
iter=57 time=77.252s destroy=destroy_worker repair=repair_chuffed_long objective=22.0->22.0 accepted=True reward=+0.130
iter=58 time=78.047s destroy=destroy_max_border_off repair=repair_chuffed_long objective=22.0->22.0 accepted=True reward=+0.130
iter=59 time=78.864s destroy=destroy_worker repair=repair_chuffed_long objective=22.0->21.0 accepted=True reward=+10.591
iter=60 time=79.794s destroy=destroy_worker repair=repair_chuffed_long objective=21.0->21.0 accepted=True reward=+0.136
iter=61 time=95.616s destroy=destroy_random_window_20pct repair=repair_chuffed_long objective=21.0->71.0 accepted=False reward=+0.000
iter=62 time=104.420s destroy=destroy_worst_workers_10pct repair=repair_chuffed_long objective=21.0->20.0 accepted=True reward=+10.619
iter=63 time=105.286s destroy=destroy_max_border_off repair=repair_chuffed_long objective=20.0->18.0 accepted=True reward=+11.158
iter=64 time=107.625s destroy=destroy_worst_workers_10pct repair=repair_chuffed_long objective=18.0->18.0 accepted=True reward=+0.158
iter=65 time=108.640s destroy=destroy_worker repair=repair_chuffed_long objective=18.0->18.0 accepted=True reward=+0.158
iter=66 time=109.411s destroy=destroy_max_border_shift_1 repair=repair_chuffed_long objective=18.0->18.0 accepted=True reward=+0.158
iter=67 time=110.329s destroy=destroy_worker repair=repair_chuffed_long objective=18.0->18.0 accepted=True reward=+0.158
iter=68 time=111.431s destroy=destroy_worker repair=repair_chuffed_long objective=18.0->18.0 accepted=True reward=+0.158
iter=69 time=112.361s destroy=destroy_worker repair=repair_chuffed_long objective=18.0->18.0 accepted=True reward=+0.158
iter=70 time=113.341s destroy=destroy_max_border_off repair=repair_chuffed_long objective=18.0->18.0 accepted=True reward=+0.158
iter=71 time=114.397s destroy=destroy_worker repair=repair_chuffed_long objective=18.0->18.0 accepted=True reward=+0.158
iter=72 time=115.359s destroy=destroy_worker repair=repair_chuffed_fast objective=18.0->16.0 accepted=True reward=+11.288
iter=73 time=117.977s destroy=destroy_worst_workers_10pct repair=repair_chuffed_long objective=16.0->14.0 accepted=True reward=+11.450
iter=74 time=118.770s destroy=destroy_max_border_shift_1 repair=repair_chuffed_long objective=14.0->14.0 accepted=True reward=+0.200
iter=75 time=119.684s destroy=destroy_worker repair=repair_chuffed_long objective=14.0->14.0 accepted=True reward=+0.200
iter=76 time=120.690s destroy=destroy_max_border_off repair=repair_chuffed_long objective=14.0->14.0 accepted=True reward=+0.200
iter=77 time=121.708s destroy=destroy_max_border_off repair=repair_chuffed_long objective=14.0->14.0 accepted=True reward=+0.200
iter=78 time=122.686s destroy=destroy_max_border_off repair=repair_chuffed_long objective=14.0->14.0 accepted=True reward=+0.200
iter=79 time=123.559s destroy=destroy_max_border_off repair=repair_chuffed_long objective=14.0->14.0 accepted=True reward=+0.200
iter=80 time=124.440s destroy=destroy_worker repair=repair_chuffed_long objective=14.0->14.0 accepted=True reward=+0.200
iter=81 time=125.254s destroy=destroy_worker repair=repair_chuffed_long objective=14.0->14.0 accepted=True reward=+0.200
iter=82 time=126.346s destroy=destroy_max_border_off repair=repair_chuffed_long objective=14.0->14.0 accepted=True reward=+0.200
iter=83 time=127.301s destroy=destroy_worker repair=repair_chuffed_long objective=14.0->14.0 accepted=True reward=+0.200
iter=84 time=128.307s destroy=destroy_worker repair=repair_chuffed_long objective=14.0->14.0 accepted=True reward=+0.200
iter=85 time=129.239s destroy=destroy_max_border_off repair=repair_chuffed_long objective=14.0->14.0 accepted=True reward=+0.200
iter=86 time=130.169s destroy=destroy_worker repair=repair_chuffed_long objective=14.0->14.0 accepted=True reward=+0.200
iter=87 time=131.566s destroy=destroy_worst_workers_10pct repair=repair_chuffed_long objective=14.0->14.0 accepted=True reward=+0.200
iter=88 time=132.438s destroy=destroy_worker repair=repair_chuffed_long objective=14.0->14.0 accepted=True reward=+0.200
iter=89 time=134.235s destroy=destroy_worst_workers_10pct repair=repair_chuffed_long objective=14.0->14.0 accepted=True reward=+0.200
iter=90 time=134.982s destroy=destroy_max_border_shift_3 repair=repair_chuffed_long objective=14.0->14.0 accepted=True reward=+0.200
iter=91 time=136.040s destroy=destroy_max_border_off repair=repair_chuffed_long objective=14.0->13.0 accepted=True reward=+10.929
iter=92 time=137.072s destroy=destroy_max_border_shift_1 repair=repair_chuffed_long objective=13.0->13.0 accepted=True reward=+0.214
iter=93 time=137.966s destroy=destroy_worker repair=repair_chuffed_long objective=13.0->13.0 accepted=True reward=+0.214
iter=94 time=138.799s destroy=destroy_forbidden_sequences_30pct repair=repair_chuffed_long objective=13.0->13.0 accepted=True reward=+0.214
iter=95 time=139.732s destroy=destroy_max_border_off repair=repair_chuffed_long objective=13.0->13.0 accepted=True reward=+0.214
iter=96 time=140.799s destroy=destroy_worker repair=repair_chuffed_long objective=13.0->13.0 accepted=True reward=+0.214
iter=97 time=141.839s destroy=destroy_worker repair=repair_chuffed_long objective=13.0->13.0 accepted=True reward=+0.214
iter=98 time=142.719s destroy=destroy_forbidden_sequences_30pct repair=repair_chuffed_long objective=13.0->13.0 accepted=True reward=+0.214
iter=99 time=143.570s destroy=destroy_worker repair=repair_chuffed_long objective=13.0->13.0 accepted=True reward=+0.214
iter=100 time=144.604s destroy=destroy_worker repair=repair_chuffed_long objective=13.0->13.0 accepted=True reward=+0.214
iter=101 time=145.564s destroy=destroy_forbidden_sequences_30pct repair=repair_chuffed_long objective=13.0->13.0 accepted=True reward=+0.214
iter=102 time=146.509s destroy=destroy_worker repair=repair_chuffed_long objective=13.0->13.0 accepted=True reward=+0.214
iter=103 time=147.333s destroy=destroy_worker repair=repair_chuffed_long objective=13.0->13.0 accepted=True reward=+0.214
iter=104 time=149.295s destroy=destroy_day repair=repair_chuffed_long objective=13.0->13.0 accepted=True reward=+0.214
iter=105 time=150.103s destroy=destroy_worker repair=repair_chuffed_long objective=13.0->13.0 accepted=True reward=+0.214
solved=False stop_time=150.103s reason=timeout
run_completed=True runtime=150.103s best_objective=13.0 current_objective=13.0

===== instance=Example25 seed=2 checkpoint=drl_ppo_checkpoint_20000.pt =====
Loaded checkpoint: /Users/gab/Library/Mobile Documents/com~apple~CloudDocs/QuIST/ML/Optimization/Project 2/LNS_scheduling/PPO_checkpoints/drl_ppo_checkpoint_20000.pt
Loaded instance: /Users/gab/Library/Mobile Documents/com~apple~CloudDocs/QuIST/ML/Optimization/Project 2/LNS_scheduling/Instances1-50/Example25.txt
Detected state_dim=7
iter=1 time=1.160s destroy=destroy_max_border_off repair=repair_chuffed_fast objective=None->163.0 accepted=True reward=+10.018
iter=2 time=1.989s destroy=destroy_worker repair=repair_chuffed_long objective=163.0->159.0 accepted=True reward=+10.264
iter=3 time=5.272s destroy=destroy_worst_workers_10pct repair=repair_chuffed_long objective=159.0->149.0 accepted=True reward=+10.649
iter=4 time=6.048s destroy=destroy_worker repair=repair_chuffed_long objective=149.0->149.0 accepted=True reward=+0.020
iter=5 time=6.946s destroy=destroy_worker repair=repair_chuffed_long objective=149.0->149.0 accepted=True reward=+0.020
iter=6 time=7.903s destroy=destroy_worker repair=repair_chuffed_long objective=149.0->149.0 accepted=True reward=+0.020
iter=7 time=8.689s destroy=destroy_worker repair=repair_chuffed_long objective=149.0->149.0 accepted=True reward=+0.020
iter=8 time=24.273s destroy=destroy_forbidden_sequences_30pct repair=repair_chuffed_long objective=149.0->115.0 accepted=True reward=+12.308
iter=9 time=25.129s destroy=destroy_worker repair=repair_chuffed_long objective=115.0->106.0 accepted=True reward=+10.811
iter=10 time=26.578s destroy=destroy_forbidden_sequences_30pct repair=repair_chuffed_long objective=106.0->86.0 accepted=True reward=+11.921
iter=11 time=27.450s destroy=destroy_worker repair=repair_chuffed_long objective=86.0->81.0 accepted=True reward=+10.618
iter=12 time=43.117s destroy=destroy_random_workers_20pct repair=repair_chuffed_long objective=81.0->93.0 accepted=False reward=+0.000
iter=13 time=43.958s destroy=destroy_forbidden_sequences_30pct repair=repair_chuffed_long objective=81.0->76.0 accepted=True reward=+10.656
iter=14 time=44.828s destroy=destroy_worker repair=repair_chuffed_long objective=76.0->70.0 accepted=True reward=+10.832
iter=15 time=45.664s destroy=destroy_worker repair=repair_chuffed_long objective=70.0->68.0 accepted=True reward=+10.329
iter=16 time=54.687s destroy=destroy_worst_workers_10pct repair=repair_chuffed_long objective=68.0->62.0 accepted=True reward=+10.930
iter=17 time=55.534s destroy=destroy_max_border_off repair=repair_chuffed_long objective=62.0->59.0 accepted=True reward=+10.534
iter=18 time=56.383s destroy=destroy_worker repair=repair_chuffed_long objective=59.0->59.0 accepted=True reward=+0.050
iter=19 time=57.063s destroy=destroy_max_border_shift_3 repair=repair_chuffed_long objective=59.0->59.0 accepted=True reward=+0.050
iter=20 time=57.877s destroy=destroy_worker repair=repair_chuffed_long objective=59.0->59.0 accepted=True reward=+0.050
iter=21 time=58.787s destroy=destroy_worker repair=repair_chuffed_long objective=59.0->58.0 accepted=True reward=+10.220
iter=22 time=59.681s destroy=destroy_worker repair=repair_chuffed_long objective=58.0->58.0 accepted=True reward=+0.051
iter=23 time=60.469s destroy=destroy_max_border_off repair=repair_chuffed_fast objective=58.0->58.0 accepted=True reward=+0.051
iter=24 time=61.286s destroy=destroy_worker repair=repair_chuffed_long objective=58.0->58.0 accepted=True reward=+0.051
iter=25 time=62.145s destroy=destroy_forbidden_sequences_30pct repair=repair_chuffed_long objective=58.0->58.0 accepted=True reward=+0.051
iter=26 time=68.085s destroy=destroy_worst_workers_10pct repair=repair_chuffed_long objective=58.0->58.0 accepted=True reward=+0.051
iter=27 time=68.912s destroy=destroy_worker repair=repair_chuffed_long objective=58.0->58.0 accepted=True reward=+0.051
iter=28 time=69.755s destroy=destroy_worker repair=repair_chuffed_fast objective=58.0->53.0 accepted=True reward=+10.918
iter=29 time=70.599s destroy=destroy_worker repair=repair_chuffed_long objective=53.0->50.0 accepted=True reward=+10.625
iter=30 time=71.436s destroy=destroy_worker repair=repair_chuffed_long objective=50.0->50.0 accepted=True reward=+0.059
iter=31 time=73.890s destroy=destroy_worst_workers_10pct repair=repair_chuffed_long objective=50.0->50.0 accepted=True reward=+0.059
iter=32 time=74.702s destroy=destroy_worker repair=repair_chuffed_long objective=50.0->50.0 accepted=True reward=+0.059
iter=33 time=75.543s destroy=destroy_worker repair=repair_chuffed_long objective=50.0->50.0 accepted=True reward=+0.059
iter=34 time=76.356s destroy=destroy_worker repair=repair_chuffed_long objective=50.0->50.0 accepted=True reward=+0.059
iter=35 time=77.340s destroy=destroy_max_border_off repair=repair_chuffed_long objective=50.0->50.0 accepted=True reward=+0.059
iter=36 time=78.135s destroy=destroy_worker repair=repair_chuffed_long objective=50.0->50.0 accepted=True reward=+0.059
iter=37 time=78.919s destroy=destroy_worker repair=repair_chuffed_long objective=50.0->50.0 accepted=True reward=+0.059
iter=38 time=79.748s destroy=destroy_worker repair=repair_chuffed_long objective=50.0->50.0 accepted=True reward=+0.059
iter=39 time=80.830s destroy=destroy_max_border_off repair=repair_chuffed_long objective=50.0->50.0 accepted=True reward=+0.059
iter=40 time=81.671s destroy=destroy_worker repair=repair_chuffed_long objective=50.0->50.0 accepted=True reward=+0.059
iter=41 time=83.930s destroy=destroy_worst_workers_10pct repair=repair_chuffed_long objective=50.0->50.0 accepted=True reward=+0.059
iter=42 time=84.713s destroy=destroy_worker repair=repair_chuffed_long objective=50.0->49.0 accepted=True reward=+10.260
iter=43 time=85.850s destroy=destroy_forbidden_sequences_30pct repair=repair_chuffed_long objective=49.0->42.0 accepted=True reward=+11.498
iter=44 time=86.721s destroy=destroy_forbidden_sequences_30pct repair=repair_chuffed_long objective=42.0->41.0 accepted=True reward=+10.310
iter=45 time=89.283s destroy=destroy_max_border_off repair=repair_chuffed_long objective=41.0->37.0 accepted=True reward=+11.055
iter=46 time=89.955s destroy=destroy_max_border_shift_1 repair=repair_chuffed_long objective=37.0->37.0 accepted=True reward=+0.079
iter=47 time=90.742s destroy=destroy_worker repair=repair_chuffed_long objective=37.0->37.0 accepted=True reward=+0.079
iter=48 time=91.687s destroy=destroy_max_border_off repair=repair_chuffed_long objective=37.0->37.0 accepted=True reward=+0.079
iter=49 time=92.754s destroy=destroy_worker repair=repair_gecode_fast objective=37.0->36.0 accepted=True reward=+10.351
iter=50 time=93.635s destroy=destroy_worker repair=repair_chuffed_long objective=36.0->36.0 accepted=True reward=+0.081
iter=51 time=94.496s destroy=destroy_worker repair=repair_chuffed_long objective=36.0->35.0 accepted=True reward=+10.361
iter=52 time=95.392s destroy=destroy_worker repair=repair_chuffed_long objective=35.0->31.0 accepted=True reward=+11.237
iter=53 time=96.276s destroy=destroy_worker repair=repair_chuffed_long objective=31.0->29.0 accepted=True reward=+10.745
iter=54 time=97.153s destroy=destroy_forbidden_sequences_30pct repair=repair_chuffed_long objective=29.0->29.0 accepted=True reward=+0.100
iter=55 time=97.956s destroy=destroy_worker repair=repair_chuffed_long objective=29.0->29.0 accepted=True reward=+0.100
iter=56 time=98.754s destroy=destroy_worker repair=repair_chuffed_long objective=29.0->29.0 accepted=True reward=+0.100
iter=57 time=99.560s destroy=destroy_worker repair=repair_chuffed_long objective=29.0->29.0 accepted=True reward=+0.100
iter=58 time=100.389s destroy=destroy_worker repair=repair_chuffed_long objective=29.0->29.0 accepted=True reward=+0.100
iter=59 time=101.204s destroy=destroy_worker repair=repair_chuffed_long objective=29.0->29.0 accepted=True reward=+0.100
iter=60 time=102.028s destroy=destroy_worker repair=repair_chuffed_long objective=29.0->29.0 accepted=True reward=+0.100
iter=61 time=103.741s destroy=destroy_worst_workers_10pct repair=repair_chuffed_fast objective=29.0->29.0 accepted=True reward=+0.100
iter=62 time=104.546s destroy=destroy_worker repair=repair_chuffed_long objective=29.0->29.0 accepted=True reward=+0.100
iter=63 time=105.511s destroy=destroy_max_border_off repair=repair_chuffed_long objective=29.0->29.0 accepted=True reward=+0.100
iter=64 time=106.326s destroy=destroy_worker repair=repair_chuffed_long objective=29.0->29.0 accepted=True reward=+0.100
iter=65 time=107.135s destroy=destroy_worker repair=repair_chuffed_long objective=29.0->29.0 accepted=True reward=+0.100
iter=66 time=107.945s destroy=destroy_worker repair=repair_chuffed_long objective=29.0->29.0 accepted=True reward=+0.100
iter=67 time=108.763s destroy=destroy_worker repair=repair_chuffed_long objective=29.0->29.0 accepted=True reward=+0.100
iter=68 time=109.577s destroy=destroy_worker repair=repair_chuffed_long objective=29.0->28.0 accepted=True reward=+10.448
iter=69 time=110.424s destroy=destroy_worker repair=repair_chuffed_long objective=28.0->28.0 accepted=True reward=+0.103
iter=70 time=111.324s destroy=destroy_worker repair=repair_chuffed_long objective=28.0->27.0 accepted=True reward=+10.464
iter=71 time=112.063s destroy=destroy_max_border_shift_2 repair=repair_chuffed_long objective=27.0->27.0 accepted=True reward=+0.107
iter=72 time=112.873s destroy=destroy_forbidden_sequences_30pct repair=repair_chuffed_long objective=27.0->27.0 accepted=True reward=+0.107
iter=73 time=113.725s destroy=destroy_worker repair=repair_chuffed_long objective=27.0->27.0 accepted=True reward=+0.107
iter=74 time=114.498s destroy=destroy_forbidden_sequences_30pct repair=repair_chuffed_long objective=27.0->26.0 accepted=True reward=+10.481
iter=75 time=115.377s destroy=destroy_max_border_off repair=repair_chuffed_long objective=26.0->24.0 accepted=True reward=+10.889
iter=76 time=116.236s destroy=destroy_max_border_off repair=repair_chuffed_fast objective=24.0->24.0 accepted=True reward=+0.120
iter=77 time=118.753s destroy=destroy_day repair=repair_chuffed_long objective=24.0->24.0 accepted=True reward=+0.120
iter=78 time=119.550s destroy=destroy_worker repair=repair_chuffed_fast objective=24.0->24.0 accepted=True reward=+0.120
iter=79 time=120.360s destroy=destroy_worker repair=repair_chuffed_fast objective=24.0->24.0 accepted=True reward=+0.120
iter=80 time=121.167s destroy=destroy_worker repair=repair_chuffed_long objective=24.0->24.0 accepted=True reward=+0.120
iter=81 time=121.977s destroy=destroy_worker repair=repair_chuffed_long objective=24.0->24.0 accepted=True reward=+0.120
iter=82 time=122.793s destroy=destroy_worker repair=repair_chuffed_long objective=24.0->24.0 accepted=True reward=+0.120
iter=83 time=123.471s destroy=destroy_max_border_shift_1 repair=repair_chuffed_long objective=24.0->24.0 accepted=True reward=+0.120
iter=84 time=124.327s destroy=destroy_worker repair=repair_chuffed_long objective=24.0->22.0 accepted=True reward=+10.964
iter=85 time=125.137s destroy=destroy_forbidden_sequences_30pct repair=repair_chuffed_long objective=22.0->22.0 accepted=True reward=+0.130
iter=86 time=125.948s destroy=destroy_forbidden_sequences_30pct repair=repair_chuffed_long objective=22.0->22.0 accepted=True reward=+0.130
iter=87 time=126.934s destroy=destroy_worker repair=repair_chuffed_long objective=22.0->22.0 accepted=True reward=+0.130
iter=88 time=127.766s destroy=destroy_worker repair=repair_chuffed_fast objective=22.0->22.0 accepted=True reward=+0.130
iter=89 time=128.543s destroy=destroy_worker repair=repair_chuffed_long objective=22.0->22.0 accepted=True reward=+0.130
iter=90 time=129.322s destroy=destroy_worker repair=repair_chuffed_long objective=22.0->22.0 accepted=True reward=+0.130
iter=91 time=130.016s destroy=destroy_max_border_shift_1 repair=repair_chuffed_long objective=22.0->22.0 accepted=True reward=+0.130
iter=92 time=133.032s destroy=destroy_worst_workers_10pct repair=repair_chuffed_long objective=22.0->22.0 accepted=True reward=+0.130
iter=93 time=133.891s destroy=destroy_worker repair=repair_chuffed_long objective=22.0->21.0 accepted=True reward=+10.591
iter=94 time=149.554s destroy=destroy_random_workers_20pct repair=repair_chuffed_long objective=21.0->48.0 accepted=False reward=+0.000
iter=95 time=150.518s destroy=destroy_max_border_off repair=repair_chuffed_long objective=21.0->19.0 accepted=True reward=+11.102
solved=False stop_time=150.518s reason=timeout
run_completed=True runtime=150.518s best_objective=19.0 current_objective=19.0

===== instance=Example19 seed=0 checkpoint=drl_ppo_checkpoint_20000.pt =====
Loaded checkpoint: /Users/gab/Library/Mobile Documents/com~apple~CloudDocs/QuIST/ML/Optimization/Project 2/LNS_scheduling/PPO_checkpoints/drl_ppo_checkpoint_20000.pt
Loaded instance: /Users/gab/Library/Mobile Documents/com~apple~CloudDocs/QuIST/ML/Optimization/Project 2/LNS_scheduling/Instances1-50/Example19.txt
Detected state_dim=7
iter=1 time=8.932s destroy=destroy_max_border_off repair=repair_chuffed_long objective=None->586.0 accepted=True reward=+10.005
iter=2 time=25.667s destroy=destroy_forbidden_sequences_30pct repair=repair_chuffed_long objective=586.0->540.0 accepted=True reward=+10.791
iter=3 time=42.264s destroy=destroy_worker repair=repair_chuffed_long objective=540.0->535.0 accepted=True reward=+10.098
iter=4 time=59.136s destroy=destroy_worst_workers_10pct repair=repair_chuffed_long objective=535.0->709.0 accepted=False reward=+0.000
iter=5 time=75.713s destroy=destroy_worker repair=repair_chuffed_long objective=535.0->529.0 accepted=True reward=+10.118
iter=6 time=88.005s destroy=destroy_worker repair=repair_chuffed_long objective=529.0->524.0 accepted=True reward=+10.100
iter=7 time=104.520s destroy=destroy_worker repair=repair_chuffed_long objective=524.0->521.0 accepted=True reward=+10.063
iter=8 time=119.002s destroy=destroy_worker repair=repair_chuffed_long objective=521.0->517.0 accepted=True reward=+10.083
iter=9 time=135.508s destroy=destroy_worker repair=repair_chuffed_long objective=517.0->516.0 accepted=True reward=+10.025
iter=10 time=152.047s destroy=destroy_worker repair=repair_chuffed_long objective=516.0->516.0 accepted=True reward=+0.006
solved=False stop_time=152.047s reason=timeout
run_completed=True runtime=152.047s best_objective=516.0 current_objective=516.0

===== instance=Example19 seed=1 checkpoint=drl_ppo_checkpoint_20000.pt =====
Loaded checkpoint: /Users/gab/Library/Mobile Documents/com~apple~CloudDocs/QuIST/ML/Optimization/Project 2/LNS_scheduling/PPO_checkpoints/drl_ppo_checkpoint_20000.pt
Loaded instance: /Users/gab/Library/Mobile Documents/com~apple~CloudDocs/QuIST/ML/Optimization/Project 2/LNS_scheduling/Instances1-50/Example19.txt
Detected state_dim=7
iter=1 time=4.695s destroy=destroy_max_border_shift_1 repair=repair_chuffed_fast objective=None->None accepted=False reward=-1.000
iter=2 time=12.114s destroy=destroy_max_border_off repair=repair_chuffed_long objective=None->543.0 accepted=True reward=+10.006
iter=3 time=20.527s destroy=destroy_worker repair=repair_chuffed_long objective=543.0->540.0 accepted=True reward=+10.061
iter=4 time=29.270s destroy=destroy_worker repair=repair_chuffed_long objective=540.0->532.0 accepted=True reward=+10.154
iter=5 time=38.684s destroy=destroy_worker repair=repair_chuffed_long objective=532.0->527.0 accepted=True reward=+10.100
iter=6 time=47.184s destroy=destroy_worker repair=repair_chuffed_long objective=527.0->522.0 accepted=True reward=+10.101
iter=7 time=63.893s destroy=destroy_forbidden_sequences_30pct repair=repair_chuffed_long objective=522.0->499.0 accepted=True reward=+10.447
iter=8 time=80.731s destroy=destroy_worst_workers_10pct repair=repair_chuffed_long objective=499.0->673.0 accepted=False reward=+0.000
iter=9 time=97.290s destroy=destroy_worker repair=repair_chuffed_long objective=499.0->492.0 accepted=True reward=+10.146
iter=10 time=113.827s destroy=destroy_worker repair=repair_chuffed_long objective=492.0->490.0 accepted=True reward=+10.047
iter=11 time=130.340s destroy=destroy_worker repair=repair_chuffed_long objective=490.0->484.0 accepted=True reward=+10.129
iter=12 time=146.835s destroy=destroy_worker repair=repair_chuffed_long objective=484.0->479.0 accepted=True reward=+10.110
iter=13 time=163.326s destroy=destroy_worker repair=repair_chuffed_long objective=479.0->476.0 accepted=True reward=+10.069
solved=False stop_time=163.326s reason=timeout
run_completed=True runtime=163.326s best_objective=476.0 current_objective=476.0

===== instance=Example19 seed=2 checkpoint=drl_ppo_checkpoint_20000.pt =====
Loaded checkpoint: /Users/gab/Library/Mobile Documents/com~apple~CloudDocs/QuIST/ML/Optimization/Project 2/LNS_scheduling/PPO_checkpoints/drl_ppo_checkpoint_20000.pt
Loaded instance: /Users/gab/Library/Mobile Documents/com~apple~CloudDocs/QuIST/ML/Optimization/Project 2/LNS_scheduling/Instances1-50/Example19.txt
Detected state_dim=7
iter=1 time=4.749s destroy=destroy_max_border_off repair=repair_chuffed_fast objective=None->None accepted=False reward=-1.000
iter=2 time=11.649s destroy=destroy_max_border_shift_1 repair=repair_chuffed_long objective=None->617.0 accepted=True reward=+10.005
iter=3 time=28.469s destroy=destroy_worst_workers_10pct repair=repair_chuffed_long objective=617.0->769.0 accepted=False reward=+0.000
iter=4 time=36.908s destroy=destroy_worker repair=repair_chuffed_long objective=617.0->613.0 accepted=True reward=+10.070
iter=5 time=45.262s destroy=destroy_worker repair=repair_chuffed_long objective=613.0->610.0 accepted=True reward=+10.054
iter=6 time=53.748s destroy=destroy_worker repair=repair_chuffed_long objective=610.0->608.0 accepted=True reward=+10.038
iter=7 time=61.870s destroy=destroy_worker repair=repair_chuffed_long objective=608.0->604.0 accepted=True reward=+10.071
iter=8 time=70.375s destroy=destroy_worker repair=repair_chuffed_long objective=604.0->598.0 accepted=True reward=+10.104
iter=9 time=79.702s destroy=destroy_worker repair=repair_chuffed_long objective=598.0->593.0 accepted=True reward=+10.089
iter=10 time=96.421s destroy=destroy_forbidden_sequences_30pct repair=repair_chuffed_long objective=593.0->549.0 accepted=True reward=+10.747
iter=11 time=112.950s destroy=destroy_worker repair=repair_chuffed_long objective=549.0->540.0 accepted=True reward=+10.169
iter=12 time=129.460s destroy=destroy_worker repair=repair_chuffed_long objective=540.0->533.0 accepted=True reward=+10.135
iter=13 time=145.978s destroy=destroy_worker repair=repair_chuffed_long objective=533.0->528.0 accepted=True reward=+10.099
iter=14 time=162.619s destroy=destroy_worker repair=repair_chuffed_long objective=528.0->521.0 accepted=True reward=+10.138
solved=False stop_time=162.619s reason=timeout
run_completed=True runtime=162.619s best_objective=521.0 current_objective=521.0

===== instance=Example30 seed=0 checkpoint=drl_ppo_checkpoint_20000.pt =====
Loaded checkpoint: /Users/gab/Library/Mobile Documents/com~apple~CloudDocs/QuIST/ML/Optimization/Project 2/LNS_scheduling/PPO_checkpoints/drl_ppo_checkpoint_20000.pt
Loaded instance: /Users/gab/Library/Mobile Documents/com~apple~CloudDocs/QuIST/ML/Optimization/Project 2/LNS_scheduling/Instances1-50/Example30.txt
Detected state_dim=7
iter=1 time=1.742s destroy=destroy_max_border_off repair=repair_chuffed_long objective=None->243.0 accepted=True reward=+10.012
iter=2 time=17.867s destroy=destroy_forbidden_sequences_30pct repair=repair_chuffed_long objective=243.0->242.0 accepted=True reward=+10.053
iter=3 time=20.019s destroy=destroy_worker repair=repair_chuffed_long objective=242.0->234.0 accepted=True reward=+10.343
iter=4 time=36.113s destroy=destroy_worst_workers_10pct repair=repair_chuffed_long objective=234.0->239.0 accepted=False reward=+0.000
iter=5 time=38.097s destroy=destroy_worker repair=repair_chuffed_long objective=234.0->219.0 accepted=True reward=+10.655
iter=6 time=39.594s destroy=destroy_worker repair=repair_chuffed_long objective=219.0->209.0 accepted=True reward=+10.471
iter=7 time=41.068s destroy=destroy_worker repair=repair_chuffed_long objective=209.0->203.0 accepted=True reward=+10.302
iter=8 time=57.055s destroy=destroy_max_border_off repair=repair_chuffed_long objective=203.0->194.0 accepted=True reward=+10.459
iter=9 time=58.384s destroy=destroy_worker repair=repair_chuffed_long objective=194.0->189.0 accepted=True reward=+10.274
iter=10 time=59.936s destroy=destroy_worker repair=repair_chuffed_long objective=189.0->181.0 accepted=True reward=+10.440
iter=11 time=61.200s destroy=destroy_worker repair=repair_chuffed_long objective=181.0->172.0 accepted=True reward=+10.515
iter=12 time=62.470s destroy=destroy_worker repair=repair_chuffed_long objective=172.0->167.0 accepted=True reward=+10.309
iter=13 time=78.351s destroy=destroy_forbidden_sequences_30pct repair=repair_chuffed_long objective=167.0->172.0 accepted=False reward=+0.000
iter=14 time=94.177s destroy=destroy_forbidden_sequences_30pct repair=repair_chuffed_long objective=167.0->167.0 accepted=True reward=+0.018
iter=15 time=109.962s destroy=destroy_forbidden_sequences_30pct repair=repair_chuffed_long objective=167.0->163.0 accepted=True reward=+10.258
iter=16 time=111.553s destroy=destroy_worker repair=repair_chuffed_long objective=163.0->162.0 accepted=True reward=+10.080
iter=17 time=113.172s destroy=destroy_worker repair=repair_chuffed_long objective=162.0->150.0 accepted=True reward=+10.761
iter=18 time=128.977s destroy=destroy_forbidden_sequences_30pct repair=repair_chuffed_long objective=150.0->146.0 accepted=True reward=+10.287
iter=19 time=130.501s destroy=destroy_worker repair=repair_chuffed_long objective=146.0->146.0 accepted=True reward=+0.020
iter=20 time=131.863s destroy=destroy_worker repair=repair_chuffed_long objective=146.0->146.0 accepted=True reward=+0.020
iter=21 time=133.461s destroy=destroy_worker repair=repair_chuffed_long objective=146.0->145.0 accepted=True reward=+10.089
iter=22 time=149.587s destroy=destroy_max_border_off repair=repair_chuffed_long objective=145.0->125.0 accepted=True reward=+11.403
iter=23 time=165.698s destroy=destroy_worst_workers_10pct repair=repair_chuffed_long objective=125.0->152.0 accepted=False reward=+0.000
solved=False stop_time=165.698s reason=timeout
run_completed=True runtime=165.698s best_objective=125.0 current_objective=125.0

===== instance=Example30 seed=1 checkpoint=drl_ppo_checkpoint_20000.pt =====
Loaded checkpoint: /Users/gab/Library/Mobile Documents/com~apple~CloudDocs/QuIST/ML/Optimization/Project 2/LNS_scheduling/PPO_checkpoints/drl_ppo_checkpoint_20000.pt
Loaded instance: /Users/gab/Library/Mobile Documents/com~apple~CloudDocs/QuIST/ML/Optimization/Project 2/LNS_scheduling/Instances1-50/Example30.txt
Detected state_dim=7
iter=1 time=1.274s destroy=destroy_max_border_shift_1 repair=repair_chuffed_fast objective=None->248.0 accepted=True reward=+10.012
iter=2 time=2.467s destroy=destroy_max_border_off repair=repair_chuffed_long objective=248.0->243.0 accepted=True reward=+10.214
iter=3 time=3.745s destroy=destroy_worker repair=repair_chuffed_long objective=243.0->243.0 accepted=True reward=+0.012
iter=4 time=4.950s destroy=destroy_worker repair=repair_chuffed_fast objective=243.0->233.0 accepted=True reward=+10.424
iter=5 time=6.122s destroy=destroy_worker repair=repair_chuffed_long objective=233.0->225.0 accepted=True reward=+10.357
iter=6 time=7.313s destroy=destroy_worker repair=repair_chuffed_long objective=225.0->222.0 accepted=True reward=+10.147
iter=7 time=23.257s destroy=destroy_forbidden_sequences_30pct repair=repair_chuffed_long objective=222.0->219.0 accepted=True reward=+10.149
iter=8 time=39.303s destroy=destroy_worst_workers_10pct repair=repair_chuffed_long objective=219.0->236.0 accepted=False reward=+0.000
iter=9 time=40.561s destroy=destroy_worker repair=repair_chuffed_long objective=219.0->214.0 accepted=True reward=+10.242
iter=10 time=42.028s destroy=destroy_worker repair=repair_chuffed_long objective=214.0->208.0 accepted=True reward=+10.295
iter=11 time=43.331s destroy=destroy_worker repair=repair_chuffed_long objective=208.0->205.0 accepted=True reward=+10.159
iter=12 time=44.886s destroy=destroy_worker repair=repair_chuffed_long objective=205.0->197.0 accepted=True reward=+10.405
iter=13 time=46.166s destroy=destroy_worker repair=repair_chuffed_long objective=197.0->192.0 accepted=True reward=+10.269
iter=14 time=62.168s destroy=destroy_max_border_off repair=repair_chuffed_long objective=192.0->173.0 accepted=True reward=+11.007
iter=15 time=63.517s destroy=destroy_worker repair=repair_chuffed_long objective=173.0->164.0 accepted=True reward=+10.538
iter=16 time=64.751s destroy=destroy_worker repair=repair_chuffed_long objective=164.0->158.0 accepted=True reward=+10.385
iter=17 time=66.162s destroy=destroy_worker repair=repair_chuffed_long objective=158.0->151.0 accepted=True reward=+10.463
iter=18 time=67.790s destroy=destroy_worker repair=repair_chuffed_long objective=151.0->148.0 accepted=True reward=+10.219
iter=19 time=69.097s destroy=destroy_worker repair=repair_chuffed_long objective=148.0->148.0 accepted=True reward=+0.020
iter=20 time=85.017s destroy=destroy_max_border_off repair=repair_chuffed_long objective=148.0->135.0 accepted=True reward=+10.900
iter=21 time=86.233s destroy=destroy_worker repair=repair_chuffed_long objective=135.0->134.0 accepted=True reward=+10.096
iter=22 time=87.548s destroy=destroy_worker repair=repair_chuffed_long objective=134.0->132.0 accepted=True reward=+10.172
iter=23 time=88.818s destroy=destroy_worker repair=repair_chuffed_long objective=132.0->131.0 accepted=True reward=+10.098
iter=24 time=90.207s destroy=destroy_worker repair=repair_chuffed_long objective=131.0->129.0 accepted=True reward=+10.176
iter=25 time=91.663s destroy=destroy_worker repair=repair_chuffed_long objective=129.0->119.0 accepted=True reward=+10.800
iter=26 time=92.923s destroy=destroy_max_border_off repair=repair_chuffed_long objective=119.0->117.0 accepted=True reward=+10.193
iter=27 time=94.209s destroy=destroy_worker repair=repair_chuffed_long objective=117.0->117.0 accepted=True reward=+0.025
iter=28 time=95.610s destroy=destroy_worker repair=repair_chuffed_long objective=117.0->113.0 accepted=True reward=+10.368
iter=29 time=111.522s destroy=destroy_forbidden_sequences_30pct repair=repair_chuffed_long objective=113.0->101.0 accepted=True reward=+11.091
iter=30 time=113.034s destroy=destroy_worker repair=repair_chuffed_long objective=101.0->90.0 accepted=True reward=+11.122
iter=31 time=114.285s destroy=destroy_worker repair=repair_chuffed_long objective=90.0->85.0 accepted=True reward=+10.590
iter=32 time=117.126s destroy=destroy_forbidden_sequences_30pct repair=repair_chuffed_long objective=85.0->80.0 accepted=True reward=+10.625
iter=33 time=118.546s destroy=destroy_forbidden_sequences_30pct repair=repair_chuffed_long objective=80.0->78.0 accepted=True reward=+10.288
iter=34 time=134.685s destroy=destroy_worst_workers_10pct repair=repair_chuffed_long objective=78.0->105.0 accepted=False reward=+0.000
iter=35 time=136.077s destroy=destroy_worker repair=repair_chuffed_long objective=78.0->73.0 accepted=True reward=+10.682
iter=36 time=137.667s destroy=destroy_worker repair=repair_chuffed_long objective=73.0->71.0 accepted=True reward=+10.316
iter=37 time=139.084s destroy=destroy_max_border_off repair=repair_chuffed_long objective=71.0->65.0 accepted=True reward=+10.891
iter=38 time=140.233s destroy=destroy_max_border_off repair=repair_chuffed_long objective=65.0->65.0 accepted=True reward=+0.045
iter=39 time=141.676s destroy=destroy_worker repair=repair_chuffed_long objective=65.0->64.0 accepted=True reward=+10.200
iter=40 time=143.325s destroy=destroy_forbidden_sequences_30pct repair=repair_chuffed_long objective=64.0->61.0 accepted=True reward=+10.517
iter=41 time=144.610s destroy=destroy_max_border_off repair=repair_chuffed_long objective=61.0->59.0 accepted=True reward=+10.378
iter=42 time=146.086s destroy=destroy_worker repair=repair_chuffed_long objective=59.0->59.0 accepted=True reward=+0.050
iter=43 time=147.415s destroy=destroy_worker repair=repair_chuffed_long objective=59.0->59.0 accepted=True reward=+0.050
iter=44 time=148.712s destroy=destroy_worker repair=repair_chuffed_long objective=59.0->56.0 accepted=True reward=+10.561
iter=45 time=149.993s destroy=destroy_worker repair=repair_chuffed_long objective=56.0->56.0 accepted=True reward=+0.053
iter=46 time=151.327s destroy=destroy_worker repair=repair_chuffed_long objective=56.0->50.0 accepted=True reward=+11.130
solved=False stop_time=151.327s reason=timeout
run_completed=True runtime=151.327s best_objective=50.0 current_objective=50.0

===== instance=Example30 seed=2 checkpoint=drl_ppo_checkpoint_20000.pt =====
Loaded checkpoint: /Users/gab/Library/Mobile Documents/com~apple~CloudDocs/QuIST/ML/Optimization/Project 2/LNS_scheduling/PPO_checkpoints/drl_ppo_checkpoint_20000.pt
Loaded instance: /Users/gab/Library/Mobile Documents/com~apple~CloudDocs/QuIST/ML/Optimization/Project 2/LNS_scheduling/Instances1-50/Example30.txt
Detected state_dim=7
iter=1 time=1.473s destroy=destroy_max_border_off repair=repair_chuffed_fast objective=None->276.0 accepted=True reward=+10.011
iter=2 time=2.737s destroy=destroy_worker repair=repair_chuffed_long objective=276.0->275.0 accepted=True reward=+10.047
iter=3 time=18.875s destroy=destroy_worst_workers_10pct repair=repair_chuffed_long objective=275.0->279.0 accepted=False reward=+0.000
iter=4 time=20.165s destroy=destroy_worker repair=repair_chuffed_long objective=275.0->267.0 accepted=True reward=+10.302
iter=5 time=21.369s destroy=destroy_worker repair=repair_chuffed_long objective=267.0->260.0 accepted=True reward=+10.274
iter=6 time=22.808s destroy=destroy_worker repair=repair_chuffed_long objective=260.0->257.0 accepted=True reward=+10.127
iter=7 time=24.103s destroy=destroy_worker repair=repair_chuffed_long objective=257.0->247.0 accepted=True reward=+10.401
iter=8 time=25.330s destroy=destroy_worker repair=repair_chuffed_long objective=247.0->242.0 accepted=True reward=+10.215
iter=9 time=26.866s destroy=destroy_worker repair=repair_chuffed_long objective=242.0->241.0 accepted=True reward=+10.054
iter=10 time=42.862s destroy=destroy_forbidden_sequences_30pct repair=repair_chuffed_long objective=241.0->191.0 accepted=True reward=+12.090
iter=11 time=44.159s destroy=destroy_worker repair=repair_chuffed_long objective=191.0->191.0 accepted=True reward=+0.016
iter=12 time=45.447s destroy=destroy_worker repair=repair_chuffed_long objective=191.0->191.0 accepted=True reward=+0.016
iter=13 time=61.560s destroy=destroy_forbidden_sequences_30pct repair=repair_chuffed_long objective=191.0->191.0 accepted=True reward=+0.016
iter=14 time=64.019s destroy=destroy_worker repair=repair_chuffed_long objective=191.0->184.0 accepted=True reward=+10.383
iter=15 time=65.570s destroy=destroy_worker repair=repair_chuffed_long objective=184.0->175.0 accepted=True reward=+10.506
iter=16 time=66.915s destroy=destroy_worker repair=repair_chuffed_long objective=175.0->175.0 accepted=True reward=+0.017
iter=17 time=68.692s destroy=destroy_worker repair=repair_chuffed_long objective=175.0->168.0 accepted=True reward=+10.418
iter=18 time=70.659s destroy=destroy_worker repair=repair_chuffed_long objective=168.0->155.0 accepted=True reward=+10.793
iter=19 time=71.740s destroy=destroy_max_border_shift_3 repair=repair_chuffed_long objective=155.0->155.0 accepted=True reward=+0.019
iter=20 time=73.438s destroy=destroy_worker repair=repair_chuffed_long objective=155.0->146.0 accepted=True reward=+10.601
iter=21 time=74.902s destroy=destroy_worker repair=repair_chuffed_long objective=146.0->139.0 accepted=True reward=+10.501
iter=22 time=76.440s destroy=destroy_worker repair=repair_chuffed_long objective=139.0->139.0 accepted=True reward=+0.021
iter=23 time=92.440s destroy=destroy_max_border_off repair=repair_chuffed_long objective=139.0->125.0 accepted=True reward=+11.031
iter=24 time=93.899s destroy=destroy_worker repair=repair_chuffed_long objective=125.0->122.0 accepted=True reward=+10.264
iter=25 time=98.433s destroy=destroy_forbidden_sequences_30pct repair=repair_chuffed_long objective=122.0->96.0 accepted=True reward=+12.162
iter=26 time=114.453s destroy=destroy_worst_workers_10pct repair=repair_chuffed_long objective=96.0->107.0 accepted=False reward=+0.000
iter=27 time=115.878s destroy=destroy_worker repair=repair_chuffed_long objective=96.0->96.0 accepted=True reward=+0.031
iter=28 time=117.249s destroy=destroy_worker repair=repair_chuffed_fast objective=96.0->92.0 accepted=True reward=+10.449
iter=29 time=118.643s destroy=destroy_worker repair=repair_chuffed_long objective=92.0->86.0 accepted=True reward=+10.687
iter=30 time=120.032s destroy=destroy_worker repair=repair_chuffed_long objective=86.0->84.0 accepted=True reward=+10.268
iter=31 time=136.107s destroy=destroy_worst_workers_10pct repair=repair_chuffed_long objective=84.0->93.0 accepted=False reward=+0.000
iter=32 time=137.373s destroy=destroy_worker repair=repair_chuffed_long objective=84.0->84.0 accepted=True reward=+0.035
iter=33 time=138.635s destroy=destroy_worker repair=repair_chuffed_long objective=84.0->84.0 accepted=True reward=+0.035
iter=34 time=139.963s destroy=destroy_worker repair=repair_chuffed_long objective=84.0->77.0 accepted=True reward=+10.872
iter=35 time=141.337s destroy=destroy_max_border_off repair=repair_chuffed_long objective=77.0->70.0 accepted=True reward=+10.951
iter=36 time=142.575s destroy=destroy_worker repair=repair_chuffed_long objective=70.0->70.0 accepted=True reward=+0.042
iter=37 time=143.848s destroy=destroy_worker repair=repair_chuffed_long objective=70.0->70.0 accepted=True reward=+0.042
iter=38 time=145.112s destroy=destroy_worker repair=repair_chuffed_long objective=70.0->64.0 accepted=True reward=+10.903
iter=39 time=146.497s destroy=destroy_max_border_off repair=repair_chuffed_long objective=64.0->63.0 accepted=True reward=+10.203
iter=40 time=147.822s destroy=destroy_worker repair=repair_chuffed_long objective=63.0->63.0 accepted=True reward=+0.047
iter=41 time=163.933s destroy=destroy_worst_workers_10pct repair=repair_chuffed_long objective=63.0->78.0 accepted=False reward=+0.000
solved=False stop_time=163.933s reason=timeout
run_completed=True runtime=163.933s best_objective=63.0 current_objective=63.0
