algorithm,instance,instance_index,seed,time_seconds,best_so_far_objective,best_so_far_gap_to_cp
ALNS-A,Example0,0,0,0.0,10.0,nan
ALNS-A,Example0,0,0,1.0,10.0,nan
ALNS-A,Example0,0,0,2.0,10.0,nan
ALNS-A,Example0,0,0,3.0,10.0,nan
ALNS-A,Example0,0,0,4.0,5.0,nan
ALNS-A,Example0,0,0,5.0,5.0,nan
ALNS-A,Example0,0,0,6.0,5.0,nan
ALNS-A,Example0,0,0,7.0,5.0,nan
ALNS-A,Example0,0,0,8.0,5.0,nan
ALNS-A,Example0,0,0,9.0,5.0,nan
ALNS-A,Example0,0,0,10.0,3.0,nan
ALNS-A,Example0,0,0,11.0,3.0,nan
ALNS-A,Example0,0,0,12.0,3.0,nan
ALNS-A,Example0,0,0,13.0,3.0,nan
ALNS-A,Example0,0,0,14.0,3.0,nan
ALNS-A,Example0,0,0,15.0,3.0,nan
ALNS-A,Example0,0,0,16.0,3.0,nan
ALNS-A,Example0,0,0,17.0,3.0,nan
ALNS-A,Example0,0,0,18.0,3.0,nan
ALNS-A,Example0,0,0,19.0,3.0,nan
ALNS-A,Example0,0,0,20.0,3.0,nan
ALNS-A,Example0,0,0,21.0,3.0,nan
ALNS-A,Example0,0,0,22.0,3.0,nan
ALNS-A,Example0,0,0,23.0,3.0,nan
ALNS-A,Example0,0,0,24.0,3.0,nan
ALNS-A,Example0,0,0,25.0,3.0,nan
ALNS-A,Example0,0,0,26.0,3.0,nan
ALNS-A,Example0,0,0,27.0,3.0,nan
ALNS-A,Example0,0,0,28.0,3.0,nan
ALNS-A,Example0,0,0,29.0,3.0,nan
ALNS-A,Example0,0,0,30.0,3.0,nan
ALNS-A,Example0,0,0,31.0,3.0,nan
ALNS-A,Example0,0,0,32.0,3.0,nan
ALNS-A,Example0,0,0,33.0,3.0,nan
ALNS-A,Example0,0,0,34.0,3.0,nan
ALNS-A,Example0,0,0,35.0,3.0,nan
ALNS-A,Example0,0,0,36.0,3.0,nan
ALNS-A,Example0,0,0,37.0,3.0,nan
ALNS-A,Example0,0,0,38.0,3.0,nan
ALNS-A,Example0,0,0,39.0,3.0,nan
ALNS-A,Example0,0,0,40.0,3.0,nan
ALNS-A,Example0,0,0,41.0,3.0,nan
ALNS-A,Example0,0,0,42.0,3.0,nan
ALNS-A,Example0,0,0,43.0,3.0,nan
ALNS-A,Example0,0,0,44.0,3.0,nan
ALNS-A,Example0,0,0,45.0,3.0,nan
ALNS-A,Example0,0,0,46.0,2.0,nan
ALNS-A,Example0,0,0,47.0,1.0,nan
ALNS-A,Example0,0,0,48.0,1.0,nan
ALNS-A,Example0,0,0,49.0,1.0,nan
ALNS-A,Example0,0,0,50.0,1.0,nan
ALNS-A,Example0,0,0,51.0,1.0,nan
ALNS-A,Example0,0,0,52.0,1.0,nan
ALNS-A,Example0,0,0,53.0,1.0,nan
ALNS-A,Example0,0,0,54.0,1.0,nan
ALNS-A,Example0,0,0,55.0,1.0,nan
ALNS-A,Example0,0,0,56.0,1.0,nan
ALNS-A,Example0,0,0,57.0,1.0,nan
ALNS-A,Example0,0,0,58.0,1.0,nan
ALNS-A,Example0,0,0,59.0,1.0,nan
ALNS-A,Example0,0,0,60.0,1.0,nan
ALNS-A,Example0,0,0,61.0,1.0,nan
ALNS-A,Example0,0,0,62.0,1.0,nan
ALNS-A,Example0,0,0,63.0,0.0,nan
ALNS-A,Example0,0,0,64.0,0.0,nan
ALNS-A,Example0,0,0,65.0,0.0,nan
ALNS-A,Example0,0,0,66.0,0.0,nan
ALNS-A,Example0,0,0,67.0,0.0,nan
ALNS-A,Example0,0,0,68.0,0.0,nan
ALNS-A,Example0,0,0,69.0,0.0,nan
ALNS-A,Example0,0,0,70.0,0.0,nan
ALNS-A,Example0,0,0,71.0,0.0,nan
ALNS-A,Example0,0,0,72.0,0.0,nan
ALNS-A,Example0,0,0,73.0,0.0,nan
ALNS-A,Example0,0,0,74.0,0.0,nan
ALNS-A,Example0,0,0,75.0,0.0,nan
ALNS-A,Example0,0,0,76.0,0.0,nan
ALNS-A,Example0,0,0,77.0,0.0,nan
ALNS-A,Example0,0,0,78.0,0.0,nan
ALNS-A,Example0,0,0,79.0,0.0,nan
ALNS-A,Example0,0,0,80.0,0.0,nan
ALNS-A,Example0,0,0,81.0,0.0,nan
ALNS-A,Example0,0,0,82.0,0.0,nan
ALNS-A,Example0,0,0,83.0,0.0,nan
ALNS-A,Example0,0,0,84.0,0.0,nan
ALNS-A,Example0,0,0,85.0,0.0,nan
ALNS-A,Example0,0,0,86.0,0.0,nan
ALNS-A,Example0,0,0,87.0,0.0,nan
ALNS-A,Example0,0,0,88.0,0.0,nan
ALNS-A,Example0,0,0,89.0,0.0,nan
ALNS-A,Example0,0,0,90.0,0.0,nan
ALNS-A,Example0,0,0,91.0,0.0,nan
ALNS-A,Example0,0,0,92.0,0.0,nan
ALNS-A,Example0,0,0,93.0,0.0,nan
ALNS-A,Example0,0,0,94.0,0.0,nan
ALNS-A,Example0,0,0,95.0,0.0,nan
ALNS-A,Example0,0,0,96.0,0.0,nan
ALNS-A,Example0,0,0,97.0,0.0,nan
ALNS-A,Example0,0,0,98.0,0.0,nan
ALNS-A,Example0,0,0,99.0,0.0,nan
ALNS-A,Example0,0,0,100.0,0.0,nan
ALNS-A,Example0,0,0,101.0,0.0,nan
ALNS-A,Example0,0,0,102.0,0.0,nan
ALNS-A,Example0,0,0,103.0,0.0,nan
ALNS-A,Example0,0,0,104.0,0.0,nan
ALNS-A,Example0,0,0,105.0,0.0,nan
ALNS-A,Example0,0,0,106.0,0.0,nan
ALNS-A,Example0,0,0,107.0,0.0,nan
ALNS-A,Example0,0,0,108.0,0.0,nan
ALNS-A,Example0,0,0,109.0,0.0,nan
ALNS-A,Example0,0,0,110.0,0.0,nan
ALNS-A,Example0,0,0,111.0,0.0,nan
ALNS-A,Example0,0,0,112.0,0.0,nan
ALNS-A,Example0,0,0,113.0,0.0,nan
ALNS-A,Example0,0,0,114.0,0.0,nan
ALNS-A,Example0,0,0,115.0,0.0,nan
ALNS-A,Example0,0,0,116.0,0.0,nan
ALNS-A,Example0,0,0,117.0,0.0,nan
ALNS-A,Example0,0,0,118.0,0.0,nan
ALNS-A,Example0,0,0,119.0,0.0,nan
ALNS-A,Example0,0,0,120.0,0.0,nan
ALNS-A,Example0,0,0,121.0,0.0,nan
ALNS-A,Example0,0,0,122.0,0.0,nan
ALNS-A,Example0,0,0,123.0,0.0,nan
ALNS-A,Example0,0,0,124.0,0.0,nan
ALNS-A,Example0,0,0,125.0,0.0,nan
ALNS-A,Example0,0,0,126.0,0.0,nan
ALNS-A,Example0,0,0,127.0,0.0,nan
ALNS-A,Example0,0,0,128.0,0.0,nan
ALNS-A,Example0,0,0,129.0,0.0,nan
ALNS-A,Example0,0,0,130.0,0.0,nan
ALNS-A,Example0,0,0,131.0,0.0,nan
ALNS-A,Example0,0,0,132.0,0.0,nan
ALNS-A,Example0,0,0,133.0,0.0,nan
ALNS-A,Example0,0,0,134.0,0.0,nan
ALNS-A,Example0,0,0,135.0,0.0,nan
ALNS-A,Example0,0,0,136.0,0.0,nan
ALNS-A,Example0,0,0,137.0,0.0,nan
ALNS-A,Example0,0,0,138.0,0.0,nan
ALNS-A,Example0,0,0,139.0,0.0,nan
ALNS-A,Example0,0,0,140.0,0.0,nan
ALNS-A,Example0,0,0,141.0,0.0,nan
ALNS-A,Example0,0,0,142.0,0.0,nan
ALNS-A,Example0,0,0,143.0,0.0,nan
ALNS-A,Example0,0,0,144.0,0.0,nan
ALNS-A,Example0,0,0,145.0,0.0,nan
ALNS-A,Example0,0,0,146.0,0.0,nan
ALNS-A,Example0,0,0,147.0,0.0,nan
ALNS-A,Example0,0,0,148.0,0.0,nan
ALNS-A,Example0,0,0,149.0,0.0,nan
ALNS-A,Example0,0,0,150.0,0.0,nan
ALNS-A,Example0,0,0,151.0,0.0,nan
ALNS-A,Example0,0,0,152.0,0.0,nan
ALNS-A,Example0,0,0,153.0,0.0,nan
ALNS-A,Example0,0,0,154.0,0.0,nan
ALNS-A,Example0,0,0,155.0,0.0,nan
ALNS-A,Example0,0,0,156.0,0.0,nan
ALNS-A,Example0,0,0,157.0,0.0,nan
ALNS-A,Example0,0,0,158.0,0.0,nan
ALNS-A,Example0,0,0,159.0,0.0,nan
ALNS-A,Example0,0,0,160.0,0.0,nan
ALNS-A,Example0,0,0,161.0,0.0,nan
ALNS-A,Example0,0,0,162.0,0.0,nan
ALNS-A,Example0,0,0,163.0,0.0,nan
ALNS-A,Example0,0,0,164.0,0.0,nan
ALNS-A,Example0,0,0,165.0,0.0,nan
ALNS-A,Example0,0,0,166.0,0.0,nan
ALNS-A,Example0,0,0,167.0,0.0,nan
ALNS-A,Example0,0,0,168.0,0.0,nan
ALNS-A,Example0,0,0,169.0,0.0,nan
ALNS-A,Example0,0,0,170.0,0.0,nan
ALNS-A,Example0,0,0,171.0,0.0,nan
ALNS-A,Example0,0,0,172.0,0.0,nan
ALNS-A,Example0,0,0,173.0,0.0,nan
ALNS-A,Example0,0,0,174.0,0.0,nan
ALNS-A,Example0,0,0,175.0,0.0,nan
ALNS-A,Example0,0,0,176.0,0.0,nan
ALNS-A,Example0,0,0,177.0,0.0,nan
ALNS-A,Example0,0,0,178.0,0.0,nan
ALNS-A,Example0,0,0,179.0,0.0,nan
ALNS-A,Example0,0,0,180.0,0.0,nan
ALNS-A,Example0,0,0,181.0,0.0,nan
ALNS-A,Example0,0,0,182.0,0.0,nan
ALNS-A,Example0,0,0,183.0,0.0,nan
ALNS-A,Example0,0,0,184.0,0.0,nan
ALNS-A,Example0,0,0,185.0,0.0,nan
ALNS-A,Example0,0,0,186.0,0.0,nan
ALNS-A,Example0,0,0,187.0,0.0,nan
ALNS-A,Example0,0,0,188.0,0.0,nan
ALNS-A,Example0,0,0,189.0,0.0,nan
ALNS-A,Example0,0,0,190.0,0.0,nan
ALNS-A,Example0,0,0,191.0,0.0,nan
ALNS-A,Example0,0,0,192.0,0.0,nan
ALNS-A,Example0,0,0,193.0,0.0,nan
ALNS-A,Example0,0,0,194.0,0.0,nan
ALNS-A,Example0,0,0,195.0,0.0,nan
ALNS-A,Example0,0,0,196.0,0.0,nan
ALNS-A,Example0,0,0,197.0,0.0,nan
ALNS-A,Example0,0,0,198.0,0.0,nan
ALNS-A,Example0,0,0,199.0,0.0,nan
ALNS-A,Example0,0,0,200.0,0.0,nan
ALNS-A,Example0,0,0,201.0,0.0,nan
ALNS-A,Example0,0,0,202.0,0.0,nan
ALNS-A,Example0,0,0,203.0,0.0,nan
ALNS-A,Example0,0,0,204.0,0.0,nan
ALNS-A,Example0,0,0,205.0,0.0,nan
ALNS-A,Example0,0,0,206.0,0.0,nan
ALNS-A,Example0,0,0,207.0,0.0,nan
ALNS-A,Example0,0,0,208.0,0.0,nan
ALNS-A,Example0,0,0,209.0,0.0,nan
ALNS-A,Example0,0,0,210.0,0.0,nan
ALNS-A,Example0,0,0,211.0,0.0,nan
ALNS-A,Example0,0,0,212.0,0.0,nan
ALNS-A,Example0,0,0,213.0,0.0,nan
ALNS-A,Example0,0,0,214.0,0.0,nan
ALNS-A,Example0,0,0,215.0,0.0,nan
ALNS-A,Example0,0,0,216.0,0.0,nan
ALNS-A,Example0,0,0,217.0,0.0,nan
ALNS-A,Example0,0,0,218.0,0.0,nan
ALNS-A,Example0,0,0,219.0,0.0,nan
ALNS-A,Example0,0,0,220.0,0.0,nan
ALNS-A,Example0,0,0,221.0,0.0,nan
ALNS-A,Example0,0,0,222.0,0.0,nan
ALNS-A,Example0,0,0,223.0,0.0,nan
ALNS-A,Example0,0,0,224.0,0.0,nan
ALNS-A,Example0,0,0,225.0,0.0,nan
ALNS-A,Example0,0,0,226.0,0.0,nan
ALNS-A,Example0,0,0,227.0,0.0,nan
ALNS-A,Example0,0,0,228.0,0.0,nan
ALNS-A,Example0,0,0,229.0,0.0,nan
ALNS-A,Example0,0,0,230.0,0.0,nan
ALNS-A,Example0,0,0,231.0,0.0,nan
ALNS-A,Example0,0,0,232.0,0.0,nan
ALNS-A,Example0,0,0,233.0,0.0,nan
ALNS-A,Example0,0,0,234.0,0.0,nan
ALNS-A,Example0,0,0,235.0,0.0,nan
ALNS-A,Example0,0,0,236.0,0.0,nan
ALNS-A,Example0,0,0,237.0,0.0,nan
ALNS-A,Example0,0,0,238.0,0.0,nan
ALNS-A,Example0,0,0,239.0,0.0,nan
ALNS-A,Example0,0,0,240.0,0.0,nan
ALNS-A,Example0,0,0,241.0,0.0,nan
ALNS-A,Example0,0,0,242.0,0.0,nan
ALNS-A,Example0,0,0,243.0,0.0,nan
ALNS-A,Example0,0,0,244.0,0.0,nan
ALNS-A,Example0,0,0,245.0,0.0,nan
ALNS-A,Example0,0,0,246.0,0.0,nan
ALNS-A,Example0,0,0,247.0,0.0,nan
ALNS-A,Example0,0,0,248.0,0.0,nan
ALNS-A,Example0,0,0,249.0,0.0,nan
ALNS-A,Example0,0,0,250.0,0.0,nan
ALNS-A,Example0,0,0,251.0,0.0,nan
ALNS-A,Example0,0,0,252.0,0.0,nan
ALNS-A,Example0,0,0,253.0,0.0,nan
ALNS-A,Example0,0,0,254.0,0.0,nan
ALNS-A,Example0,0,0,255.0,0.0,nan
ALNS-A,Example0,0,0,256.0,0.0,nan
ALNS-A,Example0,0,0,257.0,0.0,nan
ALNS-A,Example0,0,0,258.0,0.0,nan
ALNS-A,Example0,0,0,259.0,0.0,nan
ALNS-A,Example0,0,0,260.0,0.0,nan
ALNS-A,Example0,0,0,261.0,0.0,nan
ALNS-A,Example0,0,0,262.0,0.0,nan
ALNS-A,Example0,0,0,263.0,0.0,nan
ALNS-A,Example0,0,0,264.0,0.0,nan
ALNS-A,Example0,0,0,265.0,0.0,nan
ALNS-A,Example0,0,0,266.0,0.0,nan
ALNS-A,Example0,0,0,267.0,0.0,nan
ALNS-A,Example0,0,0,268.0,0.0,nan
ALNS-A,Example0,0,0,269.0,0.0,nan
ALNS-A,Example0,0,0,270.0,0.0,nan
ALNS-A,Example0,0,0,271.0,0.0,nan
ALNS-A,Example0,0,0,272.0,0.0,nan
ALNS-A,Example0,0,0,273.0,0.0,nan
ALNS-A,Example0,0,1,0.0,7.0,nan
ALNS-A,Example0,0,1,1.0,7.0,nan
ALNS-A,Example0,0,1,2.0,5.0,nan
ALNS-A,Example0,0,1,3.0,5.0,nan
ALNS-A,Example0,0,1,4.0,3.0,nan
ALNS-A,Example0,0,1,5.0,3.0,nan
ALNS-A,Example0,0,1,6.0,3.0,nan
ALNS-A,Example0,0,1,7.0,3.0,nan
ALNS-A,Example0,0,1,8.0,3.0,nan
ALNS-A,Example0,0,1,9.0,3.0,nan
ALNS-A,Example0,0,1,10.0,3.0,nan
ALNS-A,Example0,0,1,11.0,3.0,nan
ALNS-A,Example0,0,1,12.0,3.0,nan
ALNS-A,Example0,0,1,13.0,3.0,nan
ALNS-A,Example0,0,1,14.0,3.0,nan
ALNS-A,Example0,0,1,15.0,3.0,nan
ALNS-A,Example0,0,1,16.0,3.0,nan
ALNS-A,Example0,0,1,17.0,3.0,nan
ALNS-A,Example0,0,1,18.0,3.0,nan
ALNS-A,Example0,0,1,19.0,3.0,nan
ALNS-A,Example0,0,1,20.0,3.0,nan
ALNS-A,Example0,0,1,21.0,3.0,nan
ALNS-A,Example0,0,1,22.0,3.0,nan
ALNS-A,Example0,0,1,23.0,3.0,nan
ALNS-A,Example0,0,1,24.0,3.0,nan
ALNS-A,Example0,0,1,25.0,3.0,nan
ALNS-A,Example0,0,1,26.0,3.0,nan
ALNS-A,Example0,0,1,27.0,3.0,nan
ALNS-A,Example0,0,1,28.0,3.0,nan
ALNS-A,Example0,0,1,29.0,3.0,nan
ALNS-A,Example0,0,1,30.0,3.0,nan
ALNS-A,Example0,0,1,31.0,2.0,nan
ALNS-A,Example0,0,1,32.0,2.0,nan
ALNS-A,Example0,0,1,33.0,2.0,nan
ALNS-A,Example0,0,1,34.0,2.0,nan
ALNS-A,Example0,0,1,35.0,2.0,nan
ALNS-A,Example0,0,1,36.0,2.0,nan
ALNS-A,Example0,0,1,37.0,2.0,nan
ALNS-A,Example0,0,1,38.0,1.0,nan
ALNS-A,Example0,0,1,39.0,1.0,nan
ALNS-A,Example0,0,1,40.0,1.0,nan
ALNS-A,Example0,0,1,41.0,1.0,nan
ALNS-A,Example0,0,1,42.0,1.0,nan
ALNS-A,Example0,0,1,43.0,1.0,nan
ALNS-A,Example0,0,1,44.0,1.0,nan
ALNS-A,Example0,0,1,45.0,1.0,nan
ALNS-A,Example0,0,1,46.0,1.0,nan
ALNS-A,Example0,0,1,47.0,1.0,nan
ALNS-A,Example0,0,1,48.0,1.0,nan
ALNS-A,Example0,0,1,49.0,1.0,nan
ALNS-A,Example0,0,1,50.0,1.0,nan
ALNS-A,Example0,0,1,51.0,1.0,nan
ALNS-A,Example0,0,1,52.0,1.0,nan
ALNS-A,Example0,0,1,53.0,1.0,nan
ALNS-A,Example0,0,1,54.0,1.0,nan
ALNS-A,Example0,0,1,55.0,1.0,nan
ALNS-A,Example0,0,1,56.0,1.0,nan
ALNS-A,Example0,0,1,57.0,1.0,nan
ALNS-A,Example0,0,1,58.0,1.0,nan
ALNS-A,Example0,0,1,59.0,1.0,nan
ALNS-A,Example0,0,1,60.0,1.0,nan
ALNS-A,Example0,0,1,61.0,1.0,nan
ALNS-A,Example0,0,1,62.0,1.0,nan
ALNS-A,Example0,0,1,63.0,1.0,nan
ALNS-A,Example0,0,1,64.0,1.0,nan
ALNS-A,Example0,0,1,65.0,1.0,nan
ALNS-A,Example0,0,1,66.0,1.0,nan
ALNS-A,Example0,0,1,67.0,1.0,nan
ALNS-A,Example0,0,1,68.0,1.0,nan
ALNS-A,Example0,0,1,69.0,1.0,nan
ALNS-A,Example0,0,1,70.0,1.0,nan
ALNS-A,Example0,0,1,71.0,1.0,nan
ALNS-A,Example0,0,1,72.0,1.0,nan
ALNS-A,Example0,0,1,73.0,1.0,nan
ALNS-A,Example0,0,1,74.0,1.0,nan
ALNS-A,Example0,0,1,75.0,1.0,nan
ALNS-A,Example0,0,1,76.0,1.0,nan
ALNS-A,Example0,0,1,77.0,1.0,nan
ALNS-A,Example0,0,1,78.0,1.0,nan
ALNS-A,Example0,0,1,79.0,1.0,nan
ALNS-A,Example0,0,1,80.0,1.0,nan
ALNS-A,Example0,0,1,81.0,0.0,nan
ALNS-A,Example0,0,1,82.0,0.0,nan
ALNS-A,Example0,0,1,83.0,0.0,nan
ALNS-A,Example0,0,1,84.0,0.0,nan
ALNS-A,Example0,0,1,85.0,0.0,nan
ALNS-A,Example0,0,1,86.0,0.0,nan
ALNS-A,Example0,0,1,87.0,0.0,nan
ALNS-A,Example0,0,1,88.0,0.0,nan
ALNS-A,Example0,0,1,89.0,0.0,nan
ALNS-A,Example0,0,1,90.0,0.0,nan
ALNS-A,Example0,0,1,91.0,0.0,nan
ALNS-A,Example0,0,1,92.0,0.0,nan
ALNS-A,Example0,0,1,93.0,0.0,nan
ALNS-A,Example0,0,1,94.0,0.0,nan
ALNS-A,Example0,0,1,95.0,0.0,nan
ALNS-A,Example0,0,1,96.0,0.0,nan
ALNS-A,Example0,0,1,97.0,0.0,nan
ALNS-A,Example0,0,1,98.0,0.0,nan
ALNS-A,Example0,0,1,99.0,0.0,nan
ALNS-A,Example0,0,1,100.0,0.0,nan
ALNS-A,Example0,0,1,101.0,0.0,nan
ALNS-A,Example0,0,1,102.0,0.0,nan
ALNS-A,Example0,0,1,103.0,0.0,nan
ALNS-A,Example0,0,1,104.0,0.0,nan
ALNS-A,Example0,0,1,105.0,0.0,nan
ALNS-A,Example0,0,1,106.0,0.0,nan
ALNS-A,Example0,0,1,107.0,0.0,nan
ALNS-A,Example0,0,1,108.0,0.0,nan
ALNS-A,Example0,0,1,109.0,0.0,nan
ALNS-A,Example0,0,1,110.0,0.0,nan
ALNS-A,Example0,0,1,111.0,0.0,nan
ALNS-A,Example0,0,1,112.0,0.0,nan
ALNS-A,Example0,0,1,113.0,0.0,nan
ALNS-A,Example0,0,1,114.0,0.0,nan
ALNS-A,Example0,0,1,115.0,0.0,nan
ALNS-A,Example0,0,1,116.0,0.0,nan
ALNS-A,Example0,0,1,117.0,0.0,nan
ALNS-A,Example0,0,1,118.0,0.0,nan
ALNS-A,Example0,0,1,119.0,0.0,nan
ALNS-A,Example0,0,1,120.0,0.0,nan
ALNS-A,Example0,0,1,121.0,0.0,nan
ALNS-A,Example0,0,1,122.0,0.0,nan
ALNS-A,Example0,0,1,123.0,0.0,nan
ALNS-A,Example0,0,1,124.0,0.0,nan
ALNS-A,Example0,0,1,125.0,0.0,nan
ALNS-A,Example0,0,1,126.0,0.0,nan
ALNS-A,Example0,0,1,127.0,0.0,nan
ALNS-A,Example0,0,1,128.0,0.0,nan
ALNS-A,Example0,0,1,129.0,0.0,nan
ALNS-A,Example0,0,1,130.0,0.0,nan
ALNS-A,Example0,0,1,131.0,0.0,nan
ALNS-A,Example0,0,1,132.0,0.0,nan
ALNS-A,Example0,0,1,133.0,0.0,nan
ALNS-A,Example0,0,1,134.0,0.0,nan
ALNS-A,Example0,0,1,135.0,0.0,nan
ALNS-A,Example0,0,1,136.0,0.0,nan
ALNS-A,Example0,0,1,137.0,0.0,nan
ALNS-A,Example0,0,1,138.0,0.0,nan
ALNS-A,Example0,0,1,139.0,0.0,nan
ALNS-A,Example0,0,1,140.0,0.0,nan
ALNS-A,Example0,0,1,141.0,0.0,nan
ALNS-A,Example0,0,1,142.0,0.0,nan
ALNS-A,Example0,0,1,143.0,0.0,nan
ALNS-A,Example0,0,1,144.0,0.0,nan
ALNS-A,Example0,0,1,145.0,0.0,nan
ALNS-A,Example0,0,1,146.0,0.0,nan
ALNS-A,Example0,0,1,147.0,0.0,nan
ALNS-A,Example0,0,1,148.0,0.0,nan
ALNS-A,Example0,0,1,149.0,0.0,nan
ALNS-A,Example0,0,1,150.0,0.0,nan
ALNS-A,Example0,0,1,151.0,0.0,nan
ALNS-A,Example0,0,1,152.0,0.0,nan
ALNS-A,Example0,0,1,153.0,0.0,nan
ALNS-A,Example0,0,1,154.0,0.0,nan
ALNS-A,Example0,0,1,155.0,0.0,nan
ALNS-A,Example0,0,1,156.0,0.0,nan
ALNS-A,Example0,0,1,157.0,0.0,nan
ALNS-A,Example0,0,1,158.0,0.0,nan
ALNS-A,Example0,0,1,159.0,0.0,nan
ALNS-A,Example0,0,1,160.0,0.0,nan
ALNS-A,Example0,0,1,161.0,0.0,nan
ALNS-A,Example0,0,1,162.0,0.0,nan
ALNS-A,Example0,0,1,163.0,0.0,nan
ALNS-A,Example0,0,1,164.0,0.0,nan
ALNS-A,Example0,0,1,165.0,0.0,nan
ALNS-A,Example0,0,1,166.0,0.0,nan
ALNS-A,Example0,0,1,167.0,0.0,nan
ALNS-A,Example0,0,1,168.0,0.0,nan
ALNS-A,Example0,0,1,169.0,0.0,nan
ALNS-A,Example0,0,1,170.0,0.0,nan
ALNS-A,Example0,0,1,171.0,0.0,nan
ALNS-A,Example0,0,1,172.0,0.0,nan
ALNS-A,Example0,0,1,173.0,0.0,nan
ALNS-A,Example0,0,1,174.0,0.0,nan
ALNS-A,Example0,0,1,175.0,0.0,nan
ALNS-A,Example0,0,1,176.0,0.0,nan
ALNS-A,Example0,0,1,177.0,0.0,nan
ALNS-A,Example0,0,1,178.0,0.0,nan
ALNS-A,Example0,0,1,179.0,0.0,nan
ALNS-A,Example0,0,1,180.0,0.0,nan
ALNS-A,Example0,0,1,181.0,0.0,nan
ALNS-A,Example0,0,1,182.0,0.0,nan
ALNS-A,Example0,0,1,183.0,0.0,nan
ALNS-A,Example0,0,1,184.0,0.0,nan
ALNS-A,Example0,0,1,185.0,0.0,nan
ALNS-A,Example0,0,1,186.0,0.0,nan
ALNS-A,Example0,0,1,187.0,0.0,nan
ALNS-A,Example0,0,1,188.0,0.0,nan
ALNS-A,Example0,0,1,189.0,0.0,nan
ALNS-A,Example0,0,1,190.0,0.0,nan
ALNS-A,Example0,0,1,191.0,0.0,nan
ALNS-A,Example0,0,1,192.0,0.0,nan
ALNS-A,Example0,0,1,193.0,0.0,nan
ALNS-A,Example0,0,1,194.0,0.0,nan
ALNS-A,Example0,0,1,195.0,0.0,nan
ALNS-A,Example0,0,1,196.0,0.0,nan
ALNS-A,Example0,0,1,197.0,0.0,nan
ALNS-A,Example0,0,1,198.0,0.0,nan
ALNS-A,Example0,0,1,199.0,0.0,nan
ALNS-A,Example0,0,1,200.0,0.0,nan
ALNS-A,Example0,0,1,201.0,0.0,nan
ALNS-A,Example0,0,1,202.0,0.0,nan
ALNS-A,Example0,0,1,203.0,0.0,nan
ALNS-A,Example0,0,1,204.0,0.0,nan
ALNS-A,Example0,0,1,205.0,0.0,nan
ALNS-A,Example0,0,1,206.0,0.0,nan
ALNS-A,Example0,0,1,207.0,0.0,nan
ALNS-A,Example0,0,1,208.0,0.0,nan
ALNS-A,Example0,0,1,209.0,0.0,nan
ALNS-A,Example0,0,1,210.0,0.0,nan
ALNS-A,Example0,0,1,211.0,0.0,nan
ALNS-A,Example0,0,1,212.0,0.0,nan
ALNS-A,Example0,0,1,213.0,0.0,nan
ALNS-A,Example0,0,1,214.0,0.0,nan
ALNS-A,Example0,0,1,215.0,0.0,nan
ALNS-A,Example0,0,1,216.0,0.0,nan
ALNS-A,Example0,0,1,217.0,0.0,nan
ALNS-A,Example0,0,1,218.0,0.0,nan
ALNS-A,Example0,0,1,219.0,0.0,nan
ALNS-A,Example0,0,1,220.0,0.0,nan
ALNS-A,Example0,0,1,221.0,0.0,nan
ALNS-A,Example0,0,1,222.0,0.0,nan
ALNS-A,Example0,0,1,223.0,0.0,nan
ALNS-A,Example0,0,1,224.0,0.0,nan
ALNS-A,Example0,0,1,225.0,0.0,nan
ALNS-A,Example0,0,1,226.0,0.0,nan
ALNS-A,Example0,0,1,227.0,0.0,nan
ALNS-A,Example0,0,1,228.0,0.0,nan
ALNS-A,Example0,0,1,229.0,0.0,nan
ALNS-A,Example0,0,1,230.0,0.0,nan
ALNS-A,Example0,0,1,231.0,0.0,nan
ALNS-A,Example0,0,1,232.0,0.0,nan
ALNS-A,Example0,0,1,233.0,0.0,nan
ALNS-A,Example0,0,1,234.0,0.0,nan
ALNS-A,Example0,0,1,235.0,0.0,nan
ALNS-A,Example0,0,1,236.0,0.0,nan
ALNS-A,Example0,0,1,237.0,0.0,nan
ALNS-A,Example0,0,1,238.0,0.0,nan
ALNS-A,Example0,0,1,239.0,0.0,nan
ALNS-A,Example0,0,1,240.0,0.0,nan
ALNS-A,Example0,0,1,241.0,0.0,nan
ALNS-A,Example0,0,1,242.0,0.0,nan
ALNS-A,Example0,0,1,243.0,0.0,nan
ALNS-A,Example0,0,1,244.0,0.0,nan
ALNS-A,Example0,0,1,245.0,0.0,nan
ALNS-A,Example0,0,1,246.0,0.0,nan
ALNS-A,Example0,0,1,247.0,0.0,nan
ALNS-A,Example0,0,1,248.0,0.0,nan
ALNS-A,Example0,0,1,249.0,0.0,nan
ALNS-A,Example0,0,1,250.0,0.0,nan
ALNS-A,Example0,0,1,251.0,0.0,nan
ALNS-A,Example0,0,1,252.0,0.0,nan
ALNS-A,Example0,0,1,253.0,0.0,nan
ALNS-A,Example0,0,1,254.0,0.0,nan
ALNS-A,Example0,0,1,255.0,0.0,nan
ALNS-A,Example0,0,1,256.0,0.0,nan
ALNS-A,Example0,0,1,257.0,0.0,nan
ALNS-A,Example0,0,1,258.0,0.0,nan
ALNS-A,Example0,0,1,259.0,0.0,nan
ALNS-A,Example0,0,1,260.0,0.0,nan
ALNS-A,Example0,0,1,261.0,0.0,nan
ALNS-A,Example0,0,1,262.0,0.0,nan
ALNS-A,Example0,0,1,263.0,0.0,nan
ALNS-A,Example0,0,1,264.0,0.0,nan
ALNS-A,Example0,0,1,265.0,0.0,nan
ALNS-A,Example0,0,1,266.0,0.0,nan
ALNS-A,Example0,0,1,267.0,0.0,nan
ALNS-A,Example0,0,1,268.0,0.0,nan
ALNS-A,Example0,0,1,269.0,0.0,nan
ALNS-A,Example0,0,1,270.0,0.0,nan
ALNS-A,Example0,0,1,271.0,0.0,nan
ALNS-A,Example0,0,1,272.0,0.0,nan
ALNS-A,Example0,0,1,273.0,0.0,nan
ALNS-A,Example0,0,2,0.0,10.0,nan
ALNS-A,Example0,0,2,1.0,10.0,nan
ALNS-A,Example0,0,2,2.0,10.0,nan
ALNS-A,Example0,0,2,3.0,8.0,nan
ALNS-A,Example0,0,2,4.0,8.0,nan
ALNS-A,Example0,0,2,5.0,8.0,nan
ALNS-A,Example0,0,2,6.0,8.0,nan
ALNS-A,Example0,0,2,7.0,8.0,nan
ALNS-A,Example0,0,2,8.0,8.0,nan
ALNS-A,Example0,0,2,9.0,8.0,nan
ALNS-A,Example0,0,2,10.0,8.0,nan
ALNS-A,Example0,0,2,11.0,8.0,nan
ALNS-A,Example0,0,2,12.0,8.0,nan
ALNS-A,Example0,0,2,13.0,8.0,nan
ALNS-A,Example0,0,2,14.0,8.0,nan
ALNS-A,Example0,0,2,15.0,8.0,nan
ALNS-A,Example0,0,2,16.0,8.0,nan
ALNS-A,Example0,0,2,17.0,8.0,nan
ALNS-A,Example0,0,2,18.0,8.0,nan
ALNS-A,Example0,0,2,19.0,8.0,nan
ALNS-A,Example0,0,2,20.0,6.0,nan
ALNS-A,Example0,0,2,21.0,6.0,nan
ALNS-A,Example0,0,2,22.0,6.0,nan
ALNS-A,Example0,0,2,23.0,6.0,nan
ALNS-A,Example0,0,2,24.0,6.0,nan
ALNS-A,Example0,0,2,25.0,6.0,nan
ALNS-A,Example0,0,2,26.0,6.0,nan
ALNS-A,Example0,0,2,27.0,6.0,nan
ALNS-A,Example0,0,2,28.0,6.0,nan
ALNS-A,Example0,0,2,29.0,6.0,nan
ALNS-A,Example0,0,2,30.0,6.0,nan
ALNS-A,Example0,0,2,31.0,6.0,nan
ALNS-A,Example0,0,2,32.0,6.0,nan
ALNS-A,Example0,0,2,33.0,6.0,nan
ALNS-A,Example0,0,2,34.0,6.0,nan
ALNS-A,Example0,0,2,35.0,6.0,nan
ALNS-A,Example0,0,2,36.0,6.0,nan
ALNS-A,Example0,0,2,37.0,6.0,nan
ALNS-A,Example0,0,2,38.0,6.0,nan
ALNS-A,Example0,0,2,39.0,5.0,nan
ALNS-A,Example0,0,2,40.0,4.0,nan
ALNS-A,Example0,0,2,41.0,1.0,nan
ALNS-A,Example0,0,2,42.0,1.0,nan
ALNS-A,Example0,0,2,43.0,0.0,nan
ALNS-A,Example0,0,2,44.0,0.0,nan
ALNS-A,Example0,0,2,45.0,0.0,nan
ALNS-A,Example0,0,2,46.0,0.0,nan
ALNS-A,Example0,0,2,47.0,0.0,nan
ALNS-A,Example0,0,2,48.0,0.0,nan
ALNS-A,Example0,0,2,49.0,0.0,nan
ALNS-A,Example0,0,2,50.0,0.0,nan
ALNS-A,Example0,0,2,51.0,0.0,nan
ALNS-A,Example0,0,2,52.0,0.0,nan
ALNS-A,Example0,0,2,53.0,0.0,nan
ALNS-A,Example0,0,2,54.0,0.0,nan
ALNS-A,Example0,0,2,55.0,0.0,nan
ALNS-A,Example0,0,2,56.0,0.0,nan
ALNS-A,Example0,0,2,57.0,0.0,nan
ALNS-A,Example0,0,2,58.0,0.0,nan
ALNS-A,Example0,0,2,59.0,0.0,nan
ALNS-A,Example0,0,2,60.0,0.0,nan
ALNS-A,Example0,0,2,61.0,0.0,nan
ALNS-A,Example0,0,2,62.0,0.0,nan
ALNS-A,Example0,0,2,63.0,0.0,nan
ALNS-A,Example0,0,2,64.0,0.0,nan
ALNS-A,Example0,0,2,65.0,0.0,nan
ALNS-A,Example0,0,2,66.0,0.0,nan
ALNS-A,Example0,0,2,67.0,0.0,nan
ALNS-A,Example0,0,2,68.0,0.0,nan
ALNS-A,Example0,0,2,69.0,0.0,nan
ALNS-A,Example0,0,2,70.0,0.0,nan
ALNS-A,Example0,0,2,71.0,0.0,nan
ALNS-A,Example0,0,2,72.0,0.0,nan
ALNS-A,Example0,0,2,73.0,0.0,nan
ALNS-A,Example0,0,2,74.0,0.0,nan
ALNS-A,Example0,0,2,75.0,0.0,nan
ALNS-A,Example0,0,2,76.0,0.0,nan
ALNS-A,Example0,0,2,77.0,0.0,nan
ALNS-A,Example0,0,2,78.0,0.0,nan
ALNS-A,Example0,0,2,79.0,0.0,nan
ALNS-A,Example0,0,2,80.0,0.0,nan
ALNS-A,Example0,0,2,81.0,0.0,nan
ALNS-A,Example0,0,2,82.0,0.0,nan
ALNS-A,Example0,0,2,83.0,0.0,nan
ALNS-A,Example0,0,2,84.0,0.0,nan
ALNS-A,Example0,0,2,85.0,0.0,nan
ALNS-A,Example0,0,2,86.0,0.0,nan
ALNS-A,Example0,0,2,87.0,0.0,nan
ALNS-A,Example0,0,2,88.0,0.0,nan
ALNS-A,Example0,0,2,89.0,0.0,nan
ALNS-A,Example0,0,2,90.0,0.0,nan
ALNS-A,Example0,0,2,91.0,0.0,nan
ALNS-A,Example0,0,2,92.0,0.0,nan
ALNS-A,Example0,0,2,93.0,0.0,nan
ALNS-A,Example0,0,2,94.0,0.0,nan
ALNS-A,Example0,0,2,95.0,0.0,nan
ALNS-A,Example0,0,2,96.0,0.0,nan
ALNS-A,Example0,0,2,97.0,0.0,nan
ALNS-A,Example0,0,2,98.0,0.0,nan
ALNS-A,Example0,0,2,99.0,0.0,nan
ALNS-A,Example0,0,2,100.0,0.0,nan
ALNS-A,Example0,0,2,101.0,0.0,nan
ALNS-A,Example0,0,2,102.0,0.0,nan
ALNS-A,Example0,0,2,103.0,0.0,nan
ALNS-A,Example0,0,2,104.0,0.0,nan
ALNS-A,Example0,0,2,105.0,0.0,nan
ALNS-A,Example0,0,2,106.0,0.0,nan
ALNS-A,Example0,0,2,107.0,0.0,nan
ALNS-A,Example0,0,2,108.0,0.0,nan
ALNS-A,Example0,0,2,109.0,0.0,nan
ALNS-A,Example0,0,2,110.0,0.0,nan
ALNS-A,Example0,0,2,111.0,0.0,nan
ALNS-A,Example0,0,2,112.0,0.0,nan
ALNS-A,Example0,0,2,113.0,0.0,nan
ALNS-A,Example0,0,2,114.0,0.0,nan
ALNS-A,Example0,0,2,115.0,0.0,nan
ALNS-A,Example0,0,2,116.0,0.0,nan
ALNS-A,Example0,0,2,117.0,0.0,nan
ALNS-A,Example0,0,2,118.0,0.0,nan
ALNS-A,Example0,0,2,119.0,0.0,nan
ALNS-A,Example0,0,2,120.0,0.0,nan
ALNS-A,Example0,0,2,121.0,0.0,nan
ALNS-A,Example0,0,2,122.0,0.0,nan
ALNS-A,Example0,0,2,123.0,0.0,nan
ALNS-A,Example0,0,2,124.0,0.0,nan
ALNS-A,Example0,0,2,125.0,0.0,nan
ALNS-A,Example0,0,2,126.0,0.0,nan
ALNS-A,Example0,0,2,127.0,0.0,nan
ALNS-A,Example0,0,2,128.0,0.0,nan
ALNS-A,Example0,0,2,129.0,0.0,nan
ALNS-A,Example0,0,2,130.0,0.0,nan
ALNS-A,Example0,0,2,131.0,0.0,nan
ALNS-A,Example0,0,2,132.0,0.0,nan
ALNS-A,Example0,0,2,133.0,0.0,nan
ALNS-A,Example0,0,2,134.0,0.0,nan
ALNS-A,Example0,0,2,135.0,0.0,nan
ALNS-A,Example0,0,2,136.0,0.0,nan
ALNS-A,Example0,0,2,137.0,0.0,nan
ALNS-A,Example0,0,2,138.0,0.0,nan
ALNS-A,Example0,0,2,139.0,0.0,nan
ALNS-A,Example0,0,2,140.0,0.0,nan
ALNS-A,Example0,0,2,141.0,0.0,nan
ALNS-A,Example0,0,2,142.0,0.0,nan
ALNS-A,Example0,0,2,143.0,0.0,nan
ALNS-A,Example0,0,2,144.0,0.0,nan
ALNS-A,Example0,0,2,145.0,0.0,nan
ALNS-A,Example0,0,2,146.0,0.0,nan
ALNS-A,Example0,0,2,147.0,0.0,nan
ALNS-A,Example0,0,2,148.0,0.0,nan
ALNS-A,Example0,0,2,149.0,0.0,nan
ALNS-A,Example0,0,2,150.0,0.0,nan
ALNS-A,Example0,0,2,151.0,0.0,nan
ALNS-A,Example0,0,2,152.0,0.0,nan
ALNS-A,Example0,0,2,153.0,0.0,nan
ALNS-A,Example0,0,2,154.0,0.0,nan
ALNS-A,Example0,0,2,155.0,0.0,nan
ALNS-A,Example0,0,2,156.0,0.0,nan
ALNS-A,Example0,0,2,157.0,0.0,nan
ALNS-A,Example0,0,2,158.0,0.0,nan
ALNS-A,Example0,0,2,159.0,0.0,nan
ALNS-A,Example0,0,2,160.0,0.0,nan
ALNS-A,Example0,0,2,161.0,0.0,nan
ALNS-A,Example0,0,2,162.0,0.0,nan
ALNS-A,Example0,0,2,163.0,0.0,nan
ALNS-A,Example0,0,2,164.0,0.0,nan
ALNS-A,Example0,0,2,165.0,0.0,nan
ALNS-A,Example0,0,2,166.0,0.0,nan
ALNS-A,Example0,0,2,167.0,0.0,nan
ALNS-A,Example0,0,2,168.0,0.0,nan
ALNS-A,Example0,0,2,169.0,0.0,nan
ALNS-A,Example0,0,2,170.0,0.0,nan
ALNS-A,Example0,0,2,171.0,0.0,nan
ALNS-A,Example0,0,2,172.0,0.0,nan
ALNS-A,Example0,0,2,173.0,0.0,nan
ALNS-A,Example0,0,2,174.0,0.0,nan
ALNS-A,Example0,0,2,175.0,0.0,nan
ALNS-A,Example0,0,2,176.0,0.0,nan
ALNS-A,Example0,0,2,177.0,0.0,nan
ALNS-A,Example0,0,2,178.0,0.0,nan
ALNS-A,Example0,0,2,179.0,0.0,nan
ALNS-A,Example0,0,2,180.0,0.0,nan
ALNS-A,Example0,0,2,181.0,0.0,nan
ALNS-A,Example0,0,2,182.0,0.0,nan
ALNS-A,Example0,0,2,183.0,0.0,nan
ALNS-A,Example0,0,2,184.0,0.0,nan
ALNS-A,Example0,0,2,185.0,0.0,nan
ALNS-A,Example0,0,2,186.0,0.0,nan
ALNS-A,Example0,0,2,187.0,0.0,nan
ALNS-A,Example0,0,2,188.0,0.0,nan
ALNS-A,Example0,0,2,189.0,0.0,nan
ALNS-A,Example0,0,2,190.0,0.0,nan
ALNS-A,Example0,0,2,191.0,0.0,nan
ALNS-A,Example0,0,2,192.0,0.0,nan
ALNS-A,Example0,0,2,193.0,0.0,nan
ALNS-A,Example0,0,2,194.0,0.0,nan
ALNS-A,Example0,0,2,195.0,0.0,nan
ALNS-A,Example0,0,2,196.0,0.0,nan
ALNS-A,Example0,0,2,197.0,0.0,nan
ALNS-A,Example0,0,2,198.0,0.0,nan
ALNS-A,Example0,0,2,199.0,0.0,nan
ALNS-A,Example0,0,2,200.0,0.0,nan
ALNS-A,Example0,0,2,201.0,0.0,nan
ALNS-A,Example0,0,2,202.0,0.0,nan
ALNS-A,Example0,0,2,203.0,0.0,nan
ALNS-A,Example0,0,2,204.0,0.0,nan
ALNS-A,Example0,0,2,205.0,0.0,nan
ALNS-A,Example0,0,2,206.0,0.0,nan
ALNS-A,Example0,0,2,207.0,0.0,nan
ALNS-A,Example0,0,2,208.0,0.0,nan
ALNS-A,Example0,0,2,209.0,0.0,nan
ALNS-A,Example0,0,2,210.0,0.0,nan
ALNS-A,Example0,0,2,211.0,0.0,nan
ALNS-A,Example0,0,2,212.0,0.0,nan
ALNS-A,Example0,0,2,213.0,0.0,nan
ALNS-A,Example0,0,2,214.0,0.0,nan
ALNS-A,Example0,0,2,215.0,0.0,nan
ALNS-A,Example0,0,2,216.0,0.0,nan
ALNS-A,Example0,0,2,217.0,0.0,nan
ALNS-A,Example0,0,2,218.0,0.0,nan
ALNS-A,Example0,0,2,219.0,0.0,nan
ALNS-A,Example0,0,2,220.0,0.0,nan
ALNS-A,Example0,0,2,221.0,0.0,nan
ALNS-A,Example0,0,2,222.0,0.0,nan
ALNS-A,Example0,0,2,223.0,0.0,nan
ALNS-A,Example0,0,2,224.0,0.0,nan
ALNS-A,Example0,0,2,225.0,0.0,nan
ALNS-A,Example0,0,2,226.0,0.0,nan
ALNS-A,Example0,0,2,227.0,0.0,nan
ALNS-A,Example0,0,2,228.0,0.0,nan
ALNS-A,Example0,0,2,229.0,0.0,nan
ALNS-A,Example0,0,2,230.0,0.0,nan
ALNS-A,Example0,0,2,231.0,0.0,nan
ALNS-A,Example0,0,2,232.0,0.0,nan
ALNS-A,Example0,0,2,233.0,0.0,nan
ALNS-A,Example0,0,2,234.0,0.0,nan
ALNS-A,Example0,0,2,235.0,0.0,nan
ALNS-A,Example0,0,2,236.0,0.0,nan
ALNS-A,Example0,0,2,237.0,0.0,nan
ALNS-A,Example0,0,2,238.0,0.0,nan
ALNS-A,Example0,0,2,239.0,0.0,nan
ALNS-A,Example0,0,2,240.0,0.0,nan
ALNS-A,Example0,0,2,241.0,0.0,nan
ALNS-A,Example0,0,2,242.0,0.0,nan
ALNS-A,Example0,0,2,243.0,0.0,nan
ALNS-A,Example0,0,2,244.0,0.0,nan
ALNS-A,Example0,0,2,245.0,0.0,nan
ALNS-A,Example0,0,2,246.0,0.0,nan
ALNS-A,Example0,0,2,247.0,0.0,nan
ALNS-A,Example0,0,2,248.0,0.0,nan
ALNS-A,Example0,0,2,249.0,0.0,nan
ALNS-A,Example0,0,2,250.0,0.0,nan
ALNS-A,Example0,0,2,251.0,0.0,nan
ALNS-A,Example0,0,2,252.0,0.0,nan
ALNS-A,Example0,0,2,253.0,0.0,nan
ALNS-A,Example0,0,2,254.0,0.0,nan
ALNS-A,Example0,0,2,255.0,0.0,nan
ALNS-A,Example0,0,2,256.0,0.0,nan
ALNS-A,Example0,0,2,257.0,0.0,nan
ALNS-A,Example0,0,2,258.0,0.0,nan
ALNS-A,Example0,0,2,259.0,0.0,nan
ALNS-A,Example0,0,2,260.0,0.0,nan
ALNS-A,Example0,0,2,261.0,0.0,nan
ALNS-A,Example0,0,2,262.0,0.0,nan
ALNS-A,Example0,0,2,263.0,0.0,nan
ALNS-A,Example0,0,2,264.0,0.0,nan
ALNS-A,Example0,0,2,265.0,0.0,nan
ALNS-A,Example0,0,2,266.0,0.0,nan
ALNS-A,Example0,0,2,267.0,0.0,nan
ALNS-A,Example0,0,2,268.0,0.0,nan
ALNS-A,Example0,0,2,269.0,0.0,nan
ALNS-A,Example0,0,2,270.0,0.0,nan
ALNS-A,Example0,0,2,271.0,0.0,nan
ALNS-A,Example0,0,2,272.0,0.0,nan
ALNS-A,Example0,0,2,273.0,0.0,nan
ALNS-A,Example1,1,0,0.0,20.0,nan
ALNS-A,Example1,1,0,1.0,20.0,nan
ALNS-A,Example1,1,0,2.0,20.0,nan
ALNS-A,Example1,1,0,3.0,20.0,nan
ALNS-A,Example1,1,0,4.0,20.0,nan
ALNS-A,Example1,1,0,5.0,20.0,nan
ALNS-A,Example1,1,0,6.0,20.0,nan
ALNS-A,Example1,1,0,7.0,20.0,nan
ALNS-A,Example1,1,0,8.0,20.0,nan
ALNS-A,Example1,1,0,9.0,20.0,nan
ALNS-A,Example1,1,0,10.0,20.0,nan
ALNS-A,Example1,1,0,11.0,20.0,nan
ALNS-A,Example1,1,0,12.0,20.0,nan
ALNS-A,Example1,1,0,13.0,20.0,nan
ALNS-A,Example1,1,0,14.0,20.0,nan
ALNS-A,Example1,1,0,15.0,20.0,nan
ALNS-A,Example1,1,0,16.0,20.0,nan
ALNS-A,Example1,1,0,17.0,20.0,nan
ALNS-A,Example1,1,0,18.0,15.0,nan
ALNS-A,Example1,1,0,19.0,15.0,nan
ALNS-A,Example1,1,0,20.0,15.0,nan
ALNS-A,Example1,1,0,21.0,15.0,nan
ALNS-A,Example1,1,0,22.0,15.0,nan
ALNS-A,Example1,1,0,23.0,15.0,nan
ALNS-A,Example1,1,0,24.0,15.0,nan
ALNS-A,Example1,1,0,25.0,15.0,nan
ALNS-A,Example1,1,0,26.0,15.0,nan
ALNS-A,Example1,1,0,27.0,15.0,nan
ALNS-A,Example1,1,0,28.0,15.0,nan
ALNS-A,Example1,1,0,29.0,15.0,nan
ALNS-A,Example1,1,0,30.0,15.0,nan
ALNS-A,Example1,1,0,31.0,9.0,nan
ALNS-A,Example1,1,0,32.0,9.0,nan
ALNS-A,Example1,1,0,33.0,9.0,nan
ALNS-A,Example1,1,0,34.0,9.0,nan
ALNS-A,Example1,1,0,35.0,9.0,nan
ALNS-A,Example1,1,0,36.0,9.0,nan
ALNS-A,Example1,1,0,37.0,9.0,nan
ALNS-A,Example1,1,0,38.0,9.0,nan
ALNS-A,Example1,1,0,39.0,9.0,nan
ALNS-A,Example1,1,0,40.0,9.0,nan
ALNS-A,Example1,1,0,41.0,9.0,nan
ALNS-A,Example1,1,0,42.0,9.0,nan
ALNS-A,Example1,1,0,43.0,9.0,nan
ALNS-A,Example1,1,0,44.0,9.0,nan
ALNS-A,Example1,1,0,45.0,9.0,nan
ALNS-A,Example1,1,0,46.0,9.0,nan
ALNS-A,Example1,1,0,47.0,9.0,nan
ALNS-A,Example1,1,0,48.0,9.0,nan
ALNS-A,Example1,1,0,49.0,9.0,nan
ALNS-A,Example1,1,0,50.0,9.0,nan
ALNS-A,Example1,1,0,51.0,9.0,nan
ALNS-A,Example1,1,0,52.0,9.0,nan
ALNS-A,Example1,1,0,53.0,9.0,nan
ALNS-A,Example1,1,0,54.0,7.0,nan
ALNS-A,Example1,1,0,55.0,7.0,nan
ALNS-A,Example1,1,0,56.0,7.0,nan
ALNS-A,Example1,1,0,57.0,5.0,nan
ALNS-A,Example1,1,0,58.0,5.0,nan
ALNS-A,Example1,1,0,59.0,5.0,nan
ALNS-A,Example1,1,0,60.0,5.0,nan
ALNS-A,Example1,1,0,61.0,5.0,nan
ALNS-A,Example1,1,0,62.0,5.0,nan
ALNS-A,Example1,1,0,63.0,5.0,nan
ALNS-A,Example1,1,0,64.0,5.0,nan
ALNS-A,Example1,1,0,65.0,5.0,nan
ALNS-A,Example1,1,0,66.0,5.0,nan
ALNS-A,Example1,1,0,67.0,5.0,nan
ALNS-A,Example1,1,0,68.0,5.0,nan
ALNS-A,Example1,1,0,69.0,5.0,nan
ALNS-A,Example1,1,0,70.0,5.0,nan
ALNS-A,Example1,1,0,71.0,5.0,nan
ALNS-A,Example1,1,0,72.0,5.0,nan
ALNS-A,Example1,1,0,73.0,5.0,nan
ALNS-A,Example1,1,0,74.0,5.0,nan
ALNS-A,Example1,1,0,75.0,5.0,nan
ALNS-A,Example1,1,0,76.0,5.0,nan
ALNS-A,Example1,1,0,77.0,5.0,nan
ALNS-A,Example1,1,0,78.0,4.0,nan
ALNS-A,Example1,1,0,79.0,3.0,nan
ALNS-A,Example1,1,0,80.0,3.0,nan
ALNS-A,Example1,1,0,81.0,3.0,nan
ALNS-A,Example1,1,0,82.0,3.0,nan
ALNS-A,Example1,1,0,83.0,3.0,nan
ALNS-A,Example1,1,0,84.0,3.0,nan
ALNS-A,Example1,1,0,85.0,3.0,nan
ALNS-A,Example1,1,0,86.0,2.0,nan
ALNS-A,Example1,1,0,87.0,2.0,nan
ALNS-A,Example1,1,0,88.0,2.0,nan
ALNS-A,Example1,1,0,89.0,1.0,nan
ALNS-A,Example1,1,0,90.0,1.0,nan
ALNS-A,Example1,1,0,91.0,1.0,nan
ALNS-A,Example1,1,0,92.0,1.0,nan
ALNS-A,Example1,1,0,93.0,1.0,nan
ALNS-A,Example1,1,0,94.0,1.0,nan
ALNS-A,Example1,1,0,95.0,1.0,nan
ALNS-A,Example1,1,0,96.0,1.0,nan
ALNS-A,Example1,1,0,97.0,1.0,nan
ALNS-A,Example1,1,0,98.0,1.0,nan
ALNS-A,Example1,1,0,99.0,1.0,nan
ALNS-A,Example1,1,0,100.0,1.0,nan
ALNS-A,Example1,1,0,101.0,1.0,nan
ALNS-A,Example1,1,0,102.0,1.0,nan
ALNS-A,Example1,1,0,103.0,1.0,nan
ALNS-A,Example1,1,0,104.0,1.0,nan
ALNS-A,Example1,1,0,105.0,1.0,nan
ALNS-A,Example1,1,0,106.0,1.0,nan
ALNS-A,Example1,1,0,107.0,1.0,nan
ALNS-A,Example1,1,0,108.0,1.0,nan
ALNS-A,Example1,1,0,109.0,1.0,nan
ALNS-A,Example1,1,0,110.0,1.0,nan
ALNS-A,Example1,1,0,111.0,1.0,nan
ALNS-A,Example1,1,0,112.0,0.0,nan
ALNS-A,Example1,1,0,113.0,0.0,nan
ALNS-A,Example1,1,0,114.0,0.0,nan
ALNS-A,Example1,1,0,115.0,0.0,nan
ALNS-A,Example1,1,0,116.0,0.0,nan
ALNS-A,Example1,1,0,117.0,0.0,nan
ALNS-A,Example1,1,0,118.0,0.0,nan
ALNS-A,Example1,1,0,119.0,0.0,nan
ALNS-A,Example1,1,0,120.0,0.0,nan
ALNS-A,Example1,1,0,121.0,0.0,nan
ALNS-A,Example1,1,0,122.0,0.0,nan
ALNS-A,Example1,1,0,123.0,0.0,nan
ALNS-A,Example1,1,0,124.0,0.0,nan
ALNS-A,Example1,1,0,125.0,0.0,nan
ALNS-A,Example1,1,0,126.0,0.0,nan
ALNS-A,Example1,1,0,127.0,0.0,nan
ALNS-A,Example1,1,0,128.0,0.0,nan
ALNS-A,Example1,1,0,129.0,0.0,nan
ALNS-A,Example1,1,0,130.0,0.0,nan
ALNS-A,Example1,1,0,131.0,0.0,nan
ALNS-A,Example1,1,0,132.0,0.0,nan
ALNS-A,Example1,1,0,133.0,0.0,nan
ALNS-A,Example1,1,0,134.0,0.0,nan
ALNS-A,Example1,1,0,135.0,0.0,nan
ALNS-A,Example1,1,0,136.0,0.0,nan
ALNS-A,Example1,1,0,137.0,0.0,nan
ALNS-A,Example1,1,0,138.0,0.0,nan
ALNS-A,Example1,1,0,139.0,0.0,nan
ALNS-A,Example1,1,0,140.0,0.0,nan
ALNS-A,Example1,1,0,141.0,0.0,nan
ALNS-A,Example1,1,0,142.0,0.0,nan
ALNS-A,Example1,1,0,143.0,0.0,nan
ALNS-A,Example1,1,0,144.0,0.0,nan
ALNS-A,Example1,1,0,145.0,0.0,nan
ALNS-A,Example1,1,0,146.0,0.0,nan
ALNS-A,Example1,1,0,147.0,0.0,nan
ALNS-A,Example1,1,0,148.0,0.0,nan
ALNS-A,Example1,1,0,149.0,0.0,nan
ALNS-A,Example1,1,0,150.0,0.0,nan
ALNS-A,Example1,1,0,151.0,0.0,nan
ALNS-A,Example1,1,0,152.0,0.0,nan
ALNS-A,Example1,1,0,153.0,0.0,nan
ALNS-A,Example1,1,0,154.0,0.0,nan
ALNS-A,Example1,1,0,155.0,0.0,nan
ALNS-A,Example1,1,0,156.0,0.0,nan
ALNS-A,Example1,1,0,157.0,0.0,nan
ALNS-A,Example1,1,0,158.0,0.0,nan
ALNS-A,Example1,1,0,159.0,0.0,nan
ALNS-A,Example1,1,0,160.0,0.0,nan
ALNS-A,Example1,1,0,161.0,0.0,nan
ALNS-A,Example1,1,0,162.0,0.0,nan
ALNS-A,Example1,1,0,163.0,0.0,nan
ALNS-A,Example1,1,0,164.0,0.0,nan
ALNS-A,Example1,1,0,165.0,0.0,nan
ALNS-A,Example1,1,0,166.0,0.0,nan
ALNS-A,Example1,1,0,167.0,0.0,nan
ALNS-A,Example1,1,0,168.0,0.0,nan
ALNS-A,Example1,1,0,169.0,0.0,nan
ALNS-A,Example1,1,0,170.0,0.0,nan
ALNS-A,Example1,1,0,171.0,0.0,nan
ALNS-A,Example1,1,0,172.0,0.0,nan
ALNS-A,Example1,1,0,173.0,0.0,nan
ALNS-A,Example1,1,0,174.0,0.0,nan
ALNS-A,Example1,1,0,175.0,0.0,nan
ALNS-A,Example1,1,0,176.0,0.0,nan
ALNS-A,Example1,1,0,177.0,0.0,nan
ALNS-A,Example1,1,0,178.0,0.0,nan
ALNS-A,Example1,1,0,179.0,0.0,nan
ALNS-A,Example1,1,0,180.0,0.0,nan
ALNS-A,Example1,1,0,181.0,0.0,nan
ALNS-A,Example1,1,0,182.0,0.0,nan
ALNS-A,Example1,1,0,183.0,0.0,nan
ALNS-A,Example1,1,0,184.0,0.0,nan
ALNS-A,Example1,1,0,185.0,0.0,nan
ALNS-A,Example1,1,0,186.0,0.0,nan
ALNS-A,Example1,1,0,187.0,0.0,nan
ALNS-A,Example1,1,0,188.0,0.0,nan
ALNS-A,Example1,1,0,189.0,0.0,nan
ALNS-A,Example1,1,0,190.0,0.0,nan
ALNS-A,Example1,1,0,191.0,0.0,nan
ALNS-A,Example1,1,0,192.0,0.0,nan
ALNS-A,Example1,1,0,193.0,0.0,nan
ALNS-A,Example1,1,0,194.0,0.0,nan
ALNS-A,Example1,1,0,195.0,0.0,nan
ALNS-A,Example1,1,0,196.0,0.0,nan
ALNS-A,Example1,1,0,197.0,0.0,nan
ALNS-A,Example1,1,0,198.0,0.0,nan
ALNS-A,Example1,1,0,199.0,0.0,nan
ALNS-A,Example1,1,0,200.0,0.0,nan
ALNS-A,Example1,1,0,201.0,0.0,nan
ALNS-A,Example1,1,0,202.0,0.0,nan
ALNS-A,Example1,1,0,203.0,0.0,nan
ALNS-A,Example1,1,0,204.0,0.0,nan
ALNS-A,Example1,1,0,205.0,0.0,nan
ALNS-A,Example1,1,0,206.0,0.0,nan
ALNS-A,Example1,1,0,207.0,0.0,nan
ALNS-A,Example1,1,0,208.0,0.0,nan
ALNS-A,Example1,1,0,209.0,0.0,nan
ALNS-A,Example1,1,0,210.0,0.0,nan
ALNS-A,Example1,1,0,211.0,0.0,nan
ALNS-A,Example1,1,0,212.0,0.0,nan
ALNS-A,Example1,1,0,213.0,0.0,nan
ALNS-A,Example1,1,0,214.0,0.0,nan
ALNS-A,Example1,1,0,215.0,0.0,nan
ALNS-A,Example1,1,0,216.0,0.0,nan
ALNS-A,Example1,1,0,217.0,0.0,nan
ALNS-A,Example1,1,0,218.0,0.0,nan
ALNS-A,Example1,1,0,219.0,0.0,nan
ALNS-A,Example1,1,0,220.0,0.0,nan
ALNS-A,Example1,1,0,221.0,0.0,nan
ALNS-A,Example1,1,0,222.0,0.0,nan
ALNS-A,Example1,1,0,223.0,0.0,nan
ALNS-A,Example1,1,0,224.0,0.0,nan
ALNS-A,Example1,1,0,225.0,0.0,nan
ALNS-A,Example1,1,0,226.0,0.0,nan
ALNS-A,Example1,1,0,227.0,0.0,nan
ALNS-A,Example1,1,0,228.0,0.0,nan
ALNS-A,Example1,1,0,229.0,0.0,nan
ALNS-A,Example1,1,0,230.0,0.0,nan
ALNS-A,Example1,1,0,231.0,0.0,nan
ALNS-A,Example1,1,0,232.0,0.0,nan
ALNS-A,Example1,1,0,233.0,0.0,nan
ALNS-A,Example1,1,0,234.0,0.0,nan
ALNS-A,Example1,1,0,235.0,0.0,nan
ALNS-A,Example1,1,0,236.0,0.0,nan
ALNS-A,Example1,1,0,237.0,0.0,nan
ALNS-A,Example1,1,0,238.0,0.0,nan
ALNS-A,Example1,1,0,239.0,0.0,nan
ALNS-A,Example1,1,0,240.0,0.0,nan
ALNS-A,Example1,1,0,241.0,0.0,nan
ALNS-A,Example1,1,0,242.0,0.0,nan
ALNS-A,Example1,1,0,243.0,0.0,nan
ALNS-A,Example1,1,0,244.0,0.0,nan
ALNS-A,Example1,1,0,245.0,0.0,nan
ALNS-A,Example1,1,0,246.0,0.0,nan
ALNS-A,Example1,1,0,247.0,0.0,nan
ALNS-A,Example1,1,0,248.0,0.0,nan
ALNS-A,Example1,1,0,249.0,0.0,nan
ALNS-A,Example1,1,0,250.0,0.0,nan
ALNS-A,Example1,1,0,251.0,0.0,nan
ALNS-A,Example1,1,0,252.0,0.0,nan
ALNS-A,Example1,1,0,253.0,0.0,nan
ALNS-A,Example1,1,0,254.0,0.0,nan
ALNS-A,Example1,1,0,255.0,0.0,nan
ALNS-A,Example1,1,0,256.0,0.0,nan
ALNS-A,Example1,1,0,257.0,0.0,nan
ALNS-A,Example1,1,0,258.0,0.0,nan
ALNS-A,Example1,1,0,259.0,0.0,nan
ALNS-A,Example1,1,0,260.0,0.0,nan
ALNS-A,Example1,1,0,261.0,0.0,nan
ALNS-A,Example1,1,0,262.0,0.0,nan
ALNS-A,Example1,1,0,263.0,0.0,nan
ALNS-A,Example1,1,0,264.0,0.0,nan
ALNS-A,Example1,1,0,265.0,0.0,nan
ALNS-A,Example1,1,0,266.0,0.0,nan
ALNS-A,Example1,1,0,267.0,0.0,nan
ALNS-A,Example1,1,0,268.0,0.0,nan
ALNS-A,Example1,1,0,269.0,0.0,nan
ALNS-A,Example1,1,0,270.0,0.0,nan
ALNS-A,Example1,1,0,271.0,0.0,nan
ALNS-A,Example1,1,0,272.0,0.0,nan
ALNS-A,Example1,1,0,273.0,0.0,nan
ALNS-A,Example1,1,1,0.0,19.0,nan
ALNS-A,Example1,1,1,1.0,19.0,nan
ALNS-A,Example1,1,1,2.0,15.0,nan
ALNS-A,Example1,1,1,3.0,15.0,nan
ALNS-A,Example1,1,1,4.0,15.0,nan
ALNS-A,Example1,1,1,5.0,15.0,nan
ALNS-A,Example1,1,1,6.0,15.0,nan
ALNS-A,Example1,1,1,7.0,15.0,nan
ALNS-A,Example1,1,1,8.0,15.0,nan
ALNS-A,Example1,1,1,9.0,15.0,nan
ALNS-A,Example1,1,1,10.0,15.0,nan
ALNS-A,Example1,1,1,11.0,13.0,nan
ALNS-A,Example1,1,1,12.0,11.0,nan
ALNS-A,Example1,1,1,13.0,11.0,nan
ALNS-A,Example1,1,1,14.0,11.0,nan
ALNS-A,Example1,1,1,15.0,8.0,nan
ALNS-A,Example1,1,1,16.0,6.0,nan
ALNS-A,Example1,1,1,17.0,6.0,nan
ALNS-A,Example1,1,1,18.0,6.0,nan
ALNS-A,Example1,1,1,19.0,6.0,nan
ALNS-A,Example1,1,1,20.0,6.0,nan
ALNS-A,Example1,1,1,21.0,6.0,nan
ALNS-A,Example1,1,1,22.0,6.0,nan
ALNS-A,Example1,1,1,23.0,6.0,nan
ALNS-A,Example1,1,1,24.0,6.0,nan
ALNS-A,Example1,1,1,25.0,6.0,nan
ALNS-A,Example1,1,1,26.0,6.0,nan
ALNS-A,Example1,1,1,27.0,6.0,nan
ALNS-A,Example1,1,1,28.0,6.0,nan
ALNS-A,Example1,1,1,29.0,5.0,nan
ALNS-A,Example1,1,1,30.0,5.0,nan
ALNS-A,Example1,1,1,31.0,4.0,nan
ALNS-A,Example1,1,1,32.0,4.0,nan
ALNS-A,Example1,1,1,33.0,4.0,nan
ALNS-A,Example1,1,1,34.0,4.0,nan
ALNS-A,Example1,1,1,35.0,4.0,nan
ALNS-A,Example1,1,1,36.0,4.0,nan
ALNS-A,Example1,1,1,37.0,4.0,nan
ALNS-A,Example1,1,1,38.0,4.0,nan
ALNS-A,Example1,1,1,39.0,4.0,nan
ALNS-A,Example1,1,1,40.0,4.0,nan
ALNS-A,Example1,1,1,41.0,4.0,nan
ALNS-A,Example1,1,1,42.0,4.0,nan
ALNS-A,Example1,1,1,43.0,4.0,nan
ALNS-A,Example1,1,1,44.0,4.0,nan
ALNS-A,Example1,1,1,45.0,4.0,nan
ALNS-A,Example1,1,1,46.0,4.0,nan
ALNS-A,Example1,1,1,47.0,4.0,nan
ALNS-A,Example1,1,1,48.0,4.0,nan
ALNS-A,Example1,1,1,49.0,4.0,nan
ALNS-A,Example1,1,1,50.0,4.0,nan
ALNS-A,Example1,1,1,51.0,4.0,nan
ALNS-A,Example1,1,1,52.0,4.0,nan
ALNS-A,Example1,1,1,53.0,4.0,nan
ALNS-A,Example1,1,1,54.0,4.0,nan
ALNS-A,Example1,1,1,55.0,4.0,nan
ALNS-A,Example1,1,1,56.0,4.0,nan
ALNS-A,Example1,1,1,57.0,4.0,nan
ALNS-A,Example1,1,1,58.0,4.0,nan
ALNS-A,Example1,1,1,59.0,4.0,nan
ALNS-A,Example1,1,1,60.0,4.0,nan
ALNS-A,Example1,1,1,61.0,4.0,nan
ALNS-A,Example1,1,1,62.0,4.0,nan
ALNS-A,Example1,1,1,63.0,4.0,nan
ALNS-A,Example1,1,1,64.0,4.0,nan
ALNS-A,Example1,1,1,65.0,4.0,nan
ALNS-A,Example1,1,1,66.0,4.0,nan
ALNS-A,Example1,1,1,67.0,4.0,nan
ALNS-A,Example1,1,1,68.0,4.0,nan
ALNS-A,Example1,1,1,69.0,4.0,nan
ALNS-A,Example1,1,1,70.0,4.0,nan
ALNS-A,Example1,1,1,71.0,4.0,nan
ALNS-A,Example1,1,1,72.0,4.0,nan
ALNS-A,Example1,1,1,73.0,4.0,nan
ALNS-A,Example1,1,1,74.0,4.0,nan
ALNS-A,Example1,1,1,75.0,4.0,nan
ALNS-A,Example1,1,1,76.0,4.0,nan
ALNS-A,Example1,1,1,77.0,4.0,nan
ALNS-A,Example1,1,1,78.0,4.0,nan
ALNS-A,Example1,1,1,79.0,4.0,nan
ALNS-A,Example1,1,1,80.0,4.0,nan
ALNS-A,Example1,1,1,81.0,3.0,nan
ALNS-A,Example1,1,1,82.0,3.0,nan
ALNS-A,Example1,1,1,83.0,3.0,nan
ALNS-A,Example1,1,1,84.0,3.0,nan
ALNS-A,Example1,1,1,85.0,3.0,nan
ALNS-A,Example1,1,1,86.0,3.0,nan
ALNS-A,Example1,1,1,87.0,3.0,nan
ALNS-A,Example1,1,1,88.0,3.0,nan
ALNS-A,Example1,1,1,89.0,3.0,nan
ALNS-A,Example1,1,1,90.0,3.0,nan
ALNS-A,Example1,1,1,91.0,3.0,nan
ALNS-A,Example1,1,1,92.0,3.0,nan
ALNS-A,Example1,1,1,93.0,3.0,nan
ALNS-A,Example1,1,1,94.0,3.0,nan
ALNS-A,Example1,1,1,95.0,3.0,nan
ALNS-A,Example1,1,1,96.0,3.0,nan
ALNS-A,Example1,1,1,97.0,3.0,nan
ALNS-A,Example1,1,1,98.0,3.0,nan
ALNS-A,Example1,1,1,99.0,3.0,nan
ALNS-A,Example1,1,1,100.0,3.0,nan
ALNS-A,Example1,1,1,101.0,3.0,nan
ALNS-A,Example1,1,1,102.0,3.0,nan
ALNS-A,Example1,1,1,103.0,3.0,nan
ALNS-A,Example1,1,1,104.0,3.0,nan
ALNS-A,Example1,1,1,105.0,3.0,nan
ALNS-A,Example1,1,1,106.0,3.0,nan
ALNS-A,Example1,1,1,107.0,3.0,nan
ALNS-A,Example1,1,1,108.0,3.0,nan
ALNS-A,Example1,1,1,109.0,3.0,nan
ALNS-A,Example1,1,1,110.0,3.0,nan
ALNS-A,Example1,1,1,111.0,3.0,nan
ALNS-A,Example1,1,1,112.0,3.0,nan
ALNS-A,Example1,1,1,113.0,3.0,nan
ALNS-A,Example1,1,1,114.0,3.0,nan
ALNS-A,Example1,1,1,115.0,3.0,nan
ALNS-A,Example1,1,1,116.0,3.0,nan
ALNS-A,Example1,1,1,117.0,3.0,nan
ALNS-A,Example1,1,1,118.0,3.0,nan
ALNS-A,Example1,1,1,119.0,3.0,nan
ALNS-A,Example1,1,1,120.0,3.0,nan
ALNS-A,Example1,1,1,121.0,3.0,nan
ALNS-A,Example1,1,1,122.0,3.0,nan
ALNS-A,Example1,1,1,123.0,3.0,nan
ALNS-A,Example1,1,1,124.0,3.0,nan
ALNS-A,Example1,1,1,125.0,3.0,nan
ALNS-A,Example1,1,1,126.0,3.0,nan
ALNS-A,Example1,1,1,127.0,3.0,nan
ALNS-A,Example1,1,1,128.0,3.0,nan
ALNS-A,Example1,1,1,129.0,3.0,nan
ALNS-A,Example1,1,1,130.0,3.0,nan
ALNS-A,Example1,1,1,131.0,3.0,nan
ALNS-A,Example1,1,1,132.0,3.0,nan
ALNS-A,Example1,1,1,133.0,2.0,nan
ALNS-A,Example1,1,1,134.0,2.0,nan
ALNS-A,Example1,1,1,135.0,2.0,nan
ALNS-A,Example1,1,1,136.0,2.0,nan
ALNS-A,Example1,1,1,137.0,2.0,nan
ALNS-A,Example1,1,1,138.0,2.0,nan
ALNS-A,Example1,1,1,139.0,2.0,nan
ALNS-A,Example1,1,1,140.0,2.0,nan
ALNS-A,Example1,1,1,141.0,2.0,nan
ALNS-A,Example1,1,1,142.0,2.0,nan
ALNS-A,Example1,1,1,143.0,2.0,nan
ALNS-A,Example1,1,1,144.0,2.0,nan
ALNS-A,Example1,1,1,145.0,2.0,nan
ALNS-A,Example1,1,1,146.0,2.0,nan
ALNS-A,Example1,1,1,147.0,2.0,nan
ALNS-A,Example1,1,1,148.0,2.0,nan
ALNS-A,Example1,1,1,149.0,2.0,nan
ALNS-A,Example1,1,1,150.0,2.0,nan
ALNS-A,Example1,1,1,151.0,2.0,nan
ALNS-A,Example1,1,1,152.0,2.0,nan
ALNS-A,Example1,1,1,153.0,2.0,nan
ALNS-A,Example1,1,1,154.0,2.0,nan
ALNS-A,Example1,1,1,155.0,2.0,nan
ALNS-A,Example1,1,1,156.0,2.0,nan
ALNS-A,Example1,1,1,157.0,2.0,nan
ALNS-A,Example1,1,1,158.0,2.0,nan
ALNS-A,Example1,1,1,159.0,2.0,nan
ALNS-A,Example1,1,1,160.0,2.0,nan
ALNS-A,Example1,1,1,161.0,2.0,nan
ALNS-A,Example1,1,1,162.0,2.0,nan
ALNS-A,Example1,1,1,163.0,2.0,nan
ALNS-A,Example1,1,1,164.0,2.0,nan
ALNS-A,Example1,1,1,165.0,2.0,nan
ALNS-A,Example1,1,1,166.0,2.0,nan
ALNS-A,Example1,1,1,167.0,2.0,nan
ALNS-A,Example1,1,1,168.0,2.0,nan
ALNS-A,Example1,1,1,169.0,2.0,nan
ALNS-A,Example1,1,1,170.0,2.0,nan
ALNS-A,Example1,1,1,171.0,2.0,nan
ALNS-A,Example1,1,1,172.0,2.0,nan
ALNS-A,Example1,1,1,173.0,2.0,nan
ALNS-A,Example1,1,1,174.0,2.0,nan
ALNS-A,Example1,1,1,175.0,2.0,nan
ALNS-A,Example1,1,1,176.0,2.0,nan
ALNS-A,Example1,1,1,177.0,2.0,nan
ALNS-A,Example1,1,1,178.0,2.0,nan
ALNS-A,Example1,1,1,179.0,2.0,nan
ALNS-A,Example1,1,1,180.0,2.0,nan
ALNS-A,Example1,1,1,181.0,2.0,nan
ALNS-A,Example1,1,1,182.0,2.0,nan
ALNS-A,Example1,1,1,183.0,2.0,nan
ALNS-A,Example1,1,1,184.0,2.0,nan
ALNS-A,Example1,1,1,185.0,2.0,nan
ALNS-A,Example1,1,1,186.0,2.0,nan
ALNS-A,Example1,1,1,187.0,2.0,nan
ALNS-A,Example1,1,1,188.0,2.0,nan
ALNS-A,Example1,1,1,189.0,2.0,nan
ALNS-A,Example1,1,1,190.0,2.0,nan
ALNS-A,Example1,1,1,191.0,2.0,nan
ALNS-A,Example1,1,1,192.0,2.0,nan
ALNS-A,Example1,1,1,193.0,2.0,nan
ALNS-A,Example1,1,1,194.0,2.0,nan
ALNS-A,Example1,1,1,195.0,2.0,nan
ALNS-A,Example1,1,1,196.0,2.0,nan
ALNS-A,Example1,1,1,197.0,2.0,nan
ALNS-A,Example1,1,1,198.0,2.0,nan
ALNS-A,Example1,1,1,199.0,2.0,nan
ALNS-A,Example1,1,1,200.0,2.0,nan
ALNS-A,Example1,1,1,201.0,2.0,nan
ALNS-A,Example1,1,1,202.0,2.0,nan
ALNS-A,Example1,1,1,203.0,2.0,nan
ALNS-A,Example1,1,1,204.0,2.0,nan
ALNS-A,Example1,1,1,205.0,2.0,nan
ALNS-A,Example1,1,1,206.0,2.0,nan
ALNS-A,Example1,1,1,207.0,2.0,nan
ALNS-A,Example1,1,1,208.0,2.0,nan
ALNS-A,Example1,1,1,209.0,2.0,nan
ALNS-A,Example1,1,1,210.0,2.0,nan
ALNS-A,Example1,1,1,211.0,2.0,nan
ALNS-A,Example1,1,1,212.0,2.0,nan
ALNS-A,Example1,1,1,213.0,2.0,nan
ALNS-A,Example1,1,1,214.0,2.0,nan
ALNS-A,Example1,1,1,215.0,2.0,nan
ALNS-A,Example1,1,1,216.0,2.0,nan
ALNS-A,Example1,1,1,217.0,2.0,nan
ALNS-A,Example1,1,1,218.0,2.0,nan
ALNS-A,Example1,1,1,219.0,2.0,nan
ALNS-A,Example1,1,1,220.0,2.0,nan
ALNS-A,Example1,1,1,221.0,2.0,nan
ALNS-A,Example1,1,1,222.0,2.0,nan
ALNS-A,Example1,1,1,223.0,2.0,nan
ALNS-A,Example1,1,1,224.0,2.0,nan
ALNS-A,Example1,1,1,225.0,2.0,nan
ALNS-A,Example1,1,1,226.0,2.0,nan
ALNS-A,Example1,1,1,227.0,2.0,nan
ALNS-A,Example1,1,1,228.0,2.0,nan
ALNS-A,Example1,1,1,229.0,2.0,nan
ALNS-A,Example1,1,1,230.0,2.0,nan
ALNS-A,Example1,1,1,231.0,2.0,nan
ALNS-A,Example1,1,1,232.0,2.0,nan
ALNS-A,Example1,1,1,233.0,2.0,nan
ALNS-A,Example1,1,1,234.0,2.0,nan
ALNS-A,Example1,1,1,235.0,2.0,nan
ALNS-A,Example1,1,1,236.0,2.0,nan
ALNS-A,Example1,1,1,237.0,2.0,nan
ALNS-A,Example1,1,1,238.0,2.0,nan
ALNS-A,Example1,1,1,239.0,2.0,nan
ALNS-A,Example1,1,1,240.0,2.0,nan
ALNS-A,Example1,1,1,241.0,2.0,nan
ALNS-A,Example1,1,1,242.0,2.0,nan
ALNS-A,Example1,1,1,243.0,2.0,nan
ALNS-A,Example1,1,1,244.0,2.0,nan
ALNS-A,Example1,1,1,245.0,2.0,nan
ALNS-A,Example1,1,1,246.0,2.0,nan
ALNS-A,Example1,1,1,247.0,2.0,nan
ALNS-A,Example1,1,1,248.0,2.0,nan
ALNS-A,Example1,1,1,249.0,2.0,nan
ALNS-A,Example1,1,1,250.0,2.0,nan
ALNS-A,Example1,1,1,251.0,2.0,nan
ALNS-A,Example1,1,1,252.0,2.0,nan
ALNS-A,Example1,1,1,253.0,2.0,nan
ALNS-A,Example1,1,1,254.0,2.0,nan
ALNS-A,Example1,1,1,255.0,2.0,nan
ALNS-A,Example1,1,1,256.0,2.0,nan
ALNS-A,Example1,1,1,257.0,2.0,nan
ALNS-A,Example1,1,1,258.0,2.0,nan
ALNS-A,Example1,1,1,259.0,2.0,nan
ALNS-A,Example1,1,1,260.0,2.0,nan
ALNS-A,Example1,1,1,261.0,2.0,nan
ALNS-A,Example1,1,1,262.0,2.0,nan
ALNS-A,Example1,1,1,263.0,2.0,nan
ALNS-A,Example1,1,1,264.0,2.0,nan
ALNS-A,Example1,1,1,265.0,2.0,nan
ALNS-A,Example1,1,1,266.0,2.0,nan
ALNS-A,Example1,1,1,267.0,2.0,nan
ALNS-A,Example1,1,1,268.0,2.0,nan
ALNS-A,Example1,1,1,269.0,2.0,nan
ALNS-A,Example1,1,1,270.0,2.0,nan
ALNS-A,Example1,1,1,271.0,2.0,nan
ALNS-A,Example1,1,1,272.0,2.0,nan
ALNS-A,Example1,1,1,273.0,2.0,nan
ALNS-A,Example1,1,2,0.0,21.0,nan
ALNS-A,Example1,1,2,1.0,21.0,nan
ALNS-A,Example1,1,2,2.0,21.0,nan
ALNS-A,Example1,1,2,3.0,21.0,nan
ALNS-A,Example1,1,2,4.0,21.0,nan
ALNS-A,Example1,1,2,5.0,21.0,nan
ALNS-A,Example1,1,2,6.0,21.0,nan
ALNS-A,Example1,1,2,7.0,21.0,nan
ALNS-A,Example1,1,2,8.0,21.0,nan
ALNS-A,Example1,1,2,9.0,21.0,nan
ALNS-A,Example1,1,2,10.0,21.0,nan
ALNS-A,Example1,1,2,11.0,21.0,nan
ALNS-A,Example1,1,2,12.0,21.0,nan
ALNS-A,Example1,1,2,13.0,12.0,nan
ALNS-A,Example1,1,2,14.0,12.0,nan
ALNS-A,Example1,1,2,15.0,12.0,nan
ALNS-A,Example1,1,2,16.0,12.0,nan
ALNS-A,Example1,1,2,17.0,12.0,nan
ALNS-A,Example1,1,2,18.0,12.0,nan
ALNS-A,Example1,1,2,19.0,12.0,nan
ALNS-A,Example1,1,2,20.0,12.0,nan
ALNS-A,Example1,1,2,21.0,12.0,nan
ALNS-A,Example1,1,2,22.0,10.0,nan
ALNS-A,Example1,1,2,23.0,10.0,nan
ALNS-A,Example1,1,2,24.0,8.0,nan
ALNS-A,Example1,1,2,25.0,5.0,nan
ALNS-A,Example1,1,2,26.0,5.0,nan
ALNS-A,Example1,1,2,27.0,5.0,nan
ALNS-A,Example1,1,2,28.0,5.0,nan
ALNS-A,Example1,1,2,29.0,5.0,nan
ALNS-A,Example1,1,2,30.0,5.0,nan
ALNS-A,Example1,1,2,31.0,5.0,nan
ALNS-A,Example1,1,2,32.0,5.0,nan
ALNS-A,Example1,1,2,33.0,5.0,nan
ALNS-A,Example1,1,2,34.0,5.0,nan
ALNS-A,Example1,1,2,35.0,4.0,nan
ALNS-A,Example1,1,2,36.0,4.0,nan
ALNS-A,Example1,1,2,37.0,4.0,nan
ALNS-A,Example1,1,2,38.0,4.0,nan
ALNS-A,Example1,1,2,39.0,3.0,nan
ALNS-A,Example1,1,2,40.0,3.0,nan
ALNS-A,Example1,1,2,41.0,3.0,nan
ALNS-A,Example1,1,2,42.0,3.0,nan
ALNS-A,Example1,1,2,43.0,3.0,nan
ALNS-A,Example1,1,2,44.0,3.0,nan
ALNS-A,Example1,1,2,45.0,3.0,nan
ALNS-A,Example1,1,2,46.0,3.0,nan
ALNS-A,Example1,1,2,47.0,3.0,nan
ALNS-A,Example1,1,2,48.0,3.0,nan
ALNS-A,Example1,1,2,49.0,3.0,nan
ALNS-A,Example1,1,2,50.0,3.0,nan
ALNS-A,Example1,1,2,51.0,3.0,nan
ALNS-A,Example1,1,2,52.0,3.0,nan
ALNS-A,Example1,1,2,53.0,3.0,nan
ALNS-A,Example1,1,2,54.0,3.0,nan
ALNS-A,Example1,1,2,55.0,3.0,nan
ALNS-A,Example1,1,2,56.0,3.0,nan
ALNS-A,Example1,1,2,57.0,3.0,nan
ALNS-A,Example1,1,2,58.0,3.0,nan
ALNS-A,Example1,1,2,59.0,3.0,nan
ALNS-A,Example1,1,2,60.0,3.0,nan
ALNS-A,Example1,1,2,61.0,3.0,nan
ALNS-A,Example1,1,2,62.0,3.0,nan
ALNS-A,Example1,1,2,63.0,3.0,nan
ALNS-A,Example1,1,2,64.0,3.0,nan
ALNS-A,Example1,1,2,65.0,3.0,nan
ALNS-A,Example1,1,2,66.0,3.0,nan
ALNS-A,Example1,1,2,67.0,3.0,nan
ALNS-A,Example1,1,2,68.0,3.0,nan
ALNS-A,Example1,1,2,69.0,3.0,nan
ALNS-A,Example1,1,2,70.0,3.0,nan
ALNS-A,Example1,1,2,71.0,3.0,nan
ALNS-A,Example1,1,2,72.0,3.0,nan
ALNS-A,Example1,1,2,73.0,3.0,nan
ALNS-A,Example1,1,2,74.0,3.0,nan
ALNS-A,Example1,1,2,75.0,3.0,nan
ALNS-A,Example1,1,2,76.0,3.0,nan
ALNS-A,Example1,1,2,77.0,3.0,nan
ALNS-A,Example1,1,2,78.0,3.0,nan
ALNS-A,Example1,1,2,79.0,3.0,nan
ALNS-A,Example1,1,2,80.0,3.0,nan
ALNS-A,Example1,1,2,81.0,3.0,nan
ALNS-A,Example1,1,2,82.0,3.0,nan
ALNS-A,Example1,1,2,83.0,3.0,nan
ALNS-A,Example1,1,2,84.0,3.0,nan
ALNS-A,Example1,1,2,85.0,3.0,nan
ALNS-A,Example1,1,2,86.0,3.0,nan
ALNS-A,Example1,1,2,87.0,3.0,nan
ALNS-A,Example1,1,2,88.0,3.0,nan
ALNS-A,Example1,1,2,89.0,3.0,nan
ALNS-A,Example1,1,2,90.0,3.0,nan
ALNS-A,Example1,1,2,91.0,3.0,nan
ALNS-A,Example1,1,2,92.0,3.0,nan
ALNS-A,Example1,1,2,93.0,3.0,nan
ALNS-A,Example1,1,2,94.0,3.0,nan
ALNS-A,Example1,1,2,95.0,3.0,nan
ALNS-A,Example1,1,2,96.0,3.0,nan
ALNS-A,Example1,1,2,97.0,3.0,nan
ALNS-A,Example1,1,2,98.0,3.0,nan
ALNS-A,Example1,1,2,99.0,3.0,nan
ALNS-A,Example1,1,2,100.0,3.0,nan
ALNS-A,Example1,1,2,101.0,3.0,nan
ALNS-A,Example1,1,2,102.0,3.0,nan
ALNS-A,Example1,1,2,103.0,3.0,nan
ALNS-A,Example1,1,2,104.0,3.0,nan
ALNS-A,Example1,1,2,105.0,3.0,nan
ALNS-A,Example1,1,2,106.0,3.0,nan
ALNS-A,Example1,1,2,107.0,3.0,nan
ALNS-A,Example1,1,2,108.0,3.0,nan
ALNS-A,Example1,1,2,109.0,3.0,nan
ALNS-A,Example1,1,2,110.0,3.0,nan
ALNS-A,Example1,1,2,111.0,3.0,nan
ALNS-A,Example1,1,2,112.0,3.0,nan
ALNS-A,Example1,1,2,113.0,3.0,nan
ALNS-A,Example1,1,2,114.0,3.0,nan
ALNS-A,Example1,1,2,115.0,3.0,nan
ALNS-A,Example1,1,2,116.0,3.0,nan
ALNS-A,Example1,1,2,117.0,3.0,nan
ALNS-A,Example1,1,2,118.0,3.0,nan
ALNS-A,Example1,1,2,119.0,3.0,nan
ALNS-A,Example1,1,2,120.0,3.0,nan
ALNS-A,Example1,1,2,121.0,3.0,nan
ALNS-A,Example1,1,2,122.0,3.0,nan
ALNS-A,Example1,1,2,123.0,3.0,nan
ALNS-A,Example1,1,2,124.0,3.0,nan
ALNS-A,Example1,1,2,125.0,3.0,nan
ALNS-A,Example1,1,2,126.0,3.0,nan
ALNS-A,Example1,1,2,127.0,3.0,nan
ALNS-A,Example1,1,2,128.0,3.0,nan
ALNS-A,Example1,1,2,129.0,3.0,nan
ALNS-A,Example1,1,2,130.0,3.0,nan
ALNS-A,Example1,1,2,131.0,3.0,nan
ALNS-A,Example1,1,2,132.0,3.0,nan
ALNS-A,Example1,1,2,133.0,3.0,nan
ALNS-A,Example1,1,2,134.0,3.0,nan
ALNS-A,Example1,1,2,135.0,3.0,nan
ALNS-A,Example1,1,2,136.0,3.0,nan
ALNS-A,Example1,1,2,137.0,3.0,nan
ALNS-A,Example1,1,2,138.0,3.0,nan
ALNS-A,Example1,1,2,139.0,3.0,nan
ALNS-A,Example1,1,2,140.0,2.0,nan
ALNS-A,Example1,1,2,141.0,2.0,nan
ALNS-A,Example1,1,2,142.0,2.0,nan
ALNS-A,Example1,1,2,143.0,2.0,nan
ALNS-A,Example1,1,2,144.0,2.0,nan
ALNS-A,Example1,1,2,145.0,2.0,nan
ALNS-A,Example1,1,2,146.0,1.0,nan
ALNS-A,Example1,1,2,147.0,1.0,nan
ALNS-A,Example1,1,2,148.0,1.0,nan
ALNS-A,Example1,1,2,149.0,1.0,nan
ALNS-A,Example1,1,2,150.0,1.0,nan
ALNS-A,Example1,1,2,151.0,1.0,nan
ALNS-A,Example1,1,2,152.0,1.0,nan
ALNS-A,Example1,1,2,153.0,1.0,nan
ALNS-A,Example1,1,2,154.0,1.0,nan
ALNS-A,Example1,1,2,155.0,1.0,nan
ALNS-A,Example1,1,2,156.0,1.0,nan
ALNS-A,Example1,1,2,157.0,0.0,nan
ALNS-A,Example1,1,2,158.0,0.0,nan
ALNS-A,Example1,1,2,159.0,0.0,nan
ALNS-A,Example1,1,2,160.0,0.0,nan
ALNS-A,Example1,1,2,161.0,0.0,nan
ALNS-A,Example1,1,2,162.0,0.0,nan
ALNS-A,Example1,1,2,163.0,0.0,nan
ALNS-A,Example1,1,2,164.0,0.0,nan
ALNS-A,Example1,1,2,165.0,0.0,nan
ALNS-A,Example1,1,2,166.0,0.0,nan
ALNS-A,Example1,1,2,167.0,0.0,nan
ALNS-A,Example1,1,2,168.0,0.0,nan
ALNS-A,Example1,1,2,169.0,0.0,nan
ALNS-A,Example1,1,2,170.0,0.0,nan
ALNS-A,Example1,1,2,171.0,0.0,nan
ALNS-A,Example1,1,2,172.0,0.0,nan
ALNS-A,Example1,1,2,173.0,0.0,nan
ALNS-A,Example1,1,2,174.0,0.0,nan
ALNS-A,Example1,1,2,175.0,0.0,nan
ALNS-A,Example1,1,2,176.0,0.0,nan
ALNS-A,Example1,1,2,177.0,0.0,nan
ALNS-A,Example1,1,2,178.0,0.0,nan
ALNS-A,Example1,1,2,179.0,0.0,nan
ALNS-A,Example1,1,2,180.0,0.0,nan
ALNS-A,Example1,1,2,181.0,0.0,nan
ALNS-A,Example1,1,2,182.0,0.0,nan
ALNS-A,Example1,1,2,183.0,0.0,nan
ALNS-A,Example1,1,2,184.0,0.0,nan
ALNS-A,Example1,1,2,185.0,0.0,nan
ALNS-A,Example1,1,2,186.0,0.0,nan
ALNS-A,Example1,1,2,187.0,0.0,nan
ALNS-A,Example1,1,2,188.0,0.0,nan
ALNS-A,Example1,1,2,189.0,0.0,nan
ALNS-A,Example1,1,2,190.0,0.0,nan
ALNS-A,Example1,1,2,191.0,0.0,nan
ALNS-A,Example1,1,2,192.0,0.0,nan
ALNS-A,Example1,1,2,193.0,0.0,nan
ALNS-A,Example1,1,2,194.0,0.0,nan
ALNS-A,Example1,1,2,195.0,0.0,nan
ALNS-A,Example1,1,2,196.0,0.0,nan
ALNS-A,Example1,1,2,197.0,0.0,nan
ALNS-A,Example1,1,2,198.0,0.0,nan
ALNS-A,Example1,1,2,199.0,0.0,nan
ALNS-A,Example1,1,2,200.0,0.0,nan
ALNS-A,Example1,1,2,201.0,0.0,nan
ALNS-A,Example1,1,2,202.0,0.0,nan
ALNS-A,Example1,1,2,203.0,0.0,nan
ALNS-A,Example1,1,2,204.0,0.0,nan
ALNS-A,Example1,1,2,205.0,0.0,nan
ALNS-A,Example1,1,2,206.0,0.0,nan
ALNS-A,Example1,1,2,207.0,0.0,nan
ALNS-A,Example1,1,2,208.0,0.0,nan
ALNS-A,Example1,1,2,209.0,0.0,nan
ALNS-A,Example1,1,2,210.0,0.0,nan
ALNS-A,Example1,1,2,211.0,0.0,nan
ALNS-A,Example1,1,2,212.0,0.0,nan
ALNS-A,Example1,1,2,213.0,0.0,nan
ALNS-A,Example1,1,2,214.0,0.0,nan
ALNS-A,Example1,1,2,215.0,0.0,nan
ALNS-A,Example1,1,2,216.0,0.0,nan
ALNS-A,Example1,1,2,217.0,0.0,nan
ALNS-A,Example1,1,2,218.0,0.0,nan
ALNS-A,Example1,1,2,219.0,0.0,nan
ALNS-A,Example1,1,2,220.0,0.0,nan
ALNS-A,Example1,1,2,221.0,0.0,nan
ALNS-A,Example1,1,2,222.0,0.0,nan
ALNS-A,Example1,1,2,223.0,0.0,nan
ALNS-A,Example1,1,2,224.0,0.0,nan
ALNS-A,Example1,1,2,225.0,0.0,nan
ALNS-A,Example1,1,2,226.0,0.0,nan
ALNS-A,Example1,1,2,227.0,0.0,nan
ALNS-A,Example1,1,2,228.0,0.0,nan
ALNS-A,Example1,1,2,229.0,0.0,nan
ALNS-A,Example1,1,2,230.0,0.0,nan
ALNS-A,Example1,1,2,231.0,0.0,nan
ALNS-A,Example1,1,2,232.0,0.0,nan
ALNS-A,Example1,1,2,233.0,0.0,nan
ALNS-A,Example1,1,2,234.0,0.0,nan
ALNS-A,Example1,1,2,235.0,0.0,nan
ALNS-A,Example1,1,2,236.0,0.0,nan
ALNS-A,Example1,1,2,237.0,0.0,nan
ALNS-A,Example1,1,2,238.0,0.0,nan
ALNS-A,Example1,1,2,239.0,0.0,nan
ALNS-A,Example1,1,2,240.0,0.0,nan
ALNS-A,Example1,1,2,241.0,0.0,nan
ALNS-A,Example1,1,2,242.0,0.0,nan
ALNS-A,Example1,1,2,243.0,0.0,nan
ALNS-A,Example1,1,2,244.0,0.0,nan
ALNS-A,Example1,1,2,245.0,0.0,nan
ALNS-A,Example1,1,2,246.0,0.0,nan
ALNS-A,Example1,1,2,247.0,0.0,nan
ALNS-A,Example1,1,2,248.0,0.0,nan
ALNS-A,Example1,1,2,249.0,0.0,nan
ALNS-A,Example1,1,2,250.0,0.0,nan
ALNS-A,Example1,1,2,251.0,0.0,nan
ALNS-A,Example1,1,2,252.0,0.0,nan
ALNS-A,Example1,1,2,253.0,0.0,nan
ALNS-A,Example1,1,2,254.0,0.0,nan
ALNS-A,Example1,1,2,255.0,0.0,nan
ALNS-A,Example1,1,2,256.0,0.0,nan
ALNS-A,Example1,1,2,257.0,0.0,nan
ALNS-A,Example1,1,2,258.0,0.0,nan
ALNS-A,Example1,1,2,259.0,0.0,nan
ALNS-A,Example1,1,2,260.0,0.0,nan
ALNS-A,Example1,1,2,261.0,0.0,nan
ALNS-A,Example1,1,2,262.0,0.0,nan
ALNS-A,Example1,1,2,263.0,0.0,nan
ALNS-A,Example1,1,2,264.0,0.0,nan
ALNS-A,Example1,1,2,265.0,0.0,nan
ALNS-A,Example1,1,2,266.0,0.0,nan
ALNS-A,Example1,1,2,267.0,0.0,nan
ALNS-A,Example1,1,2,268.0,0.0,nan
ALNS-A,Example1,1,2,269.0,0.0,nan
ALNS-A,Example1,1,2,270.0,0.0,nan
ALNS-A,Example1,1,2,271.0,0.0,nan
ALNS-A,Example1,1,2,272.0,0.0,nan
ALNS-A,Example1,1,2,273.0,0.0,nan
ALNS-A,Example2,2,0,0.0,61.0,nan
ALNS-A,Example2,2,0,1.0,61.0,nan
ALNS-A,Example2,2,0,2.0,61.0,nan
ALNS-A,Example2,2,0,3.0,61.0,nan
ALNS-A,Example2,2,0,4.0,61.0,nan
ALNS-A,Example2,2,0,5.0,61.0,nan
ALNS-A,Example2,2,0,6.0,61.0,nan
ALNS-A,Example2,2,0,7.0,61.0,nan
ALNS-A,Example2,2,0,8.0,61.0,nan
ALNS-A,Example2,2,0,9.0,61.0,nan
ALNS-A,Example2,2,0,10.0,61.0,nan
ALNS-A,Example2,2,0,11.0,61.0,nan
ALNS-A,Example2,2,0,12.0,61.0,nan
ALNS-A,Example2,2,0,13.0,61.0,nan
ALNS-A,Example2,2,0,14.0,61.0,nan
ALNS-A,Example2,2,0,15.0,61.0,nan
ALNS-A,Example2,2,0,16.0,61.0,nan
ALNS-A,Example2,2,0,17.0,60.0,nan
ALNS-A,Example2,2,0,18.0,39.0,nan
ALNS-A,Example2,2,0,19.0,39.0,nan
ALNS-A,Example2,2,0,20.0,39.0,nan
ALNS-A,Example2,2,0,21.0,39.0,nan
ALNS-A,Example2,2,0,22.0,21.0,nan
ALNS-A,Example2,2,0,23.0,21.0,nan
ALNS-A,Example2,2,0,24.0,5.0,nan
ALNS-A,Example2,2,0,25.0,4.0,nan
ALNS-A,Example2,2,0,26.0,4.0,nan
ALNS-A,Example2,2,0,27.0,4.0,nan
ALNS-A,Example2,2,0,28.0,4.0,nan
ALNS-A,Example2,2,0,29.0,4.0,nan
ALNS-A,Example2,2,0,30.0,4.0,nan
ALNS-A,Example2,2,0,31.0,4.0,nan
ALNS-A,Example2,2,0,32.0,3.0,nan
ALNS-A,Example2,2,0,33.0,1.0,nan
ALNS-A,Example2,2,0,34.0,1.0,nan
ALNS-A,Example2,2,0,35.0,1.0,nan
ALNS-A,Example2,2,0,36.0,1.0,nan
ALNS-A,Example2,2,0,37.0,1.0,nan
ALNS-A,Example2,2,0,38.0,1.0,nan
ALNS-A,Example2,2,0,39.0,1.0,nan
ALNS-A,Example2,2,0,40.0,1.0,nan
ALNS-A,Example2,2,0,41.0,1.0,nan
ALNS-A,Example2,2,0,42.0,1.0,nan
ALNS-A,Example2,2,0,43.0,1.0,nan
ALNS-A,Example2,2,0,44.0,1.0,nan
ALNS-A,Example2,2,0,45.0,1.0,nan
ALNS-A,Example2,2,0,46.0,1.0,nan
ALNS-A,Example2,2,0,47.0,1.0,nan
ALNS-A,Example2,2,0,48.0,1.0,nan
ALNS-A,Example2,2,0,49.0,1.0,nan
ALNS-A,Example2,2,0,50.0,1.0,nan
ALNS-A,Example2,2,0,51.0,1.0,nan
ALNS-A,Example2,2,0,52.0,1.0,nan
ALNS-A,Example2,2,0,53.0,1.0,nan
ALNS-A,Example2,2,0,54.0,1.0,nan
ALNS-A,Example2,2,0,55.0,1.0,nan
ALNS-A,Example2,2,0,56.0,1.0,nan
ALNS-A,Example2,2,0,57.0,1.0,nan
ALNS-A,Example2,2,0,58.0,1.0,nan
ALNS-A,Example2,2,0,59.0,1.0,nan
ALNS-A,Example2,2,0,60.0,1.0,nan
ALNS-A,Example2,2,0,61.0,1.0,nan
ALNS-A,Example2,2,0,62.0,1.0,nan
ALNS-A,Example2,2,0,63.0,1.0,nan
ALNS-A,Example2,2,0,64.0,1.0,nan
ALNS-A,Example2,2,0,65.0,1.0,nan
ALNS-A,Example2,2,0,66.0,1.0,nan
ALNS-A,Example2,2,0,67.0,1.0,nan
ALNS-A,Example2,2,0,68.0,1.0,nan
ALNS-A,Example2,2,0,69.0,1.0,nan
ALNS-A,Example2,2,0,70.0,1.0,nan
ALNS-A,Example2,2,0,71.0,1.0,nan
ALNS-A,Example2,2,0,72.0,1.0,nan
ALNS-A,Example2,2,0,73.0,1.0,nan
ALNS-A,Example2,2,0,74.0,1.0,nan
ALNS-A,Example2,2,0,75.0,1.0,nan
ALNS-A,Example2,2,0,76.0,1.0,nan
ALNS-A,Example2,2,0,77.0,1.0,nan
ALNS-A,Example2,2,0,78.0,1.0,nan
ALNS-A,Example2,2,0,79.0,1.0,nan
ALNS-A,Example2,2,0,80.0,1.0,nan
ALNS-A,Example2,2,0,81.0,1.0,nan
ALNS-A,Example2,2,0,82.0,1.0,nan
ALNS-A,Example2,2,0,83.0,1.0,nan
ALNS-A,Example2,2,0,84.0,1.0,nan
ALNS-A,Example2,2,0,85.0,1.0,nan
ALNS-A,Example2,2,0,86.0,1.0,nan
ALNS-A,Example2,2,0,87.0,1.0,nan
ALNS-A,Example2,2,0,88.0,1.0,nan
ALNS-A,Example2,2,0,89.0,0.0,nan
ALNS-A,Example2,2,0,90.0,0.0,nan
ALNS-A,Example2,2,0,91.0,0.0,nan
ALNS-A,Example2,2,0,92.0,0.0,nan
ALNS-A,Example2,2,0,93.0,0.0,nan
ALNS-A,Example2,2,0,94.0,0.0,nan
ALNS-A,Example2,2,0,95.0,0.0,nan
ALNS-A,Example2,2,0,96.0,0.0,nan
ALNS-A,Example2,2,0,97.0,0.0,nan
ALNS-A,Example2,2,0,98.0,0.0,nan
ALNS-A,Example2,2,0,99.0,0.0,nan
ALNS-A,Example2,2,0,100.0,0.0,nan
ALNS-A,Example2,2,0,101.0,0.0,nan
ALNS-A,Example2,2,0,102.0,0.0,nan
ALNS-A,Example2,2,0,103.0,0.0,nan
ALNS-A,Example2,2,0,104.0,0.0,nan
ALNS-A,Example2,2,0,105.0,0.0,nan
ALNS-A,Example2,2,0,106.0,0.0,nan
ALNS-A,Example2,2,0,107.0,0.0,nan
ALNS-A,Example2,2,0,108.0,0.0,nan
ALNS-A,Example2,2,0,109.0,0.0,nan
ALNS-A,Example2,2,0,110.0,0.0,nan
ALNS-A,Example2,2,0,111.0,0.0,nan
ALNS-A,Example2,2,0,112.0,0.0,nan
ALNS-A,Example2,2,0,113.0,0.0,nan
ALNS-A,Example2,2,0,114.0,0.0,nan
ALNS-A,Example2,2,0,115.0,0.0,nan
ALNS-A,Example2,2,0,116.0,0.0,nan
ALNS-A,Example2,2,0,117.0,0.0,nan
ALNS-A,Example2,2,0,118.0,0.0,nan
ALNS-A,Example2,2,0,119.0,0.0,nan
ALNS-A,Example2,2,0,120.0,0.0,nan
ALNS-A,Example2,2,0,121.0,0.0,nan
ALNS-A,Example2,2,0,122.0,0.0,nan
ALNS-A,Example2,2,0,123.0,0.0,nan
ALNS-A,Example2,2,0,124.0,0.0,nan
ALNS-A,Example2,2,0,125.0,0.0,nan
ALNS-A,Example2,2,0,126.0,0.0,nan
ALNS-A,Example2,2,0,127.0,0.0,nan
ALNS-A,Example2,2,0,128.0,0.0,nan
ALNS-A,Example2,2,0,129.0,0.0,nan
ALNS-A,Example2,2,0,130.0,0.0,nan
ALNS-A,Example2,2,0,131.0,0.0,nan
ALNS-A,Example2,2,0,132.0,0.0,nan
ALNS-A,Example2,2,0,133.0,0.0,nan
ALNS-A,Example2,2,0,134.0,0.0,nan
ALNS-A,Example2,2,0,135.0,0.0,nan
ALNS-A,Example2,2,0,136.0,0.0,nan
ALNS-A,Example2,2,0,137.0,0.0,nan
ALNS-A,Example2,2,0,138.0,0.0,nan
ALNS-A,Example2,2,0,139.0,0.0,nan
ALNS-A,Example2,2,0,140.0,0.0,nan
ALNS-A,Example2,2,0,141.0,0.0,nan
ALNS-A,Example2,2,0,142.0,0.0,nan
ALNS-A,Example2,2,0,143.0,0.0,nan
ALNS-A,Example2,2,0,144.0,0.0,nan
ALNS-A,Example2,2,0,145.0,0.0,nan
ALNS-A,Example2,2,0,146.0,0.0,nan
ALNS-A,Example2,2,0,147.0,0.0,nan
ALNS-A,Example2,2,0,148.0,0.0,nan
ALNS-A,Example2,2,0,149.0,0.0,nan
ALNS-A,Example2,2,0,150.0,0.0,nan
ALNS-A,Example2,2,0,151.0,0.0,nan
ALNS-A,Example2,2,0,152.0,0.0,nan
ALNS-A,Example2,2,0,153.0,0.0,nan
ALNS-A,Example2,2,0,154.0,0.0,nan
ALNS-A,Example2,2,0,155.0,0.0,nan
ALNS-A,Example2,2,0,156.0,0.0,nan
ALNS-A,Example2,2,0,157.0,0.0,nan
ALNS-A,Example2,2,0,158.0,0.0,nan
ALNS-A,Example2,2,0,159.0,0.0,nan
ALNS-A,Example2,2,0,160.0,0.0,nan
ALNS-A,Example2,2,0,161.0,0.0,nan
ALNS-A,Example2,2,0,162.0,0.0,nan
ALNS-A,Example2,2,0,163.0,0.0,nan
ALNS-A,Example2,2,0,164.0,0.0,nan
ALNS-A,Example2,2,0,165.0,0.0,nan
ALNS-A,Example2,2,0,166.0,0.0,nan
ALNS-A,Example2,2,0,167.0,0.0,nan
ALNS-A,Example2,2,0,168.0,0.0,nan
ALNS-A,Example2,2,0,169.0,0.0,nan
ALNS-A,Example2,2,0,170.0,0.0,nan
ALNS-A,Example2,2,0,171.0,0.0,nan
ALNS-A,Example2,2,0,172.0,0.0,nan
ALNS-A,Example2,2,0,173.0,0.0,nan
ALNS-A,Example2,2,0,174.0,0.0,nan
ALNS-A,Example2,2,0,175.0,0.0,nan
ALNS-A,Example2,2,0,176.0,0.0,nan
ALNS-A,Example2,2,0,177.0,0.0,nan
ALNS-A,Example2,2,0,178.0,0.0,nan
ALNS-A,Example2,2,0,179.0,0.0,nan
ALNS-A,Example2,2,0,180.0,0.0,nan
ALNS-A,Example2,2,0,181.0,0.0,nan
ALNS-A,Example2,2,0,182.0,0.0,nan
ALNS-A,Example2,2,0,183.0,0.0,nan
ALNS-A,Example2,2,0,184.0,0.0,nan
ALNS-A,Example2,2,0,185.0,0.0,nan
ALNS-A,Example2,2,0,186.0,0.0,nan
ALNS-A,Example2,2,0,187.0,0.0,nan
ALNS-A,Example2,2,0,188.0,0.0,nan
ALNS-A,Example2,2,0,189.0,0.0,nan
ALNS-A,Example2,2,0,190.0,0.0,nan
ALNS-A,Example2,2,0,191.0,0.0,nan
ALNS-A,Example2,2,0,192.0,0.0,nan
ALNS-A,Example2,2,0,193.0,0.0,nan
ALNS-A,Example2,2,0,194.0,0.0,nan
ALNS-A,Example2,2,0,195.0,0.0,nan
ALNS-A,Example2,2,0,196.0,0.0,nan
ALNS-A,Example2,2,0,197.0,0.0,nan
ALNS-A,Example2,2,0,198.0,0.0,nan
ALNS-A,Example2,2,0,199.0,0.0,nan
ALNS-A,Example2,2,0,200.0,0.0,nan
ALNS-A,Example2,2,0,201.0,0.0,nan
ALNS-A,Example2,2,0,202.0,0.0,nan
ALNS-A,Example2,2,0,203.0,0.0,nan
ALNS-A,Example2,2,0,204.0,0.0,nan
ALNS-A,Example2,2,0,205.0,0.0,nan
ALNS-A,Example2,2,0,206.0,0.0,nan
ALNS-A,Example2,2,0,207.0,0.0,nan
ALNS-A,Example2,2,0,208.0,0.0,nan
ALNS-A,Example2,2,0,209.0,0.0,nan
ALNS-A,Example2,2,0,210.0,0.0,nan
ALNS-A,Example2,2,0,211.0,0.0,nan
ALNS-A,Example2,2,0,212.0,0.0,nan
ALNS-A,Example2,2,0,213.0,0.0,nan
ALNS-A,Example2,2,0,214.0,0.0,nan
ALNS-A,Example2,2,0,215.0,0.0,nan
ALNS-A,Example2,2,0,216.0,0.0,nan
ALNS-A,Example2,2,0,217.0,0.0,nan
ALNS-A,Example2,2,0,218.0,0.0,nan
ALNS-A,Example2,2,0,219.0,0.0,nan
ALNS-A,Example2,2,0,220.0,0.0,nan
ALNS-A,Example2,2,0,221.0,0.0,nan
ALNS-A,Example2,2,0,222.0,0.0,nan
ALNS-A,Example2,2,0,223.0,0.0,nan
ALNS-A,Example2,2,0,224.0,0.0,nan
ALNS-A,Example2,2,0,225.0,0.0,nan
ALNS-A,Example2,2,0,226.0,0.0,nan
ALNS-A,Example2,2,0,227.0,0.0,nan
ALNS-A,Example2,2,0,228.0,0.0,nan
ALNS-A,Example2,2,0,229.0,0.0,nan
ALNS-A,Example2,2,0,230.0,0.0,nan
ALNS-A,Example2,2,0,231.0,0.0,nan
ALNS-A,Example2,2,0,232.0,0.0,nan
ALNS-A,Example2,2,0,233.0,0.0,nan
ALNS-A,Example2,2,0,234.0,0.0,nan
ALNS-A,Example2,2,0,235.0,0.0,nan
ALNS-A,Example2,2,0,236.0,0.0,nan
ALNS-A,Example2,2,0,237.0,0.0,nan
ALNS-A,Example2,2,0,238.0,0.0,nan
ALNS-A,Example2,2,0,239.0,0.0,nan
ALNS-A,Example2,2,0,240.0,0.0,nan
ALNS-A,Example2,2,0,241.0,0.0,nan
ALNS-A,Example2,2,0,242.0,0.0,nan
ALNS-A,Example2,2,0,243.0,0.0,nan
ALNS-A,Example2,2,0,244.0,0.0,nan
ALNS-A,Example2,2,0,245.0,0.0,nan
ALNS-A,Example2,2,0,246.0,0.0,nan
ALNS-A,Example2,2,0,247.0,0.0,nan
ALNS-A,Example2,2,0,248.0,0.0,nan
ALNS-A,Example2,2,0,249.0,0.0,nan
ALNS-A,Example2,2,0,250.0,0.0,nan
ALNS-A,Example2,2,0,251.0,0.0,nan
ALNS-A,Example2,2,0,252.0,0.0,nan
ALNS-A,Example2,2,0,253.0,0.0,nan
ALNS-A,Example2,2,0,254.0,0.0,nan
ALNS-A,Example2,2,0,255.0,0.0,nan
ALNS-A,Example2,2,0,256.0,0.0,nan
ALNS-A,Example2,2,0,257.0,0.0,nan
ALNS-A,Example2,2,0,258.0,0.0,nan
ALNS-A,Example2,2,0,259.0,0.0,nan
ALNS-A,Example2,2,0,260.0,0.0,nan
ALNS-A,Example2,2,0,261.0,0.0,nan
ALNS-A,Example2,2,0,262.0,0.0,nan
ALNS-A,Example2,2,0,263.0,0.0,nan
ALNS-A,Example2,2,0,264.0,0.0,nan
ALNS-A,Example2,2,0,265.0,0.0,nan
ALNS-A,Example2,2,0,266.0,0.0,nan
ALNS-A,Example2,2,0,267.0,0.0,nan
ALNS-A,Example2,2,0,268.0,0.0,nan
ALNS-A,Example2,2,0,269.0,0.0,nan
ALNS-A,Example2,2,0,270.0,0.0,nan
ALNS-A,Example2,2,0,271.0,0.0,nan
ALNS-A,Example2,2,0,272.0,0.0,nan
ALNS-A,Example2,2,0,273.0,0.0,nan
ALNS-A,Example2,2,1,0.0,64.0,nan
ALNS-A,Example2,2,1,1.0,64.0,nan
ALNS-A,Example2,2,1,2.0,50.0,nan
ALNS-A,Example2,2,1,3.0,40.0,nan
ALNS-A,Example2,2,1,4.0,40.0,nan
ALNS-A,Example2,2,1,5.0,40.0,nan
ALNS-A,Example2,2,1,6.0,40.0,nan
ALNS-A,Example2,2,1,7.0,40.0,nan
ALNS-A,Example2,2,1,8.0,30.0,nan
ALNS-A,Example2,2,1,9.0,30.0,nan
ALNS-A,Example2,2,1,10.0,30.0,nan
ALNS-A,Example2,2,1,11.0,30.0,nan
ALNS-A,Example2,2,1,12.0,30.0,nan
ALNS-A,Example2,2,1,13.0,30.0,nan
ALNS-A,Example2,2,1,14.0,30.0,nan
ALNS-A,Example2,2,1,15.0,30.0,nan
ALNS-A,Example2,2,1,16.0,30.0,nan
ALNS-A,Example2,2,1,17.0,30.0,nan
ALNS-A,Example2,2,1,18.0,30.0,nan
ALNS-A,Example2,2,1,19.0,30.0,nan
ALNS-A,Example2,2,1,20.0,30.0,nan
ALNS-A,Example2,2,1,21.0,30.0,nan
ALNS-A,Example2,2,1,22.0,30.0,nan
ALNS-A,Example2,2,1,23.0,30.0,nan
ALNS-A,Example2,2,1,24.0,28.0,nan
ALNS-A,Example2,2,1,25.0,28.0,nan
ALNS-A,Example2,2,1,26.0,28.0,nan
ALNS-A,Example2,2,1,27.0,28.0,nan
ALNS-A,Example2,2,1,28.0,21.0,nan
ALNS-A,Example2,2,1,29.0,4.0,nan
ALNS-A,Example2,2,1,30.0,4.0,nan
ALNS-A,Example2,2,1,31.0,4.0,nan
ALNS-A,Example2,2,1,32.0,4.0,nan
ALNS-A,Example2,2,1,33.0,4.0,nan
ALNS-A,Example2,2,1,34.0,4.0,nan
ALNS-A,Example2,2,1,35.0,4.0,nan
ALNS-A,Example2,2,1,36.0,4.0,nan
ALNS-A,Example2,2,1,37.0,4.0,nan
ALNS-A,Example2,2,1,38.0,3.0,nan
ALNS-A,Example2,2,1,39.0,3.0,nan
ALNS-A,Example2,2,1,40.0,3.0,nan
ALNS-A,Example2,2,1,41.0,3.0,nan
ALNS-A,Example2,2,1,42.0,3.0,nan
ALNS-A,Example2,2,1,43.0,3.0,nan
ALNS-A,Example2,2,1,44.0,3.0,nan
ALNS-A,Example2,2,1,45.0,3.0,nan
ALNS-A,Example2,2,1,46.0,3.0,nan
ALNS-A,Example2,2,1,47.0,3.0,nan
ALNS-A,Example2,2,1,48.0,3.0,nan
ALNS-A,Example2,2,1,49.0,3.0,nan
ALNS-A,Example2,2,1,50.0,3.0,nan
ALNS-A,Example2,2,1,51.0,3.0,nan
ALNS-A,Example2,2,1,52.0,1.0,nan
ALNS-A,Example2,2,1,53.0,1.0,nan
ALNS-A,Example2,2,1,54.0,1.0,nan
ALNS-A,Example2,2,1,55.0,1.0,nan
ALNS-A,Example2,2,1,56.0,1.0,nan
ALNS-A,Example2,2,1,57.0,1.0,nan
ALNS-A,Example2,2,1,58.0,1.0,nan
ALNS-A,Example2,2,1,59.0,1.0,nan
ALNS-A,Example2,2,1,60.0,1.0,nan
ALNS-A,Example2,2,1,61.0,1.0,nan
ALNS-A,Example2,2,1,62.0,1.0,nan
ALNS-A,Example2,2,1,63.0,1.0,nan
ALNS-A,Example2,2,1,64.0,1.0,nan
ALNS-A,Example2,2,1,65.0,1.0,nan
ALNS-A,Example2,2,1,66.0,1.0,nan
ALNS-A,Example2,2,1,67.0,1.0,nan
ALNS-A,Example2,2,1,68.0,1.0,nan
ALNS-A,Example2,2,1,69.0,1.0,nan
ALNS-A,Example2,2,1,70.0,1.0,nan
ALNS-A,Example2,2,1,71.0,1.0,nan
ALNS-A,Example2,2,1,72.0,1.0,nan
ALNS-A,Example2,2,1,73.0,1.0,nan
ALNS-A,Example2,2,1,74.0,1.0,nan
ALNS-A,Example2,2,1,75.0,1.0,nan
ALNS-A,Example2,2,1,76.0,1.0,nan
ALNS-A,Example2,2,1,77.0,1.0,nan
ALNS-A,Example2,2,1,78.0,1.0,nan
ALNS-A,Example2,2,1,79.0,1.0,nan
ALNS-A,Example2,2,1,80.0,1.0,nan
ALNS-A,Example2,2,1,81.0,1.0,nan
ALNS-A,Example2,2,1,82.0,1.0,nan
ALNS-A,Example2,2,1,83.0,1.0,nan
ALNS-A,Example2,2,1,84.0,1.0,nan
ALNS-A,Example2,2,1,85.0,1.0,nan
ALNS-A,Example2,2,1,86.0,1.0,nan
ALNS-A,Example2,2,1,87.0,1.0,nan
ALNS-A,Example2,2,1,88.0,1.0,nan
ALNS-A,Example2,2,1,89.0,1.0,nan
ALNS-A,Example2,2,1,90.0,1.0,nan
ALNS-A,Example2,2,1,91.0,1.0,nan
ALNS-A,Example2,2,1,92.0,1.0,nan
ALNS-A,Example2,2,1,93.0,1.0,nan
ALNS-A,Example2,2,1,94.0,1.0,nan
ALNS-A,Example2,2,1,95.0,1.0,nan
ALNS-A,Example2,2,1,96.0,1.0,nan
ALNS-A,Example2,2,1,97.0,1.0,nan
ALNS-A,Example2,2,1,98.0,1.0,nan
ALNS-A,Example2,2,1,99.0,1.0,nan
ALNS-A,Example2,2,1,100.0,1.0,nan
ALNS-A,Example2,2,1,101.0,1.0,nan
ALNS-A,Example2,2,1,102.0,1.0,nan
ALNS-A,Example2,2,1,103.0,1.0,nan
ALNS-A,Example2,2,1,104.0,1.0,nan
ALNS-A,Example2,2,1,105.0,1.0,nan
ALNS-A,Example2,2,1,106.0,1.0,nan
ALNS-A,Example2,2,1,107.0,1.0,nan
ALNS-A,Example2,2,1,108.0,1.0,nan
ALNS-A,Example2,2,1,109.0,1.0,nan
ALNS-A,Example2,2,1,110.0,1.0,nan
ALNS-A,Example2,2,1,111.0,1.0,nan
ALNS-A,Example2,2,1,112.0,1.0,nan
ALNS-A,Example2,2,1,113.0,1.0,nan
ALNS-A,Example2,2,1,114.0,1.0,nan
ALNS-A,Example2,2,1,115.0,1.0,nan
ALNS-A,Example2,2,1,116.0,1.0,nan
ALNS-A,Example2,2,1,117.0,1.0,nan
ALNS-A,Example2,2,1,118.0,1.0,nan
ALNS-A,Example2,2,1,119.0,1.0,nan
ALNS-A,Example2,2,1,120.0,1.0,nan
ALNS-A,Example2,2,1,121.0,1.0,nan
ALNS-A,Example2,2,1,122.0,1.0,nan
ALNS-A,Example2,2,1,123.0,1.0,nan
ALNS-A,Example2,2,1,124.0,1.0,nan
ALNS-A,Example2,2,1,125.0,1.0,nan
ALNS-A,Example2,2,1,126.0,1.0,nan
ALNS-A,Example2,2,1,127.0,1.0,nan
ALNS-A,Example2,2,1,128.0,1.0,nan
ALNS-A,Example2,2,1,129.0,1.0,nan
ALNS-A,Example2,2,1,130.0,1.0,nan
ALNS-A,Example2,2,1,131.0,1.0,nan
ALNS-A,Example2,2,1,132.0,1.0,nan
ALNS-A,Example2,2,1,133.0,1.0,nan
ALNS-A,Example2,2,1,134.0,1.0,nan
ALNS-A,Example2,2,1,135.0,1.0,nan
ALNS-A,Example2,2,1,136.0,1.0,nan
ALNS-A,Example2,2,1,137.0,1.0,nan
ALNS-A,Example2,2,1,138.0,1.0,nan
ALNS-A,Example2,2,1,139.0,1.0,nan
ALNS-A,Example2,2,1,140.0,1.0,nan
ALNS-A,Example2,2,1,141.0,1.0,nan
ALNS-A,Example2,2,1,142.0,1.0,nan
ALNS-A,Example2,2,1,143.0,1.0,nan
ALNS-A,Example2,2,1,144.0,1.0,nan
ALNS-A,Example2,2,1,145.0,1.0,nan
ALNS-A,Example2,2,1,146.0,1.0,nan
ALNS-A,Example2,2,1,147.0,1.0,nan
ALNS-A,Example2,2,1,148.0,1.0,nan
ALNS-A,Example2,2,1,149.0,1.0,nan
ALNS-A,Example2,2,1,150.0,1.0,nan
ALNS-A,Example2,2,1,151.0,1.0,nan
ALNS-A,Example2,2,1,152.0,1.0,nan
ALNS-A,Example2,2,1,153.0,1.0,nan
ALNS-A,Example2,2,1,154.0,1.0,nan
ALNS-A,Example2,2,1,155.0,1.0,nan
ALNS-A,Example2,2,1,156.0,1.0,nan
ALNS-A,Example2,2,1,157.0,1.0,nan
ALNS-A,Example2,2,1,158.0,1.0,nan
ALNS-A,Example2,2,1,159.0,1.0,nan
ALNS-A,Example2,2,1,160.0,1.0,nan
ALNS-A,Example2,2,1,161.0,1.0,nan
ALNS-A,Example2,2,1,162.0,1.0,nan
ALNS-A,Example2,2,1,163.0,1.0,nan
ALNS-A,Example2,2,1,164.0,1.0,nan
ALNS-A,Example2,2,1,165.0,1.0,nan
ALNS-A,Example2,2,1,166.0,1.0,nan
ALNS-A,Example2,2,1,167.0,1.0,nan
ALNS-A,Example2,2,1,168.0,1.0,nan
ALNS-A,Example2,2,1,169.0,1.0,nan
ALNS-A,Example2,2,1,170.0,1.0,nan
ALNS-A,Example2,2,1,171.0,1.0,nan
ALNS-A,Example2,2,1,172.0,1.0,nan
ALNS-A,Example2,2,1,173.0,1.0,nan
ALNS-A,Example2,2,1,174.0,1.0,nan
ALNS-A,Example2,2,1,175.0,1.0,nan
ALNS-A,Example2,2,1,176.0,1.0,nan
ALNS-A,Example2,2,1,177.0,1.0,nan
ALNS-A,Example2,2,1,178.0,1.0,nan
ALNS-A,Example2,2,1,179.0,1.0,nan
ALNS-A,Example2,2,1,180.0,1.0,nan
ALNS-A,Example2,2,1,181.0,1.0,nan
ALNS-A,Example2,2,1,182.0,1.0,nan
ALNS-A,Example2,2,1,183.0,1.0,nan
ALNS-A,Example2,2,1,184.0,1.0,nan
ALNS-A,Example2,2,1,185.0,1.0,nan
ALNS-A,Example2,2,1,186.0,1.0,nan
ALNS-A,Example2,2,1,187.0,1.0,nan
ALNS-A,Example2,2,1,188.0,1.0,nan
ALNS-A,Example2,2,1,189.0,1.0,nan
ALNS-A,Example2,2,1,190.0,1.0,nan
ALNS-A,Example2,2,1,191.0,1.0,nan
ALNS-A,Example2,2,1,192.0,1.0,nan
ALNS-A,Example2,2,1,193.0,1.0,nan
ALNS-A,Example2,2,1,194.0,1.0,nan
ALNS-A,Example2,2,1,195.0,1.0,nan
ALNS-A,Example2,2,1,196.0,1.0,nan
ALNS-A,Example2,2,1,197.0,1.0,nan
ALNS-A,Example2,2,1,198.0,1.0,nan
ALNS-A,Example2,2,1,199.0,1.0,nan
ALNS-A,Example2,2,1,200.0,1.0,nan
ALNS-A,Example2,2,1,201.0,1.0,nan
ALNS-A,Example2,2,1,202.0,1.0,nan
ALNS-A,Example2,2,1,203.0,1.0,nan
ALNS-A,Example2,2,1,204.0,1.0,nan
ALNS-A,Example2,2,1,205.0,1.0,nan
ALNS-A,Example2,2,1,206.0,1.0,nan
ALNS-A,Example2,2,1,207.0,1.0,nan
ALNS-A,Example2,2,1,208.0,1.0,nan
ALNS-A,Example2,2,1,209.0,1.0,nan
ALNS-A,Example2,2,1,210.0,1.0,nan
ALNS-A,Example2,2,1,211.0,1.0,nan
ALNS-A,Example2,2,1,212.0,1.0,nan
ALNS-A,Example2,2,1,213.0,1.0,nan
ALNS-A,Example2,2,1,214.0,1.0,nan
ALNS-A,Example2,2,1,215.0,1.0,nan
ALNS-A,Example2,2,1,216.0,1.0,nan
ALNS-A,Example2,2,1,217.0,1.0,nan
ALNS-A,Example2,2,1,218.0,1.0,nan
ALNS-A,Example2,2,1,219.0,1.0,nan
ALNS-A,Example2,2,1,220.0,1.0,nan
ALNS-A,Example2,2,1,221.0,1.0,nan
ALNS-A,Example2,2,1,222.0,1.0,nan
ALNS-A,Example2,2,1,223.0,1.0,nan
ALNS-A,Example2,2,1,224.0,1.0,nan
ALNS-A,Example2,2,1,225.0,1.0,nan
ALNS-A,Example2,2,1,226.0,1.0,nan
ALNS-A,Example2,2,1,227.0,1.0,nan
ALNS-A,Example2,2,1,228.0,1.0,nan
ALNS-A,Example2,2,1,229.0,1.0,nan
ALNS-A,Example2,2,1,230.0,1.0,nan
ALNS-A,Example2,2,1,231.0,1.0,nan
ALNS-A,Example2,2,1,232.0,1.0,nan
ALNS-A,Example2,2,1,233.0,1.0,nan
ALNS-A,Example2,2,1,234.0,1.0,nan
ALNS-A,Example2,2,1,235.0,1.0,nan
ALNS-A,Example2,2,1,236.0,1.0,nan
ALNS-A,Example2,2,1,237.0,1.0,nan
ALNS-A,Example2,2,1,238.0,1.0,nan
ALNS-A,Example2,2,1,239.0,1.0,nan
ALNS-A,Example2,2,1,240.0,1.0,nan
ALNS-A,Example2,2,1,241.0,1.0,nan
ALNS-A,Example2,2,1,242.0,1.0,nan
ALNS-A,Example2,2,1,243.0,1.0,nan
ALNS-A,Example2,2,1,244.0,1.0,nan
ALNS-A,Example2,2,1,245.0,1.0,nan
ALNS-A,Example2,2,1,246.0,1.0,nan
ALNS-A,Example2,2,1,247.0,1.0,nan
ALNS-A,Example2,2,1,248.0,1.0,nan
ALNS-A,Example2,2,1,249.0,1.0,nan
ALNS-A,Example2,2,1,250.0,1.0,nan
ALNS-A,Example2,2,1,251.0,1.0,nan
ALNS-A,Example2,2,1,252.0,1.0,nan
ALNS-A,Example2,2,1,253.0,1.0,nan
ALNS-A,Example2,2,1,254.0,1.0,nan
ALNS-A,Example2,2,1,255.0,1.0,nan
ALNS-A,Example2,2,1,256.0,1.0,nan
ALNS-A,Example2,2,1,257.0,1.0,nan
ALNS-A,Example2,2,1,258.0,1.0,nan
ALNS-A,Example2,2,1,259.0,1.0,nan
ALNS-A,Example2,2,1,260.0,1.0,nan
ALNS-A,Example2,2,1,261.0,1.0,nan
ALNS-A,Example2,2,1,262.0,1.0,nan
ALNS-A,Example2,2,1,263.0,1.0,nan
ALNS-A,Example2,2,1,264.0,1.0,nan
ALNS-A,Example2,2,1,265.0,1.0,nan
ALNS-A,Example2,2,1,266.0,1.0,nan
ALNS-A,Example2,2,1,267.0,1.0,nan
ALNS-A,Example2,2,1,268.0,1.0,nan
ALNS-A,Example2,2,1,269.0,1.0,nan
ALNS-A,Example2,2,1,270.0,1.0,nan
ALNS-A,Example2,2,1,271.0,1.0,nan
ALNS-A,Example2,2,1,272.0,1.0,nan
ALNS-A,Example2,2,1,273.0,1.0,nan
ALNS-A,Example2,2,2,0.0,63.0,nan
ALNS-A,Example2,2,2,1.0,63.0,nan
ALNS-A,Example2,2,2,2.0,63.0,nan
ALNS-A,Example2,2,2,3.0,63.0,nan
ALNS-A,Example2,2,2,4.0,63.0,nan
ALNS-A,Example2,2,2,5.0,57.0,nan
ALNS-A,Example2,2,2,6.0,47.0,nan
ALNS-A,Example2,2,2,7.0,44.0,nan
ALNS-A,Example2,2,2,8.0,26.0,nan
ALNS-A,Example2,2,2,9.0,26.0,nan
ALNS-A,Example2,2,2,10.0,15.0,nan
ALNS-A,Example2,2,2,11.0,15.0,nan
ALNS-A,Example2,2,2,12.0,15.0,nan
ALNS-A,Example2,2,2,13.0,13.0,nan
ALNS-A,Example2,2,2,14.0,13.0,nan
ALNS-A,Example2,2,2,15.0,13.0,nan
ALNS-A,Example2,2,2,16.0,3.0,nan
ALNS-A,Example2,2,2,17.0,3.0,nan
ALNS-A,Example2,2,2,18.0,2.0,nan
ALNS-A,Example2,2,2,19.0,2.0,nan
ALNS-A,Example2,2,2,20.0,2.0,nan
ALNS-A,Example2,2,2,21.0,2.0,nan
ALNS-A,Example2,2,2,22.0,2.0,nan
ALNS-A,Example2,2,2,23.0,2.0,nan
ALNS-A,Example2,2,2,24.0,2.0,nan
ALNS-A,Example2,2,2,25.0,2.0,nan
ALNS-A,Example2,2,2,26.0,2.0,nan
ALNS-A,Example2,2,2,27.0,2.0,nan
ALNS-A,Example2,2,2,28.0,1.0,nan
ALNS-A,Example2,2,2,29.0,1.0,nan
ALNS-A,Example2,2,2,30.0,1.0,nan
ALNS-A,Example2,2,2,31.0,1.0,nan
ALNS-A,Example2,2,2,32.0,1.0,nan
ALNS-A,Example2,2,2,33.0,1.0,nan
ALNS-A,Example2,2,2,34.0,1.0,nan
ALNS-A,Example2,2,2,35.0,1.0,nan
ALNS-A,Example2,2,2,36.0,1.0,nan
ALNS-A,Example2,2,2,37.0,1.0,nan
ALNS-A,Example2,2,2,38.0,1.0,nan
ALNS-A,Example2,2,2,39.0,1.0,nan
ALNS-A,Example2,2,2,40.0,1.0,nan
ALNS-A,Example2,2,2,41.0,1.0,nan
ALNS-A,Example2,2,2,42.0,1.0,nan
ALNS-A,Example2,2,2,43.0,1.0,nan
ALNS-A,Example2,2,2,44.0,1.0,nan
ALNS-A,Example2,2,2,45.0,1.0,nan
ALNS-A,Example2,2,2,46.0,1.0,nan
ALNS-A,Example2,2,2,47.0,1.0,nan
ALNS-A,Example2,2,2,48.0,1.0,nan
ALNS-A,Example2,2,2,49.0,1.0,nan
ALNS-A,Example2,2,2,50.0,1.0,nan
ALNS-A,Example2,2,2,51.0,1.0,nan
ALNS-A,Example2,2,2,52.0,1.0,nan
ALNS-A,Example2,2,2,53.0,1.0,nan
ALNS-A,Example2,2,2,54.0,1.0,nan
ALNS-A,Example2,2,2,55.0,1.0,nan
ALNS-A,Example2,2,2,56.0,1.0,nan
ALNS-A,Example2,2,2,57.0,1.0,nan
ALNS-A,Example2,2,2,58.0,1.0,nan
ALNS-A,Example2,2,2,59.0,1.0,nan
ALNS-A,Example2,2,2,60.0,1.0,nan
ALNS-A,Example2,2,2,61.0,1.0,nan
ALNS-A,Example2,2,2,62.0,1.0,nan
ALNS-A,Example2,2,2,63.0,1.0,nan
ALNS-A,Example2,2,2,64.0,1.0,nan
ALNS-A,Example2,2,2,65.0,1.0,nan
ALNS-A,Example2,2,2,66.0,1.0,nan
ALNS-A,Example2,2,2,67.0,1.0,nan
ALNS-A,Example2,2,2,68.0,1.0,nan
ALNS-A,Example2,2,2,69.0,1.0,nan
ALNS-A,Example2,2,2,70.0,1.0,nan
ALNS-A,Example2,2,2,71.0,1.0,nan
ALNS-A,Example2,2,2,72.0,1.0,nan
ALNS-A,Example2,2,2,73.0,1.0,nan
ALNS-A,Example2,2,2,74.0,1.0,nan
ALNS-A,Example2,2,2,75.0,1.0,nan
ALNS-A,Example2,2,2,76.0,1.0,nan
ALNS-A,Example2,2,2,77.0,1.0,nan
ALNS-A,Example2,2,2,78.0,1.0,nan
ALNS-A,Example2,2,2,79.0,1.0,nan
ALNS-A,Example2,2,2,80.0,1.0,nan
ALNS-A,Example2,2,2,81.0,1.0,nan
ALNS-A,Example2,2,2,82.0,1.0,nan
ALNS-A,Example2,2,2,83.0,1.0,nan
ALNS-A,Example2,2,2,84.0,1.0,nan
ALNS-A,Example2,2,2,85.0,1.0,nan
ALNS-A,Example2,2,2,86.0,1.0,nan
ALNS-A,Example2,2,2,87.0,1.0,nan
ALNS-A,Example2,2,2,88.0,1.0,nan
ALNS-A,Example2,2,2,89.0,1.0,nan
ALNS-A,Example2,2,2,90.0,1.0,nan
ALNS-A,Example2,2,2,91.0,1.0,nan
ALNS-A,Example2,2,2,92.0,1.0,nan
ALNS-A,Example2,2,2,93.0,1.0,nan
ALNS-A,Example2,2,2,94.0,1.0,nan
ALNS-A,Example2,2,2,95.0,1.0,nan
ALNS-A,Example2,2,2,96.0,1.0,nan
ALNS-A,Example2,2,2,97.0,1.0,nan
ALNS-A,Example2,2,2,98.0,0.0,nan
ALNS-A,Example2,2,2,99.0,0.0,nan
ALNS-A,Example2,2,2,100.0,0.0,nan
ALNS-A,Example2,2,2,101.0,0.0,nan
ALNS-A,Example2,2,2,102.0,0.0,nan
ALNS-A,Example2,2,2,103.0,0.0,nan
ALNS-A,Example2,2,2,104.0,0.0,nan
ALNS-A,Example2,2,2,105.0,0.0,nan
ALNS-A,Example2,2,2,106.0,0.0,nan
ALNS-A,Example2,2,2,107.0,0.0,nan
ALNS-A,Example2,2,2,108.0,0.0,nan
ALNS-A,Example2,2,2,109.0,0.0,nan
ALNS-A,Example2,2,2,110.0,0.0,nan
ALNS-A,Example2,2,2,111.0,0.0,nan
ALNS-A,Example2,2,2,112.0,0.0,nan
ALNS-A,Example2,2,2,113.0,0.0,nan
ALNS-A,Example2,2,2,114.0,0.0,nan
ALNS-A,Example2,2,2,115.0,0.0,nan
ALNS-A,Example2,2,2,116.0,0.0,nan
ALNS-A,Example2,2,2,117.0,0.0,nan
ALNS-A,Example2,2,2,118.0,0.0,nan
ALNS-A,Example2,2,2,119.0,0.0,nan
ALNS-A,Example2,2,2,120.0,0.0,nan
ALNS-A,Example2,2,2,121.0,0.0,nan
ALNS-A,Example2,2,2,122.0,0.0,nan
ALNS-A,Example2,2,2,123.0,0.0,nan
ALNS-A,Example2,2,2,124.0,0.0,nan
ALNS-A,Example2,2,2,125.0,0.0,nan
ALNS-A,Example2,2,2,126.0,0.0,nan
ALNS-A,Example2,2,2,127.0,0.0,nan
ALNS-A,Example2,2,2,128.0,0.0,nan
ALNS-A,Example2,2,2,129.0,0.0,nan
ALNS-A,Example2,2,2,130.0,0.0,nan
ALNS-A,Example2,2,2,131.0,0.0,nan
ALNS-A,Example2,2,2,132.0,0.0,nan
ALNS-A,Example2,2,2,133.0,0.0,nan
ALNS-A,Example2,2,2,134.0,0.0,nan
ALNS-A,Example2,2,2,135.0,0.0,nan
ALNS-A,Example2,2,2,136.0,0.0,nan
ALNS-A,Example2,2,2,137.0,0.0,nan
ALNS-A,Example2,2,2,138.0,0.0,nan
ALNS-A,Example2,2,2,139.0,0.0,nan
ALNS-A,Example2,2,2,140.0,0.0,nan
ALNS-A,Example2,2,2,141.0,0.0,nan
ALNS-A,Example2,2,2,142.0,0.0,nan
ALNS-A,Example2,2,2,143.0,0.0,nan
ALNS-A,Example2,2,2,144.0,0.0,nan
ALNS-A,Example2,2,2,145.0,0.0,nan
ALNS-A,Example2,2,2,146.0,0.0,nan
ALNS-A,Example2,2,2,147.0,0.0,nan
ALNS-A,Example2,2,2,148.0,0.0,nan
ALNS-A,Example2,2,2,149.0,0.0,nan
ALNS-A,Example2,2,2,150.0,0.0,nan
ALNS-A,Example2,2,2,151.0,0.0,nan
ALNS-A,Example2,2,2,152.0,0.0,nan
ALNS-A,Example2,2,2,153.0,0.0,nan
ALNS-A,Example2,2,2,154.0,0.0,nan
ALNS-A,Example2,2,2,155.0,0.0,nan
ALNS-A,Example2,2,2,156.0,0.0,nan
ALNS-A,Example2,2,2,157.0,0.0,nan
ALNS-A,Example2,2,2,158.0,0.0,nan
ALNS-A,Example2,2,2,159.0,0.0,nan
ALNS-A,Example2,2,2,160.0,0.0,nan
ALNS-A,Example2,2,2,161.0,0.0,nan
ALNS-A,Example2,2,2,162.0,0.0,nan
ALNS-A,Example2,2,2,163.0,0.0,nan
ALNS-A,Example2,2,2,164.0,0.0,nan
ALNS-A,Example2,2,2,165.0,0.0,nan
ALNS-A,Example2,2,2,166.0,0.0,nan
ALNS-A,Example2,2,2,167.0,0.0,nan
ALNS-A,Example2,2,2,168.0,0.0,nan
ALNS-A,Example2,2,2,169.0,0.0,nan
ALNS-A,Example2,2,2,170.0,0.0,nan
ALNS-A,Example2,2,2,171.0,0.0,nan
ALNS-A,Example2,2,2,172.0,0.0,nan
ALNS-A,Example2,2,2,173.0,0.0,nan
ALNS-A,Example2,2,2,174.0,0.0,nan
ALNS-A,Example2,2,2,175.0,0.0,nan
ALNS-A,Example2,2,2,176.0,0.0,nan
ALNS-A,Example2,2,2,177.0,0.0,nan
ALNS-A,Example2,2,2,178.0,0.0,nan
ALNS-A,Example2,2,2,179.0,0.0,nan
ALNS-A,Example2,2,2,180.0,0.0,nan
ALNS-A,Example2,2,2,181.0,0.0,nan
ALNS-A,Example2,2,2,182.0,0.0,nan
ALNS-A,Example2,2,2,183.0,0.0,nan
ALNS-A,Example2,2,2,184.0,0.0,nan
ALNS-A,Example2,2,2,185.0,0.0,nan
ALNS-A,Example2,2,2,186.0,0.0,nan
ALNS-A,Example2,2,2,187.0,0.0,nan
ALNS-A,Example2,2,2,188.0,0.0,nan
ALNS-A,Example2,2,2,189.0,0.0,nan
ALNS-A,Example2,2,2,190.0,0.0,nan
ALNS-A,Example2,2,2,191.0,0.0,nan
ALNS-A,Example2,2,2,192.0,0.0,nan
ALNS-A,Example2,2,2,193.0,0.0,nan
ALNS-A,Example2,2,2,194.0,0.0,nan
ALNS-A,Example2,2,2,195.0,0.0,nan
ALNS-A,Example2,2,2,196.0,0.0,nan
ALNS-A,Example2,2,2,197.0,0.0,nan
ALNS-A,Example2,2,2,198.0,0.0,nan
ALNS-A,Example2,2,2,199.0,0.0,nan
ALNS-A,Example2,2,2,200.0,0.0,nan
ALNS-A,Example2,2,2,201.0,0.0,nan
ALNS-A,Example2,2,2,202.0,0.0,nan
ALNS-A,Example2,2,2,203.0,0.0,nan
ALNS-A,Example2,2,2,204.0,0.0,nan
ALNS-A,Example2,2,2,205.0,0.0,nan
ALNS-A,Example2,2,2,206.0,0.0,nan
ALNS-A,Example2,2,2,207.0,0.0,nan
ALNS-A,Example2,2,2,208.0,0.0,nan
ALNS-A,Example2,2,2,209.0,0.0,nan
ALNS-A,Example2,2,2,210.0,0.0,nan
ALNS-A,Example2,2,2,211.0,0.0,nan
ALNS-A,Example2,2,2,212.0,0.0,nan
ALNS-A,Example2,2,2,213.0,0.0,nan
ALNS-A,Example2,2,2,214.0,0.0,nan
ALNS-A,Example2,2,2,215.0,0.0,nan
ALNS-A,Example2,2,2,216.0,0.0,nan
ALNS-A,Example2,2,2,217.0,0.0,nan
ALNS-A,Example2,2,2,218.0,0.0,nan
ALNS-A,Example2,2,2,219.0,0.0,nan
ALNS-A,Example2,2,2,220.0,0.0,nan
ALNS-A,Example2,2,2,221.0,0.0,nan
ALNS-A,Example2,2,2,222.0,0.0,nan
ALNS-A,Example2,2,2,223.0,0.0,nan
ALNS-A,Example2,2,2,224.0,0.0,nan
ALNS-A,Example2,2,2,225.0,0.0,nan
ALNS-A,Example2,2,2,226.0,0.0,nan
ALNS-A,Example2,2,2,227.0,0.0,nan
ALNS-A,Example2,2,2,228.0,0.0,nan
ALNS-A,Example2,2,2,229.0,0.0,nan
ALNS-A,Example2,2,2,230.0,0.0,nan
ALNS-A,Example2,2,2,231.0,0.0,nan
ALNS-A,Example2,2,2,232.0,0.0,nan
ALNS-A,Example2,2,2,233.0,0.0,nan
ALNS-A,Example2,2,2,234.0,0.0,nan
ALNS-A,Example2,2,2,235.0,0.0,nan
ALNS-A,Example2,2,2,236.0,0.0,nan
ALNS-A,Example2,2,2,237.0,0.0,nan
ALNS-A,Example2,2,2,238.0,0.0,nan
ALNS-A,Example2,2,2,239.0,0.0,nan
ALNS-A,Example2,2,2,240.0,0.0,nan
ALNS-A,Example2,2,2,241.0,0.0,nan
ALNS-A,Example2,2,2,242.0,0.0,nan
ALNS-A,Example2,2,2,243.0,0.0,nan
ALNS-A,Example2,2,2,244.0,0.0,nan
ALNS-A,Example2,2,2,245.0,0.0,nan
ALNS-A,Example2,2,2,246.0,0.0,nan
ALNS-A,Example2,2,2,247.0,0.0,nan
ALNS-A,Example2,2,2,248.0,0.0,nan
ALNS-A,Example2,2,2,249.0,0.0,nan
ALNS-A,Example2,2,2,250.0,0.0,nan
ALNS-A,Example2,2,2,251.0,0.0,nan
ALNS-A,Example2,2,2,252.0,0.0,nan
ALNS-A,Example2,2,2,253.0,0.0,nan
ALNS-A,Example2,2,2,254.0,0.0,nan
ALNS-A,Example2,2,2,255.0,0.0,nan
ALNS-A,Example2,2,2,256.0,0.0,nan
ALNS-A,Example2,2,2,257.0,0.0,nan
ALNS-A,Example2,2,2,258.0,0.0,nan
ALNS-A,Example2,2,2,259.0,0.0,nan
ALNS-A,Example2,2,2,260.0,0.0,nan
ALNS-A,Example2,2,2,261.0,0.0,nan
ALNS-A,Example2,2,2,262.0,0.0,nan
ALNS-A,Example2,2,2,263.0,0.0,nan
ALNS-A,Example2,2,2,264.0,0.0,nan
ALNS-A,Example2,2,2,265.0,0.0,nan
ALNS-A,Example2,2,2,266.0,0.0,nan
ALNS-A,Example2,2,2,267.0,0.0,nan
ALNS-A,Example2,2,2,268.0,0.0,nan
ALNS-A,Example2,2,2,269.0,0.0,nan
ALNS-A,Example2,2,2,270.0,0.0,nan
ALNS-A,Example2,2,2,271.0,0.0,nan
ALNS-A,Example2,2,2,272.0,0.0,nan
ALNS-A,Example2,2,2,273.0,0.0,nan
ALNS-A,Example3,3,0,0.0,162.0,nan
ALNS-A,Example3,3,0,1.0,162.0,nan
ALNS-A,Example3,3,0,2.0,162.0,nan
ALNS-A,Example3,3,0,3.0,162.0,nan
ALNS-A,Example3,3,0,4.0,162.0,nan
ALNS-A,Example3,3,0,5.0,41.0,nan
ALNS-A,Example3,3,0,6.0,41.0,nan
ALNS-A,Example3,3,0,7.0,41.0,nan
ALNS-A,Example3,3,0,8.0,41.0,nan
ALNS-A,Example3,3,0,9.0,41.0,nan
ALNS-A,Example3,3,0,10.0,41.0,nan
ALNS-A,Example3,3,0,11.0,41.0,nan
ALNS-A,Example3,3,0,12.0,41.0,nan
ALNS-A,Example3,3,0,13.0,41.0,nan
ALNS-A,Example3,3,0,14.0,41.0,nan
ALNS-A,Example3,3,0,15.0,41.0,nan
ALNS-A,Example3,3,0,16.0,41.0,nan
ALNS-A,Example3,3,0,17.0,41.0,nan
ALNS-A,Example3,3,0,18.0,41.0,nan
ALNS-A,Example3,3,0,19.0,41.0,nan
ALNS-A,Example3,3,0,20.0,41.0,nan
ALNS-A,Example3,3,0,21.0,41.0,nan
ALNS-A,Example3,3,0,22.0,41.0,nan
ALNS-A,Example3,3,0,23.0,41.0,nan
ALNS-A,Example3,3,0,24.0,41.0,nan
ALNS-A,Example3,3,0,25.0,41.0,nan
ALNS-A,Example3,3,0,26.0,41.0,nan
ALNS-A,Example3,3,0,27.0,41.0,nan
ALNS-A,Example3,3,0,28.0,41.0,nan
ALNS-A,Example3,3,0,29.0,41.0,nan
ALNS-A,Example3,3,0,30.0,41.0,nan
ALNS-A,Example3,3,0,31.0,41.0,nan
ALNS-A,Example3,3,0,32.0,41.0,nan
ALNS-A,Example3,3,0,33.0,41.0,nan
ALNS-A,Example3,3,0,34.0,41.0,nan
ALNS-A,Example3,3,0,35.0,41.0,nan
ALNS-A,Example3,3,0,36.0,41.0,nan
ALNS-A,Example3,3,0,37.0,41.0,nan
ALNS-A,Example3,3,0,38.0,41.0,nan
ALNS-A,Example3,3,0,39.0,41.0,nan
ALNS-A,Example3,3,0,40.0,41.0,nan
ALNS-A,Example3,3,0,41.0,41.0,nan
ALNS-A,Example3,3,0,42.0,41.0,nan
ALNS-A,Example3,3,0,43.0,41.0,nan
ALNS-A,Example3,3,0,44.0,41.0,nan
ALNS-A,Example3,3,0,45.0,41.0,nan
ALNS-A,Example3,3,0,46.0,41.0,nan
ALNS-A,Example3,3,0,47.0,41.0,nan
ALNS-A,Example3,3,0,48.0,41.0,nan
ALNS-A,Example3,3,0,49.0,41.0,nan
ALNS-A,Example3,3,0,50.0,41.0,nan
ALNS-A,Example3,3,0,51.0,41.0,nan
ALNS-A,Example3,3,0,52.0,41.0,nan
ALNS-A,Example3,3,0,53.0,41.0,nan
ALNS-A,Example3,3,0,54.0,41.0,nan
ALNS-A,Example3,3,0,55.0,41.0,nan
ALNS-A,Example3,3,0,56.0,41.0,nan
ALNS-A,Example3,3,0,57.0,41.0,nan
ALNS-A,Example3,3,0,58.0,41.0,nan
ALNS-A,Example3,3,0,59.0,41.0,nan
ALNS-A,Example3,3,0,60.0,41.0,nan
ALNS-A,Example3,3,0,61.0,41.0,nan
ALNS-A,Example3,3,0,62.0,41.0,nan
ALNS-A,Example3,3,0,63.0,41.0,nan
ALNS-A,Example3,3,0,64.0,41.0,nan
ALNS-A,Example3,3,0,65.0,41.0,nan
ALNS-A,Example3,3,0,66.0,41.0,nan
ALNS-A,Example3,3,0,67.0,41.0,nan
ALNS-A,Example3,3,0,68.0,41.0,nan
ALNS-A,Example3,3,0,69.0,41.0,nan
ALNS-A,Example3,3,0,70.0,41.0,nan
ALNS-A,Example3,3,0,71.0,41.0,nan
ALNS-A,Example3,3,0,72.0,41.0,nan
ALNS-A,Example3,3,0,73.0,41.0,nan
ALNS-A,Example3,3,0,74.0,41.0,nan
ALNS-A,Example3,3,0,75.0,41.0,nan
ALNS-A,Example3,3,0,76.0,41.0,nan
ALNS-A,Example3,3,0,77.0,41.0,nan
ALNS-A,Example3,3,0,78.0,41.0,nan
ALNS-A,Example3,3,0,79.0,41.0,nan
ALNS-A,Example3,3,0,80.0,41.0,nan
ALNS-A,Example3,3,0,81.0,41.0,nan
ALNS-A,Example3,3,0,82.0,41.0,nan
ALNS-A,Example3,3,0,83.0,41.0,nan
ALNS-A,Example3,3,0,84.0,41.0,nan
ALNS-A,Example3,3,0,85.0,41.0,nan
ALNS-A,Example3,3,0,86.0,41.0,nan
ALNS-A,Example3,3,0,87.0,41.0,nan
ALNS-A,Example3,3,0,88.0,41.0,nan
ALNS-A,Example3,3,0,89.0,41.0,nan
ALNS-A,Example3,3,0,90.0,41.0,nan
ALNS-A,Example3,3,0,91.0,41.0,nan
ALNS-A,Example3,3,0,92.0,41.0,nan
ALNS-A,Example3,3,0,93.0,41.0,nan
ALNS-A,Example3,3,0,94.0,41.0,nan
ALNS-A,Example3,3,0,95.0,41.0,nan
ALNS-A,Example3,3,0,96.0,41.0,nan
ALNS-A,Example3,3,0,97.0,41.0,nan
ALNS-A,Example3,3,0,98.0,41.0,nan
ALNS-A,Example3,3,0,99.0,41.0,nan
ALNS-A,Example3,3,0,100.0,41.0,nan
ALNS-A,Example3,3,0,101.0,41.0,nan
ALNS-A,Example3,3,0,102.0,41.0,nan
ALNS-A,Example3,3,0,103.0,41.0,nan
ALNS-A,Example3,3,0,104.0,41.0,nan
ALNS-A,Example3,3,0,105.0,41.0,nan
ALNS-A,Example3,3,0,106.0,41.0,nan
ALNS-A,Example3,3,0,107.0,41.0,nan
ALNS-A,Example3,3,0,108.0,41.0,nan
ALNS-A,Example3,3,0,109.0,41.0,nan
ALNS-A,Example3,3,0,110.0,41.0,nan
ALNS-A,Example3,3,0,111.0,41.0,nan
ALNS-A,Example3,3,0,112.0,41.0,nan
ALNS-A,Example3,3,0,113.0,41.0,nan
ALNS-A,Example3,3,0,114.0,41.0,nan
ALNS-A,Example3,3,0,115.0,41.0,nan
ALNS-A,Example3,3,0,116.0,41.0,nan
ALNS-A,Example3,3,0,117.0,41.0,nan
ALNS-A,Example3,3,0,118.0,41.0,nan
ALNS-A,Example3,3,0,119.0,41.0,nan
ALNS-A,Example3,3,0,120.0,41.0,nan
ALNS-A,Example3,3,0,121.0,41.0,nan
ALNS-A,Example3,3,0,122.0,41.0,nan
ALNS-A,Example3,3,0,123.0,41.0,nan
ALNS-A,Example3,3,0,124.0,41.0,nan
ALNS-A,Example3,3,0,125.0,41.0,nan
ALNS-A,Example3,3,0,126.0,41.0,nan
ALNS-A,Example3,3,0,127.0,41.0,nan
ALNS-A,Example3,3,0,128.0,41.0,nan
ALNS-A,Example3,3,0,129.0,41.0,nan
ALNS-A,Example3,3,0,130.0,41.0,nan
ALNS-A,Example3,3,0,131.0,41.0,nan
ALNS-A,Example3,3,0,132.0,41.0,nan
ALNS-A,Example3,3,0,133.0,41.0,nan
ALNS-A,Example3,3,0,134.0,41.0,nan
ALNS-A,Example3,3,0,135.0,41.0,nan
ALNS-A,Example3,3,0,136.0,41.0,nan
ALNS-A,Example3,3,0,137.0,41.0,nan
ALNS-A,Example3,3,0,138.0,41.0,nan
ALNS-A,Example3,3,0,139.0,41.0,nan
ALNS-A,Example3,3,0,140.0,41.0,nan
ALNS-A,Example3,3,0,141.0,41.0,nan
ALNS-A,Example3,3,0,142.0,41.0,nan
ALNS-A,Example3,3,0,143.0,41.0,nan
ALNS-A,Example3,3,0,144.0,41.0,nan
ALNS-A,Example3,3,0,145.0,41.0,nan
ALNS-A,Example3,3,0,146.0,41.0,nan
ALNS-A,Example3,3,0,147.0,41.0,nan
ALNS-A,Example3,3,0,148.0,41.0,nan
ALNS-A,Example3,3,0,149.0,41.0,nan
ALNS-A,Example3,3,0,150.0,41.0,nan
ALNS-A,Example3,3,0,151.0,41.0,nan
ALNS-A,Example3,3,0,152.0,41.0,nan
ALNS-A,Example3,3,0,153.0,41.0,nan
ALNS-A,Example3,3,0,154.0,41.0,nan
ALNS-A,Example3,3,0,155.0,41.0,nan
ALNS-A,Example3,3,0,156.0,41.0,nan
ALNS-A,Example3,3,0,157.0,41.0,nan
ALNS-A,Example3,3,0,158.0,41.0,nan
ALNS-A,Example3,3,0,159.0,41.0,nan
ALNS-A,Example3,3,0,160.0,41.0,nan
ALNS-A,Example3,3,0,161.0,41.0,nan
ALNS-A,Example3,3,0,162.0,41.0,nan
ALNS-A,Example3,3,0,163.0,41.0,nan
ALNS-A,Example3,3,0,164.0,41.0,nan
ALNS-A,Example3,3,0,165.0,41.0,nan
ALNS-A,Example3,3,0,166.0,41.0,nan
ALNS-A,Example3,3,0,167.0,41.0,nan
ALNS-A,Example3,3,0,168.0,41.0,nan
ALNS-A,Example3,3,0,169.0,41.0,nan
ALNS-A,Example3,3,0,170.0,41.0,nan
ALNS-A,Example3,3,0,171.0,41.0,nan
ALNS-A,Example3,3,0,172.0,41.0,nan
ALNS-A,Example3,3,0,173.0,41.0,nan
ALNS-A,Example3,3,0,174.0,41.0,nan
ALNS-A,Example3,3,0,175.0,41.0,nan
ALNS-A,Example3,3,0,176.0,41.0,nan
ALNS-A,Example3,3,0,177.0,41.0,nan
ALNS-A,Example3,3,0,178.0,41.0,nan
ALNS-A,Example3,3,0,179.0,41.0,nan
ALNS-A,Example3,3,0,180.0,41.0,nan
ALNS-A,Example3,3,0,181.0,41.0,nan
ALNS-A,Example3,3,0,182.0,41.0,nan
ALNS-A,Example3,3,0,183.0,41.0,nan
ALNS-A,Example3,3,0,184.0,41.0,nan
ALNS-A,Example3,3,0,185.0,41.0,nan
ALNS-A,Example3,3,0,186.0,41.0,nan
ALNS-A,Example3,3,0,187.0,41.0,nan
ALNS-A,Example3,3,0,188.0,41.0,nan
ALNS-A,Example3,3,0,189.0,41.0,nan
ALNS-A,Example3,3,0,190.0,41.0,nan
ALNS-A,Example3,3,0,191.0,41.0,nan
ALNS-A,Example3,3,0,192.0,41.0,nan
ALNS-A,Example3,3,0,193.0,41.0,nan
ALNS-A,Example3,3,0,194.0,41.0,nan
ALNS-A,Example3,3,0,195.0,41.0,nan
ALNS-A,Example3,3,0,196.0,41.0,nan
ALNS-A,Example3,3,0,197.0,41.0,nan
ALNS-A,Example3,3,0,198.0,41.0,nan
ALNS-A,Example3,3,0,199.0,41.0,nan
ALNS-A,Example3,3,0,200.0,41.0,nan
ALNS-A,Example3,3,0,201.0,41.0,nan
ALNS-A,Example3,3,0,202.0,41.0,nan
ALNS-A,Example3,3,0,203.0,41.0,nan
ALNS-A,Example3,3,0,204.0,41.0,nan
ALNS-A,Example3,3,0,205.0,41.0,nan
ALNS-A,Example3,3,0,206.0,41.0,nan
ALNS-A,Example3,3,0,207.0,41.0,nan
ALNS-A,Example3,3,0,208.0,41.0,nan
ALNS-A,Example3,3,0,209.0,41.0,nan
ALNS-A,Example3,3,0,210.0,41.0,nan
ALNS-A,Example3,3,0,211.0,41.0,nan
ALNS-A,Example3,3,0,212.0,41.0,nan
ALNS-A,Example3,3,0,213.0,41.0,nan
ALNS-A,Example3,3,0,214.0,41.0,nan
ALNS-A,Example3,3,0,215.0,41.0,nan
ALNS-A,Example3,3,0,216.0,41.0,nan
ALNS-A,Example3,3,0,217.0,41.0,nan
ALNS-A,Example3,3,0,218.0,41.0,nan
ALNS-A,Example3,3,0,219.0,41.0,nan
ALNS-A,Example3,3,0,220.0,41.0,nan
ALNS-A,Example3,3,0,221.0,41.0,nan
ALNS-A,Example3,3,0,222.0,41.0,nan
ALNS-A,Example3,3,0,223.0,41.0,nan
ALNS-A,Example3,3,0,224.0,41.0,nan
ALNS-A,Example3,3,0,225.0,41.0,nan
ALNS-A,Example3,3,0,226.0,41.0,nan
ALNS-A,Example3,3,0,227.0,41.0,nan
ALNS-A,Example3,3,0,228.0,41.0,nan
ALNS-A,Example3,3,0,229.0,41.0,nan
ALNS-A,Example3,3,0,230.0,41.0,nan
ALNS-A,Example3,3,0,231.0,41.0,nan
ALNS-A,Example3,3,0,232.0,41.0,nan
ALNS-A,Example3,3,0,233.0,41.0,nan
ALNS-A,Example3,3,0,234.0,41.0,nan
ALNS-A,Example3,3,0,235.0,41.0,nan
ALNS-A,Example3,3,0,236.0,41.0,nan
ALNS-A,Example3,3,0,237.0,41.0,nan
ALNS-A,Example3,3,0,238.0,41.0,nan
ALNS-A,Example3,3,0,239.0,41.0,nan
ALNS-A,Example3,3,0,240.0,41.0,nan
ALNS-A,Example3,3,0,241.0,41.0,nan
ALNS-A,Example3,3,0,242.0,41.0,nan
ALNS-A,Example3,3,0,243.0,41.0,nan
ALNS-A,Example3,3,0,244.0,41.0,nan
ALNS-A,Example3,3,0,245.0,41.0,nan
ALNS-A,Example3,3,0,246.0,41.0,nan
ALNS-A,Example3,3,0,247.0,41.0,nan
ALNS-A,Example3,3,0,248.0,41.0,nan
ALNS-A,Example3,3,0,249.0,41.0,nan
ALNS-A,Example3,3,0,250.0,41.0,nan
ALNS-A,Example3,3,0,251.0,41.0,nan
ALNS-A,Example3,3,0,252.0,41.0,nan
ALNS-A,Example3,3,0,253.0,41.0,nan
ALNS-A,Example3,3,0,254.0,41.0,nan
ALNS-A,Example3,3,0,255.0,41.0,nan
ALNS-A,Example3,3,0,256.0,41.0,nan
ALNS-A,Example3,3,0,257.0,41.0,nan
ALNS-A,Example3,3,0,258.0,41.0,nan
ALNS-A,Example3,3,0,259.0,41.0,nan
ALNS-A,Example3,3,0,260.0,41.0,nan
ALNS-A,Example3,3,0,261.0,41.0,nan
ALNS-A,Example3,3,0,262.0,41.0,nan
ALNS-A,Example3,3,0,263.0,41.0,nan
ALNS-A,Example3,3,0,264.0,41.0,nan
ALNS-A,Example3,3,0,265.0,41.0,nan
ALNS-A,Example3,3,0,266.0,41.0,nan
ALNS-A,Example3,3,0,267.0,41.0,nan
ALNS-A,Example3,3,0,268.0,41.0,nan
ALNS-A,Example3,3,0,269.0,41.0,nan
ALNS-A,Example3,3,0,270.0,41.0,nan
ALNS-A,Example3,3,0,271.0,41.0,nan
ALNS-A,Example3,3,0,272.0,41.0,nan
ALNS-A,Example3,3,0,273.0,41.0,nan
ALNS-A,Example3,3,1,0.0,162.0,nan
ALNS-A,Example3,3,1,1.0,162.0,nan
ALNS-A,Example3,3,1,2.0,162.0,nan
ALNS-A,Example3,3,1,3.0,162.0,nan
ALNS-A,Example3,3,1,4.0,162.0,nan
ALNS-A,Example3,3,1,5.0,76.0,nan
ALNS-A,Example3,3,1,6.0,76.0,nan
ALNS-A,Example3,3,1,7.0,76.0,nan
ALNS-A,Example3,3,1,8.0,76.0,nan
ALNS-A,Example3,3,1,9.0,40.0,nan
ALNS-A,Example3,3,1,10.0,26.0,nan
ALNS-A,Example3,3,1,11.0,26.0,nan
ALNS-A,Example3,3,1,12.0,26.0,nan
ALNS-A,Example3,3,1,13.0,26.0,nan
ALNS-A,Example3,3,1,14.0,26.0,nan
ALNS-A,Example3,3,1,15.0,26.0,nan
ALNS-A,Example3,3,1,16.0,26.0,nan
ALNS-A,Example3,3,1,17.0,26.0,nan
ALNS-A,Example3,3,1,18.0,26.0,nan
ALNS-A,Example3,3,1,19.0,26.0,nan
ALNS-A,Example3,3,1,20.0,26.0,nan
ALNS-A,Example3,3,1,21.0,26.0,nan
ALNS-A,Example3,3,1,22.0,26.0,nan
ALNS-A,Example3,3,1,23.0,26.0,nan
ALNS-A,Example3,3,1,24.0,26.0,nan
ALNS-A,Example3,3,1,25.0,26.0,nan
ALNS-A,Example3,3,1,26.0,26.0,nan
ALNS-A,Example3,3,1,27.0,26.0,nan
ALNS-A,Example3,3,1,28.0,26.0,nan
ALNS-A,Example3,3,1,29.0,26.0,nan
ALNS-A,Example3,3,1,30.0,26.0,nan
ALNS-A,Example3,3,1,31.0,26.0,nan
ALNS-A,Example3,3,1,32.0,26.0,nan
ALNS-A,Example3,3,1,33.0,26.0,nan
ALNS-A,Example3,3,1,34.0,26.0,nan
ALNS-A,Example3,3,1,35.0,26.0,nan
ALNS-A,Example3,3,1,36.0,26.0,nan
ALNS-A,Example3,3,1,37.0,26.0,nan
ALNS-A,Example3,3,1,38.0,26.0,nan
ALNS-A,Example3,3,1,39.0,26.0,nan
ALNS-A,Example3,3,1,40.0,26.0,nan
ALNS-A,Example3,3,1,41.0,26.0,nan
ALNS-A,Example3,3,1,42.0,26.0,nan
ALNS-A,Example3,3,1,43.0,26.0,nan
ALNS-A,Example3,3,1,44.0,26.0,nan
ALNS-A,Example3,3,1,45.0,26.0,nan
ALNS-A,Example3,3,1,46.0,26.0,nan
ALNS-A,Example3,3,1,47.0,26.0,nan
ALNS-A,Example3,3,1,48.0,26.0,nan
ALNS-A,Example3,3,1,49.0,26.0,nan
ALNS-A,Example3,3,1,50.0,26.0,nan
ALNS-A,Example3,3,1,51.0,26.0,nan
ALNS-A,Example3,3,1,52.0,26.0,nan
ALNS-A,Example3,3,1,53.0,26.0,nan
ALNS-A,Example3,3,1,54.0,26.0,nan
ALNS-A,Example3,3,1,55.0,26.0,nan
ALNS-A,Example3,3,1,56.0,26.0,nan
ALNS-A,Example3,3,1,57.0,26.0,nan
ALNS-A,Example3,3,1,58.0,26.0,nan
ALNS-A,Example3,3,1,59.0,26.0,nan
ALNS-A,Example3,3,1,60.0,26.0,nan
ALNS-A,Example3,3,1,61.0,26.0,nan
ALNS-A,Example3,3,1,62.0,26.0,nan
ALNS-A,Example3,3,1,63.0,26.0,nan
ALNS-A,Example3,3,1,64.0,26.0,nan
ALNS-A,Example3,3,1,65.0,26.0,nan
ALNS-A,Example3,3,1,66.0,26.0,nan
ALNS-A,Example3,3,1,67.0,26.0,nan
ALNS-A,Example3,3,1,68.0,26.0,nan
ALNS-A,Example3,3,1,69.0,26.0,nan
ALNS-A,Example3,3,1,70.0,26.0,nan
ALNS-A,Example3,3,1,71.0,26.0,nan
ALNS-A,Example3,3,1,72.0,26.0,nan
ALNS-A,Example3,3,1,73.0,26.0,nan
ALNS-A,Example3,3,1,74.0,26.0,nan
ALNS-A,Example3,3,1,75.0,26.0,nan
ALNS-A,Example3,3,1,76.0,26.0,nan
ALNS-A,Example3,3,1,77.0,26.0,nan
ALNS-A,Example3,3,1,78.0,26.0,nan
ALNS-A,Example3,3,1,79.0,24.0,nan
ALNS-A,Example3,3,1,80.0,24.0,nan
ALNS-A,Example3,3,1,81.0,24.0,nan
ALNS-A,Example3,3,1,82.0,24.0,nan
ALNS-A,Example3,3,1,83.0,24.0,nan
ALNS-A,Example3,3,1,84.0,21.0,nan
ALNS-A,Example3,3,1,85.0,21.0,nan
ALNS-A,Example3,3,1,86.0,21.0,nan
ALNS-A,Example3,3,1,87.0,21.0,nan
ALNS-A,Example3,3,1,88.0,21.0,nan
ALNS-A,Example3,3,1,89.0,21.0,nan
ALNS-A,Example3,3,1,90.0,21.0,nan
ALNS-A,Example3,3,1,91.0,21.0,nan
ALNS-A,Example3,3,1,92.0,21.0,nan
ALNS-A,Example3,3,1,93.0,21.0,nan
ALNS-A,Example3,3,1,94.0,21.0,nan
ALNS-A,Example3,3,1,95.0,21.0,nan
ALNS-A,Example3,3,1,96.0,21.0,nan
ALNS-A,Example3,3,1,97.0,21.0,nan
ALNS-A,Example3,3,1,98.0,21.0,nan
ALNS-A,Example3,3,1,99.0,21.0,nan
ALNS-A,Example3,3,1,100.0,21.0,nan
ALNS-A,Example3,3,1,101.0,21.0,nan
ALNS-A,Example3,3,1,102.0,21.0,nan
ALNS-A,Example3,3,1,103.0,21.0,nan
ALNS-A,Example3,3,1,104.0,21.0,nan
ALNS-A,Example3,3,1,105.0,21.0,nan
ALNS-A,Example3,3,1,106.0,21.0,nan
ALNS-A,Example3,3,1,107.0,21.0,nan
ALNS-A,Example3,3,1,108.0,21.0,nan
ALNS-A,Example3,3,1,109.0,21.0,nan
ALNS-A,Example3,3,1,110.0,21.0,nan
ALNS-A,Example3,3,1,111.0,21.0,nan
ALNS-A,Example3,3,1,112.0,21.0,nan
ALNS-A,Example3,3,1,113.0,21.0,nan
ALNS-A,Example3,3,1,114.0,21.0,nan
ALNS-A,Example3,3,1,115.0,21.0,nan
ALNS-A,Example3,3,1,116.0,21.0,nan
ALNS-A,Example3,3,1,117.0,21.0,nan
ALNS-A,Example3,3,1,118.0,21.0,nan
ALNS-A,Example3,3,1,119.0,21.0,nan
ALNS-A,Example3,3,1,120.0,21.0,nan
ALNS-A,Example3,3,1,121.0,21.0,nan
ALNS-A,Example3,3,1,122.0,21.0,nan
ALNS-A,Example3,3,1,123.0,21.0,nan
ALNS-A,Example3,3,1,124.0,21.0,nan
ALNS-A,Example3,3,1,125.0,21.0,nan
ALNS-A,Example3,3,1,126.0,21.0,nan
ALNS-A,Example3,3,1,127.0,21.0,nan
ALNS-A,Example3,3,1,128.0,21.0,nan
ALNS-A,Example3,3,1,129.0,21.0,nan
ALNS-A,Example3,3,1,130.0,21.0,nan
ALNS-A,Example3,3,1,131.0,21.0,nan
ALNS-A,Example3,3,1,132.0,21.0,nan
ALNS-A,Example3,3,1,133.0,21.0,nan
ALNS-A,Example3,3,1,134.0,21.0,nan
ALNS-A,Example3,3,1,135.0,21.0,nan
ALNS-A,Example3,3,1,136.0,21.0,nan
ALNS-A,Example3,3,1,137.0,21.0,nan
ALNS-A,Example3,3,1,138.0,21.0,nan
ALNS-A,Example3,3,1,139.0,21.0,nan
ALNS-A,Example3,3,1,140.0,21.0,nan
ALNS-A,Example3,3,1,141.0,21.0,nan
ALNS-A,Example3,3,1,142.0,21.0,nan
ALNS-A,Example3,3,1,143.0,21.0,nan
ALNS-A,Example3,3,1,144.0,21.0,nan
ALNS-A,Example3,3,1,145.0,21.0,nan
ALNS-A,Example3,3,1,146.0,21.0,nan
ALNS-A,Example3,3,1,147.0,21.0,nan
ALNS-A,Example3,3,1,148.0,21.0,nan
ALNS-A,Example3,3,1,149.0,21.0,nan
ALNS-A,Example3,3,1,150.0,20.0,nan
ALNS-A,Example3,3,1,151.0,20.0,nan
ALNS-A,Example3,3,1,152.0,20.0,nan
ALNS-A,Example3,3,1,153.0,20.0,nan
ALNS-A,Example3,3,1,154.0,20.0,nan
ALNS-A,Example3,3,1,155.0,20.0,nan
ALNS-A,Example3,3,1,156.0,20.0,nan
ALNS-A,Example3,3,1,157.0,20.0,nan
ALNS-A,Example3,3,1,158.0,20.0,nan
ALNS-A,Example3,3,1,159.0,20.0,nan
ALNS-A,Example3,3,1,160.0,20.0,nan
ALNS-A,Example3,3,1,161.0,20.0,nan
ALNS-A,Example3,3,1,162.0,20.0,nan
ALNS-A,Example3,3,1,163.0,20.0,nan
ALNS-A,Example3,3,1,164.0,20.0,nan
ALNS-A,Example3,3,1,165.0,20.0,nan
ALNS-A,Example3,3,1,166.0,20.0,nan
ALNS-A,Example3,3,1,167.0,20.0,nan
ALNS-A,Example3,3,1,168.0,20.0,nan
ALNS-A,Example3,3,1,169.0,20.0,nan
ALNS-A,Example3,3,1,170.0,20.0,nan
ALNS-A,Example3,3,1,171.0,20.0,nan
ALNS-A,Example3,3,1,172.0,20.0,nan
ALNS-A,Example3,3,1,173.0,20.0,nan
ALNS-A,Example3,3,1,174.0,20.0,nan
ALNS-A,Example3,3,1,175.0,20.0,nan
ALNS-A,Example3,3,1,176.0,20.0,nan
ALNS-A,Example3,3,1,177.0,20.0,nan
ALNS-A,Example3,3,1,178.0,20.0,nan
ALNS-A,Example3,3,1,179.0,20.0,nan
ALNS-A,Example3,3,1,180.0,20.0,nan
ALNS-A,Example3,3,1,181.0,20.0,nan
ALNS-A,Example3,3,1,182.0,20.0,nan
ALNS-A,Example3,3,1,183.0,20.0,nan
ALNS-A,Example3,3,1,184.0,20.0,nan
ALNS-A,Example3,3,1,185.0,20.0,nan
ALNS-A,Example3,3,1,186.0,20.0,nan
ALNS-A,Example3,3,1,187.0,20.0,nan
ALNS-A,Example3,3,1,188.0,20.0,nan
ALNS-A,Example3,3,1,189.0,20.0,nan
ALNS-A,Example3,3,1,190.0,20.0,nan
ALNS-A,Example3,3,1,191.0,20.0,nan
ALNS-A,Example3,3,1,192.0,20.0,nan
ALNS-A,Example3,3,1,193.0,20.0,nan
ALNS-A,Example3,3,1,194.0,20.0,nan
ALNS-A,Example3,3,1,195.0,20.0,nan
ALNS-A,Example3,3,1,196.0,20.0,nan
ALNS-A,Example3,3,1,197.0,20.0,nan
ALNS-A,Example3,3,1,198.0,20.0,nan
ALNS-A,Example3,3,1,199.0,20.0,nan
ALNS-A,Example3,3,1,200.0,20.0,nan
ALNS-A,Example3,3,1,201.0,20.0,nan
ALNS-A,Example3,3,1,202.0,20.0,nan
ALNS-A,Example3,3,1,203.0,20.0,nan
ALNS-A,Example3,3,1,204.0,20.0,nan
ALNS-A,Example3,3,1,205.0,20.0,nan
ALNS-A,Example3,3,1,206.0,20.0,nan
ALNS-A,Example3,3,1,207.0,20.0,nan
ALNS-A,Example3,3,1,208.0,20.0,nan
ALNS-A,Example3,3,1,209.0,20.0,nan
ALNS-A,Example3,3,1,210.0,20.0,nan
ALNS-A,Example3,3,1,211.0,20.0,nan
ALNS-A,Example3,3,1,212.0,20.0,nan
ALNS-A,Example3,3,1,213.0,20.0,nan
ALNS-A,Example3,3,1,214.0,20.0,nan
ALNS-A,Example3,3,1,215.0,20.0,nan
ALNS-A,Example3,3,1,216.0,20.0,nan
ALNS-A,Example3,3,1,217.0,20.0,nan
ALNS-A,Example3,3,1,218.0,20.0,nan
ALNS-A,Example3,3,1,219.0,20.0,nan
ALNS-A,Example3,3,1,220.0,20.0,nan
ALNS-A,Example3,3,1,221.0,20.0,nan
ALNS-A,Example3,3,1,222.0,20.0,nan
ALNS-A,Example3,3,1,223.0,20.0,nan
ALNS-A,Example3,3,1,224.0,20.0,nan
ALNS-A,Example3,3,1,225.0,20.0,nan
ALNS-A,Example3,3,1,226.0,20.0,nan
ALNS-A,Example3,3,1,227.0,20.0,nan
ALNS-A,Example3,3,1,228.0,20.0,nan
ALNS-A,Example3,3,1,229.0,20.0,nan
ALNS-A,Example3,3,1,230.0,20.0,nan
ALNS-A,Example3,3,1,231.0,20.0,nan
ALNS-A,Example3,3,1,232.0,20.0,nan
ALNS-A,Example3,3,1,233.0,20.0,nan
ALNS-A,Example3,3,1,234.0,20.0,nan
ALNS-A,Example3,3,1,235.0,20.0,nan
ALNS-A,Example3,3,1,236.0,20.0,nan
ALNS-A,Example3,3,1,237.0,20.0,nan
ALNS-A,Example3,3,1,238.0,20.0,nan
ALNS-A,Example3,3,1,239.0,20.0,nan
ALNS-A,Example3,3,1,240.0,20.0,nan
ALNS-A,Example3,3,1,241.0,20.0,nan
ALNS-A,Example3,3,1,242.0,20.0,nan
ALNS-A,Example3,3,1,243.0,20.0,nan
ALNS-A,Example3,3,1,244.0,20.0,nan
ALNS-A,Example3,3,1,245.0,20.0,nan
ALNS-A,Example3,3,1,246.0,20.0,nan
ALNS-A,Example3,3,1,247.0,20.0,nan
ALNS-A,Example3,3,1,248.0,20.0,nan
ALNS-A,Example3,3,1,249.0,20.0,nan
ALNS-A,Example3,3,1,250.0,20.0,nan
ALNS-A,Example3,3,1,251.0,20.0,nan
ALNS-A,Example3,3,1,252.0,20.0,nan
ALNS-A,Example3,3,1,253.0,20.0,nan
ALNS-A,Example3,3,1,254.0,20.0,nan
ALNS-A,Example3,3,1,255.0,20.0,nan
ALNS-A,Example3,3,1,256.0,20.0,nan
ALNS-A,Example3,3,1,257.0,20.0,nan
ALNS-A,Example3,3,1,258.0,20.0,nan
ALNS-A,Example3,3,1,259.0,20.0,nan
ALNS-A,Example3,3,1,260.0,20.0,nan
ALNS-A,Example3,3,1,261.0,20.0,nan
ALNS-A,Example3,3,1,262.0,20.0,nan
ALNS-A,Example3,3,1,263.0,20.0,nan
ALNS-A,Example3,3,1,264.0,20.0,nan
ALNS-A,Example3,3,1,265.0,20.0,nan
ALNS-A,Example3,3,1,266.0,20.0,nan
ALNS-A,Example3,3,1,267.0,20.0,nan
ALNS-A,Example3,3,1,268.0,20.0,nan
ALNS-A,Example3,3,1,269.0,20.0,nan
ALNS-A,Example3,3,1,270.0,20.0,nan
ALNS-A,Example3,3,1,271.0,20.0,nan
ALNS-A,Example3,3,1,272.0,20.0,nan
ALNS-A,Example3,3,1,273.0,20.0,nan
ALNS-A,Example3,3,2,0.0,163.0,nan
ALNS-A,Example3,3,2,1.0,163.0,nan
ALNS-A,Example3,3,2,2.0,163.0,nan
ALNS-A,Example3,3,2,3.0,162.0,nan
ALNS-A,Example3,3,2,4.0,162.0,nan
ALNS-A,Example3,3,2,5.0,162.0,nan
ALNS-A,Example3,3,2,6.0,38.0,nan
ALNS-A,Example3,3,2,7.0,38.0,nan
ALNS-A,Example3,3,2,8.0,38.0,nan
ALNS-A,Example3,3,2,9.0,36.0,nan
ALNS-A,Example3,3,2,10.0,36.0,nan
ALNS-A,Example3,3,2,11.0,36.0,nan
ALNS-A,Example3,3,2,12.0,36.0,nan
ALNS-A,Example3,3,2,13.0,36.0,nan
ALNS-A,Example3,3,2,14.0,22.0,nan
ALNS-A,Example3,3,2,15.0,22.0,nan
ALNS-A,Example3,3,2,16.0,22.0,nan
ALNS-A,Example3,3,2,17.0,22.0,nan
ALNS-A,Example3,3,2,18.0,22.0,nan
ALNS-A,Example3,3,2,19.0,22.0,nan
ALNS-A,Example3,3,2,20.0,22.0,nan
ALNS-A,Example3,3,2,21.0,22.0,nan
ALNS-A,Example3,3,2,22.0,22.0,nan
ALNS-A,Example3,3,2,23.0,22.0,nan
ALNS-A,Example3,3,2,24.0,22.0,nan
ALNS-A,Example3,3,2,25.0,22.0,nan
ALNS-A,Example3,3,2,26.0,22.0,nan
ALNS-A,Example3,3,2,27.0,22.0,nan
ALNS-A,Example3,3,2,28.0,22.0,nan
ALNS-A,Example3,3,2,29.0,22.0,nan
ALNS-A,Example3,3,2,30.0,22.0,nan
ALNS-A,Example3,3,2,31.0,22.0,nan
ALNS-A,Example3,3,2,32.0,22.0,nan
ALNS-A,Example3,3,2,33.0,22.0,nan
ALNS-A,Example3,3,2,34.0,22.0,nan
ALNS-A,Example3,3,2,35.0,22.0,nan
ALNS-A,Example3,3,2,36.0,22.0,nan
ALNS-A,Example3,3,2,37.0,22.0,nan
ALNS-A,Example3,3,2,38.0,18.0,nan
ALNS-A,Example3,3,2,39.0,18.0,nan
ALNS-A,Example3,3,2,40.0,18.0,nan
ALNS-A,Example3,3,2,41.0,18.0,nan
ALNS-A,Example3,3,2,42.0,18.0,nan
ALNS-A,Example3,3,2,43.0,18.0,nan
ALNS-A,Example3,3,2,44.0,18.0,nan
ALNS-A,Example3,3,2,45.0,18.0,nan
ALNS-A,Example3,3,2,46.0,18.0,nan
ALNS-A,Example3,3,2,47.0,18.0,nan
ALNS-A,Example3,3,2,48.0,18.0,nan
ALNS-A,Example3,3,2,49.0,18.0,nan
ALNS-A,Example3,3,2,50.0,18.0,nan
ALNS-A,Example3,3,2,51.0,15.0,nan
ALNS-A,Example3,3,2,52.0,15.0,nan
ALNS-A,Example3,3,2,53.0,15.0,nan
ALNS-A,Example3,3,2,54.0,15.0,nan
ALNS-A,Example3,3,2,55.0,15.0,nan
ALNS-A,Example3,3,2,56.0,15.0,nan
ALNS-A,Example3,3,2,57.0,15.0,nan
ALNS-A,Example3,3,2,58.0,15.0,nan
ALNS-A,Example3,3,2,59.0,15.0,nan
ALNS-A,Example3,3,2,60.0,15.0,nan
ALNS-A,Example3,3,2,61.0,15.0,nan
ALNS-A,Example3,3,2,62.0,15.0,nan
ALNS-A,Example3,3,2,63.0,15.0,nan
ALNS-A,Example3,3,2,64.0,15.0,nan
ALNS-A,Example3,3,2,65.0,15.0,nan
ALNS-A,Example3,3,2,66.0,15.0,nan
ALNS-A,Example3,3,2,67.0,15.0,nan
ALNS-A,Example3,3,2,68.0,15.0,nan
ALNS-A,Example3,3,2,69.0,15.0,nan
ALNS-A,Example3,3,2,70.0,15.0,nan
ALNS-A,Example3,3,2,71.0,14.0,nan
ALNS-A,Example3,3,2,72.0,14.0,nan
ALNS-A,Example3,3,2,73.0,14.0,nan
ALNS-A,Example3,3,2,74.0,14.0,nan
ALNS-A,Example3,3,2,75.0,14.0,nan
ALNS-A,Example3,3,2,76.0,14.0,nan
ALNS-A,Example3,3,2,77.0,14.0,nan
ALNS-A,Example3,3,2,78.0,14.0,nan
ALNS-A,Example3,3,2,79.0,14.0,nan
ALNS-A,Example3,3,2,80.0,14.0,nan
ALNS-A,Example3,3,2,81.0,14.0,nan
ALNS-A,Example3,3,2,82.0,14.0,nan
ALNS-A,Example3,3,2,83.0,14.0,nan
ALNS-A,Example3,3,2,84.0,14.0,nan
ALNS-A,Example3,3,2,85.0,14.0,nan
ALNS-A,Example3,3,2,86.0,14.0,nan
ALNS-A,Example3,3,2,87.0,14.0,nan
ALNS-A,Example3,3,2,88.0,14.0,nan
ALNS-A,Example3,3,2,89.0,14.0,nan
ALNS-A,Example3,3,2,90.0,14.0,nan
ALNS-A,Example3,3,2,91.0,14.0,nan
ALNS-A,Example3,3,2,92.0,14.0,nan
ALNS-A,Example3,3,2,93.0,14.0,nan
ALNS-A,Example3,3,2,94.0,14.0,nan
ALNS-A,Example3,3,2,95.0,14.0,nan
ALNS-A,Example3,3,2,96.0,14.0,nan
ALNS-A,Example3,3,2,97.0,14.0,nan
ALNS-A,Example3,3,2,98.0,14.0,nan
ALNS-A,Example3,3,2,99.0,14.0,nan
ALNS-A,Example3,3,2,100.0,14.0,nan
ALNS-A,Example3,3,2,101.0,14.0,nan
ALNS-A,Example3,3,2,102.0,14.0,nan
ALNS-A,Example3,3,2,103.0,14.0,nan
ALNS-A,Example3,3,2,104.0,14.0,nan
ALNS-A,Example3,3,2,105.0,14.0,nan
ALNS-A,Example3,3,2,106.0,14.0,nan
ALNS-A,Example3,3,2,107.0,14.0,nan
ALNS-A,Example3,3,2,108.0,14.0,nan
ALNS-A,Example3,3,2,109.0,14.0,nan
ALNS-A,Example3,3,2,110.0,14.0,nan
ALNS-A,Example3,3,2,111.0,14.0,nan
ALNS-A,Example3,3,2,112.0,14.0,nan
ALNS-A,Example3,3,2,113.0,14.0,nan
ALNS-A,Example3,3,2,114.0,14.0,nan
ALNS-A,Example3,3,2,115.0,14.0,nan
ALNS-A,Example3,3,2,116.0,14.0,nan
ALNS-A,Example3,3,2,117.0,14.0,nan
ALNS-A,Example3,3,2,118.0,14.0,nan
ALNS-A,Example3,3,2,119.0,14.0,nan
ALNS-A,Example3,3,2,120.0,14.0,nan
ALNS-A,Example3,3,2,121.0,14.0,nan
ALNS-A,Example3,3,2,122.0,14.0,nan
ALNS-A,Example3,3,2,123.0,14.0,nan
ALNS-A,Example3,3,2,124.0,14.0,nan
ALNS-A,Example3,3,2,125.0,14.0,nan
ALNS-A,Example3,3,2,126.0,14.0,nan
ALNS-A,Example3,3,2,127.0,14.0,nan
ALNS-A,Example3,3,2,128.0,14.0,nan
ALNS-A,Example3,3,2,129.0,14.0,nan
ALNS-A,Example3,3,2,130.0,14.0,nan
ALNS-A,Example3,3,2,131.0,14.0,nan
ALNS-A,Example3,3,2,132.0,14.0,nan
ALNS-A,Example3,3,2,133.0,14.0,nan
ALNS-A,Example3,3,2,134.0,14.0,nan
ALNS-A,Example3,3,2,135.0,14.0,nan
ALNS-A,Example3,3,2,136.0,14.0,nan
ALNS-A,Example3,3,2,137.0,14.0,nan
ALNS-A,Example3,3,2,138.0,14.0,nan
ALNS-A,Example3,3,2,139.0,14.0,nan
ALNS-A,Example3,3,2,140.0,14.0,nan
ALNS-A,Example3,3,2,141.0,14.0,nan
ALNS-A,Example3,3,2,142.0,14.0,nan
ALNS-A,Example3,3,2,143.0,14.0,nan
ALNS-A,Example3,3,2,144.0,14.0,nan
ALNS-A,Example3,3,2,145.0,14.0,nan
ALNS-A,Example3,3,2,146.0,14.0,nan
ALNS-A,Example3,3,2,147.0,14.0,nan
ALNS-A,Example3,3,2,148.0,14.0,nan
ALNS-A,Example3,3,2,149.0,14.0,nan
ALNS-A,Example3,3,2,150.0,14.0,nan
ALNS-A,Example3,3,2,151.0,14.0,nan
ALNS-A,Example3,3,2,152.0,14.0,nan
ALNS-A,Example3,3,2,153.0,14.0,nan
ALNS-A,Example3,3,2,154.0,14.0,nan
ALNS-A,Example3,3,2,155.0,14.0,nan
ALNS-A,Example3,3,2,156.0,14.0,nan
ALNS-A,Example3,3,2,157.0,14.0,nan
ALNS-A,Example3,3,2,158.0,14.0,nan
ALNS-A,Example3,3,2,159.0,14.0,nan
ALNS-A,Example3,3,2,160.0,14.0,nan
ALNS-A,Example3,3,2,161.0,14.0,nan
ALNS-A,Example3,3,2,162.0,14.0,nan
ALNS-A,Example3,3,2,163.0,14.0,nan
ALNS-A,Example3,3,2,164.0,14.0,nan
ALNS-A,Example3,3,2,165.0,14.0,nan
ALNS-A,Example3,3,2,166.0,14.0,nan
ALNS-A,Example3,3,2,167.0,14.0,nan
ALNS-A,Example3,3,2,168.0,14.0,nan
ALNS-A,Example3,3,2,169.0,14.0,nan
ALNS-A,Example3,3,2,170.0,14.0,nan
ALNS-A,Example3,3,2,171.0,14.0,nan
ALNS-A,Example3,3,2,172.0,14.0,nan
ALNS-A,Example3,3,2,173.0,14.0,nan
ALNS-A,Example3,3,2,174.0,14.0,nan
ALNS-A,Example3,3,2,175.0,14.0,nan
ALNS-A,Example3,3,2,176.0,14.0,nan
ALNS-A,Example3,3,2,177.0,14.0,nan
ALNS-A,Example3,3,2,178.0,14.0,nan
ALNS-A,Example3,3,2,179.0,14.0,nan
ALNS-A,Example3,3,2,180.0,14.0,nan
ALNS-A,Example3,3,2,181.0,14.0,nan
ALNS-A,Example3,3,2,182.0,14.0,nan
ALNS-A,Example3,3,2,183.0,14.0,nan
ALNS-A,Example3,3,2,184.0,14.0,nan
ALNS-A,Example3,3,2,185.0,14.0,nan
ALNS-A,Example3,3,2,186.0,14.0,nan
ALNS-A,Example3,3,2,187.0,14.0,nan
ALNS-A,Example3,3,2,188.0,14.0,nan
ALNS-A,Example3,3,2,189.0,14.0,nan
ALNS-A,Example3,3,2,190.0,14.0,nan
ALNS-A,Example3,3,2,191.0,14.0,nan
ALNS-A,Example3,3,2,192.0,14.0,nan
ALNS-A,Example3,3,2,193.0,14.0,nan
ALNS-A,Example3,3,2,194.0,14.0,nan
ALNS-A,Example3,3,2,195.0,14.0,nan
ALNS-A,Example3,3,2,196.0,14.0,nan
ALNS-A,Example3,3,2,197.0,14.0,nan
ALNS-A,Example3,3,2,198.0,14.0,nan
ALNS-A,Example3,3,2,199.0,14.0,nan
ALNS-A,Example3,3,2,200.0,14.0,nan
ALNS-A,Example3,3,2,201.0,14.0,nan
ALNS-A,Example3,3,2,202.0,14.0,nan
ALNS-A,Example3,3,2,203.0,14.0,nan
ALNS-A,Example3,3,2,204.0,14.0,nan
ALNS-A,Example3,3,2,205.0,14.0,nan
ALNS-A,Example3,3,2,206.0,14.0,nan
ALNS-A,Example3,3,2,207.0,14.0,nan
ALNS-A,Example3,3,2,208.0,14.0,nan
ALNS-A,Example3,3,2,209.0,14.0,nan
ALNS-A,Example3,3,2,210.0,14.0,nan
ALNS-A,Example3,3,2,211.0,14.0,nan
ALNS-A,Example3,3,2,212.0,14.0,nan
ALNS-A,Example3,3,2,213.0,14.0,nan
ALNS-A,Example3,3,2,214.0,14.0,nan
ALNS-A,Example3,3,2,215.0,14.0,nan
ALNS-A,Example3,3,2,216.0,14.0,nan
ALNS-A,Example3,3,2,217.0,14.0,nan
ALNS-A,Example3,3,2,218.0,14.0,nan
ALNS-A,Example3,3,2,219.0,14.0,nan
ALNS-A,Example3,3,2,220.0,14.0,nan
ALNS-A,Example3,3,2,221.0,14.0,nan
ALNS-A,Example3,3,2,222.0,14.0,nan
ALNS-A,Example3,3,2,223.0,14.0,nan
ALNS-A,Example3,3,2,224.0,14.0,nan
ALNS-A,Example3,3,2,225.0,14.0,nan
ALNS-A,Example3,3,2,226.0,14.0,nan
ALNS-A,Example3,3,2,227.0,14.0,nan
ALNS-A,Example3,3,2,228.0,14.0,nan
ALNS-A,Example3,3,2,229.0,14.0,nan
ALNS-A,Example3,3,2,230.0,14.0,nan
ALNS-A,Example3,3,2,231.0,14.0,nan
ALNS-A,Example3,3,2,232.0,14.0,nan
ALNS-A,Example3,3,2,233.0,14.0,nan
ALNS-A,Example3,3,2,234.0,14.0,nan
ALNS-A,Example3,3,2,235.0,14.0,nan
ALNS-A,Example3,3,2,236.0,14.0,nan
ALNS-A,Example3,3,2,237.0,14.0,nan
ALNS-A,Example3,3,2,238.0,14.0,nan
ALNS-A,Example3,3,2,239.0,14.0,nan
ALNS-A,Example3,3,2,240.0,14.0,nan
ALNS-A,Example3,3,2,241.0,14.0,nan
ALNS-A,Example3,3,2,242.0,14.0,nan
ALNS-A,Example3,3,2,243.0,14.0,nan
ALNS-A,Example3,3,2,244.0,14.0,nan
ALNS-A,Example3,3,2,245.0,14.0,nan
ALNS-A,Example3,3,2,246.0,14.0,nan
ALNS-A,Example3,3,2,247.0,14.0,nan
ALNS-A,Example3,3,2,248.0,14.0,nan
ALNS-A,Example3,3,2,249.0,14.0,nan
ALNS-A,Example3,3,2,250.0,14.0,nan
ALNS-A,Example3,3,2,251.0,14.0,nan
ALNS-A,Example3,3,2,252.0,14.0,nan
ALNS-A,Example3,3,2,253.0,14.0,nan
ALNS-A,Example3,3,2,254.0,14.0,nan
ALNS-A,Example3,3,2,255.0,14.0,nan
ALNS-A,Example3,3,2,256.0,14.0,nan
ALNS-A,Example3,3,2,257.0,14.0,nan
ALNS-A,Example3,3,2,258.0,14.0,nan
ALNS-A,Example3,3,2,259.0,14.0,nan
ALNS-A,Example3,3,2,260.0,14.0,nan
ALNS-A,Example3,3,2,261.0,14.0,nan
ALNS-A,Example3,3,2,262.0,14.0,nan
ALNS-A,Example3,3,2,263.0,14.0,nan
ALNS-A,Example3,3,2,264.0,14.0,nan
ALNS-A,Example3,3,2,265.0,14.0,nan
ALNS-A,Example3,3,2,266.0,14.0,nan
ALNS-A,Example3,3,2,267.0,14.0,nan
ALNS-A,Example3,3,2,268.0,14.0,nan
ALNS-A,Example3,3,2,269.0,14.0,nan
ALNS-A,Example3,3,2,270.0,14.0,nan
ALNS-A,Example3,3,2,271.0,14.0,nan
ALNS-A,Example3,3,2,272.0,14.0,nan
ALNS-A,Example3,3,2,273.0,14.0,nan
ALNS-A,Example4,4,0,0.0,19.0,nan
ALNS-A,Example4,4,0,1.0,19.0,nan
ALNS-A,Example4,4,0,2.0,19.0,nan
ALNS-A,Example4,4,0,3.0,19.0,nan
ALNS-A,Example4,4,0,4.0,17.0,nan
ALNS-A,Example4,4,0,5.0,17.0,nan
ALNS-A,Example4,4,0,6.0,17.0,nan
ALNS-A,Example4,4,0,7.0,17.0,nan
ALNS-A,Example4,4,0,8.0,17.0,nan
ALNS-A,Example4,4,0,9.0,17.0,nan
ALNS-A,Example4,4,0,10.0,17.0,nan
ALNS-A,Example4,4,0,11.0,17.0,nan
ALNS-A,Example4,4,0,12.0,17.0,nan
ALNS-A,Example4,4,0,13.0,17.0,nan
ALNS-A,Example4,4,0,14.0,17.0,nan
ALNS-A,Example4,4,0,15.0,17.0,nan
ALNS-A,Example4,4,0,16.0,17.0,nan
ALNS-A,Example4,4,0,17.0,17.0,nan
ALNS-A,Example4,4,0,18.0,17.0,nan
ALNS-A,Example4,4,0,19.0,11.0,nan
ALNS-A,Example4,4,0,20.0,11.0,nan
ALNS-A,Example4,4,0,21.0,11.0,nan
ALNS-A,Example4,4,0,22.0,11.0,nan
ALNS-A,Example4,4,0,23.0,10.0,nan
ALNS-A,Example4,4,0,24.0,10.0,nan
ALNS-A,Example4,4,0,25.0,10.0,nan
ALNS-A,Example4,4,0,26.0,10.0,nan
ALNS-A,Example4,4,0,27.0,10.0,nan
ALNS-A,Example4,4,0,28.0,10.0,nan
ALNS-A,Example4,4,0,29.0,10.0,nan
ALNS-A,Example4,4,0,30.0,10.0,nan
ALNS-A,Example4,4,0,31.0,10.0,nan
ALNS-A,Example4,4,0,32.0,10.0,nan
ALNS-A,Example4,4,0,33.0,10.0,nan
ALNS-A,Example4,4,0,34.0,10.0,nan
ALNS-A,Example4,4,0,35.0,10.0,nan
ALNS-A,Example4,4,0,36.0,10.0,nan
ALNS-A,Example4,4,0,37.0,10.0,nan
ALNS-A,Example4,4,0,38.0,10.0,nan
ALNS-A,Example4,4,0,39.0,8.0,nan
ALNS-A,Example4,4,0,40.0,8.0,nan
ALNS-A,Example4,4,0,41.0,8.0,nan
ALNS-A,Example4,4,0,42.0,8.0,nan
ALNS-A,Example4,4,0,43.0,8.0,nan
ALNS-A,Example4,4,0,44.0,8.0,nan
ALNS-A,Example4,4,0,45.0,8.0,nan
ALNS-A,Example4,4,0,46.0,8.0,nan
ALNS-A,Example4,4,0,47.0,8.0,nan
ALNS-A,Example4,4,0,48.0,8.0,nan
ALNS-A,Example4,4,0,49.0,8.0,nan
ALNS-A,Example4,4,0,50.0,8.0,nan
ALNS-A,Example4,4,0,51.0,8.0,nan
ALNS-A,Example4,4,0,52.0,8.0,nan
ALNS-A,Example4,4,0,53.0,8.0,nan
ALNS-A,Example4,4,0,54.0,8.0,nan
ALNS-A,Example4,4,0,55.0,8.0,nan
ALNS-A,Example4,4,0,56.0,8.0,nan
ALNS-A,Example4,4,0,57.0,8.0,nan
ALNS-A,Example4,4,0,58.0,8.0,nan
ALNS-A,Example4,4,0,59.0,8.0,nan
ALNS-A,Example4,4,0,60.0,8.0,nan
ALNS-A,Example4,4,0,61.0,8.0,nan
ALNS-A,Example4,4,0,62.0,8.0,nan
ALNS-A,Example4,4,0,63.0,8.0,nan
ALNS-A,Example4,4,0,64.0,8.0,nan
ALNS-A,Example4,4,0,65.0,7.0,nan
ALNS-A,Example4,4,0,66.0,6.0,nan
ALNS-A,Example4,4,0,67.0,6.0,nan
ALNS-A,Example4,4,0,68.0,6.0,nan
ALNS-A,Example4,4,0,69.0,6.0,nan
ALNS-A,Example4,4,0,70.0,6.0,nan
ALNS-A,Example4,4,0,71.0,6.0,nan
ALNS-A,Example4,4,0,72.0,6.0,nan
ALNS-A,Example4,4,0,73.0,6.0,nan
ALNS-A,Example4,4,0,74.0,6.0,nan
ALNS-A,Example4,4,0,75.0,6.0,nan
ALNS-A,Example4,4,0,76.0,6.0,nan
ALNS-A,Example4,4,0,77.0,6.0,nan
ALNS-A,Example4,4,0,78.0,6.0,nan
ALNS-A,Example4,4,0,79.0,6.0,nan
ALNS-A,Example4,4,0,80.0,6.0,nan
ALNS-A,Example4,4,0,81.0,6.0,nan
ALNS-A,Example4,4,0,82.0,6.0,nan
ALNS-A,Example4,4,0,83.0,6.0,nan
ALNS-A,Example4,4,0,84.0,6.0,nan
ALNS-A,Example4,4,0,85.0,6.0,nan
ALNS-A,Example4,4,0,86.0,6.0,nan
ALNS-A,Example4,4,0,87.0,6.0,nan
ALNS-A,Example4,4,0,88.0,6.0,nan
ALNS-A,Example4,4,0,89.0,6.0,nan
ALNS-A,Example4,4,0,90.0,6.0,nan
ALNS-A,Example4,4,0,91.0,6.0,nan
ALNS-A,Example4,4,0,92.0,6.0,nan
ALNS-A,Example4,4,0,93.0,6.0,nan
ALNS-A,Example4,4,0,94.0,6.0,nan
ALNS-A,Example4,4,0,95.0,6.0,nan
ALNS-A,Example4,4,0,96.0,6.0,nan
ALNS-A,Example4,4,0,97.0,6.0,nan
ALNS-A,Example4,4,0,98.0,6.0,nan
ALNS-A,Example4,4,0,99.0,6.0,nan
ALNS-A,Example4,4,0,100.0,6.0,nan
ALNS-A,Example4,4,0,101.0,6.0,nan
ALNS-A,Example4,4,0,102.0,6.0,nan
ALNS-A,Example4,4,0,103.0,6.0,nan
ALNS-A,Example4,4,0,104.0,6.0,nan
ALNS-A,Example4,4,0,105.0,6.0,nan
ALNS-A,Example4,4,0,106.0,6.0,nan
ALNS-A,Example4,4,0,107.0,6.0,nan
ALNS-A,Example4,4,0,108.0,6.0,nan
ALNS-A,Example4,4,0,109.0,6.0,nan
ALNS-A,Example4,4,0,110.0,6.0,nan
ALNS-A,Example4,4,0,111.0,6.0,nan
ALNS-A,Example4,4,0,112.0,6.0,nan
ALNS-A,Example4,4,0,113.0,6.0,nan
ALNS-A,Example4,4,0,114.0,6.0,nan
ALNS-A,Example4,4,0,115.0,6.0,nan
ALNS-A,Example4,4,0,116.0,6.0,nan
ALNS-A,Example4,4,0,117.0,6.0,nan
ALNS-A,Example4,4,0,118.0,6.0,nan
ALNS-A,Example4,4,0,119.0,6.0,nan
ALNS-A,Example4,4,0,120.0,6.0,nan
ALNS-A,Example4,4,0,121.0,6.0,nan
ALNS-A,Example4,4,0,122.0,4.0,nan
ALNS-A,Example4,4,0,123.0,4.0,nan
ALNS-A,Example4,4,0,124.0,4.0,nan
ALNS-A,Example4,4,0,125.0,4.0,nan
ALNS-A,Example4,4,0,126.0,4.0,nan
ALNS-A,Example4,4,0,127.0,4.0,nan
ALNS-A,Example4,4,0,128.0,4.0,nan
ALNS-A,Example4,4,0,129.0,4.0,nan
ALNS-A,Example4,4,0,130.0,4.0,nan
ALNS-A,Example4,4,0,131.0,4.0,nan
ALNS-A,Example4,4,0,132.0,4.0,nan
ALNS-A,Example4,4,0,133.0,4.0,nan
ALNS-A,Example4,4,0,134.0,4.0,nan
ALNS-A,Example4,4,0,135.0,4.0,nan
ALNS-A,Example4,4,0,136.0,4.0,nan
ALNS-A,Example4,4,0,137.0,4.0,nan
ALNS-A,Example4,4,0,138.0,4.0,nan
ALNS-A,Example4,4,0,139.0,4.0,nan
ALNS-A,Example4,4,0,140.0,4.0,nan
ALNS-A,Example4,4,0,141.0,4.0,nan
ALNS-A,Example4,4,0,142.0,4.0,nan
ALNS-A,Example4,4,0,143.0,4.0,nan
ALNS-A,Example4,4,0,144.0,4.0,nan
ALNS-A,Example4,4,0,145.0,4.0,nan
ALNS-A,Example4,4,0,146.0,4.0,nan
ALNS-A,Example4,4,0,147.0,4.0,nan
ALNS-A,Example4,4,0,148.0,4.0,nan
ALNS-A,Example4,4,0,149.0,4.0,nan
ALNS-A,Example4,4,0,150.0,4.0,nan
ALNS-A,Example4,4,0,151.0,4.0,nan
ALNS-A,Example4,4,0,152.0,4.0,nan
ALNS-A,Example4,4,0,153.0,4.0,nan
ALNS-A,Example4,4,0,154.0,4.0,nan
ALNS-A,Example4,4,0,155.0,4.0,nan
ALNS-A,Example4,4,0,156.0,4.0,nan
ALNS-A,Example4,4,0,157.0,4.0,nan
ALNS-A,Example4,4,0,158.0,4.0,nan
ALNS-A,Example4,4,0,159.0,4.0,nan
ALNS-A,Example4,4,0,160.0,4.0,nan
ALNS-A,Example4,4,0,161.0,4.0,nan
ALNS-A,Example4,4,0,162.0,4.0,nan
ALNS-A,Example4,4,0,163.0,4.0,nan
ALNS-A,Example4,4,0,164.0,4.0,nan
ALNS-A,Example4,4,0,165.0,4.0,nan
ALNS-A,Example4,4,0,166.0,4.0,nan
ALNS-A,Example4,4,0,167.0,3.0,nan
ALNS-A,Example4,4,0,168.0,3.0,nan
ALNS-A,Example4,4,0,169.0,3.0,nan
ALNS-A,Example4,4,0,170.0,3.0,nan
ALNS-A,Example4,4,0,171.0,3.0,nan
ALNS-A,Example4,4,0,172.0,3.0,nan
ALNS-A,Example4,4,0,173.0,3.0,nan
ALNS-A,Example4,4,0,174.0,3.0,nan
ALNS-A,Example4,4,0,175.0,3.0,nan
ALNS-A,Example4,4,0,176.0,3.0,nan
ALNS-A,Example4,4,0,177.0,3.0,nan
ALNS-A,Example4,4,0,178.0,3.0,nan
ALNS-A,Example4,4,0,179.0,3.0,nan
ALNS-A,Example4,4,0,180.0,3.0,nan
ALNS-A,Example4,4,0,181.0,3.0,nan
ALNS-A,Example4,4,0,182.0,3.0,nan
ALNS-A,Example4,4,0,183.0,3.0,nan
ALNS-A,Example4,4,0,184.0,3.0,nan
ALNS-A,Example4,4,0,185.0,3.0,nan
ALNS-A,Example4,4,0,186.0,3.0,nan
ALNS-A,Example4,4,0,187.0,3.0,nan
ALNS-A,Example4,4,0,188.0,3.0,nan
ALNS-A,Example4,4,0,189.0,3.0,nan
ALNS-A,Example4,4,0,190.0,3.0,nan
ALNS-A,Example4,4,0,191.0,3.0,nan
ALNS-A,Example4,4,0,192.0,3.0,nan
ALNS-A,Example4,4,0,193.0,3.0,nan
ALNS-A,Example4,4,0,194.0,3.0,nan
ALNS-A,Example4,4,0,195.0,3.0,nan
ALNS-A,Example4,4,0,196.0,3.0,nan
ALNS-A,Example4,4,0,197.0,3.0,nan
ALNS-A,Example4,4,0,198.0,3.0,nan
ALNS-A,Example4,4,0,199.0,3.0,nan
ALNS-A,Example4,4,0,200.0,3.0,nan
ALNS-A,Example4,4,0,201.0,3.0,nan
ALNS-A,Example4,4,0,202.0,3.0,nan
ALNS-A,Example4,4,0,203.0,3.0,nan
ALNS-A,Example4,4,0,204.0,3.0,nan
ALNS-A,Example4,4,0,205.0,3.0,nan
ALNS-A,Example4,4,0,206.0,3.0,nan
ALNS-A,Example4,4,0,207.0,3.0,nan
ALNS-A,Example4,4,0,208.0,3.0,nan
ALNS-A,Example4,4,0,209.0,3.0,nan
ALNS-A,Example4,4,0,210.0,3.0,nan
ALNS-A,Example4,4,0,211.0,3.0,nan
ALNS-A,Example4,4,0,212.0,3.0,nan
ALNS-A,Example4,4,0,213.0,3.0,nan
ALNS-A,Example4,4,0,214.0,3.0,nan
ALNS-A,Example4,4,0,215.0,3.0,nan
ALNS-A,Example4,4,0,216.0,3.0,nan
ALNS-A,Example4,4,0,217.0,3.0,nan
ALNS-A,Example4,4,0,218.0,3.0,nan
ALNS-A,Example4,4,0,219.0,3.0,nan
ALNS-A,Example4,4,0,220.0,3.0,nan
ALNS-A,Example4,4,0,221.0,3.0,nan
ALNS-A,Example4,4,0,222.0,3.0,nan
ALNS-A,Example4,4,0,223.0,3.0,nan
ALNS-A,Example4,4,0,224.0,3.0,nan
ALNS-A,Example4,4,0,225.0,3.0,nan
ALNS-A,Example4,4,0,226.0,3.0,nan
ALNS-A,Example4,4,0,227.0,3.0,nan
ALNS-A,Example4,4,0,228.0,3.0,nan
ALNS-A,Example4,4,0,229.0,3.0,nan
ALNS-A,Example4,4,0,230.0,3.0,nan
ALNS-A,Example4,4,0,231.0,3.0,nan
ALNS-A,Example4,4,0,232.0,3.0,nan
ALNS-A,Example4,4,0,233.0,3.0,nan
ALNS-A,Example4,4,0,234.0,3.0,nan
ALNS-A,Example4,4,0,235.0,3.0,nan
ALNS-A,Example4,4,0,236.0,3.0,nan
ALNS-A,Example4,4,0,237.0,3.0,nan
ALNS-A,Example4,4,0,238.0,3.0,nan
ALNS-A,Example4,4,0,239.0,3.0,nan
ALNS-A,Example4,4,0,240.0,3.0,nan
ALNS-A,Example4,4,0,241.0,3.0,nan
ALNS-A,Example4,4,0,242.0,3.0,nan
ALNS-A,Example4,4,0,243.0,3.0,nan
ALNS-A,Example4,4,0,244.0,3.0,nan
ALNS-A,Example4,4,0,245.0,3.0,nan
ALNS-A,Example4,4,0,246.0,3.0,nan
ALNS-A,Example4,4,0,247.0,3.0,nan
ALNS-A,Example4,4,0,248.0,3.0,nan
ALNS-A,Example4,4,0,249.0,3.0,nan
ALNS-A,Example4,4,0,250.0,3.0,nan
ALNS-A,Example4,4,0,251.0,3.0,nan
ALNS-A,Example4,4,0,252.0,3.0,nan
ALNS-A,Example4,4,0,253.0,3.0,nan
ALNS-A,Example4,4,0,254.0,3.0,nan
ALNS-A,Example4,4,0,255.0,3.0,nan
ALNS-A,Example4,4,0,256.0,3.0,nan
ALNS-A,Example4,4,0,257.0,3.0,nan
ALNS-A,Example4,4,0,258.0,3.0,nan
ALNS-A,Example4,4,0,259.0,3.0,nan
ALNS-A,Example4,4,0,260.0,3.0,nan
ALNS-A,Example4,4,0,261.0,3.0,nan
ALNS-A,Example4,4,0,262.0,3.0,nan
ALNS-A,Example4,4,0,263.0,3.0,nan
ALNS-A,Example4,4,0,264.0,3.0,nan
ALNS-A,Example4,4,0,265.0,3.0,nan
ALNS-A,Example4,4,0,266.0,3.0,nan
ALNS-A,Example4,4,0,267.0,3.0,nan
ALNS-A,Example4,4,0,268.0,3.0,nan
ALNS-A,Example4,4,0,269.0,3.0,nan
ALNS-A,Example4,4,0,270.0,3.0,nan
ALNS-A,Example4,4,0,271.0,3.0,nan
ALNS-A,Example4,4,0,272.0,3.0,nan
ALNS-A,Example4,4,0,273.0,3.0,nan
ALNS-A,Example4,4,1,0.0,24.0,nan
ALNS-A,Example4,4,1,1.0,24.0,nan
ALNS-A,Example4,4,1,2.0,24.0,nan
ALNS-A,Example4,4,1,3.0,24.0,nan
ALNS-A,Example4,4,1,4.0,24.0,nan
ALNS-A,Example4,4,1,5.0,24.0,nan
ALNS-A,Example4,4,1,6.0,24.0,nan
ALNS-A,Example4,4,1,7.0,24.0,nan
ALNS-A,Example4,4,1,8.0,24.0,nan
ALNS-A,Example4,4,1,9.0,10.0,nan
ALNS-A,Example4,4,1,10.0,7.0,nan
ALNS-A,Example4,4,1,11.0,7.0,nan
ALNS-A,Example4,4,1,12.0,7.0,nan
ALNS-A,Example4,4,1,13.0,7.0,nan
ALNS-A,Example4,4,1,14.0,7.0,nan
ALNS-A,Example4,4,1,15.0,7.0,nan
ALNS-A,Example4,4,1,16.0,7.0,nan
ALNS-A,Example4,4,1,17.0,6.0,nan
ALNS-A,Example4,4,1,18.0,6.0,nan
ALNS-A,Example4,4,1,19.0,6.0,nan
ALNS-A,Example4,4,1,20.0,6.0,nan
ALNS-A,Example4,4,1,21.0,5.0,nan
ALNS-A,Example4,4,1,22.0,5.0,nan
ALNS-A,Example4,4,1,23.0,5.0,nan
ALNS-A,Example4,4,1,24.0,5.0,nan
ALNS-A,Example4,4,1,25.0,5.0,nan
ALNS-A,Example4,4,1,26.0,4.0,nan
ALNS-A,Example4,4,1,27.0,4.0,nan
ALNS-A,Example4,4,1,28.0,4.0,nan
ALNS-A,Example4,4,1,29.0,4.0,nan
ALNS-A,Example4,4,1,30.0,4.0,nan
ALNS-A,Example4,4,1,31.0,4.0,nan
ALNS-A,Example4,4,1,32.0,4.0,nan
ALNS-A,Example4,4,1,33.0,3.0,nan
ALNS-A,Example4,4,1,34.0,3.0,nan
ALNS-A,Example4,4,1,35.0,3.0,nan
ALNS-A,Example4,4,1,36.0,3.0,nan
ALNS-A,Example4,4,1,37.0,3.0,nan
ALNS-A,Example4,4,1,38.0,3.0,nan
ALNS-A,Example4,4,1,39.0,3.0,nan
ALNS-A,Example4,4,1,40.0,3.0,nan
ALNS-A,Example4,4,1,41.0,3.0,nan
ALNS-A,Example4,4,1,42.0,3.0,nan
ALNS-A,Example4,4,1,43.0,3.0,nan
ALNS-A,Example4,4,1,44.0,3.0,nan
ALNS-A,Example4,4,1,45.0,3.0,nan
ALNS-A,Example4,4,1,46.0,3.0,nan
ALNS-A,Example4,4,1,47.0,3.0,nan
ALNS-A,Example4,4,1,48.0,3.0,nan
ALNS-A,Example4,4,1,49.0,3.0,nan
ALNS-A,Example4,4,1,50.0,3.0,nan
ALNS-A,Example4,4,1,51.0,3.0,nan
ALNS-A,Example4,4,1,52.0,3.0,nan
ALNS-A,Example4,4,1,53.0,3.0,nan
ALNS-A,Example4,4,1,54.0,3.0,nan
ALNS-A,Example4,4,1,55.0,3.0,nan
ALNS-A,Example4,4,1,56.0,3.0,nan
ALNS-A,Example4,4,1,57.0,3.0,nan
ALNS-A,Example4,4,1,58.0,3.0,nan
ALNS-A,Example4,4,1,59.0,3.0,nan
ALNS-A,Example4,4,1,60.0,3.0,nan
ALNS-A,Example4,4,1,61.0,3.0,nan
ALNS-A,Example4,4,1,62.0,3.0,nan
ALNS-A,Example4,4,1,63.0,3.0,nan
ALNS-A,Example4,4,1,64.0,3.0,nan
ALNS-A,Example4,4,1,65.0,3.0,nan
ALNS-A,Example4,4,1,66.0,3.0,nan
ALNS-A,Example4,4,1,67.0,3.0,nan
ALNS-A,Example4,4,1,68.0,3.0,nan
ALNS-A,Example4,4,1,69.0,3.0,nan
ALNS-A,Example4,4,1,70.0,3.0,nan
ALNS-A,Example4,4,1,71.0,3.0,nan
ALNS-A,Example4,4,1,72.0,3.0,nan
ALNS-A,Example4,4,1,73.0,3.0,nan
ALNS-A,Example4,4,1,74.0,3.0,nan
ALNS-A,Example4,4,1,75.0,3.0,nan
ALNS-A,Example4,4,1,76.0,3.0,nan
ALNS-A,Example4,4,1,77.0,3.0,nan
ALNS-A,Example4,4,1,78.0,3.0,nan
ALNS-A,Example4,4,1,79.0,3.0,nan
ALNS-A,Example4,4,1,80.0,3.0,nan
ALNS-A,Example4,4,1,81.0,3.0,nan
ALNS-A,Example4,4,1,82.0,3.0,nan
ALNS-A,Example4,4,1,83.0,3.0,nan
ALNS-A,Example4,4,1,84.0,3.0,nan
ALNS-A,Example4,4,1,85.0,3.0,nan
ALNS-A,Example4,4,1,86.0,3.0,nan
ALNS-A,Example4,4,1,87.0,3.0,nan
ALNS-A,Example4,4,1,88.0,3.0,nan
ALNS-A,Example4,4,1,89.0,3.0,nan
ALNS-A,Example4,4,1,90.0,3.0,nan
ALNS-A,Example4,4,1,91.0,3.0,nan
ALNS-A,Example4,4,1,92.0,3.0,nan
ALNS-A,Example4,4,1,93.0,3.0,nan
ALNS-A,Example4,4,1,94.0,3.0,nan
ALNS-A,Example4,4,1,95.0,3.0,nan
ALNS-A,Example4,4,1,96.0,3.0,nan
ALNS-A,Example4,4,1,97.0,3.0,nan
ALNS-A,Example4,4,1,98.0,3.0,nan
ALNS-A,Example4,4,1,99.0,3.0,nan
ALNS-A,Example4,4,1,100.0,3.0,nan
ALNS-A,Example4,4,1,101.0,3.0,nan
ALNS-A,Example4,4,1,102.0,3.0,nan
ALNS-A,Example4,4,1,103.0,3.0,nan
ALNS-A,Example4,4,1,104.0,3.0,nan
ALNS-A,Example4,4,1,105.0,3.0,nan
ALNS-A,Example4,4,1,106.0,3.0,nan
ALNS-A,Example4,4,1,107.0,3.0,nan
ALNS-A,Example4,4,1,108.0,3.0,nan
ALNS-A,Example4,4,1,109.0,3.0,nan
ALNS-A,Example4,4,1,110.0,3.0,nan
ALNS-A,Example4,4,1,111.0,3.0,nan
ALNS-A,Example4,4,1,112.0,3.0,nan
ALNS-A,Example4,4,1,113.0,3.0,nan
ALNS-A,Example4,4,1,114.0,3.0,nan
ALNS-A,Example4,4,1,115.0,3.0,nan
ALNS-A,Example4,4,1,116.0,3.0,nan
ALNS-A,Example4,4,1,117.0,3.0,nan
ALNS-A,Example4,4,1,118.0,3.0,nan
ALNS-A,Example4,4,1,119.0,3.0,nan
ALNS-A,Example4,4,1,120.0,3.0,nan
ALNS-A,Example4,4,1,121.0,3.0,nan
ALNS-A,Example4,4,1,122.0,3.0,nan
ALNS-A,Example4,4,1,123.0,3.0,nan
ALNS-A,Example4,4,1,124.0,3.0,nan
ALNS-A,Example4,4,1,125.0,3.0,nan
ALNS-A,Example4,4,1,126.0,3.0,nan
ALNS-A,Example4,4,1,127.0,3.0,nan
ALNS-A,Example4,4,1,128.0,3.0,nan
ALNS-A,Example4,4,1,129.0,3.0,nan
ALNS-A,Example4,4,1,130.0,3.0,nan
ALNS-A,Example4,4,1,131.0,3.0,nan
ALNS-A,Example4,4,1,132.0,3.0,nan
ALNS-A,Example4,4,1,133.0,3.0,nan
ALNS-A,Example4,4,1,134.0,3.0,nan
ALNS-A,Example4,4,1,135.0,3.0,nan
ALNS-A,Example4,4,1,136.0,3.0,nan
ALNS-A,Example4,4,1,137.0,3.0,nan
ALNS-A,Example4,4,1,138.0,3.0,nan
ALNS-A,Example4,4,1,139.0,3.0,nan
ALNS-A,Example4,4,1,140.0,3.0,nan
ALNS-A,Example4,4,1,141.0,3.0,nan
ALNS-A,Example4,4,1,142.0,3.0,nan
ALNS-A,Example4,4,1,143.0,3.0,nan
ALNS-A,Example4,4,1,144.0,3.0,nan
ALNS-A,Example4,4,1,145.0,3.0,nan
ALNS-A,Example4,4,1,146.0,3.0,nan
ALNS-A,Example4,4,1,147.0,3.0,nan
ALNS-A,Example4,4,1,148.0,3.0,nan
ALNS-A,Example4,4,1,149.0,3.0,nan
ALNS-A,Example4,4,1,150.0,3.0,nan
ALNS-A,Example4,4,1,151.0,3.0,nan
ALNS-A,Example4,4,1,152.0,3.0,nan
ALNS-A,Example4,4,1,153.0,3.0,nan
ALNS-A,Example4,4,1,154.0,3.0,nan
ALNS-A,Example4,4,1,155.0,3.0,nan
ALNS-A,Example4,4,1,156.0,3.0,nan
ALNS-A,Example4,4,1,157.0,3.0,nan
ALNS-A,Example4,4,1,158.0,3.0,nan
ALNS-A,Example4,4,1,159.0,3.0,nan
ALNS-A,Example4,4,1,160.0,3.0,nan
ALNS-A,Example4,4,1,161.0,3.0,nan
ALNS-A,Example4,4,1,162.0,3.0,nan
ALNS-A,Example4,4,1,163.0,3.0,nan
ALNS-A,Example4,4,1,164.0,3.0,nan
ALNS-A,Example4,4,1,165.0,3.0,nan
ALNS-A,Example4,4,1,166.0,3.0,nan
ALNS-A,Example4,4,1,167.0,3.0,nan
ALNS-A,Example4,4,1,168.0,3.0,nan
ALNS-A,Example4,4,1,169.0,3.0,nan
ALNS-A,Example4,4,1,170.0,3.0,nan
ALNS-A,Example4,4,1,171.0,3.0,nan
ALNS-A,Example4,4,1,172.0,3.0,nan
ALNS-A,Example4,4,1,173.0,3.0,nan
ALNS-A,Example4,4,1,174.0,3.0,nan
ALNS-A,Example4,4,1,175.0,3.0,nan
ALNS-A,Example4,4,1,176.0,3.0,nan
ALNS-A,Example4,4,1,177.0,3.0,nan
ALNS-A,Example4,4,1,178.0,3.0,nan
ALNS-A,Example4,4,1,179.0,3.0,nan
ALNS-A,Example4,4,1,180.0,3.0,nan
ALNS-A,Example4,4,1,181.0,3.0,nan
ALNS-A,Example4,4,1,182.0,3.0,nan
ALNS-A,Example4,4,1,183.0,3.0,nan
ALNS-A,Example4,4,1,184.0,3.0,nan
ALNS-A,Example4,4,1,185.0,3.0,nan
ALNS-A,Example4,4,1,186.0,3.0,nan
ALNS-A,Example4,4,1,187.0,3.0,nan
ALNS-A,Example4,4,1,188.0,3.0,nan
ALNS-A,Example4,4,1,189.0,3.0,nan
ALNS-A,Example4,4,1,190.0,3.0,nan
ALNS-A,Example4,4,1,191.0,3.0,nan
ALNS-A,Example4,4,1,192.0,3.0,nan
ALNS-A,Example4,4,1,193.0,3.0,nan
ALNS-A,Example4,4,1,194.0,3.0,nan
ALNS-A,Example4,4,1,195.0,3.0,nan
ALNS-A,Example4,4,1,196.0,3.0,nan
ALNS-A,Example4,4,1,197.0,3.0,nan
ALNS-A,Example4,4,1,198.0,3.0,nan
ALNS-A,Example4,4,1,199.0,3.0,nan
ALNS-A,Example4,4,1,200.0,3.0,nan
ALNS-A,Example4,4,1,201.0,3.0,nan
ALNS-A,Example4,4,1,202.0,3.0,nan
ALNS-A,Example4,4,1,203.0,3.0,nan
ALNS-A,Example4,4,1,204.0,3.0,nan
ALNS-A,Example4,4,1,205.0,3.0,nan
ALNS-A,Example4,4,1,206.0,3.0,nan
ALNS-A,Example4,4,1,207.0,3.0,nan
ALNS-A,Example4,4,1,208.0,3.0,nan
ALNS-A,Example4,4,1,209.0,3.0,nan
ALNS-A,Example4,4,1,210.0,3.0,nan
ALNS-A,Example4,4,1,211.0,3.0,nan
ALNS-A,Example4,4,1,212.0,3.0,nan
ALNS-A,Example4,4,1,213.0,3.0,nan
ALNS-A,Example4,4,1,214.0,3.0,nan
ALNS-A,Example4,4,1,215.0,3.0,nan
ALNS-A,Example4,4,1,216.0,3.0,nan
ALNS-A,Example4,4,1,217.0,3.0,nan
ALNS-A,Example4,4,1,218.0,3.0,nan
ALNS-A,Example4,4,1,219.0,3.0,nan
ALNS-A,Example4,4,1,220.0,3.0,nan
ALNS-A,Example4,4,1,221.0,3.0,nan
ALNS-A,Example4,4,1,222.0,3.0,nan
ALNS-A,Example4,4,1,223.0,3.0,nan
ALNS-A,Example4,4,1,224.0,3.0,nan
ALNS-A,Example4,4,1,225.0,3.0,nan
ALNS-A,Example4,4,1,226.0,3.0,nan
ALNS-A,Example4,4,1,227.0,3.0,nan
ALNS-A,Example4,4,1,228.0,3.0,nan
ALNS-A,Example4,4,1,229.0,3.0,nan
ALNS-A,Example4,4,1,230.0,3.0,nan
ALNS-A,Example4,4,1,231.0,3.0,nan
ALNS-A,Example4,4,1,232.0,3.0,nan
ALNS-A,Example4,4,1,233.0,3.0,nan
ALNS-A,Example4,4,1,234.0,3.0,nan
ALNS-A,Example4,4,1,235.0,3.0,nan
ALNS-A,Example4,4,1,236.0,3.0,nan
ALNS-A,Example4,4,1,237.0,3.0,nan
ALNS-A,Example4,4,1,238.0,3.0,nan
ALNS-A,Example4,4,1,239.0,3.0,nan
ALNS-A,Example4,4,1,240.0,3.0,nan
ALNS-A,Example4,4,1,241.0,3.0,nan
ALNS-A,Example4,4,1,242.0,3.0,nan
ALNS-A,Example4,4,1,243.0,3.0,nan
ALNS-A,Example4,4,1,244.0,3.0,nan
ALNS-A,Example4,4,1,245.0,3.0,nan
ALNS-A,Example4,4,1,246.0,3.0,nan
ALNS-A,Example4,4,1,247.0,3.0,nan
ALNS-A,Example4,4,1,248.0,3.0,nan
ALNS-A,Example4,4,1,249.0,3.0,nan
ALNS-A,Example4,4,1,250.0,3.0,nan
ALNS-A,Example4,4,1,251.0,3.0,nan
ALNS-A,Example4,4,1,252.0,3.0,nan
ALNS-A,Example4,4,1,253.0,3.0,nan
ALNS-A,Example4,4,1,254.0,3.0,nan
ALNS-A,Example4,4,1,255.0,3.0,nan
ALNS-A,Example4,4,1,256.0,3.0,nan
ALNS-A,Example4,4,1,257.0,3.0,nan
ALNS-A,Example4,4,1,258.0,3.0,nan
ALNS-A,Example4,4,1,259.0,3.0,nan
ALNS-A,Example4,4,1,260.0,3.0,nan
ALNS-A,Example4,4,1,261.0,3.0,nan
ALNS-A,Example4,4,1,262.0,3.0,nan
ALNS-A,Example4,4,1,263.0,3.0,nan
ALNS-A,Example4,4,1,264.0,3.0,nan
ALNS-A,Example4,4,1,265.0,3.0,nan
ALNS-A,Example4,4,1,266.0,3.0,nan
ALNS-A,Example4,4,1,267.0,3.0,nan
ALNS-A,Example4,4,1,268.0,3.0,nan
ALNS-A,Example4,4,1,269.0,3.0,nan
ALNS-A,Example4,4,1,270.0,3.0,nan
ALNS-A,Example4,4,1,271.0,3.0,nan
ALNS-A,Example4,4,1,272.0,3.0,nan
ALNS-A,Example4,4,1,273.0,3.0,nan
ALNS-A,Example4,4,2,0.0,18.0,nan
ALNS-A,Example4,4,2,1.0,18.0,nan
ALNS-A,Example4,4,2,2.0,18.0,nan
ALNS-A,Example4,4,2,3.0,18.0,nan
ALNS-A,Example4,4,2,4.0,7.0,nan
ALNS-A,Example4,4,2,5.0,7.0,nan
ALNS-A,Example4,4,2,6.0,7.0,nan
ALNS-A,Example4,4,2,7.0,7.0,nan
ALNS-A,Example4,4,2,8.0,7.0,nan
ALNS-A,Example4,4,2,9.0,7.0,nan
ALNS-A,Example4,4,2,10.0,7.0,nan
ALNS-A,Example4,4,2,11.0,7.0,nan
ALNS-A,Example4,4,2,12.0,7.0,nan
ALNS-A,Example4,4,2,13.0,7.0,nan
ALNS-A,Example4,4,2,14.0,7.0,nan
ALNS-A,Example4,4,2,15.0,7.0,nan
ALNS-A,Example4,4,2,16.0,7.0,nan
ALNS-A,Example4,4,2,17.0,7.0,nan
ALNS-A,Example4,4,2,18.0,7.0,nan
ALNS-A,Example4,4,2,19.0,7.0,nan
ALNS-A,Example4,4,2,20.0,7.0,nan
ALNS-A,Example4,4,2,21.0,7.0,nan
ALNS-A,Example4,4,2,22.0,7.0,nan
ALNS-A,Example4,4,2,23.0,7.0,nan
ALNS-A,Example4,4,2,24.0,7.0,nan
ALNS-A,Example4,4,2,25.0,6.0,nan
ALNS-A,Example4,4,2,26.0,6.0,nan
ALNS-A,Example4,4,2,27.0,6.0,nan
ALNS-A,Example4,4,2,28.0,6.0,nan
ALNS-A,Example4,4,2,29.0,6.0,nan
ALNS-A,Example4,4,2,30.0,5.0,nan
ALNS-A,Example4,4,2,31.0,5.0,nan
ALNS-A,Example4,4,2,32.0,5.0,nan
ALNS-A,Example4,4,2,33.0,5.0,nan
ALNS-A,Example4,4,2,34.0,5.0,nan
ALNS-A,Example4,4,2,35.0,5.0,nan
ALNS-A,Example4,4,2,36.0,5.0,nan
ALNS-A,Example4,4,2,37.0,5.0,nan
ALNS-A,Example4,4,2,38.0,5.0,nan
ALNS-A,Example4,4,2,39.0,5.0,nan
ALNS-A,Example4,4,2,40.0,5.0,nan
ALNS-A,Example4,4,2,41.0,5.0,nan
ALNS-A,Example4,4,2,42.0,4.0,nan
ALNS-A,Example4,4,2,43.0,3.0,nan
ALNS-A,Example4,4,2,44.0,3.0,nan
ALNS-A,Example4,4,2,45.0,3.0,nan
ALNS-A,Example4,4,2,46.0,3.0,nan
ALNS-A,Example4,4,2,47.0,3.0,nan
ALNS-A,Example4,4,2,48.0,3.0,nan
ALNS-A,Example4,4,2,49.0,3.0,nan
ALNS-A,Example4,4,2,50.0,3.0,nan
ALNS-A,Example4,4,2,51.0,3.0,nan
ALNS-A,Example4,4,2,52.0,3.0,nan
ALNS-A,Example4,4,2,53.0,3.0,nan
ALNS-A,Example4,4,2,54.0,3.0,nan
ALNS-A,Example4,4,2,55.0,3.0,nan
ALNS-A,Example4,4,2,56.0,3.0,nan
ALNS-A,Example4,4,2,57.0,3.0,nan
ALNS-A,Example4,4,2,58.0,3.0,nan
ALNS-A,Example4,4,2,59.0,3.0,nan
ALNS-A,Example4,4,2,60.0,3.0,nan
ALNS-A,Example4,4,2,61.0,3.0,nan
ALNS-A,Example4,4,2,62.0,3.0,nan
ALNS-A,Example4,4,2,63.0,3.0,nan
ALNS-A,Example4,4,2,64.0,3.0,nan
ALNS-A,Example4,4,2,65.0,3.0,nan
ALNS-A,Example4,4,2,66.0,3.0,nan
ALNS-A,Example4,4,2,67.0,3.0,nan
ALNS-A,Example4,4,2,68.0,3.0,nan
ALNS-A,Example4,4,2,69.0,3.0,nan
ALNS-A,Example4,4,2,70.0,3.0,nan
ALNS-A,Example4,4,2,71.0,3.0,nan
ALNS-A,Example4,4,2,72.0,3.0,nan
ALNS-A,Example4,4,2,73.0,3.0,nan
ALNS-A,Example4,4,2,74.0,3.0,nan
ALNS-A,Example4,4,2,75.0,3.0,nan
ALNS-A,Example4,4,2,76.0,2.0,nan
ALNS-A,Example4,4,2,77.0,2.0,nan
ALNS-A,Example4,4,2,78.0,2.0,nan
ALNS-A,Example4,4,2,79.0,2.0,nan
ALNS-A,Example4,4,2,80.0,2.0,nan
ALNS-A,Example4,4,2,81.0,2.0,nan
ALNS-A,Example4,4,2,82.0,2.0,nan
ALNS-A,Example4,4,2,83.0,2.0,nan
ALNS-A,Example4,4,2,84.0,2.0,nan
ALNS-A,Example4,4,2,85.0,2.0,nan
ALNS-A,Example4,4,2,86.0,2.0,nan
ALNS-A,Example4,4,2,87.0,2.0,nan
ALNS-A,Example4,4,2,88.0,2.0,nan
ALNS-A,Example4,4,2,89.0,2.0,nan
ALNS-A,Example4,4,2,90.0,2.0,nan
ALNS-A,Example4,4,2,91.0,2.0,nan
ALNS-A,Example4,4,2,92.0,2.0,nan
ALNS-A,Example4,4,2,93.0,2.0,nan
ALNS-A,Example4,4,2,94.0,2.0,nan
ALNS-A,Example4,4,2,95.0,2.0,nan
ALNS-A,Example4,4,2,96.0,2.0,nan
ALNS-A,Example4,4,2,97.0,2.0,nan
ALNS-A,Example4,4,2,98.0,2.0,nan
ALNS-A,Example4,4,2,99.0,2.0,nan
ALNS-A,Example4,4,2,100.0,2.0,nan
ALNS-A,Example4,4,2,101.0,2.0,nan
ALNS-A,Example4,4,2,102.0,2.0,nan
ALNS-A,Example4,4,2,103.0,2.0,nan
ALNS-A,Example4,4,2,104.0,2.0,nan
ALNS-A,Example4,4,2,105.0,2.0,nan
ALNS-A,Example4,4,2,106.0,2.0,nan
ALNS-A,Example4,4,2,107.0,2.0,nan
ALNS-A,Example4,4,2,108.0,2.0,nan
ALNS-A,Example4,4,2,109.0,2.0,nan
ALNS-A,Example4,4,2,110.0,2.0,nan
ALNS-A,Example4,4,2,111.0,2.0,nan
ALNS-A,Example4,4,2,112.0,2.0,nan
ALNS-A,Example4,4,2,113.0,2.0,nan
ALNS-A,Example4,4,2,114.0,2.0,nan
ALNS-A,Example4,4,2,115.0,2.0,nan
ALNS-A,Example4,4,2,116.0,2.0,nan
ALNS-A,Example4,4,2,117.0,2.0,nan
ALNS-A,Example4,4,2,118.0,2.0,nan
ALNS-A,Example4,4,2,119.0,2.0,nan
ALNS-A,Example4,4,2,120.0,2.0,nan
ALNS-A,Example4,4,2,121.0,2.0,nan
ALNS-A,Example4,4,2,122.0,2.0,nan
ALNS-A,Example4,4,2,123.0,2.0,nan
ALNS-A,Example4,4,2,124.0,2.0,nan
ALNS-A,Example4,4,2,125.0,2.0,nan
ALNS-A,Example4,4,2,126.0,2.0,nan
ALNS-A,Example4,4,2,127.0,2.0,nan
ALNS-A,Example4,4,2,128.0,2.0,nan
ALNS-A,Example4,4,2,129.0,2.0,nan
ALNS-A,Example4,4,2,130.0,2.0,nan
ALNS-A,Example4,4,2,131.0,2.0,nan
ALNS-A,Example4,4,2,132.0,2.0,nan
ALNS-A,Example4,4,2,133.0,2.0,nan
ALNS-A,Example4,4,2,134.0,2.0,nan
ALNS-A,Example4,4,2,135.0,2.0,nan
ALNS-A,Example4,4,2,136.0,2.0,nan
ALNS-A,Example4,4,2,137.0,2.0,nan
ALNS-A,Example4,4,2,138.0,2.0,nan
ALNS-A,Example4,4,2,139.0,2.0,nan
ALNS-A,Example4,4,2,140.0,2.0,nan
ALNS-A,Example4,4,2,141.0,2.0,nan
ALNS-A,Example4,4,2,142.0,2.0,nan
ALNS-A,Example4,4,2,143.0,2.0,nan
ALNS-A,Example4,4,2,144.0,2.0,nan
ALNS-A,Example4,4,2,145.0,2.0,nan
ALNS-A,Example4,4,2,146.0,2.0,nan
ALNS-A,Example4,4,2,147.0,2.0,nan
ALNS-A,Example4,4,2,148.0,2.0,nan
ALNS-A,Example4,4,2,149.0,2.0,nan
ALNS-A,Example4,4,2,150.0,2.0,nan
ALNS-A,Example4,4,2,151.0,2.0,nan
ALNS-A,Example4,4,2,152.0,2.0,nan
ALNS-A,Example4,4,2,153.0,2.0,nan
ALNS-A,Example4,4,2,154.0,2.0,nan
ALNS-A,Example4,4,2,155.0,2.0,nan
ALNS-A,Example4,4,2,156.0,2.0,nan
ALNS-A,Example4,4,2,157.0,2.0,nan
ALNS-A,Example4,4,2,158.0,2.0,nan
ALNS-A,Example4,4,2,159.0,2.0,nan
ALNS-A,Example4,4,2,160.0,2.0,nan
ALNS-A,Example4,4,2,161.0,2.0,nan
ALNS-A,Example4,4,2,162.0,2.0,nan
ALNS-A,Example4,4,2,163.0,2.0,nan
ALNS-A,Example4,4,2,164.0,2.0,nan
ALNS-A,Example4,4,2,165.0,2.0,nan
ALNS-A,Example4,4,2,166.0,2.0,nan
ALNS-A,Example4,4,2,167.0,2.0,nan
ALNS-A,Example4,4,2,168.0,2.0,nan
ALNS-A,Example4,4,2,169.0,2.0,nan
ALNS-A,Example4,4,2,170.0,2.0,nan
ALNS-A,Example4,4,2,171.0,2.0,nan
ALNS-A,Example4,4,2,172.0,2.0,nan
ALNS-A,Example4,4,2,173.0,2.0,nan
ALNS-A,Example4,4,2,174.0,2.0,nan
ALNS-A,Example4,4,2,175.0,2.0,nan
ALNS-A,Example4,4,2,176.0,2.0,nan
ALNS-A,Example4,4,2,177.0,2.0,nan
ALNS-A,Example4,4,2,178.0,2.0,nan
ALNS-A,Example4,4,2,179.0,2.0,nan
ALNS-A,Example4,4,2,180.0,1.0,nan
ALNS-A,Example4,4,2,181.0,1.0,nan
ALNS-A,Example4,4,2,182.0,1.0,nan
ALNS-A,Example4,4,2,183.0,1.0,nan
ALNS-A,Example4,4,2,184.0,1.0,nan
ALNS-A,Example4,4,2,185.0,1.0,nan
ALNS-A,Example4,4,2,186.0,1.0,nan
ALNS-A,Example4,4,2,187.0,1.0,nan
ALNS-A,Example4,4,2,188.0,1.0,nan
ALNS-A,Example4,4,2,189.0,1.0,nan
ALNS-A,Example4,4,2,190.0,1.0,nan
ALNS-A,Example4,4,2,191.0,1.0,nan
ALNS-A,Example4,4,2,192.0,1.0,nan
ALNS-A,Example4,4,2,193.0,1.0,nan
ALNS-A,Example4,4,2,194.0,1.0,nan
ALNS-A,Example4,4,2,195.0,1.0,nan
ALNS-A,Example4,4,2,196.0,1.0,nan
ALNS-A,Example4,4,2,197.0,1.0,nan
ALNS-A,Example4,4,2,198.0,1.0,nan
ALNS-A,Example4,4,2,199.0,1.0,nan
ALNS-A,Example4,4,2,200.0,1.0,nan
ALNS-A,Example4,4,2,201.0,1.0,nan
ALNS-A,Example4,4,2,202.0,1.0,nan
ALNS-A,Example4,4,2,203.0,1.0,nan
ALNS-A,Example4,4,2,204.0,1.0,nan
ALNS-A,Example4,4,2,205.0,1.0,nan
ALNS-A,Example4,4,2,206.0,1.0,nan
ALNS-A,Example4,4,2,207.0,1.0,nan
ALNS-A,Example4,4,2,208.0,1.0,nan
ALNS-A,Example4,4,2,209.0,1.0,nan
ALNS-A,Example4,4,2,210.0,1.0,nan
ALNS-A,Example4,4,2,211.0,1.0,nan
ALNS-A,Example4,4,2,212.0,1.0,nan
ALNS-A,Example4,4,2,213.0,1.0,nan
ALNS-A,Example4,4,2,214.0,1.0,nan
ALNS-A,Example4,4,2,215.0,1.0,nan
ALNS-A,Example4,4,2,216.0,1.0,nan
ALNS-A,Example4,4,2,217.0,1.0,nan
ALNS-A,Example4,4,2,218.0,1.0,nan
ALNS-A,Example4,4,2,219.0,1.0,nan
ALNS-A,Example4,4,2,220.0,1.0,nan
ALNS-A,Example4,4,2,221.0,1.0,nan
ALNS-A,Example4,4,2,222.0,1.0,nan
ALNS-A,Example4,4,2,223.0,1.0,nan
ALNS-A,Example4,4,2,224.0,1.0,nan
ALNS-A,Example4,4,2,225.0,1.0,nan
ALNS-A,Example4,4,2,226.0,1.0,nan
ALNS-A,Example4,4,2,227.0,1.0,nan
ALNS-A,Example4,4,2,228.0,1.0,nan
ALNS-A,Example4,4,2,229.0,1.0,nan
ALNS-A,Example4,4,2,230.0,1.0,nan
ALNS-A,Example4,4,2,231.0,1.0,nan
ALNS-A,Example4,4,2,232.0,1.0,nan
ALNS-A,Example4,4,2,233.0,1.0,nan
ALNS-A,Example4,4,2,234.0,1.0,nan
ALNS-A,Example4,4,2,235.0,1.0,nan
ALNS-A,Example4,4,2,236.0,1.0,nan
ALNS-A,Example4,4,2,237.0,1.0,nan
ALNS-A,Example4,4,2,238.0,1.0,nan
ALNS-A,Example4,4,2,239.0,1.0,nan
ALNS-A,Example4,4,2,240.0,1.0,nan
ALNS-A,Example4,4,2,241.0,1.0,nan
ALNS-A,Example4,4,2,242.0,1.0,nan
ALNS-A,Example4,4,2,243.0,1.0,nan
ALNS-A,Example4,4,2,244.0,1.0,nan
ALNS-A,Example4,4,2,245.0,1.0,nan
ALNS-A,Example4,4,2,246.0,1.0,nan
ALNS-A,Example4,4,2,247.0,1.0,nan
ALNS-A,Example4,4,2,248.0,1.0,nan
ALNS-A,Example4,4,2,249.0,1.0,nan
ALNS-A,Example4,4,2,250.0,1.0,nan
ALNS-A,Example4,4,2,251.0,1.0,nan
ALNS-A,Example4,4,2,252.0,1.0,nan
ALNS-A,Example4,4,2,253.0,1.0,nan
ALNS-A,Example4,4,2,254.0,1.0,nan
ALNS-A,Example4,4,2,255.0,1.0,nan
ALNS-A,Example4,4,2,256.0,1.0,nan
ALNS-A,Example4,4,2,257.0,1.0,nan
ALNS-A,Example4,4,2,258.0,1.0,nan
ALNS-A,Example4,4,2,259.0,1.0,nan
ALNS-A,Example4,4,2,260.0,1.0,nan
ALNS-A,Example4,4,2,261.0,1.0,nan
ALNS-A,Example4,4,2,262.0,1.0,nan
ALNS-A,Example4,4,2,263.0,1.0,nan
ALNS-A,Example4,4,2,264.0,1.0,nan
ALNS-A,Example4,4,2,265.0,1.0,nan
ALNS-A,Example4,4,2,266.0,1.0,nan
ALNS-A,Example4,4,2,267.0,1.0,nan
ALNS-A,Example4,4,2,268.0,1.0,nan
ALNS-A,Example4,4,2,269.0,1.0,nan
ALNS-A,Example4,4,2,270.0,1.0,nan
ALNS-A,Example4,4,2,271.0,1.0,nan
ALNS-A,Example4,4,2,272.0,1.0,nan
ALNS-A,Example4,4,2,273.0,1.0,nan
ALNS-A,Example5,5,0,0.0,44.0,nan
ALNS-A,Example5,5,0,1.0,44.0,nan
ALNS-A,Example5,5,0,2.0,44.0,nan
ALNS-A,Example5,5,0,3.0,25.0,nan
ALNS-A,Example5,5,0,4.0,21.0,nan
ALNS-A,Example5,5,0,5.0,21.0,nan
ALNS-A,Example5,5,0,6.0,21.0,nan
ALNS-A,Example5,5,0,7.0,21.0,nan
ALNS-A,Example5,5,0,8.0,21.0,nan
ALNS-A,Example5,5,0,9.0,21.0,nan
ALNS-A,Example5,5,0,10.0,21.0,nan
ALNS-A,Example5,5,0,11.0,21.0,nan
ALNS-A,Example5,5,0,12.0,21.0,nan
ALNS-A,Example5,5,0,13.0,20.0,nan
ALNS-A,Example5,5,0,14.0,20.0,nan
ALNS-A,Example5,5,0,15.0,20.0,nan
ALNS-A,Example5,5,0,16.0,20.0,nan
ALNS-A,Example5,5,0,17.0,20.0,nan
ALNS-A,Example5,5,0,18.0,20.0,nan
ALNS-A,Example5,5,0,19.0,20.0,nan
ALNS-A,Example5,5,0,20.0,20.0,nan
ALNS-A,Example5,5,0,21.0,20.0,nan
ALNS-A,Example5,5,0,22.0,20.0,nan
ALNS-A,Example5,5,0,23.0,20.0,nan
ALNS-A,Example5,5,0,24.0,19.0,nan
ALNS-A,Example5,5,0,25.0,19.0,nan
ALNS-A,Example5,5,0,26.0,19.0,nan
ALNS-A,Example5,5,0,27.0,19.0,nan
ALNS-A,Example5,5,0,28.0,19.0,nan
ALNS-A,Example5,5,0,29.0,19.0,nan
ALNS-A,Example5,5,0,30.0,19.0,nan
ALNS-A,Example5,5,0,31.0,19.0,nan
ALNS-A,Example5,5,0,32.0,19.0,nan
ALNS-A,Example5,5,0,33.0,19.0,nan
ALNS-A,Example5,5,0,34.0,16.0,nan
ALNS-A,Example5,5,0,35.0,16.0,nan
ALNS-A,Example5,5,0,36.0,16.0,nan
ALNS-A,Example5,5,0,37.0,16.0,nan
ALNS-A,Example5,5,0,38.0,16.0,nan
ALNS-A,Example5,5,0,39.0,16.0,nan
ALNS-A,Example5,5,0,40.0,16.0,nan
ALNS-A,Example5,5,0,41.0,16.0,nan
ALNS-A,Example5,5,0,42.0,16.0,nan
ALNS-A,Example5,5,0,43.0,16.0,nan
ALNS-A,Example5,5,0,44.0,16.0,nan
ALNS-A,Example5,5,0,45.0,16.0,nan
ALNS-A,Example5,5,0,46.0,16.0,nan
ALNS-A,Example5,5,0,47.0,16.0,nan
ALNS-A,Example5,5,0,48.0,16.0,nan
ALNS-A,Example5,5,0,49.0,16.0,nan
ALNS-A,Example5,5,0,50.0,16.0,nan
ALNS-A,Example5,5,0,51.0,16.0,nan
ALNS-A,Example5,5,0,52.0,16.0,nan
ALNS-A,Example5,5,0,53.0,16.0,nan
ALNS-A,Example5,5,0,54.0,14.0,nan
ALNS-A,Example5,5,0,55.0,13.0,nan
ALNS-A,Example5,5,0,56.0,13.0,nan
ALNS-A,Example5,5,0,57.0,13.0,nan
ALNS-A,Example5,5,0,58.0,13.0,nan
ALNS-A,Example5,5,0,59.0,13.0,nan
ALNS-A,Example5,5,0,60.0,13.0,nan
ALNS-A,Example5,5,0,61.0,13.0,nan
ALNS-A,Example5,5,0,62.0,13.0,nan
ALNS-A,Example5,5,0,63.0,13.0,nan
ALNS-A,Example5,5,0,64.0,13.0,nan
ALNS-A,Example5,5,0,65.0,13.0,nan
ALNS-A,Example5,5,0,66.0,13.0,nan
ALNS-A,Example5,5,0,67.0,13.0,nan
ALNS-A,Example5,5,0,68.0,13.0,nan
ALNS-A,Example5,5,0,69.0,13.0,nan
ALNS-A,Example5,5,0,70.0,13.0,nan
ALNS-A,Example5,5,0,71.0,13.0,nan
ALNS-A,Example5,5,0,72.0,13.0,nan
ALNS-A,Example5,5,0,73.0,13.0,nan
ALNS-A,Example5,5,0,74.0,13.0,nan
ALNS-A,Example5,5,0,75.0,13.0,nan
ALNS-A,Example5,5,0,76.0,13.0,nan
ALNS-A,Example5,5,0,77.0,13.0,nan
ALNS-A,Example5,5,0,78.0,11.0,nan
ALNS-A,Example5,5,0,79.0,11.0,nan
ALNS-A,Example5,5,0,80.0,11.0,nan
ALNS-A,Example5,5,0,81.0,8.0,nan
ALNS-A,Example5,5,0,82.0,8.0,nan
ALNS-A,Example5,5,0,83.0,7.0,nan
ALNS-A,Example5,5,0,84.0,7.0,nan
ALNS-A,Example5,5,0,85.0,7.0,nan
ALNS-A,Example5,5,0,86.0,7.0,nan
ALNS-A,Example5,5,0,87.0,7.0,nan
ALNS-A,Example5,5,0,88.0,7.0,nan
ALNS-A,Example5,5,0,89.0,7.0,nan
ALNS-A,Example5,5,0,90.0,7.0,nan
ALNS-A,Example5,5,0,91.0,7.0,nan
ALNS-A,Example5,5,0,92.0,7.0,nan
ALNS-A,Example5,5,0,93.0,7.0,nan
ALNS-A,Example5,5,0,94.0,7.0,nan
ALNS-A,Example5,5,0,95.0,7.0,nan
ALNS-A,Example5,5,0,96.0,7.0,nan
ALNS-A,Example5,5,0,97.0,7.0,nan
ALNS-A,Example5,5,0,98.0,7.0,nan
ALNS-A,Example5,5,0,99.0,7.0,nan
ALNS-A,Example5,5,0,100.0,7.0,nan
ALNS-A,Example5,5,0,101.0,7.0,nan
ALNS-A,Example5,5,0,102.0,7.0,nan
ALNS-A,Example5,5,0,103.0,7.0,nan
ALNS-A,Example5,5,0,104.0,7.0,nan
ALNS-A,Example5,5,0,105.0,7.0,nan
ALNS-A,Example5,5,0,106.0,5.0,nan
ALNS-A,Example5,5,0,107.0,5.0,nan
ALNS-A,Example5,5,0,108.0,5.0,nan
ALNS-A,Example5,5,0,109.0,5.0,nan
ALNS-A,Example5,5,0,110.0,5.0,nan
ALNS-A,Example5,5,0,111.0,5.0,nan
ALNS-A,Example5,5,0,112.0,5.0,nan
ALNS-A,Example5,5,0,113.0,5.0,nan
ALNS-A,Example5,5,0,114.0,5.0,nan
ALNS-A,Example5,5,0,115.0,5.0,nan
ALNS-A,Example5,5,0,116.0,5.0,nan
ALNS-A,Example5,5,0,117.0,5.0,nan
ALNS-A,Example5,5,0,118.0,5.0,nan
ALNS-A,Example5,5,0,119.0,5.0,nan
ALNS-A,Example5,5,0,120.0,5.0,nan
ALNS-A,Example5,5,0,121.0,5.0,nan
ALNS-A,Example5,5,0,122.0,5.0,nan
ALNS-A,Example5,5,0,123.0,5.0,nan
ALNS-A,Example5,5,0,124.0,5.0,nan
ALNS-A,Example5,5,0,125.0,5.0,nan
ALNS-A,Example5,5,0,126.0,5.0,nan
ALNS-A,Example5,5,0,127.0,5.0,nan
ALNS-A,Example5,5,0,128.0,5.0,nan
ALNS-A,Example5,5,0,129.0,5.0,nan
ALNS-A,Example5,5,0,130.0,5.0,nan
ALNS-A,Example5,5,0,131.0,5.0,nan
ALNS-A,Example5,5,0,132.0,5.0,nan
ALNS-A,Example5,5,0,133.0,5.0,nan
ALNS-A,Example5,5,0,134.0,5.0,nan
ALNS-A,Example5,5,0,135.0,5.0,nan
ALNS-A,Example5,5,0,136.0,5.0,nan
ALNS-A,Example5,5,0,137.0,5.0,nan
ALNS-A,Example5,5,0,138.0,5.0,nan
ALNS-A,Example5,5,0,139.0,5.0,nan
ALNS-A,Example5,5,0,140.0,5.0,nan
ALNS-A,Example5,5,0,141.0,5.0,nan
ALNS-A,Example5,5,0,142.0,5.0,nan
ALNS-A,Example5,5,0,143.0,5.0,nan
ALNS-A,Example5,5,0,144.0,5.0,nan
ALNS-A,Example5,5,0,145.0,5.0,nan
ALNS-A,Example5,5,0,146.0,5.0,nan
ALNS-A,Example5,5,0,147.0,5.0,nan
ALNS-A,Example5,5,0,148.0,5.0,nan
ALNS-A,Example5,5,0,149.0,5.0,nan
ALNS-A,Example5,5,0,150.0,5.0,nan
ALNS-A,Example5,5,0,151.0,5.0,nan
ALNS-A,Example5,5,0,152.0,5.0,nan
ALNS-A,Example5,5,0,153.0,5.0,nan
ALNS-A,Example5,5,0,154.0,5.0,nan
ALNS-A,Example5,5,0,155.0,5.0,nan
ALNS-A,Example5,5,0,156.0,5.0,nan
ALNS-A,Example5,5,0,157.0,5.0,nan
ALNS-A,Example5,5,0,158.0,5.0,nan
ALNS-A,Example5,5,0,159.0,5.0,nan
ALNS-A,Example5,5,0,160.0,5.0,nan
ALNS-A,Example5,5,0,161.0,5.0,nan
ALNS-A,Example5,5,0,162.0,5.0,nan
ALNS-A,Example5,5,0,163.0,5.0,nan
ALNS-A,Example5,5,0,164.0,5.0,nan
ALNS-A,Example5,5,0,165.0,5.0,nan
ALNS-A,Example5,5,0,166.0,5.0,nan
ALNS-A,Example5,5,0,167.0,5.0,nan
ALNS-A,Example5,5,0,168.0,5.0,nan
ALNS-A,Example5,5,0,169.0,5.0,nan
ALNS-A,Example5,5,0,170.0,5.0,nan
ALNS-A,Example5,5,0,171.0,5.0,nan
ALNS-A,Example5,5,0,172.0,5.0,nan
ALNS-A,Example5,5,0,173.0,5.0,nan
ALNS-A,Example5,5,0,174.0,5.0,nan
ALNS-A,Example5,5,0,175.0,5.0,nan
ALNS-A,Example5,5,0,176.0,5.0,nan
ALNS-A,Example5,5,0,177.0,5.0,nan
ALNS-A,Example5,5,0,178.0,5.0,nan
ALNS-A,Example5,5,0,179.0,5.0,nan
ALNS-A,Example5,5,0,180.0,5.0,nan
ALNS-A,Example5,5,0,181.0,5.0,nan
ALNS-A,Example5,5,0,182.0,5.0,nan
ALNS-A,Example5,5,0,183.0,5.0,nan
ALNS-A,Example5,5,0,184.0,5.0,nan
ALNS-A,Example5,5,0,185.0,5.0,nan
ALNS-A,Example5,5,0,186.0,5.0,nan
ALNS-A,Example5,5,0,187.0,5.0,nan
ALNS-A,Example5,5,0,188.0,5.0,nan
ALNS-A,Example5,5,0,189.0,5.0,nan
ALNS-A,Example5,5,0,190.0,5.0,nan
ALNS-A,Example5,5,0,191.0,5.0,nan
ALNS-A,Example5,5,0,192.0,5.0,nan
ALNS-A,Example5,5,0,193.0,5.0,nan
ALNS-A,Example5,5,0,194.0,5.0,nan
ALNS-A,Example5,5,0,195.0,5.0,nan
ALNS-A,Example5,5,0,196.0,5.0,nan
ALNS-A,Example5,5,0,197.0,5.0,nan
ALNS-A,Example5,5,0,198.0,5.0,nan
ALNS-A,Example5,5,0,199.0,5.0,nan
ALNS-A,Example5,5,0,200.0,5.0,nan
ALNS-A,Example5,5,0,201.0,5.0,nan
ALNS-A,Example5,5,0,202.0,5.0,nan
ALNS-A,Example5,5,0,203.0,5.0,nan
ALNS-A,Example5,5,0,204.0,5.0,nan
ALNS-A,Example5,5,0,205.0,5.0,nan
ALNS-A,Example5,5,0,206.0,5.0,nan
ALNS-A,Example5,5,0,207.0,5.0,nan
ALNS-A,Example5,5,0,208.0,5.0,nan
ALNS-A,Example5,5,0,209.0,5.0,nan
ALNS-A,Example5,5,0,210.0,5.0,nan
ALNS-A,Example5,5,0,211.0,5.0,nan
ALNS-A,Example5,5,0,212.0,5.0,nan
ALNS-A,Example5,5,0,213.0,5.0,nan
ALNS-A,Example5,5,0,214.0,5.0,nan
ALNS-A,Example5,5,0,215.0,5.0,nan
ALNS-A,Example5,5,0,216.0,5.0,nan
ALNS-A,Example5,5,0,217.0,5.0,nan
ALNS-A,Example5,5,0,218.0,5.0,nan
ALNS-A,Example5,5,0,219.0,5.0,nan
ALNS-A,Example5,5,0,220.0,5.0,nan
ALNS-A,Example5,5,0,221.0,5.0,nan
ALNS-A,Example5,5,0,222.0,5.0,nan
ALNS-A,Example5,5,0,223.0,5.0,nan
ALNS-A,Example5,5,0,224.0,5.0,nan
ALNS-A,Example5,5,0,225.0,5.0,nan
ALNS-A,Example5,5,0,226.0,5.0,nan
ALNS-A,Example5,5,0,227.0,5.0,nan
ALNS-A,Example5,5,0,228.0,5.0,nan
ALNS-A,Example5,5,0,229.0,5.0,nan
ALNS-A,Example5,5,0,230.0,5.0,nan
ALNS-A,Example5,5,0,231.0,5.0,nan
ALNS-A,Example5,5,0,232.0,5.0,nan
ALNS-A,Example5,5,0,233.0,5.0,nan
ALNS-A,Example5,5,0,234.0,5.0,nan
ALNS-A,Example5,5,0,235.0,5.0,nan
ALNS-A,Example5,5,0,236.0,5.0,nan
ALNS-A,Example5,5,0,237.0,5.0,nan
ALNS-A,Example5,5,0,238.0,5.0,nan
ALNS-A,Example5,5,0,239.0,5.0,nan
ALNS-A,Example5,5,0,240.0,5.0,nan
ALNS-A,Example5,5,0,241.0,5.0,nan
ALNS-A,Example5,5,0,242.0,5.0,nan
ALNS-A,Example5,5,0,243.0,5.0,nan
ALNS-A,Example5,5,0,244.0,5.0,nan
ALNS-A,Example5,5,0,245.0,5.0,nan
ALNS-A,Example5,5,0,246.0,5.0,nan
ALNS-A,Example5,5,0,247.0,5.0,nan
ALNS-A,Example5,5,0,248.0,5.0,nan
ALNS-A,Example5,5,0,249.0,5.0,nan
ALNS-A,Example5,5,0,250.0,5.0,nan
ALNS-A,Example5,5,0,251.0,5.0,nan
ALNS-A,Example5,5,0,252.0,5.0,nan
ALNS-A,Example5,5,0,253.0,5.0,nan
ALNS-A,Example5,5,0,254.0,5.0,nan
ALNS-A,Example5,5,0,255.0,5.0,nan
ALNS-A,Example5,5,0,256.0,5.0,nan
ALNS-A,Example5,5,0,257.0,5.0,nan
ALNS-A,Example5,5,0,258.0,5.0,nan
ALNS-A,Example5,5,0,259.0,5.0,nan
ALNS-A,Example5,5,0,260.0,5.0,nan
ALNS-A,Example5,5,0,261.0,5.0,nan
ALNS-A,Example5,5,0,262.0,5.0,nan
ALNS-A,Example5,5,0,263.0,5.0,nan
ALNS-A,Example5,5,0,264.0,5.0,nan
ALNS-A,Example5,5,0,265.0,5.0,nan
ALNS-A,Example5,5,0,266.0,5.0,nan
ALNS-A,Example5,5,0,267.0,5.0,nan
ALNS-A,Example5,5,0,268.0,5.0,nan
ALNS-A,Example5,5,0,269.0,5.0,nan
ALNS-A,Example5,5,0,270.0,5.0,nan
ALNS-A,Example5,5,0,271.0,5.0,nan
ALNS-A,Example5,5,0,272.0,5.0,nan
ALNS-A,Example5,5,0,273.0,5.0,nan
ALNS-A,Example5,5,1,0.0,30.0,nan
ALNS-A,Example5,5,1,1.0,30.0,nan
ALNS-A,Example5,5,1,2.0,30.0,nan
ALNS-A,Example5,5,1,3.0,30.0,nan
ALNS-A,Example5,5,1,4.0,30.0,nan
ALNS-A,Example5,5,1,5.0,30.0,nan
ALNS-A,Example5,5,1,6.0,20.0,nan
ALNS-A,Example5,5,1,7.0,14.0,nan
ALNS-A,Example5,5,1,8.0,10.0,nan
ALNS-A,Example5,5,1,9.0,10.0,nan
ALNS-A,Example5,5,1,10.0,10.0,nan
ALNS-A,Example5,5,1,11.0,10.0,nan
ALNS-A,Example5,5,1,12.0,10.0,nan
ALNS-A,Example5,5,1,13.0,8.0,nan
ALNS-A,Example5,5,1,14.0,8.0,nan
ALNS-A,Example5,5,1,15.0,8.0,nan
ALNS-A,Example5,5,1,16.0,8.0,nan
ALNS-A,Example5,5,1,17.0,8.0,nan
ALNS-A,Example5,5,1,18.0,8.0,nan
ALNS-A,Example5,5,1,19.0,8.0,nan
ALNS-A,Example5,5,1,20.0,8.0,nan
ALNS-A,Example5,5,1,21.0,8.0,nan
ALNS-A,Example5,5,1,22.0,8.0,nan
ALNS-A,Example5,5,1,23.0,8.0,nan
ALNS-A,Example5,5,1,24.0,8.0,nan
ALNS-A,Example5,5,1,25.0,8.0,nan
ALNS-A,Example5,5,1,26.0,8.0,nan
ALNS-A,Example5,5,1,27.0,8.0,nan
ALNS-A,Example5,5,1,28.0,8.0,nan
ALNS-A,Example5,5,1,29.0,8.0,nan
ALNS-A,Example5,5,1,30.0,8.0,nan
ALNS-A,Example5,5,1,31.0,8.0,nan
ALNS-A,Example5,5,1,32.0,8.0,nan
ALNS-A,Example5,5,1,33.0,8.0,nan
ALNS-A,Example5,5,1,34.0,8.0,nan
ALNS-A,Example5,5,1,35.0,8.0,nan
ALNS-A,Example5,5,1,36.0,8.0,nan
ALNS-A,Example5,5,1,37.0,8.0,nan
ALNS-A,Example5,5,1,38.0,8.0,nan
ALNS-A,Example5,5,1,39.0,8.0,nan
ALNS-A,Example5,5,1,40.0,8.0,nan
ALNS-A,Example5,5,1,41.0,8.0,nan
ALNS-A,Example5,5,1,42.0,8.0,nan
ALNS-A,Example5,5,1,43.0,8.0,nan
ALNS-A,Example5,5,1,44.0,8.0,nan
ALNS-A,Example5,5,1,45.0,8.0,nan
ALNS-A,Example5,5,1,46.0,8.0,nan
ALNS-A,Example5,5,1,47.0,8.0,nan
ALNS-A,Example5,5,1,48.0,8.0,nan
ALNS-A,Example5,5,1,49.0,8.0,nan
ALNS-A,Example5,5,1,50.0,8.0,nan
ALNS-A,Example5,5,1,51.0,8.0,nan
ALNS-A,Example5,5,1,52.0,8.0,nan
ALNS-A,Example5,5,1,53.0,8.0,nan
ALNS-A,Example5,5,1,54.0,8.0,nan
ALNS-A,Example5,5,1,55.0,8.0,nan
ALNS-A,Example5,5,1,56.0,8.0,nan
ALNS-A,Example5,5,1,57.0,8.0,nan
ALNS-A,Example5,5,1,58.0,8.0,nan
ALNS-A,Example5,5,1,59.0,8.0,nan
ALNS-A,Example5,5,1,60.0,8.0,nan
ALNS-A,Example5,5,1,61.0,8.0,nan
ALNS-A,Example5,5,1,62.0,8.0,nan
ALNS-A,Example5,5,1,63.0,8.0,nan
ALNS-A,Example5,5,1,64.0,8.0,nan
ALNS-A,Example5,5,1,65.0,8.0,nan
ALNS-A,Example5,5,1,66.0,8.0,nan
ALNS-A,Example5,5,1,67.0,8.0,nan
ALNS-A,Example5,5,1,68.0,8.0,nan
ALNS-A,Example5,5,1,69.0,8.0,nan
ALNS-A,Example5,5,1,70.0,8.0,nan
ALNS-A,Example5,5,1,71.0,8.0,nan
ALNS-A,Example5,5,1,72.0,8.0,nan
ALNS-A,Example5,5,1,73.0,8.0,nan
ALNS-A,Example5,5,1,74.0,7.0,nan
ALNS-A,Example5,5,1,75.0,7.0,nan
ALNS-A,Example5,5,1,76.0,7.0,nan
ALNS-A,Example5,5,1,77.0,7.0,nan
ALNS-A,Example5,5,1,78.0,7.0,nan
ALNS-A,Example5,5,1,79.0,5.0,nan
ALNS-A,Example5,5,1,80.0,5.0,nan
ALNS-A,Example5,5,1,81.0,3.0,nan
ALNS-A,Example5,5,1,82.0,2.0,nan
ALNS-A,Example5,5,1,83.0,2.0,nan
ALNS-A,Example5,5,1,84.0,2.0,nan
ALNS-A,Example5,5,1,85.0,2.0,nan
ALNS-A,Example5,5,1,86.0,2.0,nan
ALNS-A,Example5,5,1,87.0,2.0,nan
ALNS-A,Example5,5,1,88.0,2.0,nan
ALNS-A,Example5,5,1,89.0,2.0,nan
ALNS-A,Example5,5,1,90.0,2.0,nan
ALNS-A,Example5,5,1,91.0,2.0,nan
ALNS-A,Example5,5,1,92.0,2.0,nan
ALNS-A,Example5,5,1,93.0,2.0,nan
ALNS-A,Example5,5,1,94.0,2.0,nan
ALNS-A,Example5,5,1,95.0,2.0,nan
ALNS-A,Example5,5,1,96.0,2.0,nan
ALNS-A,Example5,5,1,97.0,2.0,nan
ALNS-A,Example5,5,1,98.0,2.0,nan
ALNS-A,Example5,5,1,99.0,2.0,nan
ALNS-A,Example5,5,1,100.0,2.0,nan
ALNS-A,Example5,5,1,101.0,2.0,nan
ALNS-A,Example5,5,1,102.0,2.0,nan
ALNS-A,Example5,5,1,103.0,2.0,nan
ALNS-A,Example5,5,1,104.0,2.0,nan
ALNS-A,Example5,5,1,105.0,2.0,nan
ALNS-A,Example5,5,1,106.0,2.0,nan
ALNS-A,Example5,5,1,107.0,2.0,nan
ALNS-A,Example5,5,1,108.0,2.0,nan
ALNS-A,Example5,5,1,109.0,2.0,nan
ALNS-A,Example5,5,1,110.0,2.0,nan
ALNS-A,Example5,5,1,111.0,2.0,nan
ALNS-A,Example5,5,1,112.0,2.0,nan
ALNS-A,Example5,5,1,113.0,2.0,nan
ALNS-A,Example5,5,1,114.0,2.0,nan
ALNS-A,Example5,5,1,115.0,2.0,nan
ALNS-A,Example5,5,1,116.0,2.0,nan
ALNS-A,Example5,5,1,117.0,2.0,nan
ALNS-A,Example5,5,1,118.0,2.0,nan
ALNS-A,Example5,5,1,119.0,2.0,nan
ALNS-A,Example5,5,1,120.0,2.0,nan
ALNS-A,Example5,5,1,121.0,2.0,nan
ALNS-A,Example5,5,1,122.0,2.0,nan
ALNS-A,Example5,5,1,123.0,2.0,nan
ALNS-A,Example5,5,1,124.0,2.0,nan
ALNS-A,Example5,5,1,125.0,2.0,nan
ALNS-A,Example5,5,1,126.0,2.0,nan
ALNS-A,Example5,5,1,127.0,2.0,nan
ALNS-A,Example5,5,1,128.0,2.0,nan
ALNS-A,Example5,5,1,129.0,2.0,nan
ALNS-A,Example5,5,1,130.0,2.0,nan
ALNS-A,Example5,5,1,131.0,2.0,nan
ALNS-A,Example5,5,1,132.0,2.0,nan
ALNS-A,Example5,5,1,133.0,2.0,nan
ALNS-A,Example5,5,1,134.0,2.0,nan
ALNS-A,Example5,5,1,135.0,2.0,nan
ALNS-A,Example5,5,1,136.0,2.0,nan
ALNS-A,Example5,5,1,137.0,2.0,nan
ALNS-A,Example5,5,1,138.0,2.0,nan
ALNS-A,Example5,5,1,139.0,2.0,nan
ALNS-A,Example5,5,1,140.0,2.0,nan
ALNS-A,Example5,5,1,141.0,2.0,nan
ALNS-A,Example5,5,1,142.0,2.0,nan
ALNS-A,Example5,5,1,143.0,2.0,nan
ALNS-A,Example5,5,1,144.0,2.0,nan
ALNS-A,Example5,5,1,145.0,2.0,nan
ALNS-A,Example5,5,1,146.0,2.0,nan
ALNS-A,Example5,5,1,147.0,2.0,nan
ALNS-A,Example5,5,1,148.0,2.0,nan
ALNS-A,Example5,5,1,149.0,2.0,nan
ALNS-A,Example5,5,1,150.0,2.0,nan
ALNS-A,Example5,5,1,151.0,2.0,nan
ALNS-A,Example5,5,1,152.0,2.0,nan
ALNS-A,Example5,5,1,153.0,2.0,nan
ALNS-A,Example5,5,1,154.0,2.0,nan
ALNS-A,Example5,5,1,155.0,2.0,nan
ALNS-A,Example5,5,1,156.0,2.0,nan
ALNS-A,Example5,5,1,157.0,2.0,nan
ALNS-A,Example5,5,1,158.0,2.0,nan
ALNS-A,Example5,5,1,159.0,2.0,nan
ALNS-A,Example5,5,1,160.0,2.0,nan
ALNS-A,Example5,5,1,161.0,2.0,nan
ALNS-A,Example5,5,1,162.0,2.0,nan
ALNS-A,Example5,5,1,163.0,2.0,nan
ALNS-A,Example5,5,1,164.0,2.0,nan
ALNS-A,Example5,5,1,165.0,2.0,nan
ALNS-A,Example5,5,1,166.0,2.0,nan
ALNS-A,Example5,5,1,167.0,2.0,nan
ALNS-A,Example5,5,1,168.0,2.0,nan
ALNS-A,Example5,5,1,169.0,2.0,nan
ALNS-A,Example5,5,1,170.0,2.0,nan
ALNS-A,Example5,5,1,171.0,2.0,nan
ALNS-A,Example5,5,1,172.0,2.0,nan
ALNS-A,Example5,5,1,173.0,2.0,nan
ALNS-A,Example5,5,1,174.0,2.0,nan
ALNS-A,Example5,5,1,175.0,2.0,nan
ALNS-A,Example5,5,1,176.0,2.0,nan
ALNS-A,Example5,5,1,177.0,2.0,nan
ALNS-A,Example5,5,1,178.0,2.0,nan
ALNS-A,Example5,5,1,179.0,2.0,nan
ALNS-A,Example5,5,1,180.0,2.0,nan
ALNS-A,Example5,5,1,181.0,2.0,nan
ALNS-A,Example5,5,1,182.0,2.0,nan
ALNS-A,Example5,5,1,183.0,2.0,nan
ALNS-A,Example5,5,1,184.0,2.0,nan
ALNS-A,Example5,5,1,185.0,2.0,nan
ALNS-A,Example5,5,1,186.0,2.0,nan
ALNS-A,Example5,5,1,187.0,2.0,nan
ALNS-A,Example5,5,1,188.0,2.0,nan
ALNS-A,Example5,5,1,189.0,2.0,nan
ALNS-A,Example5,5,1,190.0,2.0,nan
ALNS-A,Example5,5,1,191.0,2.0,nan
ALNS-A,Example5,5,1,192.0,2.0,nan
ALNS-A,Example5,5,1,193.0,2.0,nan
ALNS-A,Example5,5,1,194.0,2.0,nan
ALNS-A,Example5,5,1,195.0,2.0,nan
ALNS-A,Example5,5,1,196.0,2.0,nan
ALNS-A,Example5,5,1,197.0,2.0,nan
ALNS-A,Example5,5,1,198.0,2.0,nan
ALNS-A,Example5,5,1,199.0,2.0,nan
ALNS-A,Example5,5,1,200.0,2.0,nan
ALNS-A,Example5,5,1,201.0,2.0,nan
ALNS-A,Example5,5,1,202.0,2.0,nan
ALNS-A,Example5,5,1,203.0,2.0,nan
ALNS-A,Example5,5,1,204.0,2.0,nan
ALNS-A,Example5,5,1,205.0,2.0,nan
ALNS-A,Example5,5,1,206.0,2.0,nan
ALNS-A,Example5,5,1,207.0,2.0,nan
ALNS-A,Example5,5,1,208.0,2.0,nan
ALNS-A,Example5,5,1,209.0,2.0,nan
ALNS-A,Example5,5,1,210.0,2.0,nan
ALNS-A,Example5,5,1,211.0,2.0,nan
ALNS-A,Example5,5,1,212.0,2.0,nan
ALNS-A,Example5,5,1,213.0,2.0,nan
ALNS-A,Example5,5,1,214.0,2.0,nan
ALNS-A,Example5,5,1,215.0,2.0,nan
ALNS-A,Example5,5,1,216.0,2.0,nan
ALNS-A,Example5,5,1,217.0,2.0,nan
ALNS-A,Example5,5,1,218.0,2.0,nan
ALNS-A,Example5,5,1,219.0,2.0,nan
ALNS-A,Example5,5,1,220.0,2.0,nan
ALNS-A,Example5,5,1,221.0,2.0,nan
ALNS-A,Example5,5,1,222.0,2.0,nan
ALNS-A,Example5,5,1,223.0,2.0,nan
ALNS-A,Example5,5,1,224.0,2.0,nan
ALNS-A,Example5,5,1,225.0,2.0,nan
ALNS-A,Example5,5,1,226.0,2.0,nan
ALNS-A,Example5,5,1,227.0,2.0,nan
ALNS-A,Example5,5,1,228.0,2.0,nan
ALNS-A,Example5,5,1,229.0,2.0,nan
ALNS-A,Example5,5,1,230.0,2.0,nan
ALNS-A,Example5,5,1,231.0,2.0,nan
ALNS-A,Example5,5,1,232.0,2.0,nan
ALNS-A,Example5,5,1,233.0,2.0,nan
ALNS-A,Example5,5,1,234.0,2.0,nan
ALNS-A,Example5,5,1,235.0,2.0,nan
ALNS-A,Example5,5,1,236.0,2.0,nan
ALNS-A,Example5,5,1,237.0,2.0,nan
ALNS-A,Example5,5,1,238.0,2.0,nan
ALNS-A,Example5,5,1,239.0,2.0,nan
ALNS-A,Example5,5,1,240.0,2.0,nan
ALNS-A,Example5,5,1,241.0,2.0,nan
ALNS-A,Example5,5,1,242.0,2.0,nan
ALNS-A,Example5,5,1,243.0,2.0,nan
ALNS-A,Example5,5,1,244.0,2.0,nan
ALNS-A,Example5,5,1,245.0,2.0,nan
ALNS-A,Example5,5,1,246.0,2.0,nan
ALNS-A,Example5,5,1,247.0,2.0,nan
ALNS-A,Example5,5,1,248.0,2.0,nan
ALNS-A,Example5,5,1,249.0,2.0,nan
ALNS-A,Example5,5,1,250.0,2.0,nan
ALNS-A,Example5,5,1,251.0,2.0,nan
ALNS-A,Example5,5,1,252.0,2.0,nan
ALNS-A,Example5,5,1,253.0,2.0,nan
ALNS-A,Example5,5,1,254.0,2.0,nan
ALNS-A,Example5,5,1,255.0,2.0,nan
ALNS-A,Example5,5,1,256.0,2.0,nan
ALNS-A,Example5,5,1,257.0,2.0,nan
ALNS-A,Example5,5,1,258.0,2.0,nan
ALNS-A,Example5,5,1,259.0,2.0,nan
ALNS-A,Example5,5,1,260.0,2.0,nan
ALNS-A,Example5,5,1,261.0,2.0,nan
ALNS-A,Example5,5,1,262.0,2.0,nan
ALNS-A,Example5,5,1,263.0,2.0,nan
ALNS-A,Example5,5,1,264.0,2.0,nan
ALNS-A,Example5,5,1,265.0,2.0,nan
ALNS-A,Example5,5,1,266.0,2.0,nan
ALNS-A,Example5,5,1,267.0,2.0,nan
ALNS-A,Example5,5,1,268.0,2.0,nan
ALNS-A,Example5,5,1,269.0,2.0,nan
ALNS-A,Example5,5,1,270.0,2.0,nan
ALNS-A,Example5,5,1,271.0,2.0,nan
ALNS-A,Example5,5,1,272.0,2.0,nan
ALNS-A,Example5,5,1,273.0,2.0,nan
ALNS-A,Example5,5,2,0.0,43.0,nan
ALNS-A,Example5,5,2,1.0,43.0,nan
ALNS-A,Example5,5,2,2.0,43.0,nan
ALNS-A,Example5,5,2,3.0,43.0,nan
ALNS-A,Example5,5,2,4.0,43.0,nan
ALNS-A,Example5,5,2,5.0,43.0,nan
ALNS-A,Example5,5,2,6.0,32.0,nan
ALNS-A,Example5,5,2,7.0,32.0,nan
ALNS-A,Example5,5,2,8.0,32.0,nan
ALNS-A,Example5,5,2,9.0,27.0,nan
ALNS-A,Example5,5,2,10.0,24.0,nan
ALNS-A,Example5,5,2,11.0,24.0,nan
ALNS-A,Example5,5,2,12.0,24.0,nan
ALNS-A,Example5,5,2,13.0,24.0,nan
ALNS-A,Example5,5,2,14.0,24.0,nan
ALNS-A,Example5,5,2,15.0,24.0,nan
ALNS-A,Example5,5,2,16.0,24.0,nan
ALNS-A,Example5,5,2,17.0,24.0,nan
ALNS-A,Example5,5,2,18.0,24.0,nan
ALNS-A,Example5,5,2,19.0,24.0,nan
ALNS-A,Example5,5,2,20.0,24.0,nan
ALNS-A,Example5,5,2,21.0,24.0,nan
ALNS-A,Example5,5,2,22.0,21.0,nan
ALNS-A,Example5,5,2,23.0,21.0,nan
ALNS-A,Example5,5,2,24.0,21.0,nan
ALNS-A,Example5,5,2,25.0,21.0,nan
ALNS-A,Example5,5,2,26.0,21.0,nan
ALNS-A,Example5,5,2,27.0,21.0,nan
ALNS-A,Example5,5,2,28.0,21.0,nan
ALNS-A,Example5,5,2,29.0,21.0,nan
ALNS-A,Example5,5,2,30.0,21.0,nan
ALNS-A,Example5,5,2,31.0,21.0,nan
ALNS-A,Example5,5,2,32.0,21.0,nan
ALNS-A,Example5,5,2,33.0,21.0,nan
ALNS-A,Example5,5,2,34.0,21.0,nan
ALNS-A,Example5,5,2,35.0,21.0,nan
ALNS-A,Example5,5,2,36.0,21.0,nan
ALNS-A,Example5,5,2,37.0,21.0,nan
ALNS-A,Example5,5,2,38.0,21.0,nan
ALNS-A,Example5,5,2,39.0,21.0,nan
ALNS-A,Example5,5,2,40.0,21.0,nan
ALNS-A,Example5,5,2,41.0,21.0,nan
ALNS-A,Example5,5,2,42.0,21.0,nan
ALNS-A,Example5,5,2,43.0,21.0,nan
ALNS-A,Example5,5,2,44.0,21.0,nan
ALNS-A,Example5,5,2,45.0,21.0,nan
ALNS-A,Example5,5,2,46.0,21.0,nan
ALNS-A,Example5,5,2,47.0,21.0,nan
ALNS-A,Example5,5,2,48.0,20.0,nan
ALNS-A,Example5,5,2,49.0,20.0,nan
ALNS-A,Example5,5,2,50.0,20.0,nan
ALNS-A,Example5,5,2,51.0,20.0,nan
ALNS-A,Example5,5,2,52.0,13.0,nan
ALNS-A,Example5,5,2,53.0,13.0,nan
ALNS-A,Example5,5,2,54.0,13.0,nan
ALNS-A,Example5,5,2,55.0,13.0,nan
ALNS-A,Example5,5,2,56.0,13.0,nan
ALNS-A,Example5,5,2,57.0,13.0,nan
ALNS-A,Example5,5,2,58.0,13.0,nan
ALNS-A,Example5,5,2,59.0,13.0,nan
ALNS-A,Example5,5,2,60.0,13.0,nan
ALNS-A,Example5,5,2,61.0,13.0,nan
ALNS-A,Example5,5,2,62.0,13.0,nan
ALNS-A,Example5,5,2,63.0,13.0,nan
ALNS-A,Example5,5,2,64.0,13.0,nan
ALNS-A,Example5,5,2,65.0,13.0,nan
ALNS-A,Example5,5,2,66.0,13.0,nan
ALNS-A,Example5,5,2,67.0,13.0,nan
ALNS-A,Example5,5,2,68.0,13.0,nan
ALNS-A,Example5,5,2,69.0,13.0,nan
ALNS-A,Example5,5,2,70.0,13.0,nan
ALNS-A,Example5,5,2,71.0,13.0,nan
ALNS-A,Example5,5,2,72.0,13.0,nan
ALNS-A,Example5,5,2,73.0,13.0,nan
ALNS-A,Example5,5,2,74.0,13.0,nan
ALNS-A,Example5,5,2,75.0,13.0,nan
ALNS-A,Example5,5,2,76.0,13.0,nan
ALNS-A,Example5,5,2,77.0,13.0,nan
ALNS-A,Example5,5,2,78.0,13.0,nan
ALNS-A,Example5,5,2,79.0,13.0,nan
ALNS-A,Example5,5,2,80.0,13.0,nan
ALNS-A,Example5,5,2,81.0,13.0,nan
ALNS-A,Example5,5,2,82.0,13.0,nan
ALNS-A,Example5,5,2,83.0,13.0,nan
ALNS-A,Example5,5,2,84.0,13.0,nan
ALNS-A,Example5,5,2,85.0,13.0,nan
ALNS-A,Example5,5,2,86.0,13.0,nan
ALNS-A,Example5,5,2,87.0,13.0,nan
ALNS-A,Example5,5,2,88.0,13.0,nan
ALNS-A,Example5,5,2,89.0,13.0,nan
ALNS-A,Example5,5,2,90.0,13.0,nan
ALNS-A,Example5,5,2,91.0,13.0,nan
ALNS-A,Example5,5,2,92.0,13.0,nan
ALNS-A,Example5,5,2,93.0,13.0,nan
ALNS-A,Example5,5,2,94.0,13.0,nan
ALNS-A,Example5,5,2,95.0,13.0,nan
ALNS-A,Example5,5,2,96.0,13.0,nan
ALNS-A,Example5,5,2,97.0,13.0,nan
ALNS-A,Example5,5,2,98.0,13.0,nan
ALNS-A,Example5,5,2,99.0,13.0,nan
ALNS-A,Example5,5,2,100.0,13.0,nan
ALNS-A,Example5,5,2,101.0,13.0,nan
ALNS-A,Example5,5,2,102.0,13.0,nan
ALNS-A,Example5,5,2,103.0,13.0,nan
ALNS-A,Example5,5,2,104.0,13.0,nan
ALNS-A,Example5,5,2,105.0,13.0,nan
ALNS-A,Example5,5,2,106.0,12.0,nan
ALNS-A,Example5,5,2,107.0,12.0,nan
ALNS-A,Example5,5,2,108.0,12.0,nan
ALNS-A,Example5,5,2,109.0,12.0,nan
ALNS-A,Example5,5,2,110.0,12.0,nan
ALNS-A,Example5,5,2,111.0,12.0,nan
ALNS-A,Example5,5,2,112.0,12.0,nan
ALNS-A,Example5,5,2,113.0,12.0,nan
ALNS-A,Example5,5,2,114.0,9.0,nan
ALNS-A,Example5,5,2,115.0,6.0,nan
ALNS-A,Example5,5,2,116.0,6.0,nan
ALNS-A,Example5,5,2,117.0,6.0,nan
ALNS-A,Example5,5,2,118.0,6.0,nan
ALNS-A,Example5,5,2,119.0,6.0,nan
ALNS-A,Example5,5,2,120.0,6.0,nan
ALNS-A,Example5,5,2,121.0,6.0,nan
ALNS-A,Example5,5,2,122.0,6.0,nan
ALNS-A,Example5,5,2,123.0,6.0,nan
ALNS-A,Example5,5,2,124.0,6.0,nan
ALNS-A,Example5,5,2,125.0,6.0,nan
ALNS-A,Example5,5,2,126.0,6.0,nan
ALNS-A,Example5,5,2,127.0,6.0,nan
ALNS-A,Example5,5,2,128.0,6.0,nan
ALNS-A,Example5,5,2,129.0,6.0,nan
ALNS-A,Example5,5,2,130.0,6.0,nan
ALNS-A,Example5,5,2,131.0,6.0,nan
ALNS-A,Example5,5,2,132.0,6.0,nan
ALNS-A,Example5,5,2,133.0,6.0,nan
ALNS-A,Example5,5,2,134.0,6.0,nan
ALNS-A,Example5,5,2,135.0,6.0,nan
ALNS-A,Example5,5,2,136.0,6.0,nan
ALNS-A,Example5,5,2,137.0,6.0,nan
ALNS-A,Example5,5,2,138.0,6.0,nan
ALNS-A,Example5,5,2,139.0,6.0,nan
ALNS-A,Example5,5,2,140.0,6.0,nan
ALNS-A,Example5,5,2,141.0,6.0,nan
ALNS-A,Example5,5,2,142.0,6.0,nan
ALNS-A,Example5,5,2,143.0,6.0,nan
ALNS-A,Example5,5,2,144.0,6.0,nan
ALNS-A,Example5,5,2,145.0,6.0,nan
ALNS-A,Example5,5,2,146.0,6.0,nan
ALNS-A,Example5,5,2,147.0,6.0,nan
ALNS-A,Example5,5,2,148.0,6.0,nan
ALNS-A,Example5,5,2,149.0,6.0,nan
ALNS-A,Example5,5,2,150.0,6.0,nan
ALNS-A,Example5,5,2,151.0,6.0,nan
ALNS-A,Example5,5,2,152.0,6.0,nan
ALNS-A,Example5,5,2,153.0,6.0,nan
ALNS-A,Example5,5,2,154.0,6.0,nan
ALNS-A,Example5,5,2,155.0,6.0,nan
ALNS-A,Example5,5,2,156.0,6.0,nan
ALNS-A,Example5,5,2,157.0,6.0,nan
ALNS-A,Example5,5,2,158.0,6.0,nan
ALNS-A,Example5,5,2,159.0,6.0,nan
ALNS-A,Example5,5,2,160.0,6.0,nan
ALNS-A,Example5,5,2,161.0,6.0,nan
ALNS-A,Example5,5,2,162.0,6.0,nan
ALNS-A,Example5,5,2,163.0,6.0,nan
ALNS-A,Example5,5,2,164.0,6.0,nan
ALNS-A,Example5,5,2,165.0,6.0,nan
ALNS-A,Example5,5,2,166.0,6.0,nan
ALNS-A,Example5,5,2,167.0,6.0,nan
ALNS-A,Example5,5,2,168.0,6.0,nan
ALNS-A,Example5,5,2,169.0,6.0,nan
ALNS-A,Example5,5,2,170.0,6.0,nan
ALNS-A,Example5,5,2,171.0,6.0,nan
ALNS-A,Example5,5,2,172.0,6.0,nan
ALNS-A,Example5,5,2,173.0,6.0,nan
ALNS-A,Example5,5,2,174.0,6.0,nan
ALNS-A,Example5,5,2,175.0,6.0,nan
ALNS-A,Example5,5,2,176.0,6.0,nan
ALNS-A,Example5,5,2,177.0,6.0,nan
ALNS-A,Example5,5,2,178.0,6.0,nan
ALNS-A,Example5,5,2,179.0,6.0,nan
ALNS-A,Example5,5,2,180.0,6.0,nan
ALNS-A,Example5,5,2,181.0,6.0,nan
ALNS-A,Example5,5,2,182.0,6.0,nan
ALNS-A,Example5,5,2,183.0,6.0,nan
ALNS-A,Example5,5,2,184.0,6.0,nan
ALNS-A,Example5,5,2,185.0,6.0,nan
ALNS-A,Example5,5,2,186.0,6.0,nan
ALNS-A,Example5,5,2,187.0,6.0,nan
ALNS-A,Example5,5,2,188.0,6.0,nan
ALNS-A,Example5,5,2,189.0,6.0,nan
ALNS-A,Example5,5,2,190.0,6.0,nan
ALNS-A,Example5,5,2,191.0,6.0,nan
ALNS-A,Example5,5,2,192.0,6.0,nan
ALNS-A,Example5,5,2,193.0,6.0,nan
ALNS-A,Example5,5,2,194.0,6.0,nan
ALNS-A,Example5,5,2,195.0,6.0,nan
ALNS-A,Example5,5,2,196.0,6.0,nan
ALNS-A,Example5,5,2,197.0,6.0,nan
ALNS-A,Example5,5,2,198.0,6.0,nan
ALNS-A,Example5,5,2,199.0,6.0,nan
ALNS-A,Example5,5,2,200.0,6.0,nan
ALNS-A,Example5,5,2,201.0,6.0,nan
ALNS-A,Example5,5,2,202.0,6.0,nan
ALNS-A,Example5,5,2,203.0,6.0,nan
ALNS-A,Example5,5,2,204.0,6.0,nan
ALNS-A,Example5,5,2,205.0,6.0,nan
ALNS-A,Example5,5,2,206.0,6.0,nan
ALNS-A,Example5,5,2,207.0,6.0,nan
ALNS-A,Example5,5,2,208.0,6.0,nan
ALNS-A,Example5,5,2,209.0,6.0,nan
ALNS-A,Example5,5,2,210.0,6.0,nan
ALNS-A,Example5,5,2,211.0,6.0,nan
ALNS-A,Example5,5,2,212.0,6.0,nan
ALNS-A,Example5,5,2,213.0,6.0,nan
ALNS-A,Example5,5,2,214.0,6.0,nan
ALNS-A,Example5,5,2,215.0,6.0,nan
ALNS-A,Example5,5,2,216.0,6.0,nan
ALNS-A,Example5,5,2,217.0,6.0,nan
ALNS-A,Example5,5,2,218.0,6.0,nan
ALNS-A,Example5,5,2,219.0,6.0,nan
ALNS-A,Example5,5,2,220.0,6.0,nan
ALNS-A,Example5,5,2,221.0,6.0,nan
ALNS-A,Example5,5,2,222.0,6.0,nan
ALNS-A,Example5,5,2,223.0,6.0,nan
ALNS-A,Example5,5,2,224.0,6.0,nan
ALNS-A,Example5,5,2,225.0,6.0,nan
ALNS-A,Example5,5,2,226.0,6.0,nan
ALNS-A,Example5,5,2,227.0,6.0,nan
ALNS-A,Example5,5,2,228.0,6.0,nan
ALNS-A,Example5,5,2,229.0,6.0,nan
ALNS-A,Example5,5,2,230.0,6.0,nan
ALNS-A,Example5,5,2,231.0,6.0,nan
ALNS-A,Example5,5,2,232.0,6.0,nan
ALNS-A,Example5,5,2,233.0,6.0,nan
ALNS-A,Example5,5,2,234.0,6.0,nan
ALNS-A,Example5,5,2,235.0,6.0,nan
ALNS-A,Example5,5,2,236.0,6.0,nan
ALNS-A,Example5,5,2,237.0,6.0,nan
ALNS-A,Example5,5,2,238.0,6.0,nan
ALNS-A,Example5,5,2,239.0,6.0,nan
ALNS-A,Example5,5,2,240.0,6.0,nan
ALNS-A,Example5,5,2,241.0,6.0,nan
ALNS-A,Example5,5,2,242.0,6.0,nan
ALNS-A,Example5,5,2,243.0,6.0,nan
ALNS-A,Example5,5,2,244.0,6.0,nan
ALNS-A,Example5,5,2,245.0,6.0,nan
ALNS-A,Example5,5,2,246.0,6.0,nan
ALNS-A,Example5,5,2,247.0,6.0,nan
ALNS-A,Example5,5,2,248.0,6.0,nan
ALNS-A,Example5,5,2,249.0,6.0,nan
ALNS-A,Example5,5,2,250.0,6.0,nan
ALNS-A,Example5,5,2,251.0,6.0,nan
ALNS-A,Example5,5,2,252.0,6.0,nan
ALNS-A,Example5,5,2,253.0,6.0,nan
ALNS-A,Example5,5,2,254.0,6.0,nan
ALNS-A,Example5,5,2,255.0,6.0,nan
ALNS-A,Example5,5,2,256.0,6.0,nan
ALNS-A,Example5,5,2,257.0,6.0,nan
ALNS-A,Example5,5,2,258.0,6.0,nan
ALNS-A,Example5,5,2,259.0,6.0,nan
ALNS-A,Example5,5,2,260.0,6.0,nan
ALNS-A,Example5,5,2,261.0,6.0,nan
ALNS-A,Example5,5,2,262.0,6.0,nan
ALNS-A,Example5,5,2,263.0,6.0,nan
ALNS-A,Example5,5,2,264.0,6.0,nan
ALNS-A,Example5,5,2,265.0,6.0,nan
ALNS-A,Example5,5,2,266.0,6.0,nan
ALNS-A,Example5,5,2,267.0,6.0,nan
ALNS-A,Example5,5,2,268.0,6.0,nan
ALNS-A,Example5,5,2,269.0,6.0,nan
ALNS-A,Example5,5,2,270.0,6.0,nan
ALNS-A,Example5,5,2,271.0,6.0,nan
ALNS-A,Example5,5,2,272.0,6.0,nan
ALNS-A,Example5,5,2,273.0,6.0,nan
ALNS-A,Example6,6,0,0.0,22.0,nan
ALNS-A,Example6,6,0,1.0,22.0,nan
ALNS-A,Example6,6,0,2.0,22.0,nan
ALNS-A,Example6,6,0,3.0,20.0,nan
ALNS-A,Example6,6,0,4.0,17.0,nan
ALNS-A,Example6,6,0,5.0,14.0,nan
ALNS-A,Example6,6,0,6.0,14.0,nan
ALNS-A,Example6,6,0,7.0,14.0,nan
ALNS-A,Example6,6,0,8.0,14.0,nan
ALNS-A,Example6,6,0,9.0,11.0,nan
ALNS-A,Example6,6,0,10.0,10.0,nan
ALNS-A,Example6,6,0,11.0,7.0,nan
ALNS-A,Example6,6,0,12.0,7.0,nan
ALNS-A,Example6,6,0,13.0,7.0,nan
ALNS-A,Example6,6,0,14.0,7.0,nan
ALNS-A,Example6,6,0,15.0,7.0,nan
ALNS-A,Example6,6,0,16.0,6.0,nan
ALNS-A,Example6,6,0,17.0,6.0,nan
ALNS-A,Example6,6,0,18.0,6.0,nan
ALNS-A,Example6,6,0,19.0,6.0,nan
ALNS-A,Example6,6,0,20.0,6.0,nan
ALNS-A,Example6,6,0,21.0,6.0,nan
ALNS-A,Example6,6,0,22.0,6.0,nan
ALNS-A,Example6,6,0,23.0,6.0,nan
ALNS-A,Example6,6,0,24.0,3.0,nan
ALNS-A,Example6,6,0,25.0,2.0,nan
ALNS-A,Example6,6,0,26.0,2.0,nan
ALNS-A,Example6,6,0,27.0,2.0,nan
ALNS-A,Example6,6,0,28.0,2.0,nan
ALNS-A,Example6,6,0,29.0,2.0,nan
ALNS-A,Example6,6,0,30.0,2.0,nan
ALNS-A,Example6,6,0,31.0,2.0,nan
ALNS-A,Example6,6,0,32.0,2.0,nan
ALNS-A,Example6,6,0,33.0,2.0,nan
ALNS-A,Example6,6,0,34.0,2.0,nan
ALNS-A,Example6,6,0,35.0,2.0,nan
ALNS-A,Example6,6,0,36.0,2.0,nan
ALNS-A,Example6,6,0,37.0,2.0,nan
ALNS-A,Example6,6,0,38.0,2.0,nan
ALNS-A,Example6,6,0,39.0,2.0,nan
ALNS-A,Example6,6,0,40.0,2.0,nan
ALNS-A,Example6,6,0,41.0,2.0,nan
ALNS-A,Example6,6,0,42.0,2.0,nan
ALNS-A,Example6,6,0,43.0,2.0,nan
ALNS-A,Example6,6,0,44.0,2.0,nan
ALNS-A,Example6,6,0,45.0,2.0,nan
ALNS-A,Example6,6,0,46.0,2.0,nan
ALNS-A,Example6,6,0,47.0,2.0,nan
ALNS-A,Example6,6,0,48.0,2.0,nan
ALNS-A,Example6,6,0,49.0,2.0,nan
ALNS-A,Example6,6,0,50.0,2.0,nan
ALNS-A,Example6,6,0,51.0,2.0,nan
ALNS-A,Example6,6,0,52.0,2.0,nan
ALNS-A,Example6,6,0,53.0,2.0,nan
ALNS-A,Example6,6,0,54.0,2.0,nan
ALNS-A,Example6,6,0,55.0,2.0,nan
ALNS-A,Example6,6,0,56.0,2.0,nan
ALNS-A,Example6,6,0,57.0,2.0,nan
ALNS-A,Example6,6,0,58.0,2.0,nan
ALNS-A,Example6,6,0,59.0,2.0,nan
ALNS-A,Example6,6,0,60.0,1.0,nan
ALNS-A,Example6,6,0,61.0,1.0,nan
ALNS-A,Example6,6,0,62.0,1.0,nan
ALNS-A,Example6,6,0,63.0,1.0,nan
ALNS-A,Example6,6,0,64.0,1.0,nan
ALNS-A,Example6,6,0,65.0,1.0,nan
ALNS-A,Example6,6,0,66.0,1.0,nan
ALNS-A,Example6,6,0,67.0,1.0,nan
ALNS-A,Example6,6,0,68.0,1.0,nan
ALNS-A,Example6,6,0,69.0,1.0,nan
ALNS-A,Example6,6,0,70.0,1.0,nan
ALNS-A,Example6,6,0,71.0,1.0,nan
ALNS-A,Example6,6,0,72.0,1.0,nan
ALNS-A,Example6,6,0,73.0,1.0,nan
ALNS-A,Example6,6,0,74.0,1.0,nan
ALNS-A,Example6,6,0,75.0,1.0,nan
ALNS-A,Example6,6,0,76.0,1.0,nan
ALNS-A,Example6,6,0,77.0,1.0,nan
ALNS-A,Example6,6,0,78.0,1.0,nan
ALNS-A,Example6,6,0,79.0,1.0,nan
ALNS-A,Example6,6,0,80.0,1.0,nan
ALNS-A,Example6,6,0,81.0,1.0,nan
ALNS-A,Example6,6,0,82.0,1.0,nan
ALNS-A,Example6,6,0,83.0,1.0,nan
ALNS-A,Example6,6,0,84.0,1.0,nan
ALNS-A,Example6,6,0,85.0,1.0,nan
ALNS-A,Example6,6,0,86.0,1.0,nan
ALNS-A,Example6,6,0,87.0,1.0,nan
ALNS-A,Example6,6,0,88.0,1.0,nan
ALNS-A,Example6,6,0,89.0,1.0,nan
ALNS-A,Example6,6,0,90.0,1.0,nan
ALNS-A,Example6,6,0,91.0,1.0,nan
ALNS-A,Example6,6,0,92.0,1.0,nan
ALNS-A,Example6,6,0,93.0,1.0,nan
ALNS-A,Example6,6,0,94.0,1.0,nan
ALNS-A,Example6,6,0,95.0,1.0,nan
ALNS-A,Example6,6,0,96.0,1.0,nan
ALNS-A,Example6,6,0,97.0,1.0,nan
ALNS-A,Example6,6,0,98.0,1.0,nan
ALNS-A,Example6,6,0,99.0,1.0,nan
ALNS-A,Example6,6,0,100.0,1.0,nan
ALNS-A,Example6,6,0,101.0,1.0,nan
ALNS-A,Example6,6,0,102.0,1.0,nan
ALNS-A,Example6,6,0,103.0,1.0,nan
ALNS-A,Example6,6,0,104.0,1.0,nan
ALNS-A,Example6,6,0,105.0,1.0,nan
ALNS-A,Example6,6,0,106.0,1.0,nan
ALNS-A,Example6,6,0,107.0,1.0,nan
ALNS-A,Example6,6,0,108.0,1.0,nan
ALNS-A,Example6,6,0,109.0,1.0,nan
ALNS-A,Example6,6,0,110.0,1.0,nan
ALNS-A,Example6,6,0,111.0,1.0,nan
ALNS-A,Example6,6,0,112.0,1.0,nan
ALNS-A,Example6,6,0,113.0,1.0,nan
ALNS-A,Example6,6,0,114.0,1.0,nan
ALNS-A,Example6,6,0,115.0,1.0,nan
ALNS-A,Example6,6,0,116.0,1.0,nan
ALNS-A,Example6,6,0,117.0,1.0,nan
ALNS-A,Example6,6,0,118.0,1.0,nan
ALNS-A,Example6,6,0,119.0,1.0,nan
ALNS-A,Example6,6,0,120.0,1.0,nan
ALNS-A,Example6,6,0,121.0,1.0,nan
ALNS-A,Example6,6,0,122.0,1.0,nan
ALNS-A,Example6,6,0,123.0,1.0,nan
ALNS-A,Example6,6,0,124.0,1.0,nan
ALNS-A,Example6,6,0,125.0,1.0,nan
ALNS-A,Example6,6,0,126.0,1.0,nan
ALNS-A,Example6,6,0,127.0,1.0,nan
ALNS-A,Example6,6,0,128.0,1.0,nan
ALNS-A,Example6,6,0,129.0,1.0,nan
ALNS-A,Example6,6,0,130.0,1.0,nan
ALNS-A,Example6,6,0,131.0,1.0,nan
ALNS-A,Example6,6,0,132.0,1.0,nan
ALNS-A,Example6,6,0,133.0,1.0,nan
ALNS-A,Example6,6,0,134.0,1.0,nan
ALNS-A,Example6,6,0,135.0,1.0,nan
ALNS-A,Example6,6,0,136.0,1.0,nan
ALNS-A,Example6,6,0,137.0,1.0,nan
ALNS-A,Example6,6,0,138.0,1.0,nan
ALNS-A,Example6,6,0,139.0,1.0,nan
ALNS-A,Example6,6,0,140.0,1.0,nan
ALNS-A,Example6,6,0,141.0,1.0,nan
ALNS-A,Example6,6,0,142.0,1.0,nan
ALNS-A,Example6,6,0,143.0,1.0,nan
ALNS-A,Example6,6,0,144.0,1.0,nan
ALNS-A,Example6,6,0,145.0,1.0,nan
ALNS-A,Example6,6,0,146.0,1.0,nan
ALNS-A,Example6,6,0,147.0,1.0,nan
ALNS-A,Example6,6,0,148.0,1.0,nan
ALNS-A,Example6,6,0,149.0,1.0,nan
ALNS-A,Example6,6,0,150.0,1.0,nan
ALNS-A,Example6,6,0,151.0,1.0,nan
ALNS-A,Example6,6,0,152.0,1.0,nan
ALNS-A,Example6,6,0,153.0,1.0,nan
ALNS-A,Example6,6,0,154.0,1.0,nan
ALNS-A,Example6,6,0,155.0,1.0,nan
ALNS-A,Example6,6,0,156.0,1.0,nan
ALNS-A,Example6,6,0,157.0,1.0,nan
ALNS-A,Example6,6,0,158.0,1.0,nan
ALNS-A,Example6,6,0,159.0,1.0,nan
ALNS-A,Example6,6,0,160.0,1.0,nan
ALNS-A,Example6,6,0,161.0,1.0,nan
ALNS-A,Example6,6,0,162.0,1.0,nan
ALNS-A,Example6,6,0,163.0,1.0,nan
ALNS-A,Example6,6,0,164.0,1.0,nan
ALNS-A,Example6,6,0,165.0,1.0,nan
ALNS-A,Example6,6,0,166.0,1.0,nan
ALNS-A,Example6,6,0,167.0,1.0,nan
ALNS-A,Example6,6,0,168.0,1.0,nan
ALNS-A,Example6,6,0,169.0,1.0,nan
ALNS-A,Example6,6,0,170.0,1.0,nan
ALNS-A,Example6,6,0,171.0,1.0,nan
ALNS-A,Example6,6,0,172.0,1.0,nan
ALNS-A,Example6,6,0,173.0,1.0,nan
ALNS-A,Example6,6,0,174.0,1.0,nan
ALNS-A,Example6,6,0,175.0,1.0,nan
ALNS-A,Example6,6,0,176.0,1.0,nan
ALNS-A,Example6,6,0,177.0,1.0,nan
ALNS-A,Example6,6,0,178.0,1.0,nan
ALNS-A,Example6,6,0,179.0,1.0,nan
ALNS-A,Example6,6,0,180.0,1.0,nan
ALNS-A,Example6,6,0,181.0,1.0,nan
ALNS-A,Example6,6,0,182.0,1.0,nan
ALNS-A,Example6,6,0,183.0,1.0,nan
ALNS-A,Example6,6,0,184.0,1.0,nan
ALNS-A,Example6,6,0,185.0,1.0,nan
ALNS-A,Example6,6,0,186.0,1.0,nan
ALNS-A,Example6,6,0,187.0,1.0,nan
ALNS-A,Example6,6,0,188.0,1.0,nan
ALNS-A,Example6,6,0,189.0,1.0,nan
ALNS-A,Example6,6,0,190.0,1.0,nan
ALNS-A,Example6,6,0,191.0,1.0,nan
ALNS-A,Example6,6,0,192.0,1.0,nan
ALNS-A,Example6,6,0,193.0,1.0,nan
ALNS-A,Example6,6,0,194.0,1.0,nan
ALNS-A,Example6,6,0,195.0,1.0,nan
ALNS-A,Example6,6,0,196.0,1.0,nan
ALNS-A,Example6,6,0,197.0,1.0,nan
ALNS-A,Example6,6,0,198.0,1.0,nan
ALNS-A,Example6,6,0,199.0,1.0,nan
ALNS-A,Example6,6,0,200.0,1.0,nan
ALNS-A,Example6,6,0,201.0,1.0,nan
ALNS-A,Example6,6,0,202.0,1.0,nan
ALNS-A,Example6,6,0,203.0,1.0,nan
ALNS-A,Example6,6,0,204.0,1.0,nan
ALNS-A,Example6,6,0,205.0,1.0,nan
ALNS-A,Example6,6,0,206.0,1.0,nan
ALNS-A,Example6,6,0,207.0,1.0,nan
ALNS-A,Example6,6,0,208.0,1.0,nan
ALNS-A,Example6,6,0,209.0,1.0,nan
ALNS-A,Example6,6,0,210.0,1.0,nan
ALNS-A,Example6,6,0,211.0,1.0,nan
ALNS-A,Example6,6,0,212.0,1.0,nan
ALNS-A,Example6,6,0,213.0,1.0,nan
ALNS-A,Example6,6,0,214.0,1.0,nan
ALNS-A,Example6,6,0,215.0,1.0,nan
ALNS-A,Example6,6,0,216.0,1.0,nan
ALNS-A,Example6,6,0,217.0,1.0,nan
ALNS-A,Example6,6,0,218.0,1.0,nan
ALNS-A,Example6,6,0,219.0,1.0,nan
ALNS-A,Example6,6,0,220.0,1.0,nan
ALNS-A,Example6,6,0,221.0,1.0,nan
ALNS-A,Example6,6,0,222.0,1.0,nan
ALNS-A,Example6,6,0,223.0,1.0,nan
ALNS-A,Example6,6,0,224.0,1.0,nan
ALNS-A,Example6,6,0,225.0,1.0,nan
ALNS-A,Example6,6,0,226.0,1.0,nan
ALNS-A,Example6,6,0,227.0,1.0,nan
ALNS-A,Example6,6,0,228.0,1.0,nan
ALNS-A,Example6,6,0,229.0,1.0,nan
ALNS-A,Example6,6,0,230.0,1.0,nan
ALNS-A,Example6,6,0,231.0,1.0,nan
ALNS-A,Example6,6,0,232.0,1.0,nan
ALNS-A,Example6,6,0,233.0,1.0,nan
ALNS-A,Example6,6,0,234.0,1.0,nan
ALNS-A,Example6,6,0,235.0,1.0,nan
ALNS-A,Example6,6,0,236.0,1.0,nan
ALNS-A,Example6,6,0,237.0,1.0,nan
ALNS-A,Example6,6,0,238.0,1.0,nan
ALNS-A,Example6,6,0,239.0,1.0,nan
ALNS-A,Example6,6,0,240.0,1.0,nan
ALNS-A,Example6,6,0,241.0,1.0,nan
ALNS-A,Example6,6,0,242.0,1.0,nan
ALNS-A,Example6,6,0,243.0,1.0,nan
ALNS-A,Example6,6,0,244.0,1.0,nan
ALNS-A,Example6,6,0,245.0,1.0,nan
ALNS-A,Example6,6,0,246.0,1.0,nan
ALNS-A,Example6,6,0,247.0,1.0,nan
ALNS-A,Example6,6,0,248.0,1.0,nan
ALNS-A,Example6,6,0,249.0,1.0,nan
ALNS-A,Example6,6,0,250.0,1.0,nan
ALNS-A,Example6,6,0,251.0,1.0,nan
ALNS-A,Example6,6,0,252.0,1.0,nan
ALNS-A,Example6,6,0,253.0,1.0,nan
ALNS-A,Example6,6,0,254.0,1.0,nan
ALNS-A,Example6,6,0,255.0,1.0,nan
ALNS-A,Example6,6,0,256.0,1.0,nan
ALNS-A,Example6,6,0,257.0,1.0,nan
ALNS-A,Example6,6,0,258.0,1.0,nan
ALNS-A,Example6,6,0,259.0,1.0,nan
ALNS-A,Example6,6,0,260.0,1.0,nan
ALNS-A,Example6,6,0,261.0,1.0,nan
ALNS-A,Example6,6,0,262.0,1.0,nan
ALNS-A,Example6,6,0,263.0,1.0,nan
ALNS-A,Example6,6,0,264.0,1.0,nan
ALNS-A,Example6,6,0,265.0,1.0,nan
ALNS-A,Example6,6,0,266.0,1.0,nan
ALNS-A,Example6,6,0,267.0,1.0,nan
ALNS-A,Example6,6,0,268.0,1.0,nan
ALNS-A,Example6,6,0,269.0,1.0,nan
ALNS-A,Example6,6,0,270.0,1.0,nan
ALNS-A,Example6,6,0,271.0,1.0,nan
ALNS-A,Example6,6,0,272.0,1.0,nan
ALNS-A,Example6,6,0,273.0,1.0,nan
ALNS-A,Example6,6,1,0.0,20.0,nan
ALNS-A,Example6,6,1,1.0,20.0,nan
ALNS-A,Example6,6,1,2.0,17.0,nan
ALNS-A,Example6,6,1,3.0,15.0,nan
ALNS-A,Example6,6,1,4.0,10.0,nan
ALNS-A,Example6,6,1,5.0,8.0,nan
ALNS-A,Example6,6,1,6.0,8.0,nan
ALNS-A,Example6,6,1,7.0,8.0,nan
ALNS-A,Example6,6,1,8.0,8.0,nan
ALNS-A,Example6,6,1,9.0,7.0,nan
ALNS-A,Example6,6,1,10.0,6.0,nan
ALNS-A,Example6,6,1,11.0,5.0,nan
ALNS-A,Example6,6,1,12.0,4.0,nan
ALNS-A,Example6,6,1,13.0,4.0,nan
ALNS-A,Example6,6,1,14.0,2.0,nan
ALNS-A,Example6,6,1,15.0,2.0,nan
ALNS-A,Example6,6,1,16.0,2.0,nan
ALNS-A,Example6,6,1,17.0,2.0,nan
ALNS-A,Example6,6,1,18.0,2.0,nan
ALNS-A,Example6,6,1,19.0,2.0,nan
ALNS-A,Example6,6,1,20.0,2.0,nan
ALNS-A,Example6,6,1,21.0,2.0,nan
ALNS-A,Example6,6,1,22.0,2.0,nan
ALNS-A,Example6,6,1,23.0,2.0,nan
ALNS-A,Example6,6,1,24.0,2.0,nan
ALNS-A,Example6,6,1,25.0,2.0,nan
ALNS-A,Example6,6,1,26.0,2.0,nan
ALNS-A,Example6,6,1,27.0,2.0,nan
ALNS-A,Example6,6,1,28.0,2.0,nan
ALNS-A,Example6,6,1,29.0,2.0,nan
ALNS-A,Example6,6,1,30.0,2.0,nan
ALNS-A,Example6,6,1,31.0,2.0,nan
ALNS-A,Example6,6,1,32.0,2.0,nan
ALNS-A,Example6,6,1,33.0,2.0,nan
ALNS-A,Example6,6,1,34.0,2.0,nan
ALNS-A,Example6,6,1,35.0,2.0,nan
ALNS-A,Example6,6,1,36.0,2.0,nan
ALNS-A,Example6,6,1,37.0,2.0,nan
ALNS-A,Example6,6,1,38.0,2.0,nan
ALNS-A,Example6,6,1,39.0,2.0,nan
ALNS-A,Example6,6,1,40.0,2.0,nan
ALNS-A,Example6,6,1,41.0,2.0,nan
ALNS-A,Example6,6,1,42.0,2.0,nan
ALNS-A,Example6,6,1,43.0,2.0,nan
ALNS-A,Example6,6,1,44.0,2.0,nan
ALNS-A,Example6,6,1,45.0,2.0,nan
ALNS-A,Example6,6,1,46.0,2.0,nan
ALNS-A,Example6,6,1,47.0,2.0,nan
ALNS-A,Example6,6,1,48.0,2.0,nan
ALNS-A,Example6,6,1,49.0,2.0,nan
ALNS-A,Example6,6,1,50.0,2.0,nan
ALNS-A,Example6,6,1,51.0,1.0,nan
ALNS-A,Example6,6,1,52.0,1.0,nan
ALNS-A,Example6,6,1,53.0,1.0,nan
ALNS-A,Example6,6,1,54.0,1.0,nan
ALNS-A,Example6,6,1,55.0,1.0,nan
ALNS-A,Example6,6,1,56.0,1.0,nan
ALNS-A,Example6,6,1,57.0,1.0,nan
ALNS-A,Example6,6,1,58.0,1.0,nan
ALNS-A,Example6,6,1,59.0,1.0,nan
ALNS-A,Example6,6,1,60.0,1.0,nan
ALNS-A,Example6,6,1,61.0,1.0,nan
ALNS-A,Example6,6,1,62.0,1.0,nan
ALNS-A,Example6,6,1,63.0,1.0,nan
ALNS-A,Example6,6,1,64.0,1.0,nan
ALNS-A,Example6,6,1,65.0,1.0,nan
ALNS-A,Example6,6,1,66.0,1.0,nan
ALNS-A,Example6,6,1,67.0,1.0,nan
ALNS-A,Example6,6,1,68.0,1.0,nan
ALNS-A,Example6,6,1,69.0,1.0,nan
ALNS-A,Example6,6,1,70.0,1.0,nan
ALNS-A,Example6,6,1,71.0,1.0,nan
ALNS-A,Example6,6,1,72.0,1.0,nan
ALNS-A,Example6,6,1,73.0,1.0,nan
ALNS-A,Example6,6,1,74.0,1.0,nan
ALNS-A,Example6,6,1,75.0,1.0,nan
ALNS-A,Example6,6,1,76.0,1.0,nan
ALNS-A,Example6,6,1,77.0,1.0,nan
ALNS-A,Example6,6,1,78.0,1.0,nan
ALNS-A,Example6,6,1,79.0,1.0,nan
ALNS-A,Example6,6,1,80.0,1.0,nan
ALNS-A,Example6,6,1,81.0,1.0,nan
ALNS-A,Example6,6,1,82.0,1.0,nan
ALNS-A,Example6,6,1,83.0,1.0,nan
ALNS-A,Example6,6,1,84.0,1.0,nan
ALNS-A,Example6,6,1,85.0,1.0,nan
ALNS-A,Example6,6,1,86.0,1.0,nan
ALNS-A,Example6,6,1,87.0,1.0,nan
ALNS-A,Example6,6,1,88.0,1.0,nan
ALNS-A,Example6,6,1,89.0,1.0,nan
ALNS-A,Example6,6,1,90.0,1.0,nan
ALNS-A,Example6,6,1,91.0,1.0,nan
ALNS-A,Example6,6,1,92.0,1.0,nan
ALNS-A,Example6,6,1,93.0,1.0,nan
ALNS-A,Example6,6,1,94.0,1.0,nan
ALNS-A,Example6,6,1,95.0,1.0,nan
ALNS-A,Example6,6,1,96.0,1.0,nan
ALNS-A,Example6,6,1,97.0,1.0,nan
ALNS-A,Example6,6,1,98.0,1.0,nan
ALNS-A,Example6,6,1,99.0,1.0,nan
ALNS-A,Example6,6,1,100.0,1.0,nan
ALNS-A,Example6,6,1,101.0,1.0,nan
ALNS-A,Example6,6,1,102.0,1.0,nan
ALNS-A,Example6,6,1,103.0,1.0,nan
ALNS-A,Example6,6,1,104.0,1.0,nan
ALNS-A,Example6,6,1,105.0,1.0,nan
ALNS-A,Example6,6,1,106.0,1.0,nan
ALNS-A,Example6,6,1,107.0,1.0,nan
ALNS-A,Example6,6,1,108.0,1.0,nan
ALNS-A,Example6,6,1,109.0,1.0,nan
ALNS-A,Example6,6,1,110.0,1.0,nan
ALNS-A,Example6,6,1,111.0,1.0,nan
ALNS-A,Example6,6,1,112.0,1.0,nan
ALNS-A,Example6,6,1,113.0,1.0,nan
ALNS-A,Example6,6,1,114.0,1.0,nan
ALNS-A,Example6,6,1,115.0,1.0,nan
ALNS-A,Example6,6,1,116.0,1.0,nan
ALNS-A,Example6,6,1,117.0,1.0,nan
ALNS-A,Example6,6,1,118.0,1.0,nan
ALNS-A,Example6,6,1,119.0,1.0,nan
ALNS-A,Example6,6,1,120.0,1.0,nan
ALNS-A,Example6,6,1,121.0,1.0,nan
ALNS-A,Example6,6,1,122.0,1.0,nan
ALNS-A,Example6,6,1,123.0,1.0,nan
ALNS-A,Example6,6,1,124.0,1.0,nan
ALNS-A,Example6,6,1,125.0,1.0,nan
ALNS-A,Example6,6,1,126.0,1.0,nan
ALNS-A,Example6,6,1,127.0,1.0,nan
ALNS-A,Example6,6,1,128.0,1.0,nan
ALNS-A,Example6,6,1,129.0,1.0,nan
ALNS-A,Example6,6,1,130.0,1.0,nan
ALNS-A,Example6,6,1,131.0,1.0,nan
ALNS-A,Example6,6,1,132.0,1.0,nan
ALNS-A,Example6,6,1,133.0,1.0,nan
ALNS-A,Example6,6,1,134.0,1.0,nan
ALNS-A,Example6,6,1,135.0,1.0,nan
ALNS-A,Example6,6,1,136.0,1.0,nan
ALNS-A,Example6,6,1,137.0,1.0,nan
ALNS-A,Example6,6,1,138.0,1.0,nan
ALNS-A,Example6,6,1,139.0,1.0,nan
ALNS-A,Example6,6,1,140.0,1.0,nan
ALNS-A,Example6,6,1,141.0,1.0,nan
ALNS-A,Example6,6,1,142.0,1.0,nan
ALNS-A,Example6,6,1,143.0,1.0,nan
ALNS-A,Example6,6,1,144.0,1.0,nan
ALNS-A,Example6,6,1,145.0,1.0,nan
ALNS-A,Example6,6,1,146.0,1.0,nan
ALNS-A,Example6,6,1,147.0,1.0,nan
ALNS-A,Example6,6,1,148.0,1.0,nan
ALNS-A,Example6,6,1,149.0,1.0,nan
ALNS-A,Example6,6,1,150.0,1.0,nan
ALNS-A,Example6,6,1,151.0,1.0,nan
ALNS-A,Example6,6,1,152.0,1.0,nan
ALNS-A,Example6,6,1,153.0,1.0,nan
ALNS-A,Example6,6,1,154.0,1.0,nan
ALNS-A,Example6,6,1,155.0,1.0,nan
ALNS-A,Example6,6,1,156.0,1.0,nan
ALNS-A,Example6,6,1,157.0,1.0,nan
ALNS-A,Example6,6,1,158.0,1.0,nan
ALNS-A,Example6,6,1,159.0,1.0,nan
ALNS-A,Example6,6,1,160.0,1.0,nan
ALNS-A,Example6,6,1,161.0,1.0,nan
ALNS-A,Example6,6,1,162.0,1.0,nan
ALNS-A,Example6,6,1,163.0,1.0,nan
ALNS-A,Example6,6,1,164.0,1.0,nan
ALNS-A,Example6,6,1,165.0,1.0,nan
ALNS-A,Example6,6,1,166.0,1.0,nan
ALNS-A,Example6,6,1,167.0,1.0,nan
ALNS-A,Example6,6,1,168.0,1.0,nan
ALNS-A,Example6,6,1,169.0,1.0,nan
ALNS-A,Example6,6,1,170.0,1.0,nan
ALNS-A,Example6,6,1,171.0,1.0,nan
ALNS-A,Example6,6,1,172.0,1.0,nan
ALNS-A,Example6,6,1,173.0,1.0,nan
ALNS-A,Example6,6,1,174.0,1.0,nan
ALNS-A,Example6,6,1,175.0,1.0,nan
ALNS-A,Example6,6,1,176.0,1.0,nan
ALNS-A,Example6,6,1,177.0,1.0,nan
ALNS-A,Example6,6,1,178.0,1.0,nan
ALNS-A,Example6,6,1,179.0,1.0,nan
ALNS-A,Example6,6,1,180.0,1.0,nan
ALNS-A,Example6,6,1,181.0,1.0,nan
ALNS-A,Example6,6,1,182.0,1.0,nan
ALNS-A,Example6,6,1,183.0,1.0,nan
ALNS-A,Example6,6,1,184.0,1.0,nan
ALNS-A,Example6,6,1,185.0,1.0,nan
ALNS-A,Example6,6,1,186.0,1.0,nan
ALNS-A,Example6,6,1,187.0,1.0,nan
ALNS-A,Example6,6,1,188.0,1.0,nan
ALNS-A,Example6,6,1,189.0,1.0,nan
ALNS-A,Example6,6,1,190.0,1.0,nan
ALNS-A,Example6,6,1,191.0,1.0,nan
ALNS-A,Example6,6,1,192.0,1.0,nan
ALNS-A,Example6,6,1,193.0,1.0,nan
ALNS-A,Example6,6,1,194.0,1.0,nan
ALNS-A,Example6,6,1,195.0,1.0,nan
ALNS-A,Example6,6,1,196.0,1.0,nan
ALNS-A,Example6,6,1,197.0,1.0,nan
ALNS-A,Example6,6,1,198.0,1.0,nan
ALNS-A,Example6,6,1,199.0,1.0,nan
ALNS-A,Example6,6,1,200.0,1.0,nan
ALNS-A,Example6,6,1,201.0,1.0,nan
ALNS-A,Example6,6,1,202.0,1.0,nan
ALNS-A,Example6,6,1,203.0,1.0,nan
ALNS-A,Example6,6,1,204.0,1.0,nan
ALNS-A,Example6,6,1,205.0,1.0,nan
ALNS-A,Example6,6,1,206.0,1.0,nan
ALNS-A,Example6,6,1,207.0,1.0,nan
ALNS-A,Example6,6,1,208.0,1.0,nan
ALNS-A,Example6,6,1,209.0,1.0,nan
ALNS-A,Example6,6,1,210.0,1.0,nan
ALNS-A,Example6,6,1,211.0,1.0,nan
ALNS-A,Example6,6,1,212.0,1.0,nan
ALNS-A,Example6,6,1,213.0,1.0,nan
ALNS-A,Example6,6,1,214.0,1.0,nan
ALNS-A,Example6,6,1,215.0,1.0,nan
ALNS-A,Example6,6,1,216.0,1.0,nan
ALNS-A,Example6,6,1,217.0,1.0,nan
ALNS-A,Example6,6,1,218.0,1.0,nan
ALNS-A,Example6,6,1,219.0,1.0,nan
ALNS-A,Example6,6,1,220.0,1.0,nan
ALNS-A,Example6,6,1,221.0,1.0,nan
ALNS-A,Example6,6,1,222.0,1.0,nan
ALNS-A,Example6,6,1,223.0,1.0,nan
ALNS-A,Example6,6,1,224.0,1.0,nan
ALNS-A,Example6,6,1,225.0,1.0,nan
ALNS-A,Example6,6,1,226.0,1.0,nan
ALNS-A,Example6,6,1,227.0,1.0,nan
ALNS-A,Example6,6,1,228.0,1.0,nan
ALNS-A,Example6,6,1,229.0,1.0,nan
ALNS-A,Example6,6,1,230.0,1.0,nan
ALNS-A,Example6,6,1,231.0,1.0,nan
ALNS-A,Example6,6,1,232.0,1.0,nan
ALNS-A,Example6,6,1,233.0,1.0,nan
ALNS-A,Example6,6,1,234.0,1.0,nan
ALNS-A,Example6,6,1,235.0,1.0,nan
ALNS-A,Example6,6,1,236.0,1.0,nan
ALNS-A,Example6,6,1,237.0,1.0,nan
ALNS-A,Example6,6,1,238.0,1.0,nan
ALNS-A,Example6,6,1,239.0,1.0,nan
ALNS-A,Example6,6,1,240.0,1.0,nan
ALNS-A,Example6,6,1,241.0,1.0,nan
ALNS-A,Example6,6,1,242.0,1.0,nan
ALNS-A,Example6,6,1,243.0,1.0,nan
ALNS-A,Example6,6,1,244.0,1.0,nan
ALNS-A,Example6,6,1,245.0,1.0,nan
ALNS-A,Example6,6,1,246.0,1.0,nan
ALNS-A,Example6,6,1,247.0,1.0,nan
ALNS-A,Example6,6,1,248.0,1.0,nan
ALNS-A,Example6,6,1,249.0,1.0,nan
ALNS-A,Example6,6,1,250.0,1.0,nan
ALNS-A,Example6,6,1,251.0,1.0,nan
ALNS-A,Example6,6,1,252.0,1.0,nan
ALNS-A,Example6,6,1,253.0,1.0,nan
ALNS-A,Example6,6,1,254.0,1.0,nan
ALNS-A,Example6,6,1,255.0,1.0,nan
ALNS-A,Example6,6,1,256.0,1.0,nan
ALNS-A,Example6,6,1,257.0,1.0,nan
ALNS-A,Example6,6,1,258.0,1.0,nan
ALNS-A,Example6,6,1,259.0,1.0,nan
ALNS-A,Example6,6,1,260.0,1.0,nan
ALNS-A,Example6,6,1,261.0,1.0,nan
ALNS-A,Example6,6,1,262.0,1.0,nan
ALNS-A,Example6,6,1,263.0,1.0,nan
ALNS-A,Example6,6,1,264.0,1.0,nan
ALNS-A,Example6,6,1,265.0,1.0,nan
ALNS-A,Example6,6,1,266.0,1.0,nan
ALNS-A,Example6,6,1,267.0,1.0,nan
ALNS-A,Example6,6,1,268.0,1.0,nan
ALNS-A,Example6,6,1,269.0,1.0,nan
ALNS-A,Example6,6,1,270.0,1.0,nan
ALNS-A,Example6,6,1,271.0,1.0,nan
ALNS-A,Example6,6,1,272.0,1.0,nan
ALNS-A,Example6,6,1,273.0,1.0,nan
ALNS-A,Example6,6,2,0.0,23.0,nan
ALNS-A,Example6,6,2,1.0,23.0,nan
ALNS-A,Example6,6,2,2.0,23.0,nan
ALNS-A,Example6,6,2,3.0,23.0,nan
ALNS-A,Example6,6,2,4.0,23.0,nan
ALNS-A,Example6,6,2,5.0,23.0,nan
ALNS-A,Example6,6,2,6.0,23.0,nan
ALNS-A,Example6,6,2,7.0,23.0,nan
ALNS-A,Example6,6,2,8.0,23.0,nan
ALNS-A,Example6,6,2,9.0,23.0,nan
ALNS-A,Example6,6,2,10.0,23.0,nan
ALNS-A,Example6,6,2,11.0,23.0,nan
ALNS-A,Example6,6,2,12.0,23.0,nan
ALNS-A,Example6,6,2,13.0,23.0,nan
ALNS-A,Example6,6,2,14.0,23.0,nan
ALNS-A,Example6,6,2,15.0,20.0,nan
ALNS-A,Example6,6,2,16.0,12.0,nan
ALNS-A,Example6,6,2,17.0,12.0,nan
ALNS-A,Example6,6,2,18.0,8.0,nan
ALNS-A,Example6,6,2,19.0,8.0,nan
ALNS-A,Example6,6,2,20.0,8.0,nan
ALNS-A,Example6,6,2,21.0,8.0,nan
ALNS-A,Example6,6,2,22.0,3.0,nan
ALNS-A,Example6,6,2,23.0,3.0,nan
ALNS-A,Example6,6,2,24.0,3.0,nan
ALNS-A,Example6,6,2,25.0,3.0,nan
ALNS-A,Example6,6,2,26.0,3.0,nan
ALNS-A,Example6,6,2,27.0,3.0,nan
ALNS-A,Example6,6,2,28.0,3.0,nan
ALNS-A,Example6,6,2,29.0,3.0,nan
ALNS-A,Example6,6,2,30.0,1.0,nan
ALNS-A,Example6,6,2,31.0,1.0,nan
ALNS-A,Example6,6,2,32.0,1.0,nan
ALNS-A,Example6,6,2,33.0,1.0,nan
ALNS-A,Example6,6,2,34.0,1.0,nan
ALNS-A,Example6,6,2,35.0,1.0,nan
ALNS-A,Example6,6,2,36.0,1.0,nan
ALNS-A,Example6,6,2,37.0,1.0,nan
ALNS-A,Example6,6,2,38.0,1.0,nan
ALNS-A,Example6,6,2,39.0,1.0,nan
ALNS-A,Example6,6,2,40.0,1.0,nan
ALNS-A,Example6,6,2,41.0,1.0,nan
ALNS-A,Example6,6,2,42.0,1.0,nan
ALNS-A,Example6,6,2,43.0,1.0,nan
ALNS-A,Example6,6,2,44.0,1.0,nan
ALNS-A,Example6,6,2,45.0,1.0,nan
ALNS-A,Example6,6,2,46.0,1.0,nan
ALNS-A,Example6,6,2,47.0,1.0,nan
ALNS-A,Example6,6,2,48.0,1.0,nan
ALNS-A,Example6,6,2,49.0,1.0,nan
ALNS-A,Example6,6,2,50.0,1.0,nan
ALNS-A,Example6,6,2,51.0,1.0,nan
ALNS-A,Example6,6,2,52.0,1.0,nan
ALNS-A,Example6,6,2,53.0,1.0,nan
ALNS-A,Example6,6,2,54.0,1.0,nan
ALNS-A,Example6,6,2,55.0,1.0,nan
ALNS-A,Example6,6,2,56.0,1.0,nan
ALNS-A,Example6,6,2,57.0,1.0,nan
ALNS-A,Example6,6,2,58.0,1.0,nan
ALNS-A,Example6,6,2,59.0,1.0,nan
ALNS-A,Example6,6,2,60.0,1.0,nan
ALNS-A,Example6,6,2,61.0,1.0,nan
ALNS-A,Example6,6,2,62.0,1.0,nan
ALNS-A,Example6,6,2,63.0,1.0,nan
ALNS-A,Example6,6,2,64.0,1.0,nan
ALNS-A,Example6,6,2,65.0,1.0,nan
ALNS-A,Example6,6,2,66.0,1.0,nan
ALNS-A,Example6,6,2,67.0,1.0,nan
ALNS-A,Example6,6,2,68.0,1.0,nan
ALNS-A,Example6,6,2,69.0,1.0,nan
ALNS-A,Example6,6,2,70.0,1.0,nan
ALNS-A,Example6,6,2,71.0,1.0,nan
ALNS-A,Example6,6,2,72.0,1.0,nan
ALNS-A,Example6,6,2,73.0,1.0,nan
ALNS-A,Example6,6,2,74.0,1.0,nan
ALNS-A,Example6,6,2,75.0,1.0,nan
ALNS-A,Example6,6,2,76.0,1.0,nan
ALNS-A,Example6,6,2,77.0,1.0,nan
ALNS-A,Example6,6,2,78.0,1.0,nan
ALNS-A,Example6,6,2,79.0,1.0,nan
ALNS-A,Example6,6,2,80.0,1.0,nan
ALNS-A,Example6,6,2,81.0,1.0,nan
ALNS-A,Example6,6,2,82.0,1.0,nan
ALNS-A,Example6,6,2,83.0,1.0,nan
ALNS-A,Example6,6,2,84.0,1.0,nan
ALNS-A,Example6,6,2,85.0,1.0,nan
ALNS-A,Example6,6,2,86.0,1.0,nan
ALNS-A,Example6,6,2,87.0,1.0,nan
ALNS-A,Example6,6,2,88.0,1.0,nan
ALNS-A,Example6,6,2,89.0,1.0,nan
ALNS-A,Example6,6,2,90.0,1.0,nan
ALNS-A,Example6,6,2,91.0,1.0,nan
ALNS-A,Example6,6,2,92.0,1.0,nan
ALNS-A,Example6,6,2,93.0,1.0,nan
ALNS-A,Example6,6,2,94.0,1.0,nan
ALNS-A,Example6,6,2,95.0,1.0,nan
ALNS-A,Example6,6,2,96.0,1.0,nan
ALNS-A,Example6,6,2,97.0,1.0,nan
ALNS-A,Example6,6,2,98.0,1.0,nan
ALNS-A,Example6,6,2,99.0,1.0,nan
ALNS-A,Example6,6,2,100.0,1.0,nan
ALNS-A,Example6,6,2,101.0,1.0,nan
ALNS-A,Example6,6,2,102.0,1.0,nan
ALNS-A,Example6,6,2,103.0,1.0,nan
ALNS-A,Example6,6,2,104.0,1.0,nan
ALNS-A,Example6,6,2,105.0,1.0,nan
ALNS-A,Example6,6,2,106.0,1.0,nan
ALNS-A,Example6,6,2,107.0,1.0,nan
ALNS-A,Example6,6,2,108.0,1.0,nan
ALNS-A,Example6,6,2,109.0,1.0,nan
ALNS-A,Example6,6,2,110.0,1.0,nan
ALNS-A,Example6,6,2,111.0,1.0,nan
ALNS-A,Example6,6,2,112.0,1.0,nan
ALNS-A,Example6,6,2,113.0,1.0,nan
ALNS-A,Example6,6,2,114.0,1.0,nan
ALNS-A,Example6,6,2,115.0,1.0,nan
ALNS-A,Example6,6,2,116.0,1.0,nan
ALNS-A,Example6,6,2,117.0,1.0,nan
ALNS-A,Example6,6,2,118.0,1.0,nan
ALNS-A,Example6,6,2,119.0,1.0,nan
ALNS-A,Example6,6,2,120.0,1.0,nan
ALNS-A,Example6,6,2,121.0,1.0,nan
ALNS-A,Example6,6,2,122.0,1.0,nan
ALNS-A,Example6,6,2,123.0,1.0,nan
ALNS-A,Example6,6,2,124.0,1.0,nan
ALNS-A,Example6,6,2,125.0,1.0,nan
ALNS-A,Example6,6,2,126.0,1.0,nan
ALNS-A,Example6,6,2,127.0,1.0,nan
ALNS-A,Example6,6,2,128.0,1.0,nan
ALNS-A,Example6,6,2,129.0,1.0,nan
ALNS-A,Example6,6,2,130.0,1.0,nan
ALNS-A,Example6,6,2,131.0,1.0,nan
ALNS-A,Example6,6,2,132.0,1.0,nan
ALNS-A,Example6,6,2,133.0,1.0,nan
ALNS-A,Example6,6,2,134.0,1.0,nan
ALNS-A,Example6,6,2,135.0,1.0,nan
ALNS-A,Example6,6,2,136.0,1.0,nan
ALNS-A,Example6,6,2,137.0,1.0,nan
ALNS-A,Example6,6,2,138.0,1.0,nan
ALNS-A,Example6,6,2,139.0,1.0,nan
ALNS-A,Example6,6,2,140.0,1.0,nan
ALNS-A,Example6,6,2,141.0,1.0,nan
ALNS-A,Example6,6,2,142.0,1.0,nan
ALNS-A,Example6,6,2,143.0,1.0,nan
ALNS-A,Example6,6,2,144.0,1.0,nan
ALNS-A,Example6,6,2,145.0,1.0,nan
ALNS-A,Example6,6,2,146.0,1.0,nan
ALNS-A,Example6,6,2,147.0,1.0,nan
ALNS-A,Example6,6,2,148.0,1.0,nan
ALNS-A,Example6,6,2,149.0,1.0,nan
ALNS-A,Example6,6,2,150.0,0.0,nan
ALNS-A,Example6,6,2,151.0,0.0,nan
ALNS-A,Example6,6,2,152.0,0.0,nan
ALNS-A,Example6,6,2,153.0,0.0,nan
ALNS-A,Example6,6,2,154.0,0.0,nan
ALNS-A,Example6,6,2,155.0,0.0,nan
ALNS-A,Example6,6,2,156.0,0.0,nan
ALNS-A,Example6,6,2,157.0,0.0,nan
ALNS-A,Example6,6,2,158.0,0.0,nan
ALNS-A,Example6,6,2,159.0,0.0,nan
ALNS-A,Example6,6,2,160.0,0.0,nan
ALNS-A,Example6,6,2,161.0,0.0,nan
ALNS-A,Example6,6,2,162.0,0.0,nan
ALNS-A,Example6,6,2,163.0,0.0,nan
ALNS-A,Example6,6,2,164.0,0.0,nan
ALNS-A,Example6,6,2,165.0,0.0,nan
ALNS-A,Example6,6,2,166.0,0.0,nan
ALNS-A,Example6,6,2,167.0,0.0,nan
ALNS-A,Example6,6,2,168.0,0.0,nan
ALNS-A,Example6,6,2,169.0,0.0,nan
ALNS-A,Example6,6,2,170.0,0.0,nan
ALNS-A,Example6,6,2,171.0,0.0,nan
ALNS-A,Example6,6,2,172.0,0.0,nan
ALNS-A,Example6,6,2,173.0,0.0,nan
ALNS-A,Example6,6,2,174.0,0.0,nan
ALNS-A,Example6,6,2,175.0,0.0,nan
ALNS-A,Example6,6,2,176.0,0.0,nan
ALNS-A,Example6,6,2,177.0,0.0,nan
ALNS-A,Example6,6,2,178.0,0.0,nan
ALNS-A,Example6,6,2,179.0,0.0,nan
ALNS-A,Example6,6,2,180.0,0.0,nan
ALNS-A,Example6,6,2,181.0,0.0,nan
ALNS-A,Example6,6,2,182.0,0.0,nan
ALNS-A,Example6,6,2,183.0,0.0,nan
ALNS-A,Example6,6,2,184.0,0.0,nan
ALNS-A,Example6,6,2,185.0,0.0,nan
ALNS-A,Example6,6,2,186.0,0.0,nan
ALNS-A,Example6,6,2,187.0,0.0,nan
ALNS-A,Example6,6,2,188.0,0.0,nan
ALNS-A,Example6,6,2,189.0,0.0,nan
ALNS-A,Example6,6,2,190.0,0.0,nan
ALNS-A,Example6,6,2,191.0,0.0,nan
ALNS-A,Example6,6,2,192.0,0.0,nan
ALNS-A,Example6,6,2,193.0,0.0,nan
ALNS-A,Example6,6,2,194.0,0.0,nan
ALNS-A,Example6,6,2,195.0,0.0,nan
ALNS-A,Example6,6,2,196.0,0.0,nan
ALNS-A,Example6,6,2,197.0,0.0,nan
ALNS-A,Example6,6,2,198.0,0.0,nan
ALNS-A,Example6,6,2,199.0,0.0,nan
ALNS-A,Example6,6,2,200.0,0.0,nan
ALNS-A,Example6,6,2,201.0,0.0,nan
ALNS-A,Example6,6,2,202.0,0.0,nan
ALNS-A,Example6,6,2,203.0,0.0,nan
ALNS-A,Example6,6,2,204.0,0.0,nan
ALNS-A,Example6,6,2,205.0,0.0,nan
ALNS-A,Example6,6,2,206.0,0.0,nan
ALNS-A,Example6,6,2,207.0,0.0,nan
ALNS-A,Example6,6,2,208.0,0.0,nan
ALNS-A,Example6,6,2,209.0,0.0,nan
ALNS-A,Example6,6,2,210.0,0.0,nan
ALNS-A,Example6,6,2,211.0,0.0,nan
ALNS-A,Example6,6,2,212.0,0.0,nan
ALNS-A,Example6,6,2,213.0,0.0,nan
ALNS-A,Example6,6,2,214.0,0.0,nan
ALNS-A,Example6,6,2,215.0,0.0,nan
ALNS-A,Example6,6,2,216.0,0.0,nan
ALNS-A,Example6,6,2,217.0,0.0,nan
ALNS-A,Example6,6,2,218.0,0.0,nan
ALNS-A,Example6,6,2,219.0,0.0,nan
ALNS-A,Example6,6,2,220.0,0.0,nan
ALNS-A,Example6,6,2,221.0,0.0,nan
ALNS-A,Example6,6,2,222.0,0.0,nan
ALNS-A,Example6,6,2,223.0,0.0,nan
ALNS-A,Example6,6,2,224.0,0.0,nan
ALNS-A,Example6,6,2,225.0,0.0,nan
ALNS-A,Example6,6,2,226.0,0.0,nan
ALNS-A,Example6,6,2,227.0,0.0,nan
ALNS-A,Example6,6,2,228.0,0.0,nan
ALNS-A,Example6,6,2,229.0,0.0,nan
ALNS-A,Example6,6,2,230.0,0.0,nan
ALNS-A,Example6,6,2,231.0,0.0,nan
ALNS-A,Example6,6,2,232.0,0.0,nan
ALNS-A,Example6,6,2,233.0,0.0,nan
ALNS-A,Example6,6,2,234.0,0.0,nan
ALNS-A,Example6,6,2,235.0,0.0,nan
ALNS-A,Example6,6,2,236.0,0.0,nan
ALNS-A,Example6,6,2,237.0,0.0,nan
ALNS-A,Example6,6,2,238.0,0.0,nan
ALNS-A,Example6,6,2,239.0,0.0,nan
ALNS-A,Example6,6,2,240.0,0.0,nan
ALNS-A,Example6,6,2,241.0,0.0,nan
ALNS-A,Example6,6,2,242.0,0.0,nan
ALNS-A,Example6,6,2,243.0,0.0,nan
ALNS-A,Example6,6,2,244.0,0.0,nan
ALNS-A,Example6,6,2,245.0,0.0,nan
ALNS-A,Example6,6,2,246.0,0.0,nan
ALNS-A,Example6,6,2,247.0,0.0,nan
ALNS-A,Example6,6,2,248.0,0.0,nan
ALNS-A,Example6,6,2,249.0,0.0,nan
ALNS-A,Example6,6,2,250.0,0.0,nan
ALNS-A,Example6,6,2,251.0,0.0,nan
ALNS-A,Example6,6,2,252.0,0.0,nan
ALNS-A,Example6,6,2,253.0,0.0,nan
ALNS-A,Example6,6,2,254.0,0.0,nan
ALNS-A,Example6,6,2,255.0,0.0,nan
ALNS-A,Example6,6,2,256.0,0.0,nan
ALNS-A,Example6,6,2,257.0,0.0,nan
ALNS-A,Example6,6,2,258.0,0.0,nan
ALNS-A,Example6,6,2,259.0,0.0,nan
ALNS-A,Example6,6,2,260.0,0.0,nan
ALNS-A,Example6,6,2,261.0,0.0,nan
ALNS-A,Example6,6,2,262.0,0.0,nan
ALNS-A,Example6,6,2,263.0,0.0,nan
ALNS-A,Example6,6,2,264.0,0.0,nan
ALNS-A,Example6,6,2,265.0,0.0,nan
ALNS-A,Example6,6,2,266.0,0.0,nan
ALNS-A,Example6,6,2,267.0,0.0,nan
ALNS-A,Example6,6,2,268.0,0.0,nan
ALNS-A,Example6,6,2,269.0,0.0,nan
ALNS-A,Example6,6,2,270.0,0.0,nan
ALNS-A,Example6,6,2,271.0,0.0,nan
ALNS-A,Example6,6,2,272.0,0.0,nan
ALNS-A,Example6,6,2,273.0,0.0,nan
ALNS-A,Example7,7,0,0.0,416.0,nan
ALNS-A,Example7,7,0,1.0,416.0,nan
ALNS-A,Example7,7,0,2.0,416.0,nan
ALNS-A,Example7,7,0,3.0,416.0,nan
ALNS-A,Example7,7,0,4.0,416.0,nan
ALNS-A,Example7,7,0,5.0,416.0,nan
ALNS-A,Example7,7,0,6.0,416.0,nan
ALNS-A,Example7,7,0,7.0,416.0,nan
ALNS-A,Example7,7,0,8.0,416.0,nan
ALNS-A,Example7,7,0,9.0,416.0,nan
ALNS-A,Example7,7,0,10.0,416.0,nan
ALNS-A,Example7,7,0,11.0,416.0,nan
ALNS-A,Example7,7,0,12.0,416.0,nan
ALNS-A,Example7,7,0,13.0,416.0,nan
ALNS-A,Example7,7,0,14.0,416.0,nan
ALNS-A,Example7,7,0,15.0,416.0,nan
ALNS-A,Example7,7,0,16.0,416.0,nan
ALNS-A,Example7,7,0,17.0,416.0,nan
ALNS-A,Example7,7,0,18.0,416.0,nan
ALNS-A,Example7,7,0,19.0,416.0,nan
ALNS-A,Example7,7,0,20.0,416.0,nan
ALNS-A,Example7,7,0,21.0,164.0,nan
ALNS-A,Example7,7,0,22.0,164.0,nan
ALNS-A,Example7,7,0,23.0,164.0,nan
ALNS-A,Example7,7,0,24.0,164.0,nan
ALNS-A,Example7,7,0,25.0,164.0,nan
ALNS-A,Example7,7,0,26.0,164.0,nan
ALNS-A,Example7,7,0,27.0,164.0,nan
ALNS-A,Example7,7,0,28.0,164.0,nan
ALNS-A,Example7,7,0,29.0,164.0,nan
ALNS-A,Example7,7,0,30.0,164.0,nan
ALNS-A,Example7,7,0,31.0,164.0,nan
ALNS-A,Example7,7,0,32.0,164.0,nan
ALNS-A,Example7,7,0,33.0,164.0,nan
ALNS-A,Example7,7,0,34.0,164.0,nan
ALNS-A,Example7,7,0,35.0,164.0,nan
ALNS-A,Example7,7,0,36.0,164.0,nan
ALNS-A,Example7,7,0,37.0,164.0,nan
ALNS-A,Example7,7,0,38.0,164.0,nan
ALNS-A,Example7,7,0,39.0,164.0,nan
ALNS-A,Example7,7,0,40.0,164.0,nan
ALNS-A,Example7,7,0,41.0,164.0,nan
ALNS-A,Example7,7,0,42.0,164.0,nan
ALNS-A,Example7,7,0,43.0,164.0,nan
ALNS-A,Example7,7,0,44.0,164.0,nan
ALNS-A,Example7,7,0,45.0,164.0,nan
ALNS-A,Example7,7,0,46.0,164.0,nan
ALNS-A,Example7,7,0,47.0,164.0,nan
ALNS-A,Example7,7,0,48.0,164.0,nan
ALNS-A,Example7,7,0,49.0,121.0,nan
ALNS-A,Example7,7,0,50.0,121.0,nan
ALNS-A,Example7,7,0,51.0,121.0,nan
ALNS-A,Example7,7,0,52.0,121.0,nan
ALNS-A,Example7,7,0,53.0,121.0,nan
ALNS-A,Example7,7,0,54.0,121.0,nan
ALNS-A,Example7,7,0,55.0,121.0,nan
ALNS-A,Example7,7,0,56.0,121.0,nan
ALNS-A,Example7,7,0,57.0,121.0,nan
ALNS-A,Example7,7,0,58.0,121.0,nan
ALNS-A,Example7,7,0,59.0,121.0,nan
ALNS-A,Example7,7,0,60.0,121.0,nan
ALNS-A,Example7,7,0,61.0,121.0,nan
ALNS-A,Example7,7,0,62.0,121.0,nan
ALNS-A,Example7,7,0,63.0,121.0,nan
ALNS-A,Example7,7,0,64.0,121.0,nan
ALNS-A,Example7,7,0,65.0,121.0,nan
ALNS-A,Example7,7,0,66.0,121.0,nan
ALNS-A,Example7,7,0,67.0,121.0,nan
ALNS-A,Example7,7,0,68.0,121.0,nan
ALNS-A,Example7,7,0,69.0,121.0,nan
ALNS-A,Example7,7,0,70.0,121.0,nan
ALNS-A,Example7,7,0,71.0,121.0,nan
ALNS-A,Example7,7,0,72.0,120.0,nan
ALNS-A,Example7,7,0,73.0,120.0,nan
ALNS-A,Example7,7,0,74.0,120.0,nan
ALNS-A,Example7,7,0,75.0,120.0,nan
ALNS-A,Example7,7,0,76.0,120.0,nan
ALNS-A,Example7,7,0,77.0,120.0,nan
ALNS-A,Example7,7,0,78.0,120.0,nan
ALNS-A,Example7,7,0,79.0,120.0,nan
ALNS-A,Example7,7,0,80.0,120.0,nan
ALNS-A,Example7,7,0,81.0,120.0,nan
ALNS-A,Example7,7,0,82.0,120.0,nan
ALNS-A,Example7,7,0,83.0,120.0,nan
ALNS-A,Example7,7,0,84.0,120.0,nan
ALNS-A,Example7,7,0,85.0,120.0,nan
ALNS-A,Example7,7,0,86.0,120.0,nan
ALNS-A,Example7,7,0,87.0,120.0,nan
ALNS-A,Example7,7,0,88.0,120.0,nan
ALNS-A,Example7,7,0,89.0,120.0,nan
ALNS-A,Example7,7,0,90.0,120.0,nan
ALNS-A,Example7,7,0,91.0,120.0,nan
ALNS-A,Example7,7,0,92.0,120.0,nan
ALNS-A,Example7,7,0,93.0,120.0,nan
ALNS-A,Example7,7,0,94.0,120.0,nan
ALNS-A,Example7,7,0,95.0,120.0,nan
ALNS-A,Example7,7,0,96.0,82.0,nan
ALNS-A,Example7,7,0,97.0,82.0,nan
ALNS-A,Example7,7,0,98.0,82.0,nan
ALNS-A,Example7,7,0,99.0,82.0,nan
ALNS-A,Example7,7,0,100.0,82.0,nan
ALNS-A,Example7,7,0,101.0,82.0,nan
ALNS-A,Example7,7,0,102.0,82.0,nan
ALNS-A,Example7,7,0,103.0,82.0,nan
ALNS-A,Example7,7,0,104.0,82.0,nan
ALNS-A,Example7,7,0,105.0,82.0,nan
ALNS-A,Example7,7,0,106.0,82.0,nan
ALNS-A,Example7,7,0,107.0,82.0,nan
ALNS-A,Example7,7,0,108.0,82.0,nan
ALNS-A,Example7,7,0,109.0,82.0,nan
ALNS-A,Example7,7,0,110.0,82.0,nan
ALNS-A,Example7,7,0,111.0,82.0,nan
ALNS-A,Example7,7,0,112.0,82.0,nan
ALNS-A,Example7,7,0,113.0,82.0,nan
ALNS-A,Example7,7,0,114.0,82.0,nan
ALNS-A,Example7,7,0,115.0,82.0,nan
ALNS-A,Example7,7,0,116.0,82.0,nan
ALNS-A,Example7,7,0,117.0,82.0,nan
ALNS-A,Example7,7,0,118.0,82.0,nan
ALNS-A,Example7,7,0,119.0,82.0,nan
ALNS-A,Example7,7,0,120.0,82.0,nan
ALNS-A,Example7,7,0,121.0,82.0,nan
ALNS-A,Example7,7,0,122.0,82.0,nan
ALNS-A,Example7,7,0,123.0,82.0,nan
ALNS-A,Example7,7,0,124.0,82.0,nan
ALNS-A,Example7,7,0,125.0,82.0,nan
ALNS-A,Example7,7,0,126.0,82.0,nan
ALNS-A,Example7,7,0,127.0,82.0,nan
ALNS-A,Example7,7,0,128.0,82.0,nan
ALNS-A,Example7,7,0,129.0,82.0,nan
ALNS-A,Example7,7,0,130.0,82.0,nan
ALNS-A,Example7,7,0,131.0,82.0,nan
ALNS-A,Example7,7,0,132.0,82.0,nan
ALNS-A,Example7,7,0,133.0,82.0,nan
ALNS-A,Example7,7,0,134.0,82.0,nan
ALNS-A,Example7,7,0,135.0,82.0,nan
ALNS-A,Example7,7,0,136.0,82.0,nan
ALNS-A,Example7,7,0,137.0,82.0,nan
ALNS-A,Example7,7,0,138.0,82.0,nan
ALNS-A,Example7,7,0,139.0,82.0,nan
ALNS-A,Example7,7,0,140.0,82.0,nan
ALNS-A,Example7,7,0,141.0,82.0,nan
ALNS-A,Example7,7,0,142.0,82.0,nan
ALNS-A,Example7,7,0,143.0,82.0,nan
ALNS-A,Example7,7,0,144.0,82.0,nan
ALNS-A,Example7,7,0,145.0,82.0,nan
ALNS-A,Example7,7,0,146.0,82.0,nan
ALNS-A,Example7,7,0,147.0,82.0,nan
ALNS-A,Example7,7,0,148.0,82.0,nan
ALNS-A,Example7,7,0,149.0,82.0,nan
ALNS-A,Example7,7,0,150.0,82.0,nan
ALNS-A,Example7,7,0,151.0,82.0,nan
ALNS-A,Example7,7,0,152.0,82.0,nan
ALNS-A,Example7,7,0,153.0,82.0,nan
ALNS-A,Example7,7,0,154.0,82.0,nan
ALNS-A,Example7,7,0,155.0,82.0,nan
ALNS-A,Example7,7,0,156.0,82.0,nan
ALNS-A,Example7,7,0,157.0,82.0,nan
ALNS-A,Example7,7,0,158.0,82.0,nan
ALNS-A,Example7,7,0,159.0,82.0,nan
ALNS-A,Example7,7,0,160.0,82.0,nan
ALNS-A,Example7,7,0,161.0,82.0,nan
ALNS-A,Example7,7,0,162.0,82.0,nan
ALNS-A,Example7,7,0,163.0,82.0,nan
ALNS-A,Example7,7,0,164.0,82.0,nan
ALNS-A,Example7,7,0,165.0,82.0,nan
ALNS-A,Example7,7,0,166.0,82.0,nan
ALNS-A,Example7,7,0,167.0,82.0,nan
ALNS-A,Example7,7,0,168.0,82.0,nan
ALNS-A,Example7,7,0,169.0,82.0,nan
ALNS-A,Example7,7,0,170.0,82.0,nan
ALNS-A,Example7,7,0,171.0,82.0,nan
ALNS-A,Example7,7,0,172.0,82.0,nan
ALNS-A,Example7,7,0,173.0,82.0,nan
ALNS-A,Example7,7,0,174.0,82.0,nan
ALNS-A,Example7,7,0,175.0,82.0,nan
ALNS-A,Example7,7,0,176.0,82.0,nan
ALNS-A,Example7,7,0,177.0,82.0,nan
ALNS-A,Example7,7,0,178.0,82.0,nan
ALNS-A,Example7,7,0,179.0,82.0,nan
ALNS-A,Example7,7,0,180.0,82.0,nan
ALNS-A,Example7,7,0,181.0,82.0,nan
ALNS-A,Example7,7,0,182.0,82.0,nan
ALNS-A,Example7,7,0,183.0,82.0,nan
ALNS-A,Example7,7,0,184.0,82.0,nan
ALNS-A,Example7,7,0,185.0,82.0,nan
ALNS-A,Example7,7,0,186.0,82.0,nan
ALNS-A,Example7,7,0,187.0,82.0,nan
ALNS-A,Example7,7,0,188.0,82.0,nan
ALNS-A,Example7,7,0,189.0,82.0,nan
ALNS-A,Example7,7,0,190.0,82.0,nan
ALNS-A,Example7,7,0,191.0,82.0,nan
ALNS-A,Example7,7,0,192.0,82.0,nan
ALNS-A,Example7,7,0,193.0,82.0,nan
ALNS-A,Example7,7,0,194.0,82.0,nan
ALNS-A,Example7,7,0,195.0,82.0,nan
ALNS-A,Example7,7,0,196.0,82.0,nan
ALNS-A,Example7,7,0,197.0,82.0,nan
ALNS-A,Example7,7,0,198.0,82.0,nan
ALNS-A,Example7,7,0,199.0,82.0,nan
ALNS-A,Example7,7,0,200.0,82.0,nan
ALNS-A,Example7,7,0,201.0,82.0,nan
ALNS-A,Example7,7,0,202.0,82.0,nan
ALNS-A,Example7,7,0,203.0,82.0,nan
ALNS-A,Example7,7,0,204.0,82.0,nan
ALNS-A,Example7,7,0,205.0,82.0,nan
ALNS-A,Example7,7,0,206.0,82.0,nan
ALNS-A,Example7,7,0,207.0,82.0,nan
ALNS-A,Example7,7,0,208.0,82.0,nan
ALNS-A,Example7,7,0,209.0,82.0,nan
ALNS-A,Example7,7,0,210.0,82.0,nan
ALNS-A,Example7,7,0,211.0,82.0,nan
ALNS-A,Example7,7,0,212.0,82.0,nan
ALNS-A,Example7,7,0,213.0,82.0,nan
ALNS-A,Example7,7,0,214.0,82.0,nan
ALNS-A,Example7,7,0,215.0,82.0,nan
ALNS-A,Example7,7,0,216.0,82.0,nan
ALNS-A,Example7,7,0,217.0,82.0,nan
ALNS-A,Example7,7,0,218.0,82.0,nan
ALNS-A,Example7,7,0,219.0,82.0,nan
ALNS-A,Example7,7,0,220.0,82.0,nan
ALNS-A,Example7,7,0,221.0,82.0,nan
ALNS-A,Example7,7,0,222.0,82.0,nan
ALNS-A,Example7,7,0,223.0,82.0,nan
ALNS-A,Example7,7,0,224.0,82.0,nan
ALNS-A,Example7,7,0,225.0,82.0,nan
ALNS-A,Example7,7,0,226.0,82.0,nan
ALNS-A,Example7,7,0,227.0,82.0,nan
ALNS-A,Example7,7,0,228.0,82.0,nan
ALNS-A,Example7,7,0,229.0,82.0,nan
ALNS-A,Example7,7,0,230.0,82.0,nan
ALNS-A,Example7,7,0,231.0,82.0,nan
ALNS-A,Example7,7,0,232.0,82.0,nan
ALNS-A,Example7,7,0,233.0,82.0,nan
ALNS-A,Example7,7,0,234.0,82.0,nan
ALNS-A,Example7,7,0,235.0,82.0,nan
ALNS-A,Example7,7,0,236.0,82.0,nan
ALNS-A,Example7,7,0,237.0,82.0,nan
ALNS-A,Example7,7,0,238.0,82.0,nan
ALNS-A,Example7,7,0,239.0,82.0,nan
ALNS-A,Example7,7,0,240.0,82.0,nan
ALNS-A,Example7,7,0,241.0,82.0,nan
ALNS-A,Example7,7,0,242.0,82.0,nan
ALNS-A,Example7,7,0,243.0,82.0,nan
ALNS-A,Example7,7,0,244.0,82.0,nan
ALNS-A,Example7,7,0,245.0,82.0,nan
ALNS-A,Example7,7,0,246.0,82.0,nan
ALNS-A,Example7,7,0,247.0,82.0,nan
ALNS-A,Example7,7,0,248.0,82.0,nan
ALNS-A,Example7,7,0,249.0,82.0,nan
ALNS-A,Example7,7,0,250.0,82.0,nan
ALNS-A,Example7,7,0,251.0,82.0,nan
ALNS-A,Example7,7,0,252.0,82.0,nan
ALNS-A,Example7,7,0,253.0,82.0,nan
ALNS-A,Example7,7,0,254.0,82.0,nan
ALNS-A,Example7,7,0,255.0,82.0,nan
ALNS-A,Example7,7,0,256.0,82.0,nan
ALNS-A,Example7,7,0,257.0,82.0,nan
ALNS-A,Example7,7,0,258.0,82.0,nan
ALNS-A,Example7,7,0,259.0,82.0,nan
ALNS-A,Example7,7,0,260.0,82.0,nan
ALNS-A,Example7,7,0,261.0,82.0,nan
ALNS-A,Example7,7,0,262.0,82.0,nan
ALNS-A,Example7,7,0,263.0,82.0,nan
ALNS-A,Example7,7,0,264.0,82.0,nan
ALNS-A,Example7,7,0,265.0,82.0,nan
ALNS-A,Example7,7,0,266.0,82.0,nan
ALNS-A,Example7,7,0,267.0,82.0,nan
ALNS-A,Example7,7,0,268.0,82.0,nan
ALNS-A,Example7,7,0,269.0,82.0,nan
ALNS-A,Example7,7,0,270.0,82.0,nan
ALNS-A,Example7,7,0,271.0,82.0,nan
ALNS-A,Example7,7,0,272.0,82.0,nan
ALNS-A,Example7,7,0,273.0,82.0,nan
ALNS-A,Example7,7,1,0.0,418.0,nan
ALNS-A,Example7,7,1,1.0,418.0,nan
ALNS-A,Example7,7,1,2.0,418.0,nan
ALNS-A,Example7,7,1,3.0,418.0,nan
ALNS-A,Example7,7,1,4.0,418.0,nan
ALNS-A,Example7,7,1,5.0,418.0,nan
ALNS-A,Example7,7,1,6.0,418.0,nan
ALNS-A,Example7,7,1,7.0,418.0,nan
ALNS-A,Example7,7,1,8.0,418.0,nan
ALNS-A,Example7,7,1,9.0,418.0,nan
ALNS-A,Example7,7,1,10.0,288.0,nan
ALNS-A,Example7,7,1,11.0,288.0,nan
ALNS-A,Example7,7,1,12.0,288.0,nan
ALNS-A,Example7,7,1,13.0,288.0,nan
ALNS-A,Example7,7,1,14.0,238.0,nan
ALNS-A,Example7,7,1,15.0,238.0,nan
ALNS-A,Example7,7,1,16.0,238.0,nan
ALNS-A,Example7,7,1,17.0,238.0,nan
ALNS-A,Example7,7,1,18.0,238.0,nan
ALNS-A,Example7,7,1,19.0,238.0,nan
ALNS-A,Example7,7,1,20.0,238.0,nan
ALNS-A,Example7,7,1,21.0,238.0,nan
ALNS-A,Example7,7,1,22.0,238.0,nan
ALNS-A,Example7,7,1,23.0,238.0,nan
ALNS-A,Example7,7,1,24.0,238.0,nan
ALNS-A,Example7,7,1,25.0,238.0,nan
ALNS-A,Example7,7,1,26.0,238.0,nan
ALNS-A,Example7,7,1,27.0,235.0,nan
ALNS-A,Example7,7,1,28.0,235.0,nan
ALNS-A,Example7,7,1,29.0,235.0,nan
ALNS-A,Example7,7,1,30.0,235.0,nan
ALNS-A,Example7,7,1,31.0,235.0,nan
ALNS-A,Example7,7,1,32.0,235.0,nan
ALNS-A,Example7,7,1,33.0,235.0,nan
ALNS-A,Example7,7,1,34.0,235.0,nan
ALNS-A,Example7,7,1,35.0,235.0,nan
ALNS-A,Example7,7,1,36.0,235.0,nan
ALNS-A,Example7,7,1,37.0,235.0,nan
ALNS-A,Example7,7,1,38.0,235.0,nan
ALNS-A,Example7,7,1,39.0,235.0,nan
ALNS-A,Example7,7,1,40.0,176.0,nan
ALNS-A,Example7,7,1,41.0,176.0,nan
ALNS-A,Example7,7,1,42.0,176.0,nan
ALNS-A,Example7,7,1,43.0,176.0,nan
ALNS-A,Example7,7,1,44.0,176.0,nan
ALNS-A,Example7,7,1,45.0,176.0,nan
ALNS-A,Example7,7,1,46.0,176.0,nan
ALNS-A,Example7,7,1,47.0,176.0,nan
ALNS-A,Example7,7,1,48.0,176.0,nan
ALNS-A,Example7,7,1,49.0,176.0,nan
ALNS-A,Example7,7,1,50.0,176.0,nan
ALNS-A,Example7,7,1,51.0,176.0,nan
ALNS-A,Example7,7,1,52.0,176.0,nan
ALNS-A,Example7,7,1,53.0,176.0,nan
ALNS-A,Example7,7,1,54.0,176.0,nan
ALNS-A,Example7,7,1,55.0,176.0,nan
ALNS-A,Example7,7,1,56.0,176.0,nan
ALNS-A,Example7,7,1,57.0,176.0,nan
ALNS-A,Example7,7,1,58.0,176.0,nan
ALNS-A,Example7,7,1,59.0,176.0,nan
ALNS-A,Example7,7,1,60.0,176.0,nan
ALNS-A,Example7,7,1,61.0,176.0,nan
ALNS-A,Example7,7,1,62.0,176.0,nan
ALNS-A,Example7,7,1,63.0,176.0,nan
ALNS-A,Example7,7,1,64.0,176.0,nan
ALNS-A,Example7,7,1,65.0,176.0,nan
ALNS-A,Example7,7,1,66.0,176.0,nan
ALNS-A,Example7,7,1,67.0,176.0,nan
ALNS-A,Example7,7,1,68.0,176.0,nan
ALNS-A,Example7,7,1,69.0,176.0,nan
ALNS-A,Example7,7,1,70.0,176.0,nan
ALNS-A,Example7,7,1,71.0,176.0,nan
ALNS-A,Example7,7,1,72.0,176.0,nan
ALNS-A,Example7,7,1,73.0,176.0,nan
ALNS-A,Example7,7,1,74.0,176.0,nan
ALNS-A,Example7,7,1,75.0,176.0,nan
ALNS-A,Example7,7,1,76.0,176.0,nan
ALNS-A,Example7,7,1,77.0,176.0,nan
ALNS-A,Example7,7,1,78.0,176.0,nan
ALNS-A,Example7,7,1,79.0,176.0,nan
ALNS-A,Example7,7,1,80.0,176.0,nan
ALNS-A,Example7,7,1,81.0,176.0,nan
ALNS-A,Example7,7,1,82.0,176.0,nan
ALNS-A,Example7,7,1,83.0,176.0,nan
ALNS-A,Example7,7,1,84.0,176.0,nan
ALNS-A,Example7,7,1,85.0,176.0,nan
ALNS-A,Example7,7,1,86.0,176.0,nan
ALNS-A,Example7,7,1,87.0,176.0,nan
ALNS-A,Example7,7,1,88.0,176.0,nan
ALNS-A,Example7,7,1,89.0,176.0,nan
ALNS-A,Example7,7,1,90.0,176.0,nan
ALNS-A,Example7,7,1,91.0,176.0,nan
ALNS-A,Example7,7,1,92.0,176.0,nan
ALNS-A,Example7,7,1,93.0,176.0,nan
ALNS-A,Example7,7,1,94.0,176.0,nan
ALNS-A,Example7,7,1,95.0,176.0,nan
ALNS-A,Example7,7,1,96.0,176.0,nan
ALNS-A,Example7,7,1,97.0,176.0,nan
ALNS-A,Example7,7,1,98.0,176.0,nan
ALNS-A,Example7,7,1,99.0,176.0,nan
ALNS-A,Example7,7,1,100.0,176.0,nan
ALNS-A,Example7,7,1,101.0,176.0,nan
ALNS-A,Example7,7,1,102.0,176.0,nan
ALNS-A,Example7,7,1,103.0,176.0,nan
ALNS-A,Example7,7,1,104.0,176.0,nan
ALNS-A,Example7,7,1,105.0,176.0,nan
ALNS-A,Example7,7,1,106.0,176.0,nan
ALNS-A,Example7,7,1,107.0,176.0,nan
ALNS-A,Example7,7,1,108.0,176.0,nan
ALNS-A,Example7,7,1,109.0,176.0,nan
ALNS-A,Example7,7,1,110.0,176.0,nan
ALNS-A,Example7,7,1,111.0,176.0,nan
ALNS-A,Example7,7,1,112.0,176.0,nan
ALNS-A,Example7,7,1,113.0,176.0,nan
ALNS-A,Example7,7,1,114.0,176.0,nan
ALNS-A,Example7,7,1,115.0,176.0,nan
ALNS-A,Example7,7,1,116.0,176.0,nan
ALNS-A,Example7,7,1,117.0,176.0,nan
ALNS-A,Example7,7,1,118.0,176.0,nan
ALNS-A,Example7,7,1,119.0,176.0,nan
ALNS-A,Example7,7,1,120.0,176.0,nan
ALNS-A,Example7,7,1,121.0,176.0,nan
ALNS-A,Example7,7,1,122.0,176.0,nan
ALNS-A,Example7,7,1,123.0,176.0,nan
ALNS-A,Example7,7,1,124.0,176.0,nan
ALNS-A,Example7,7,1,125.0,176.0,nan
ALNS-A,Example7,7,1,126.0,176.0,nan
ALNS-A,Example7,7,1,127.0,169.0,nan
ALNS-A,Example7,7,1,128.0,169.0,nan
ALNS-A,Example7,7,1,129.0,169.0,nan
ALNS-A,Example7,7,1,130.0,169.0,nan
ALNS-A,Example7,7,1,131.0,169.0,nan
ALNS-A,Example7,7,1,132.0,169.0,nan
ALNS-A,Example7,7,1,133.0,169.0,nan
ALNS-A,Example7,7,1,134.0,169.0,nan
ALNS-A,Example7,7,1,135.0,169.0,nan
ALNS-A,Example7,7,1,136.0,169.0,nan
ALNS-A,Example7,7,1,137.0,169.0,nan
ALNS-A,Example7,7,1,138.0,169.0,nan
ALNS-A,Example7,7,1,139.0,169.0,nan
ALNS-A,Example7,7,1,140.0,169.0,nan
ALNS-A,Example7,7,1,141.0,169.0,nan
ALNS-A,Example7,7,1,142.0,169.0,nan
ALNS-A,Example7,7,1,143.0,169.0,nan
ALNS-A,Example7,7,1,144.0,169.0,nan
ALNS-A,Example7,7,1,145.0,169.0,nan
ALNS-A,Example7,7,1,146.0,169.0,nan
ALNS-A,Example7,7,1,147.0,169.0,nan
ALNS-A,Example7,7,1,148.0,169.0,nan
ALNS-A,Example7,7,1,149.0,169.0,nan
ALNS-A,Example7,7,1,150.0,169.0,nan
ALNS-A,Example7,7,1,151.0,169.0,nan
ALNS-A,Example7,7,1,152.0,169.0,nan
ALNS-A,Example7,7,1,153.0,169.0,nan
ALNS-A,Example7,7,1,154.0,169.0,nan
ALNS-A,Example7,7,1,155.0,169.0,nan
ALNS-A,Example7,7,1,156.0,169.0,nan
ALNS-A,Example7,7,1,157.0,169.0,nan
ALNS-A,Example7,7,1,158.0,169.0,nan
ALNS-A,Example7,7,1,159.0,169.0,nan
ALNS-A,Example7,7,1,160.0,169.0,nan
ALNS-A,Example7,7,1,161.0,169.0,nan
ALNS-A,Example7,7,1,162.0,169.0,nan
ALNS-A,Example7,7,1,163.0,169.0,nan
ALNS-A,Example7,7,1,164.0,169.0,nan
ALNS-A,Example7,7,1,165.0,169.0,nan
ALNS-A,Example7,7,1,166.0,169.0,nan
ALNS-A,Example7,7,1,167.0,169.0,nan
ALNS-A,Example7,7,1,168.0,169.0,nan
ALNS-A,Example7,7,1,169.0,169.0,nan
ALNS-A,Example7,7,1,170.0,169.0,nan
ALNS-A,Example7,7,1,171.0,169.0,nan
ALNS-A,Example7,7,1,172.0,169.0,nan
ALNS-A,Example7,7,1,173.0,169.0,nan
ALNS-A,Example7,7,1,174.0,169.0,nan
ALNS-A,Example7,7,1,175.0,169.0,nan
ALNS-A,Example7,7,1,176.0,169.0,nan
ALNS-A,Example7,7,1,177.0,169.0,nan
ALNS-A,Example7,7,1,178.0,169.0,nan
ALNS-A,Example7,7,1,179.0,169.0,nan
ALNS-A,Example7,7,1,180.0,169.0,nan
ALNS-A,Example7,7,1,181.0,169.0,nan
ALNS-A,Example7,7,1,182.0,136.0,nan
ALNS-A,Example7,7,1,183.0,136.0,nan
ALNS-A,Example7,7,1,184.0,136.0,nan
ALNS-A,Example7,7,1,185.0,136.0,nan
ALNS-A,Example7,7,1,186.0,136.0,nan
ALNS-A,Example7,7,1,187.0,136.0,nan
ALNS-A,Example7,7,1,188.0,136.0,nan
ALNS-A,Example7,7,1,189.0,136.0,nan
ALNS-A,Example7,7,1,190.0,136.0,nan
ALNS-A,Example7,7,1,191.0,136.0,nan
ALNS-A,Example7,7,1,192.0,136.0,nan
ALNS-A,Example7,7,1,193.0,136.0,nan
ALNS-A,Example7,7,1,194.0,136.0,nan
ALNS-A,Example7,7,1,195.0,136.0,nan
ALNS-A,Example7,7,1,196.0,136.0,nan
ALNS-A,Example7,7,1,197.0,136.0,nan
ALNS-A,Example7,7,1,198.0,136.0,nan
ALNS-A,Example7,7,1,199.0,136.0,nan
ALNS-A,Example7,7,1,200.0,136.0,nan
ALNS-A,Example7,7,1,201.0,136.0,nan
ALNS-A,Example7,7,1,202.0,136.0,nan
ALNS-A,Example7,7,1,203.0,136.0,nan
ALNS-A,Example7,7,1,204.0,136.0,nan
ALNS-A,Example7,7,1,205.0,136.0,nan
ALNS-A,Example7,7,1,206.0,136.0,nan
ALNS-A,Example7,7,1,207.0,136.0,nan
ALNS-A,Example7,7,1,208.0,136.0,nan
ALNS-A,Example7,7,1,209.0,136.0,nan
ALNS-A,Example7,7,1,210.0,136.0,nan
ALNS-A,Example7,7,1,211.0,136.0,nan
ALNS-A,Example7,7,1,212.0,136.0,nan
ALNS-A,Example7,7,1,213.0,136.0,nan
ALNS-A,Example7,7,1,214.0,136.0,nan
ALNS-A,Example7,7,1,215.0,136.0,nan
ALNS-A,Example7,7,1,216.0,136.0,nan
ALNS-A,Example7,7,1,217.0,136.0,nan
ALNS-A,Example7,7,1,218.0,136.0,nan
ALNS-A,Example7,7,1,219.0,136.0,nan
ALNS-A,Example7,7,1,220.0,136.0,nan
ALNS-A,Example7,7,1,221.0,136.0,nan
ALNS-A,Example7,7,1,222.0,136.0,nan
ALNS-A,Example7,7,1,223.0,136.0,nan
ALNS-A,Example7,7,1,224.0,136.0,nan
ALNS-A,Example7,7,1,225.0,136.0,nan
ALNS-A,Example7,7,1,226.0,136.0,nan
ALNS-A,Example7,7,1,227.0,136.0,nan
ALNS-A,Example7,7,1,228.0,136.0,nan
ALNS-A,Example7,7,1,229.0,136.0,nan
ALNS-A,Example7,7,1,230.0,136.0,nan
ALNS-A,Example7,7,1,231.0,136.0,nan
ALNS-A,Example7,7,1,232.0,136.0,nan
ALNS-A,Example7,7,1,233.0,136.0,nan
ALNS-A,Example7,7,1,234.0,136.0,nan
ALNS-A,Example7,7,1,235.0,136.0,nan
ALNS-A,Example7,7,1,236.0,136.0,nan
ALNS-A,Example7,7,1,237.0,136.0,nan
ALNS-A,Example7,7,1,238.0,136.0,nan
ALNS-A,Example7,7,1,239.0,136.0,nan
ALNS-A,Example7,7,1,240.0,136.0,nan
ALNS-A,Example7,7,1,241.0,136.0,nan
ALNS-A,Example7,7,1,242.0,136.0,nan
ALNS-A,Example7,7,1,243.0,136.0,nan
ALNS-A,Example7,7,1,244.0,136.0,nan
ALNS-A,Example7,7,1,245.0,136.0,nan
ALNS-A,Example7,7,1,246.0,136.0,nan
ALNS-A,Example7,7,1,247.0,136.0,nan
ALNS-A,Example7,7,1,248.0,136.0,nan
ALNS-A,Example7,7,1,249.0,136.0,nan
ALNS-A,Example7,7,1,250.0,136.0,nan
ALNS-A,Example7,7,1,251.0,136.0,nan
ALNS-A,Example7,7,1,252.0,136.0,nan
ALNS-A,Example7,7,1,253.0,136.0,nan
ALNS-A,Example7,7,1,254.0,136.0,nan
ALNS-A,Example7,7,1,255.0,136.0,nan
ALNS-A,Example7,7,1,256.0,136.0,nan
ALNS-A,Example7,7,1,257.0,136.0,nan
ALNS-A,Example7,7,1,258.0,136.0,nan
ALNS-A,Example7,7,1,259.0,136.0,nan
ALNS-A,Example7,7,1,260.0,136.0,nan
ALNS-A,Example7,7,1,261.0,136.0,nan
ALNS-A,Example7,7,1,262.0,136.0,nan
ALNS-A,Example7,7,1,263.0,136.0,nan
ALNS-A,Example7,7,1,264.0,136.0,nan
ALNS-A,Example7,7,1,265.0,136.0,nan
ALNS-A,Example7,7,1,266.0,136.0,nan
ALNS-A,Example7,7,1,267.0,136.0,nan
ALNS-A,Example7,7,1,268.0,136.0,nan
ALNS-A,Example7,7,1,269.0,136.0,nan
ALNS-A,Example7,7,1,270.0,136.0,nan
ALNS-A,Example7,7,1,271.0,136.0,nan
ALNS-A,Example7,7,1,272.0,136.0,nan
ALNS-A,Example7,7,1,273.0,136.0,nan
ALNS-A,Example7,7,2,0.0,506.0,nan
ALNS-A,Example7,7,2,1.0,506.0,nan
ALNS-A,Example7,7,2,2.0,506.0,nan
ALNS-A,Example7,7,2,3.0,506.0,nan
ALNS-A,Example7,7,2,4.0,506.0,nan
ALNS-A,Example7,7,2,5.0,506.0,nan
ALNS-A,Example7,7,2,6.0,506.0,nan
ALNS-A,Example7,7,2,7.0,506.0,nan
ALNS-A,Example7,7,2,8.0,415.0,nan
ALNS-A,Example7,7,2,9.0,415.0,nan
ALNS-A,Example7,7,2,10.0,415.0,nan
ALNS-A,Example7,7,2,11.0,171.0,nan
ALNS-A,Example7,7,2,12.0,171.0,nan
ALNS-A,Example7,7,2,13.0,171.0,nan
ALNS-A,Example7,7,2,14.0,171.0,nan
ALNS-A,Example7,7,2,15.0,171.0,nan
ALNS-A,Example7,7,2,16.0,171.0,nan
ALNS-A,Example7,7,2,17.0,171.0,nan
ALNS-A,Example7,7,2,18.0,171.0,nan
ALNS-A,Example7,7,2,19.0,171.0,nan
ALNS-A,Example7,7,2,20.0,171.0,nan
ALNS-A,Example7,7,2,21.0,171.0,nan
ALNS-A,Example7,7,2,22.0,171.0,nan
ALNS-A,Example7,7,2,23.0,171.0,nan
ALNS-A,Example7,7,2,24.0,171.0,nan
ALNS-A,Example7,7,2,25.0,171.0,nan
ALNS-A,Example7,7,2,26.0,171.0,nan
ALNS-A,Example7,7,2,27.0,171.0,nan
ALNS-A,Example7,7,2,28.0,171.0,nan
ALNS-A,Example7,7,2,29.0,171.0,nan
ALNS-A,Example7,7,2,30.0,171.0,nan
ALNS-A,Example7,7,2,31.0,171.0,nan
ALNS-A,Example7,7,2,32.0,171.0,nan
ALNS-A,Example7,7,2,33.0,171.0,nan
ALNS-A,Example7,7,2,34.0,171.0,nan
ALNS-A,Example7,7,2,35.0,171.0,nan
ALNS-A,Example7,7,2,36.0,171.0,nan
ALNS-A,Example7,7,2,37.0,171.0,nan
ALNS-A,Example7,7,2,38.0,140.0,nan
ALNS-A,Example7,7,2,39.0,140.0,nan
ALNS-A,Example7,7,2,40.0,140.0,nan
ALNS-A,Example7,7,2,41.0,140.0,nan
ALNS-A,Example7,7,2,42.0,140.0,nan
ALNS-A,Example7,7,2,43.0,140.0,nan
ALNS-A,Example7,7,2,44.0,140.0,nan
ALNS-A,Example7,7,2,45.0,140.0,nan
ALNS-A,Example7,7,2,46.0,140.0,nan
ALNS-A,Example7,7,2,47.0,140.0,nan
ALNS-A,Example7,7,2,48.0,140.0,nan
ALNS-A,Example7,7,2,49.0,140.0,nan
ALNS-A,Example7,7,2,50.0,140.0,nan
ALNS-A,Example7,7,2,51.0,140.0,nan
ALNS-A,Example7,7,2,52.0,140.0,nan
ALNS-A,Example7,7,2,53.0,140.0,nan
ALNS-A,Example7,7,2,54.0,140.0,nan
ALNS-A,Example7,7,2,55.0,140.0,nan
ALNS-A,Example7,7,2,56.0,140.0,nan
ALNS-A,Example7,7,2,57.0,140.0,nan
ALNS-A,Example7,7,2,58.0,140.0,nan
ALNS-A,Example7,7,2,59.0,140.0,nan
ALNS-A,Example7,7,2,60.0,140.0,nan
ALNS-A,Example7,7,2,61.0,140.0,nan
ALNS-A,Example7,7,2,62.0,140.0,nan
ALNS-A,Example7,7,2,63.0,140.0,nan
ALNS-A,Example7,7,2,64.0,140.0,nan
ALNS-A,Example7,7,2,65.0,140.0,nan
ALNS-A,Example7,7,2,66.0,140.0,nan
ALNS-A,Example7,7,2,67.0,140.0,nan
ALNS-A,Example7,7,2,68.0,140.0,nan
ALNS-A,Example7,7,2,69.0,140.0,nan
ALNS-A,Example7,7,2,70.0,140.0,nan
ALNS-A,Example7,7,2,71.0,140.0,nan
ALNS-A,Example7,7,2,72.0,140.0,nan
ALNS-A,Example7,7,2,73.0,140.0,nan
ALNS-A,Example7,7,2,74.0,140.0,nan
ALNS-A,Example7,7,2,75.0,140.0,nan
ALNS-A,Example7,7,2,76.0,140.0,nan
ALNS-A,Example7,7,2,77.0,140.0,nan
ALNS-A,Example7,7,2,78.0,138.0,nan
ALNS-A,Example7,7,2,79.0,138.0,nan
ALNS-A,Example7,7,2,80.0,138.0,nan
ALNS-A,Example7,7,2,81.0,138.0,nan
ALNS-A,Example7,7,2,82.0,138.0,nan
ALNS-A,Example7,7,2,83.0,138.0,nan
ALNS-A,Example7,7,2,84.0,138.0,nan
ALNS-A,Example7,7,2,85.0,138.0,nan
ALNS-A,Example7,7,2,86.0,118.0,nan
ALNS-A,Example7,7,2,87.0,118.0,nan
ALNS-A,Example7,7,2,88.0,118.0,nan
ALNS-A,Example7,7,2,89.0,118.0,nan
ALNS-A,Example7,7,2,90.0,118.0,nan
ALNS-A,Example7,7,2,91.0,118.0,nan
ALNS-A,Example7,7,2,92.0,118.0,nan
ALNS-A,Example7,7,2,93.0,118.0,nan
ALNS-A,Example7,7,2,94.0,118.0,nan
ALNS-A,Example7,7,2,95.0,118.0,nan
ALNS-A,Example7,7,2,96.0,118.0,nan
ALNS-A,Example7,7,2,97.0,118.0,nan
ALNS-A,Example7,7,2,98.0,118.0,nan
ALNS-A,Example7,7,2,99.0,118.0,nan
ALNS-A,Example7,7,2,100.0,118.0,nan
ALNS-A,Example7,7,2,101.0,118.0,nan
ALNS-A,Example7,7,2,102.0,118.0,nan
ALNS-A,Example7,7,2,103.0,118.0,nan
ALNS-A,Example7,7,2,104.0,118.0,nan
ALNS-A,Example7,7,2,105.0,118.0,nan
ALNS-A,Example7,7,2,106.0,118.0,nan
ALNS-A,Example7,7,2,107.0,118.0,nan
ALNS-A,Example7,7,2,108.0,118.0,nan
ALNS-A,Example7,7,2,109.0,118.0,nan
ALNS-A,Example7,7,2,110.0,118.0,nan
ALNS-A,Example7,7,2,111.0,118.0,nan
ALNS-A,Example7,7,2,112.0,118.0,nan
ALNS-A,Example7,7,2,113.0,118.0,nan
ALNS-A,Example7,7,2,114.0,118.0,nan
ALNS-A,Example7,7,2,115.0,118.0,nan
ALNS-A,Example7,7,2,116.0,118.0,nan
ALNS-A,Example7,7,2,117.0,118.0,nan
ALNS-A,Example7,7,2,118.0,118.0,nan
ALNS-A,Example7,7,2,119.0,118.0,nan
ALNS-A,Example7,7,2,120.0,118.0,nan
ALNS-A,Example7,7,2,121.0,118.0,nan
ALNS-A,Example7,7,2,122.0,118.0,nan
ALNS-A,Example7,7,2,123.0,118.0,nan
ALNS-A,Example7,7,2,124.0,118.0,nan
ALNS-A,Example7,7,2,125.0,118.0,nan
ALNS-A,Example7,7,2,126.0,118.0,nan
ALNS-A,Example7,7,2,127.0,118.0,nan
ALNS-A,Example7,7,2,128.0,118.0,nan
ALNS-A,Example7,7,2,129.0,118.0,nan
ALNS-A,Example7,7,2,130.0,118.0,nan
ALNS-A,Example7,7,2,131.0,118.0,nan
ALNS-A,Example7,7,2,132.0,118.0,nan
ALNS-A,Example7,7,2,133.0,118.0,nan
ALNS-A,Example7,7,2,134.0,118.0,nan
ALNS-A,Example7,7,2,135.0,118.0,nan
ALNS-A,Example7,7,2,136.0,118.0,nan
ALNS-A,Example7,7,2,137.0,118.0,nan
ALNS-A,Example7,7,2,138.0,118.0,nan
ALNS-A,Example7,7,2,139.0,118.0,nan
ALNS-A,Example7,7,2,140.0,118.0,nan
ALNS-A,Example7,7,2,141.0,118.0,nan
ALNS-A,Example7,7,2,142.0,118.0,nan
ALNS-A,Example7,7,2,143.0,118.0,nan
ALNS-A,Example7,7,2,144.0,118.0,nan
ALNS-A,Example7,7,2,145.0,118.0,nan
ALNS-A,Example7,7,2,146.0,118.0,nan
ALNS-A,Example7,7,2,147.0,118.0,nan
ALNS-A,Example7,7,2,148.0,118.0,nan
ALNS-A,Example7,7,2,149.0,118.0,nan
ALNS-A,Example7,7,2,150.0,114.0,nan
ALNS-A,Example7,7,2,151.0,114.0,nan
ALNS-A,Example7,7,2,152.0,114.0,nan
ALNS-A,Example7,7,2,153.0,114.0,nan
ALNS-A,Example7,7,2,154.0,114.0,nan
ALNS-A,Example7,7,2,155.0,114.0,nan
ALNS-A,Example7,7,2,156.0,114.0,nan
ALNS-A,Example7,7,2,157.0,114.0,nan
ALNS-A,Example7,7,2,158.0,114.0,nan
ALNS-A,Example7,7,2,159.0,114.0,nan
ALNS-A,Example7,7,2,160.0,114.0,nan
ALNS-A,Example7,7,2,161.0,114.0,nan
ALNS-A,Example7,7,2,162.0,114.0,nan
ALNS-A,Example7,7,2,163.0,114.0,nan
ALNS-A,Example7,7,2,164.0,114.0,nan
ALNS-A,Example7,7,2,165.0,114.0,nan
ALNS-A,Example7,7,2,166.0,114.0,nan
ALNS-A,Example7,7,2,167.0,114.0,nan
ALNS-A,Example7,7,2,168.0,114.0,nan
ALNS-A,Example7,7,2,169.0,114.0,nan
ALNS-A,Example7,7,2,170.0,114.0,nan
ALNS-A,Example7,7,2,171.0,114.0,nan
ALNS-A,Example7,7,2,172.0,114.0,nan
ALNS-A,Example7,7,2,173.0,114.0,nan
ALNS-A,Example7,7,2,174.0,114.0,nan
ALNS-A,Example7,7,2,175.0,114.0,nan
ALNS-A,Example7,7,2,176.0,114.0,nan
ALNS-A,Example7,7,2,177.0,114.0,nan
ALNS-A,Example7,7,2,178.0,114.0,nan
ALNS-A,Example7,7,2,179.0,114.0,nan
ALNS-A,Example7,7,2,180.0,114.0,nan
ALNS-A,Example7,7,2,181.0,114.0,nan
ALNS-A,Example7,7,2,182.0,114.0,nan
ALNS-A,Example7,7,2,183.0,83.0,nan
ALNS-A,Example7,7,2,184.0,83.0,nan
ALNS-A,Example7,7,2,185.0,83.0,nan
ALNS-A,Example7,7,2,186.0,83.0,nan
ALNS-A,Example7,7,2,187.0,83.0,nan
ALNS-A,Example7,7,2,188.0,83.0,nan
ALNS-A,Example7,7,2,189.0,83.0,nan
ALNS-A,Example7,7,2,190.0,83.0,nan
ALNS-A,Example7,7,2,191.0,83.0,nan
ALNS-A,Example7,7,2,192.0,83.0,nan
ALNS-A,Example7,7,2,193.0,83.0,nan
ALNS-A,Example7,7,2,194.0,83.0,nan
ALNS-A,Example7,7,2,195.0,83.0,nan
ALNS-A,Example7,7,2,196.0,83.0,nan
ALNS-A,Example7,7,2,197.0,83.0,nan
ALNS-A,Example7,7,2,198.0,83.0,nan
ALNS-A,Example7,7,2,199.0,83.0,nan
ALNS-A,Example7,7,2,200.0,83.0,nan
ALNS-A,Example7,7,2,201.0,83.0,nan
ALNS-A,Example7,7,2,202.0,83.0,nan
ALNS-A,Example7,7,2,203.0,83.0,nan
ALNS-A,Example7,7,2,204.0,83.0,nan
ALNS-A,Example7,7,2,205.0,83.0,nan
ALNS-A,Example7,7,2,206.0,83.0,nan
ALNS-A,Example7,7,2,207.0,83.0,nan
ALNS-A,Example7,7,2,208.0,83.0,nan
ALNS-A,Example7,7,2,209.0,83.0,nan
ALNS-A,Example7,7,2,210.0,83.0,nan
ALNS-A,Example7,7,2,211.0,83.0,nan
ALNS-A,Example7,7,2,212.0,83.0,nan
ALNS-A,Example7,7,2,213.0,83.0,nan
ALNS-A,Example7,7,2,214.0,83.0,nan
ALNS-A,Example7,7,2,215.0,83.0,nan
ALNS-A,Example7,7,2,216.0,83.0,nan
ALNS-A,Example7,7,2,217.0,83.0,nan
ALNS-A,Example7,7,2,218.0,83.0,nan
ALNS-A,Example7,7,2,219.0,83.0,nan
ALNS-A,Example7,7,2,220.0,83.0,nan
ALNS-A,Example7,7,2,221.0,83.0,nan
ALNS-A,Example7,7,2,222.0,83.0,nan
ALNS-A,Example7,7,2,223.0,83.0,nan
ALNS-A,Example7,7,2,224.0,83.0,nan
ALNS-A,Example7,7,2,225.0,83.0,nan
ALNS-A,Example7,7,2,226.0,83.0,nan
ALNS-A,Example7,7,2,227.0,83.0,nan
ALNS-A,Example7,7,2,228.0,83.0,nan
ALNS-A,Example7,7,2,229.0,83.0,nan
ALNS-A,Example7,7,2,230.0,83.0,nan
ALNS-A,Example7,7,2,231.0,83.0,nan
ALNS-A,Example7,7,2,232.0,83.0,nan
ALNS-A,Example7,7,2,233.0,83.0,nan
ALNS-A,Example7,7,2,234.0,83.0,nan
ALNS-A,Example7,7,2,235.0,83.0,nan
ALNS-A,Example7,7,2,236.0,83.0,nan
ALNS-A,Example7,7,2,237.0,83.0,nan
ALNS-A,Example7,7,2,238.0,83.0,nan
ALNS-A,Example7,7,2,239.0,83.0,nan
ALNS-A,Example7,7,2,240.0,83.0,nan
ALNS-A,Example7,7,2,241.0,83.0,nan
ALNS-A,Example7,7,2,242.0,83.0,nan
ALNS-A,Example7,7,2,243.0,83.0,nan
ALNS-A,Example7,7,2,244.0,83.0,nan
ALNS-A,Example7,7,2,245.0,83.0,nan
ALNS-A,Example7,7,2,246.0,83.0,nan
ALNS-A,Example7,7,2,247.0,83.0,nan
ALNS-A,Example7,7,2,248.0,83.0,nan
ALNS-A,Example7,7,2,249.0,83.0,nan
ALNS-A,Example7,7,2,250.0,83.0,nan
ALNS-A,Example7,7,2,251.0,83.0,nan
ALNS-A,Example7,7,2,252.0,83.0,nan
ALNS-A,Example7,7,2,253.0,83.0,nan
ALNS-A,Example7,7,2,254.0,83.0,nan
ALNS-A,Example7,7,2,255.0,83.0,nan
ALNS-A,Example7,7,2,256.0,83.0,nan
ALNS-A,Example7,7,2,257.0,83.0,nan
ALNS-A,Example7,7,2,258.0,83.0,nan
ALNS-A,Example7,7,2,259.0,83.0,nan
ALNS-A,Example7,7,2,260.0,83.0,nan
ALNS-A,Example7,7,2,261.0,83.0,nan
ALNS-A,Example7,7,2,262.0,83.0,nan
ALNS-A,Example7,7,2,263.0,83.0,nan
ALNS-A,Example7,7,2,264.0,83.0,nan
ALNS-A,Example7,7,2,265.0,83.0,nan
ALNS-A,Example7,7,2,266.0,83.0,nan
ALNS-A,Example7,7,2,267.0,83.0,nan
ALNS-A,Example7,7,2,268.0,83.0,nan
ALNS-A,Example7,7,2,269.0,83.0,nan
ALNS-A,Example7,7,2,270.0,83.0,nan
ALNS-A,Example7,7,2,271.0,83.0,nan
ALNS-A,Example7,7,2,272.0,83.0,nan
ALNS-A,Example7,7,2,273.0,83.0,nan
ALNS-A,Example8,8,0,0.0,65.0,nan
ALNS-A,Example8,8,0,1.0,65.0,nan
ALNS-A,Example8,8,0,2.0,65.0,nan
ALNS-A,Example8,8,0,3.0,65.0,nan
ALNS-A,Example8,8,0,4.0,65.0,nan
ALNS-A,Example8,8,0,5.0,55.0,nan
ALNS-A,Example8,8,0,6.0,55.0,nan
ALNS-A,Example8,8,0,7.0,55.0,nan
ALNS-A,Example8,8,0,8.0,55.0,nan
ALNS-A,Example8,8,0,9.0,55.0,nan
ALNS-A,Example8,8,0,10.0,55.0,nan
ALNS-A,Example8,8,0,11.0,55.0,nan
ALNS-A,Example8,8,0,12.0,55.0,nan
ALNS-A,Example8,8,0,13.0,52.0,nan
ALNS-A,Example8,8,0,14.0,52.0,nan
ALNS-A,Example8,8,0,15.0,52.0,nan
ALNS-A,Example8,8,0,16.0,52.0,nan
ALNS-A,Example8,8,0,17.0,52.0,nan
ALNS-A,Example8,8,0,18.0,52.0,nan
ALNS-A,Example8,8,0,19.0,52.0,nan
ALNS-A,Example8,8,0,20.0,52.0,nan
ALNS-A,Example8,8,0,21.0,52.0,nan
ALNS-A,Example8,8,0,22.0,52.0,nan
ALNS-A,Example8,8,0,23.0,52.0,nan
ALNS-A,Example8,8,0,24.0,52.0,nan
ALNS-A,Example8,8,0,25.0,52.0,nan
ALNS-A,Example8,8,0,26.0,52.0,nan
ALNS-A,Example8,8,0,27.0,52.0,nan
ALNS-A,Example8,8,0,28.0,52.0,nan
ALNS-A,Example8,8,0,29.0,52.0,nan
ALNS-A,Example8,8,0,30.0,18.0,nan
ALNS-A,Example8,8,0,31.0,18.0,nan
ALNS-A,Example8,8,0,32.0,18.0,nan
ALNS-A,Example8,8,0,33.0,18.0,nan
ALNS-A,Example8,8,0,34.0,18.0,nan
ALNS-A,Example8,8,0,35.0,18.0,nan
ALNS-A,Example8,8,0,36.0,18.0,nan
ALNS-A,Example8,8,0,37.0,18.0,nan
ALNS-A,Example8,8,0,38.0,18.0,nan
ALNS-A,Example8,8,0,39.0,18.0,nan
ALNS-A,Example8,8,0,40.0,18.0,nan
ALNS-A,Example8,8,0,41.0,18.0,nan
ALNS-A,Example8,8,0,42.0,18.0,nan
ALNS-A,Example8,8,0,43.0,18.0,nan
ALNS-A,Example8,8,0,44.0,18.0,nan
ALNS-A,Example8,8,0,45.0,18.0,nan
ALNS-A,Example8,8,0,46.0,18.0,nan
ALNS-A,Example8,8,0,47.0,18.0,nan
ALNS-A,Example8,8,0,48.0,18.0,nan
ALNS-A,Example8,8,0,49.0,18.0,nan
ALNS-A,Example8,8,0,50.0,18.0,nan
ALNS-A,Example8,8,0,51.0,15.0,nan
ALNS-A,Example8,8,0,52.0,15.0,nan
ALNS-A,Example8,8,0,53.0,15.0,nan
ALNS-A,Example8,8,0,54.0,15.0,nan
ALNS-A,Example8,8,0,55.0,15.0,nan
ALNS-A,Example8,8,0,56.0,15.0,nan
ALNS-A,Example8,8,0,57.0,15.0,nan
ALNS-A,Example8,8,0,58.0,15.0,nan
ALNS-A,Example8,8,0,59.0,15.0,nan
ALNS-A,Example8,8,0,60.0,15.0,nan
ALNS-A,Example8,8,0,61.0,15.0,nan
ALNS-A,Example8,8,0,62.0,15.0,nan
ALNS-A,Example8,8,0,63.0,15.0,nan
ALNS-A,Example8,8,0,64.0,15.0,nan
ALNS-A,Example8,8,0,65.0,15.0,nan
ALNS-A,Example8,8,0,66.0,15.0,nan
ALNS-A,Example8,8,0,67.0,15.0,nan
ALNS-A,Example8,8,0,68.0,15.0,nan
ALNS-A,Example8,8,0,69.0,14.0,nan
ALNS-A,Example8,8,0,70.0,14.0,nan
ALNS-A,Example8,8,0,71.0,14.0,nan
ALNS-A,Example8,8,0,72.0,14.0,nan
ALNS-A,Example8,8,0,73.0,14.0,nan
ALNS-A,Example8,8,0,74.0,14.0,nan
ALNS-A,Example8,8,0,75.0,14.0,nan
ALNS-A,Example8,8,0,76.0,14.0,nan
ALNS-A,Example8,8,0,77.0,14.0,nan
ALNS-A,Example8,8,0,78.0,14.0,nan
ALNS-A,Example8,8,0,79.0,14.0,nan
ALNS-A,Example8,8,0,80.0,14.0,nan
ALNS-A,Example8,8,0,81.0,14.0,nan
ALNS-A,Example8,8,0,82.0,14.0,nan
ALNS-A,Example8,8,0,83.0,14.0,nan
ALNS-A,Example8,8,0,84.0,14.0,nan
ALNS-A,Example8,8,0,85.0,14.0,nan
ALNS-A,Example8,8,0,86.0,14.0,nan
ALNS-A,Example8,8,0,87.0,14.0,nan
ALNS-A,Example8,8,0,88.0,14.0,nan
ALNS-A,Example8,8,0,89.0,14.0,nan
ALNS-A,Example8,8,0,90.0,14.0,nan
ALNS-A,Example8,8,0,91.0,14.0,nan
ALNS-A,Example8,8,0,92.0,14.0,nan
ALNS-A,Example8,8,0,93.0,14.0,nan
ALNS-A,Example8,8,0,94.0,14.0,nan
ALNS-A,Example8,8,0,95.0,14.0,nan
ALNS-A,Example8,8,0,96.0,14.0,nan
ALNS-A,Example8,8,0,97.0,14.0,nan
ALNS-A,Example8,8,0,98.0,14.0,nan
ALNS-A,Example8,8,0,99.0,14.0,nan
ALNS-A,Example8,8,0,100.0,14.0,nan
ALNS-A,Example8,8,0,101.0,14.0,nan
ALNS-A,Example8,8,0,102.0,14.0,nan
ALNS-A,Example8,8,0,103.0,14.0,nan
ALNS-A,Example8,8,0,104.0,14.0,nan
ALNS-A,Example8,8,0,105.0,14.0,nan
ALNS-A,Example8,8,0,106.0,14.0,nan
ALNS-A,Example8,8,0,107.0,14.0,nan
ALNS-A,Example8,8,0,108.0,14.0,nan
ALNS-A,Example8,8,0,109.0,14.0,nan
ALNS-A,Example8,8,0,110.0,14.0,nan
ALNS-A,Example8,8,0,111.0,14.0,nan
ALNS-A,Example8,8,0,112.0,14.0,nan
ALNS-A,Example8,8,0,113.0,14.0,nan
ALNS-A,Example8,8,0,114.0,14.0,nan
ALNS-A,Example8,8,0,115.0,14.0,nan
ALNS-A,Example8,8,0,116.0,14.0,nan
ALNS-A,Example8,8,0,117.0,14.0,nan
ALNS-A,Example8,8,0,118.0,14.0,nan
ALNS-A,Example8,8,0,119.0,14.0,nan
ALNS-A,Example8,8,0,120.0,14.0,nan
ALNS-A,Example8,8,0,121.0,14.0,nan
ALNS-A,Example8,8,0,122.0,14.0,nan
ALNS-A,Example8,8,0,123.0,13.0,nan
ALNS-A,Example8,8,0,124.0,13.0,nan
ALNS-A,Example8,8,0,125.0,13.0,nan
ALNS-A,Example8,8,0,126.0,13.0,nan
ALNS-A,Example8,8,0,127.0,13.0,nan
ALNS-A,Example8,8,0,128.0,13.0,nan
ALNS-A,Example8,8,0,129.0,13.0,nan
ALNS-A,Example8,8,0,130.0,13.0,nan
ALNS-A,Example8,8,0,131.0,13.0,nan
ALNS-A,Example8,8,0,132.0,13.0,nan
ALNS-A,Example8,8,0,133.0,13.0,nan
ALNS-A,Example8,8,0,134.0,13.0,nan
ALNS-A,Example8,8,0,135.0,13.0,nan
ALNS-A,Example8,8,0,136.0,13.0,nan
ALNS-A,Example8,8,0,137.0,13.0,nan
ALNS-A,Example8,8,0,138.0,13.0,nan
ALNS-A,Example8,8,0,139.0,13.0,nan
ALNS-A,Example8,8,0,140.0,10.0,nan
ALNS-A,Example8,8,0,141.0,10.0,nan
ALNS-A,Example8,8,0,142.0,10.0,nan
ALNS-A,Example8,8,0,143.0,10.0,nan
ALNS-A,Example8,8,0,144.0,10.0,nan
ALNS-A,Example8,8,0,145.0,10.0,nan
ALNS-A,Example8,8,0,146.0,10.0,nan
ALNS-A,Example8,8,0,147.0,10.0,nan
ALNS-A,Example8,8,0,148.0,10.0,nan
ALNS-A,Example8,8,0,149.0,10.0,nan
ALNS-A,Example8,8,0,150.0,10.0,nan
ALNS-A,Example8,8,0,151.0,10.0,nan
ALNS-A,Example8,8,0,152.0,10.0,nan
ALNS-A,Example8,8,0,153.0,10.0,nan
ALNS-A,Example8,8,0,154.0,10.0,nan
ALNS-A,Example8,8,0,155.0,10.0,nan
ALNS-A,Example8,8,0,156.0,10.0,nan
ALNS-A,Example8,8,0,157.0,10.0,nan
ALNS-A,Example8,8,0,158.0,10.0,nan
ALNS-A,Example8,8,0,159.0,10.0,nan
ALNS-A,Example8,8,0,160.0,10.0,nan
ALNS-A,Example8,8,0,161.0,10.0,nan
ALNS-A,Example8,8,0,162.0,10.0,nan
ALNS-A,Example8,8,0,163.0,10.0,nan
ALNS-A,Example8,8,0,164.0,10.0,nan
ALNS-A,Example8,8,0,165.0,10.0,nan
ALNS-A,Example8,8,0,166.0,10.0,nan
ALNS-A,Example8,8,0,167.0,10.0,nan
ALNS-A,Example8,8,0,168.0,10.0,nan
ALNS-A,Example8,8,0,169.0,10.0,nan
ALNS-A,Example8,8,0,170.0,10.0,nan
ALNS-A,Example8,8,0,171.0,10.0,nan
ALNS-A,Example8,8,0,172.0,10.0,nan
ALNS-A,Example8,8,0,173.0,10.0,nan
ALNS-A,Example8,8,0,174.0,10.0,nan
ALNS-A,Example8,8,0,175.0,10.0,nan
ALNS-A,Example8,8,0,176.0,10.0,nan
ALNS-A,Example8,8,0,177.0,10.0,nan
ALNS-A,Example8,8,0,178.0,10.0,nan
ALNS-A,Example8,8,0,179.0,10.0,nan
ALNS-A,Example8,8,0,180.0,10.0,nan
ALNS-A,Example8,8,0,181.0,10.0,nan
ALNS-A,Example8,8,0,182.0,9.0,nan
ALNS-A,Example8,8,0,183.0,9.0,nan
ALNS-A,Example8,8,0,184.0,9.0,nan
ALNS-A,Example8,8,0,185.0,9.0,nan
ALNS-A,Example8,8,0,186.0,9.0,nan
ALNS-A,Example8,8,0,187.0,9.0,nan
ALNS-A,Example8,8,0,188.0,9.0,nan
ALNS-A,Example8,8,0,189.0,9.0,nan
ALNS-A,Example8,8,0,190.0,9.0,nan
ALNS-A,Example8,8,0,191.0,9.0,nan
ALNS-A,Example8,8,0,192.0,9.0,nan
ALNS-A,Example8,8,0,193.0,9.0,nan
ALNS-A,Example8,8,0,194.0,9.0,nan
ALNS-A,Example8,8,0,195.0,9.0,nan
ALNS-A,Example8,8,0,196.0,9.0,nan
ALNS-A,Example8,8,0,197.0,9.0,nan
ALNS-A,Example8,8,0,198.0,9.0,nan
ALNS-A,Example8,8,0,199.0,9.0,nan
ALNS-A,Example8,8,0,200.0,9.0,nan
ALNS-A,Example8,8,0,201.0,9.0,nan
ALNS-A,Example8,8,0,202.0,9.0,nan
ALNS-A,Example8,8,0,203.0,9.0,nan
ALNS-A,Example8,8,0,204.0,9.0,nan
ALNS-A,Example8,8,0,205.0,9.0,nan
ALNS-A,Example8,8,0,206.0,9.0,nan
ALNS-A,Example8,8,0,207.0,9.0,nan
ALNS-A,Example8,8,0,208.0,9.0,nan
ALNS-A,Example8,8,0,209.0,9.0,nan
ALNS-A,Example8,8,0,210.0,9.0,nan
ALNS-A,Example8,8,0,211.0,9.0,nan
ALNS-A,Example8,8,0,212.0,9.0,nan
ALNS-A,Example8,8,0,213.0,9.0,nan
ALNS-A,Example8,8,0,214.0,9.0,nan
ALNS-A,Example8,8,0,215.0,9.0,nan
ALNS-A,Example8,8,0,216.0,9.0,nan
ALNS-A,Example8,8,0,217.0,9.0,nan
ALNS-A,Example8,8,0,218.0,9.0,nan
ALNS-A,Example8,8,0,219.0,9.0,nan
ALNS-A,Example8,8,0,220.0,9.0,nan
ALNS-A,Example8,8,0,221.0,9.0,nan
ALNS-A,Example8,8,0,222.0,9.0,nan
ALNS-A,Example8,8,0,223.0,9.0,nan
ALNS-A,Example8,8,0,224.0,9.0,nan
ALNS-A,Example8,8,0,225.0,9.0,nan
ALNS-A,Example8,8,0,226.0,9.0,nan
ALNS-A,Example8,8,0,227.0,9.0,nan
ALNS-A,Example8,8,0,228.0,9.0,nan
ALNS-A,Example8,8,0,229.0,9.0,nan
ALNS-A,Example8,8,0,230.0,9.0,nan
ALNS-A,Example8,8,0,231.0,9.0,nan
ALNS-A,Example8,8,0,232.0,9.0,nan
ALNS-A,Example8,8,0,233.0,9.0,nan
ALNS-A,Example8,8,0,234.0,9.0,nan
ALNS-A,Example8,8,0,235.0,9.0,nan
ALNS-A,Example8,8,0,236.0,9.0,nan
ALNS-A,Example8,8,0,237.0,9.0,nan
ALNS-A,Example8,8,0,238.0,9.0,nan
ALNS-A,Example8,8,0,239.0,9.0,nan
ALNS-A,Example8,8,0,240.0,9.0,nan
ALNS-A,Example8,8,0,241.0,9.0,nan
ALNS-A,Example8,8,0,242.0,9.0,nan
ALNS-A,Example8,8,0,243.0,9.0,nan
ALNS-A,Example8,8,0,244.0,9.0,nan
ALNS-A,Example8,8,0,245.0,9.0,nan
ALNS-A,Example8,8,0,246.0,9.0,nan
ALNS-A,Example8,8,0,247.0,9.0,nan
ALNS-A,Example8,8,0,248.0,9.0,nan
ALNS-A,Example8,8,0,249.0,9.0,nan
ALNS-A,Example8,8,0,250.0,9.0,nan
ALNS-A,Example8,8,0,251.0,9.0,nan
ALNS-A,Example8,8,0,252.0,9.0,nan
ALNS-A,Example8,8,0,253.0,9.0,nan
ALNS-A,Example8,8,0,254.0,9.0,nan
ALNS-A,Example8,8,0,255.0,9.0,nan
ALNS-A,Example8,8,0,256.0,9.0,nan
ALNS-A,Example8,8,0,257.0,9.0,nan
ALNS-A,Example8,8,0,258.0,9.0,nan
ALNS-A,Example8,8,0,259.0,9.0,nan
ALNS-A,Example8,8,0,260.0,9.0,nan
ALNS-A,Example8,8,0,261.0,9.0,nan
ALNS-A,Example8,8,0,262.0,9.0,nan
ALNS-A,Example8,8,0,263.0,9.0,nan
ALNS-A,Example8,8,0,264.0,9.0,nan
ALNS-A,Example8,8,0,265.0,9.0,nan
ALNS-A,Example8,8,0,266.0,9.0,nan
ALNS-A,Example8,8,0,267.0,9.0,nan
ALNS-A,Example8,8,0,268.0,9.0,nan
ALNS-A,Example8,8,0,269.0,9.0,nan
ALNS-A,Example8,8,0,270.0,9.0,nan
ALNS-A,Example8,8,0,271.0,9.0,nan
ALNS-A,Example8,8,0,272.0,9.0,nan
ALNS-A,Example8,8,0,273.0,9.0,nan
ALNS-A,Example8,8,1,0.0,65.0,nan
ALNS-A,Example8,8,1,1.0,65.0,nan
ALNS-A,Example8,8,1,2.0,65.0,nan
ALNS-A,Example8,8,1,3.0,65.0,nan
ALNS-A,Example8,8,1,4.0,65.0,nan
ALNS-A,Example8,8,1,5.0,57.0,nan
ALNS-A,Example8,8,1,6.0,57.0,nan
ALNS-A,Example8,8,1,7.0,57.0,nan
ALNS-A,Example8,8,1,8.0,57.0,nan
ALNS-A,Example8,8,1,9.0,51.0,nan
ALNS-A,Example8,8,1,10.0,38.0,nan
ALNS-A,Example8,8,1,11.0,20.0,nan
ALNS-A,Example8,8,1,12.0,20.0,nan
ALNS-A,Example8,8,1,13.0,19.0,nan
ALNS-A,Example8,8,1,14.0,19.0,nan
ALNS-A,Example8,8,1,15.0,19.0,nan
ALNS-A,Example8,8,1,16.0,19.0,nan
ALNS-A,Example8,8,1,17.0,19.0,nan
ALNS-A,Example8,8,1,18.0,19.0,nan
ALNS-A,Example8,8,1,19.0,17.0,nan
ALNS-A,Example8,8,1,20.0,17.0,nan
ALNS-A,Example8,8,1,21.0,17.0,nan
ALNS-A,Example8,8,1,22.0,17.0,nan
ALNS-A,Example8,8,1,23.0,17.0,nan
ALNS-A,Example8,8,1,24.0,17.0,nan
ALNS-A,Example8,8,1,25.0,17.0,nan
ALNS-A,Example8,8,1,26.0,17.0,nan
ALNS-A,Example8,8,1,27.0,17.0,nan
ALNS-A,Example8,8,1,28.0,17.0,nan
ALNS-A,Example8,8,1,29.0,17.0,nan
ALNS-A,Example8,8,1,30.0,17.0,nan
ALNS-A,Example8,8,1,31.0,11.0,nan
ALNS-A,Example8,8,1,32.0,11.0,nan
ALNS-A,Example8,8,1,33.0,11.0,nan
ALNS-A,Example8,8,1,34.0,11.0,nan
ALNS-A,Example8,8,1,35.0,11.0,nan
ALNS-A,Example8,8,1,36.0,11.0,nan
ALNS-A,Example8,8,1,37.0,11.0,nan
ALNS-A,Example8,8,1,38.0,11.0,nan
ALNS-A,Example8,8,1,39.0,11.0,nan
ALNS-A,Example8,8,1,40.0,11.0,nan
ALNS-A,Example8,8,1,41.0,11.0,nan
ALNS-A,Example8,8,1,42.0,11.0,nan
ALNS-A,Example8,8,1,43.0,11.0,nan
ALNS-A,Example8,8,1,44.0,11.0,nan
ALNS-A,Example8,8,1,45.0,11.0,nan
ALNS-A,Example8,8,1,46.0,11.0,nan
ALNS-A,Example8,8,1,47.0,11.0,nan
ALNS-A,Example8,8,1,48.0,11.0,nan
ALNS-A,Example8,8,1,49.0,11.0,nan
ALNS-A,Example8,8,1,50.0,11.0,nan
ALNS-A,Example8,8,1,51.0,11.0,nan
ALNS-A,Example8,8,1,52.0,11.0,nan
ALNS-A,Example8,8,1,53.0,11.0,nan
ALNS-A,Example8,8,1,54.0,11.0,nan
ALNS-A,Example8,8,1,55.0,11.0,nan
ALNS-A,Example8,8,1,56.0,11.0,nan
ALNS-A,Example8,8,1,57.0,11.0,nan
ALNS-A,Example8,8,1,58.0,11.0,nan
ALNS-A,Example8,8,1,59.0,11.0,nan
ALNS-A,Example8,8,1,60.0,11.0,nan
ALNS-A,Example8,8,1,61.0,11.0,nan
ALNS-A,Example8,8,1,62.0,11.0,nan
ALNS-A,Example8,8,1,63.0,11.0,nan
ALNS-A,Example8,8,1,64.0,11.0,nan
ALNS-A,Example8,8,1,65.0,11.0,nan
ALNS-A,Example8,8,1,66.0,11.0,nan
ALNS-A,Example8,8,1,67.0,11.0,nan
ALNS-A,Example8,8,1,68.0,11.0,nan
ALNS-A,Example8,8,1,69.0,11.0,nan
ALNS-A,Example8,8,1,70.0,11.0,nan
ALNS-A,Example8,8,1,71.0,11.0,nan
ALNS-A,Example8,8,1,72.0,11.0,nan
ALNS-A,Example8,8,1,73.0,11.0,nan
ALNS-A,Example8,8,1,74.0,11.0,nan
ALNS-A,Example8,8,1,75.0,11.0,nan
ALNS-A,Example8,8,1,76.0,11.0,nan
ALNS-A,Example8,8,1,77.0,11.0,nan
ALNS-A,Example8,8,1,78.0,11.0,nan
ALNS-A,Example8,8,1,79.0,11.0,nan
ALNS-A,Example8,8,1,80.0,11.0,nan
ALNS-A,Example8,8,1,81.0,11.0,nan
ALNS-A,Example8,8,1,82.0,11.0,nan
ALNS-A,Example8,8,1,83.0,11.0,nan
ALNS-A,Example8,8,1,84.0,11.0,nan
ALNS-A,Example8,8,1,85.0,11.0,nan
ALNS-A,Example8,8,1,86.0,11.0,nan
ALNS-A,Example8,8,1,87.0,11.0,nan
ALNS-A,Example8,8,1,88.0,11.0,nan
ALNS-A,Example8,8,1,89.0,11.0,nan
ALNS-A,Example8,8,1,90.0,11.0,nan
ALNS-A,Example8,8,1,91.0,11.0,nan
ALNS-A,Example8,8,1,92.0,11.0,nan
ALNS-A,Example8,8,1,93.0,11.0,nan
ALNS-A,Example8,8,1,94.0,11.0,nan
ALNS-A,Example8,8,1,95.0,11.0,nan
ALNS-A,Example8,8,1,96.0,11.0,nan
ALNS-A,Example8,8,1,97.0,11.0,nan
ALNS-A,Example8,8,1,98.0,11.0,nan
ALNS-A,Example8,8,1,99.0,11.0,nan
ALNS-A,Example8,8,1,100.0,11.0,nan
ALNS-A,Example8,8,1,101.0,11.0,nan
ALNS-A,Example8,8,1,102.0,11.0,nan
ALNS-A,Example8,8,1,103.0,11.0,nan
ALNS-A,Example8,8,1,104.0,11.0,nan
ALNS-A,Example8,8,1,105.0,10.0,nan
ALNS-A,Example8,8,1,106.0,10.0,nan
ALNS-A,Example8,8,1,107.0,10.0,nan
ALNS-A,Example8,8,1,108.0,10.0,nan
ALNS-A,Example8,8,1,109.0,10.0,nan
ALNS-A,Example8,8,1,110.0,10.0,nan
ALNS-A,Example8,8,1,111.0,10.0,nan
ALNS-A,Example8,8,1,112.0,9.0,nan
ALNS-A,Example8,8,1,113.0,9.0,nan
ALNS-A,Example8,8,1,114.0,9.0,nan
ALNS-A,Example8,8,1,115.0,9.0,nan
ALNS-A,Example8,8,1,116.0,9.0,nan
ALNS-A,Example8,8,1,117.0,9.0,nan
ALNS-A,Example8,8,1,118.0,9.0,nan
ALNS-A,Example8,8,1,119.0,9.0,nan
ALNS-A,Example8,8,1,120.0,9.0,nan
ALNS-A,Example8,8,1,121.0,9.0,nan
ALNS-A,Example8,8,1,122.0,9.0,nan
ALNS-A,Example8,8,1,123.0,9.0,nan
ALNS-A,Example8,8,1,124.0,9.0,nan
ALNS-A,Example8,8,1,125.0,9.0,nan
ALNS-A,Example8,8,1,126.0,9.0,nan
ALNS-A,Example8,8,1,127.0,9.0,nan
ALNS-A,Example8,8,1,128.0,9.0,nan
ALNS-A,Example8,8,1,129.0,9.0,nan
ALNS-A,Example8,8,1,130.0,9.0,nan
ALNS-A,Example8,8,1,131.0,9.0,nan
ALNS-A,Example8,8,1,132.0,9.0,nan
ALNS-A,Example8,8,1,133.0,9.0,nan
ALNS-A,Example8,8,1,134.0,9.0,nan
ALNS-A,Example8,8,1,135.0,9.0,nan
ALNS-A,Example8,8,1,136.0,9.0,nan
ALNS-A,Example8,8,1,137.0,9.0,nan
ALNS-A,Example8,8,1,138.0,9.0,nan
ALNS-A,Example8,8,1,139.0,9.0,nan
ALNS-A,Example8,8,1,140.0,9.0,nan
ALNS-A,Example8,8,1,141.0,9.0,nan
ALNS-A,Example8,8,1,142.0,9.0,nan
ALNS-A,Example8,8,1,143.0,9.0,nan
ALNS-A,Example8,8,1,144.0,9.0,nan
ALNS-A,Example8,8,1,145.0,9.0,nan
ALNS-A,Example8,8,1,146.0,9.0,nan
ALNS-A,Example8,8,1,147.0,9.0,nan
ALNS-A,Example8,8,1,148.0,9.0,nan
ALNS-A,Example8,8,1,149.0,9.0,nan
ALNS-A,Example8,8,1,150.0,8.0,nan
ALNS-A,Example8,8,1,151.0,8.0,nan
ALNS-A,Example8,8,1,152.0,8.0,nan
ALNS-A,Example8,8,1,153.0,8.0,nan
ALNS-A,Example8,8,1,154.0,8.0,nan
ALNS-A,Example8,8,1,155.0,8.0,nan
ALNS-A,Example8,8,1,156.0,8.0,nan
ALNS-A,Example8,8,1,157.0,8.0,nan
ALNS-A,Example8,8,1,158.0,8.0,nan
ALNS-A,Example8,8,1,159.0,8.0,nan
ALNS-A,Example8,8,1,160.0,8.0,nan
ALNS-A,Example8,8,1,161.0,8.0,nan
ALNS-A,Example8,8,1,162.0,8.0,nan
ALNS-A,Example8,8,1,163.0,8.0,nan
ALNS-A,Example8,8,1,164.0,8.0,nan
ALNS-A,Example8,8,1,165.0,8.0,nan
ALNS-A,Example8,8,1,166.0,8.0,nan
ALNS-A,Example8,8,1,167.0,8.0,nan
ALNS-A,Example8,8,1,168.0,8.0,nan
ALNS-A,Example8,8,1,169.0,8.0,nan
ALNS-A,Example8,8,1,170.0,8.0,nan
ALNS-A,Example8,8,1,171.0,8.0,nan
ALNS-A,Example8,8,1,172.0,8.0,nan
ALNS-A,Example8,8,1,173.0,8.0,nan
ALNS-A,Example8,8,1,174.0,8.0,nan
ALNS-A,Example8,8,1,175.0,8.0,nan
ALNS-A,Example8,8,1,176.0,8.0,nan
ALNS-A,Example8,8,1,177.0,8.0,nan
ALNS-A,Example8,8,1,178.0,8.0,nan
ALNS-A,Example8,8,1,179.0,8.0,nan
ALNS-A,Example8,8,1,180.0,8.0,nan
ALNS-A,Example8,8,1,181.0,8.0,nan
ALNS-A,Example8,8,1,182.0,8.0,nan
ALNS-A,Example8,8,1,183.0,8.0,nan
ALNS-A,Example8,8,1,184.0,8.0,nan
ALNS-A,Example8,8,1,185.0,8.0,nan
ALNS-A,Example8,8,1,186.0,8.0,nan
ALNS-A,Example8,8,1,187.0,8.0,nan
ALNS-A,Example8,8,1,188.0,8.0,nan
ALNS-A,Example8,8,1,189.0,8.0,nan
ALNS-A,Example8,8,1,190.0,8.0,nan
ALNS-A,Example8,8,1,191.0,8.0,nan
ALNS-A,Example8,8,1,192.0,8.0,nan
ALNS-A,Example8,8,1,193.0,8.0,nan
ALNS-A,Example8,8,1,194.0,8.0,nan
ALNS-A,Example8,8,1,195.0,8.0,nan
ALNS-A,Example8,8,1,196.0,8.0,nan
ALNS-A,Example8,8,1,197.0,8.0,nan
ALNS-A,Example8,8,1,198.0,8.0,nan
ALNS-A,Example8,8,1,199.0,8.0,nan
ALNS-A,Example8,8,1,200.0,8.0,nan
ALNS-A,Example8,8,1,201.0,8.0,nan
ALNS-A,Example8,8,1,202.0,8.0,nan
ALNS-A,Example8,8,1,203.0,8.0,nan
ALNS-A,Example8,8,1,204.0,8.0,nan
ALNS-A,Example8,8,1,205.0,8.0,nan
ALNS-A,Example8,8,1,206.0,8.0,nan
ALNS-A,Example8,8,1,207.0,8.0,nan
ALNS-A,Example8,8,1,208.0,8.0,nan
ALNS-A,Example8,8,1,209.0,8.0,nan
ALNS-A,Example8,8,1,210.0,8.0,nan
ALNS-A,Example8,8,1,211.0,8.0,nan
ALNS-A,Example8,8,1,212.0,8.0,nan
ALNS-A,Example8,8,1,213.0,8.0,nan
ALNS-A,Example8,8,1,214.0,8.0,nan
ALNS-A,Example8,8,1,215.0,8.0,nan
ALNS-A,Example8,8,1,216.0,8.0,nan
ALNS-A,Example8,8,1,217.0,8.0,nan
ALNS-A,Example8,8,1,218.0,8.0,nan
ALNS-A,Example8,8,1,219.0,8.0,nan
ALNS-A,Example8,8,1,220.0,8.0,nan
ALNS-A,Example8,8,1,221.0,8.0,nan
ALNS-A,Example8,8,1,222.0,8.0,nan
ALNS-A,Example8,8,1,223.0,8.0,nan
ALNS-A,Example8,8,1,224.0,8.0,nan
ALNS-A,Example8,8,1,225.0,8.0,nan
ALNS-A,Example8,8,1,226.0,8.0,nan
ALNS-A,Example8,8,1,227.0,8.0,nan
ALNS-A,Example8,8,1,228.0,8.0,nan
ALNS-A,Example8,8,1,229.0,8.0,nan
ALNS-A,Example8,8,1,230.0,8.0,nan
ALNS-A,Example8,8,1,231.0,8.0,nan
ALNS-A,Example8,8,1,232.0,8.0,nan
ALNS-A,Example8,8,1,233.0,8.0,nan
ALNS-A,Example8,8,1,234.0,8.0,nan
ALNS-A,Example8,8,1,235.0,8.0,nan
ALNS-A,Example8,8,1,236.0,8.0,nan
ALNS-A,Example8,8,1,237.0,8.0,nan
ALNS-A,Example8,8,1,238.0,8.0,nan
ALNS-A,Example8,8,1,239.0,8.0,nan
ALNS-A,Example8,8,1,240.0,8.0,nan
ALNS-A,Example8,8,1,241.0,8.0,nan
ALNS-A,Example8,8,1,242.0,8.0,nan
ALNS-A,Example8,8,1,243.0,8.0,nan
ALNS-A,Example8,8,1,244.0,8.0,nan
ALNS-A,Example8,8,1,245.0,8.0,nan
ALNS-A,Example8,8,1,246.0,8.0,nan
ALNS-A,Example8,8,1,247.0,8.0,nan
ALNS-A,Example8,8,1,248.0,8.0,nan
ALNS-A,Example8,8,1,249.0,8.0,nan
ALNS-A,Example8,8,1,250.0,8.0,nan
ALNS-A,Example8,8,1,251.0,8.0,nan
ALNS-A,Example8,8,1,252.0,8.0,nan
ALNS-A,Example8,8,1,253.0,8.0,nan
ALNS-A,Example8,8,1,254.0,8.0,nan
ALNS-A,Example8,8,1,255.0,8.0,nan
ALNS-A,Example8,8,1,256.0,8.0,nan
ALNS-A,Example8,8,1,257.0,8.0,nan
ALNS-A,Example8,8,1,258.0,8.0,nan
ALNS-A,Example8,8,1,259.0,8.0,nan
ALNS-A,Example8,8,1,260.0,8.0,nan
ALNS-A,Example8,8,1,261.0,8.0,nan
ALNS-A,Example8,8,1,262.0,8.0,nan
ALNS-A,Example8,8,1,263.0,8.0,nan
ALNS-A,Example8,8,1,264.0,8.0,nan
ALNS-A,Example8,8,1,265.0,8.0,nan
ALNS-A,Example8,8,1,266.0,8.0,nan
ALNS-A,Example8,8,1,267.0,8.0,nan
ALNS-A,Example8,8,1,268.0,8.0,nan
ALNS-A,Example8,8,1,269.0,8.0,nan
ALNS-A,Example8,8,1,270.0,8.0,nan
ALNS-A,Example8,8,1,271.0,8.0,nan
ALNS-A,Example8,8,1,272.0,8.0,nan
ALNS-A,Example8,8,1,273.0,8.0,nan
ALNS-A,Example8,8,2,0.0,66.0,nan
ALNS-A,Example8,8,2,1.0,66.0,nan
ALNS-A,Example8,8,2,2.0,65.0,nan
ALNS-A,Example8,8,2,3.0,65.0,nan
ALNS-A,Example8,8,2,4.0,65.0,nan
ALNS-A,Example8,8,2,5.0,65.0,nan
ALNS-A,Example8,8,2,6.0,20.0,nan
ALNS-A,Example8,8,2,7.0,20.0,nan
ALNS-A,Example8,8,2,8.0,20.0,nan
ALNS-A,Example8,8,2,9.0,20.0,nan
ALNS-A,Example8,8,2,10.0,20.0,nan
ALNS-A,Example8,8,2,11.0,20.0,nan
ALNS-A,Example8,8,2,12.0,20.0,nan
ALNS-A,Example8,8,2,13.0,20.0,nan
ALNS-A,Example8,8,2,14.0,20.0,nan
ALNS-A,Example8,8,2,15.0,20.0,nan
ALNS-A,Example8,8,2,16.0,20.0,nan
ALNS-A,Example8,8,2,17.0,20.0,nan
ALNS-A,Example8,8,2,18.0,20.0,nan
ALNS-A,Example8,8,2,19.0,20.0,nan
ALNS-A,Example8,8,2,20.0,20.0,nan
ALNS-A,Example8,8,2,21.0,20.0,nan
ALNS-A,Example8,8,2,22.0,14.0,nan
ALNS-A,Example8,8,2,23.0,14.0,nan
ALNS-A,Example8,8,2,24.0,14.0,nan
ALNS-A,Example8,8,2,25.0,14.0,nan
ALNS-A,Example8,8,2,26.0,14.0,nan
ALNS-A,Example8,8,2,27.0,14.0,nan
ALNS-A,Example8,8,2,28.0,14.0,nan
ALNS-A,Example8,8,2,29.0,14.0,nan
ALNS-A,Example8,8,2,30.0,14.0,nan
ALNS-A,Example8,8,2,31.0,14.0,nan
ALNS-A,Example8,8,2,32.0,13.0,nan
ALNS-A,Example8,8,2,33.0,13.0,nan
ALNS-A,Example8,8,2,34.0,13.0,nan
ALNS-A,Example8,8,2,35.0,10.0,nan
ALNS-A,Example8,8,2,36.0,10.0,nan
ALNS-A,Example8,8,2,37.0,10.0,nan
ALNS-A,Example8,8,2,38.0,10.0,nan
ALNS-A,Example8,8,2,39.0,10.0,nan
ALNS-A,Example8,8,2,40.0,10.0,nan
ALNS-A,Example8,8,2,41.0,10.0,nan
ALNS-A,Example8,8,2,42.0,10.0,nan
ALNS-A,Example8,8,2,43.0,10.0,nan
ALNS-A,Example8,8,2,44.0,10.0,nan
ALNS-A,Example8,8,2,45.0,10.0,nan
ALNS-A,Example8,8,2,46.0,10.0,nan
ALNS-A,Example8,8,2,47.0,10.0,nan
ALNS-A,Example8,8,2,48.0,10.0,nan
ALNS-A,Example8,8,2,49.0,10.0,nan
ALNS-A,Example8,8,2,50.0,10.0,nan
ALNS-A,Example8,8,2,51.0,10.0,nan
ALNS-A,Example8,8,2,52.0,10.0,nan
ALNS-A,Example8,8,2,53.0,10.0,nan
ALNS-A,Example8,8,2,54.0,10.0,nan
ALNS-A,Example8,8,2,55.0,10.0,nan
ALNS-A,Example8,8,2,56.0,10.0,nan
ALNS-A,Example8,8,2,57.0,10.0,nan
ALNS-A,Example8,8,2,58.0,10.0,nan
ALNS-A,Example8,8,2,59.0,10.0,nan
ALNS-A,Example8,8,2,60.0,10.0,nan
ALNS-A,Example8,8,2,61.0,10.0,nan
ALNS-A,Example8,8,2,62.0,10.0,nan
ALNS-A,Example8,8,2,63.0,10.0,nan
ALNS-A,Example8,8,2,64.0,10.0,nan
ALNS-A,Example8,8,2,65.0,10.0,nan
ALNS-A,Example8,8,2,66.0,10.0,nan
ALNS-A,Example8,8,2,67.0,10.0,nan
ALNS-A,Example8,8,2,68.0,10.0,nan
ALNS-A,Example8,8,2,69.0,10.0,nan
ALNS-A,Example8,8,2,70.0,10.0,nan
ALNS-A,Example8,8,2,71.0,10.0,nan
ALNS-A,Example8,8,2,72.0,10.0,nan
ALNS-A,Example8,8,2,73.0,10.0,nan
ALNS-A,Example8,8,2,74.0,10.0,nan
ALNS-A,Example8,8,2,75.0,10.0,nan
ALNS-A,Example8,8,2,76.0,10.0,nan
ALNS-A,Example8,8,2,77.0,10.0,nan
ALNS-A,Example8,8,2,78.0,10.0,nan
ALNS-A,Example8,8,2,79.0,10.0,nan
ALNS-A,Example8,8,2,80.0,10.0,nan
ALNS-A,Example8,8,2,81.0,10.0,nan
ALNS-A,Example8,8,2,82.0,10.0,nan
ALNS-A,Example8,8,2,83.0,10.0,nan
ALNS-A,Example8,8,2,84.0,10.0,nan
ALNS-A,Example8,8,2,85.0,10.0,nan
ALNS-A,Example8,8,2,86.0,10.0,nan
ALNS-A,Example8,8,2,87.0,10.0,nan
ALNS-A,Example8,8,2,88.0,10.0,nan
ALNS-A,Example8,8,2,89.0,10.0,nan
ALNS-A,Example8,8,2,90.0,10.0,nan
ALNS-A,Example8,8,2,91.0,10.0,nan
ALNS-A,Example8,8,2,92.0,10.0,nan
ALNS-A,Example8,8,2,93.0,10.0,nan
ALNS-A,Example8,8,2,94.0,10.0,nan
ALNS-A,Example8,8,2,95.0,10.0,nan
ALNS-A,Example8,8,2,96.0,10.0,nan
ALNS-A,Example8,8,2,97.0,10.0,nan
ALNS-A,Example8,8,2,98.0,10.0,nan
ALNS-A,Example8,8,2,99.0,10.0,nan
ALNS-A,Example8,8,2,100.0,10.0,nan
ALNS-A,Example8,8,2,101.0,10.0,nan
ALNS-A,Example8,8,2,102.0,10.0,nan
ALNS-A,Example8,8,2,103.0,10.0,nan
ALNS-A,Example8,8,2,104.0,10.0,nan
ALNS-A,Example8,8,2,105.0,10.0,nan
ALNS-A,Example8,8,2,106.0,10.0,nan
ALNS-A,Example8,8,2,107.0,10.0,nan
ALNS-A,Example8,8,2,108.0,10.0,nan
ALNS-A,Example8,8,2,109.0,10.0,nan
ALNS-A,Example8,8,2,110.0,10.0,nan
ALNS-A,Example8,8,2,111.0,10.0,nan
ALNS-A,Example8,8,2,112.0,10.0,nan
ALNS-A,Example8,8,2,113.0,10.0,nan
ALNS-A,Example8,8,2,114.0,10.0,nan
ALNS-A,Example8,8,2,115.0,10.0,nan
ALNS-A,Example8,8,2,116.0,10.0,nan
ALNS-A,Example8,8,2,117.0,10.0,nan
ALNS-A,Example8,8,2,118.0,9.0,nan
ALNS-A,Example8,8,2,119.0,9.0,nan
ALNS-A,Example8,8,2,120.0,9.0,nan
ALNS-A,Example8,8,2,121.0,9.0,nan
ALNS-A,Example8,8,2,122.0,9.0,nan
ALNS-A,Example8,8,2,123.0,9.0,nan
ALNS-A,Example8,8,2,124.0,9.0,nan
ALNS-A,Example8,8,2,125.0,9.0,nan
ALNS-A,Example8,8,2,126.0,9.0,nan
ALNS-A,Example8,8,2,127.0,9.0,nan
ALNS-A,Example8,8,2,128.0,9.0,nan
ALNS-A,Example8,8,2,129.0,9.0,nan
ALNS-A,Example8,8,2,130.0,9.0,nan
ALNS-A,Example8,8,2,131.0,9.0,nan
ALNS-A,Example8,8,2,132.0,9.0,nan
ALNS-A,Example8,8,2,133.0,9.0,nan
ALNS-A,Example8,8,2,134.0,9.0,nan
ALNS-A,Example8,8,2,135.0,9.0,nan
ALNS-A,Example8,8,2,136.0,9.0,nan
ALNS-A,Example8,8,2,137.0,9.0,nan
ALNS-A,Example8,8,2,138.0,9.0,nan
ALNS-A,Example8,8,2,139.0,9.0,nan
ALNS-A,Example8,8,2,140.0,6.0,nan
ALNS-A,Example8,8,2,141.0,6.0,nan
ALNS-A,Example8,8,2,142.0,6.0,nan
ALNS-A,Example8,8,2,143.0,6.0,nan
ALNS-A,Example8,8,2,144.0,6.0,nan
ALNS-A,Example8,8,2,145.0,6.0,nan
ALNS-A,Example8,8,2,146.0,6.0,nan
ALNS-A,Example8,8,2,147.0,6.0,nan
ALNS-A,Example8,8,2,148.0,5.0,nan
ALNS-A,Example8,8,2,149.0,5.0,nan
ALNS-A,Example8,8,2,150.0,5.0,nan
ALNS-A,Example8,8,2,151.0,5.0,nan
ALNS-A,Example8,8,2,152.0,5.0,nan
ALNS-A,Example8,8,2,153.0,5.0,nan
ALNS-A,Example8,8,2,154.0,5.0,nan
ALNS-A,Example8,8,2,155.0,5.0,nan
ALNS-A,Example8,8,2,156.0,5.0,nan
ALNS-A,Example8,8,2,157.0,5.0,nan
ALNS-A,Example8,8,2,158.0,5.0,nan
ALNS-A,Example8,8,2,159.0,5.0,nan
ALNS-A,Example8,8,2,160.0,5.0,nan
ALNS-A,Example8,8,2,161.0,5.0,nan
ALNS-A,Example8,8,2,162.0,5.0,nan
ALNS-A,Example8,8,2,163.0,5.0,nan
ALNS-A,Example8,8,2,164.0,5.0,nan
ALNS-A,Example8,8,2,165.0,5.0,nan
ALNS-A,Example8,8,2,166.0,5.0,nan
ALNS-A,Example8,8,2,167.0,5.0,nan
ALNS-A,Example8,8,2,168.0,5.0,nan
ALNS-A,Example8,8,2,169.0,5.0,nan
ALNS-A,Example8,8,2,170.0,5.0,nan
ALNS-A,Example8,8,2,171.0,5.0,nan
ALNS-A,Example8,8,2,172.0,5.0,nan
ALNS-A,Example8,8,2,173.0,5.0,nan
ALNS-A,Example8,8,2,174.0,5.0,nan
ALNS-A,Example8,8,2,175.0,5.0,nan
ALNS-A,Example8,8,2,176.0,5.0,nan
ALNS-A,Example8,8,2,177.0,5.0,nan
ALNS-A,Example8,8,2,178.0,5.0,nan
ALNS-A,Example8,8,2,179.0,5.0,nan
ALNS-A,Example8,8,2,180.0,5.0,nan
ALNS-A,Example8,8,2,181.0,5.0,nan
ALNS-A,Example8,8,2,182.0,5.0,nan
ALNS-A,Example8,8,2,183.0,5.0,nan
ALNS-A,Example8,8,2,184.0,5.0,nan
ALNS-A,Example8,8,2,185.0,5.0,nan
ALNS-A,Example8,8,2,186.0,5.0,nan
ALNS-A,Example8,8,2,187.0,5.0,nan
ALNS-A,Example8,8,2,188.0,5.0,nan
ALNS-A,Example8,8,2,189.0,5.0,nan
ALNS-A,Example8,8,2,190.0,5.0,nan
ALNS-A,Example8,8,2,191.0,5.0,nan
ALNS-A,Example8,8,2,192.0,5.0,nan
ALNS-A,Example8,8,2,193.0,5.0,nan
ALNS-A,Example8,8,2,194.0,5.0,nan
ALNS-A,Example8,8,2,195.0,5.0,nan
ALNS-A,Example8,8,2,196.0,5.0,nan
ALNS-A,Example8,8,2,197.0,5.0,nan
ALNS-A,Example8,8,2,198.0,5.0,nan
ALNS-A,Example8,8,2,199.0,5.0,nan
ALNS-A,Example8,8,2,200.0,5.0,nan
ALNS-A,Example8,8,2,201.0,5.0,nan
ALNS-A,Example8,8,2,202.0,5.0,nan
ALNS-A,Example8,8,2,203.0,5.0,nan
ALNS-A,Example8,8,2,204.0,5.0,nan
ALNS-A,Example8,8,2,205.0,5.0,nan
ALNS-A,Example8,8,2,206.0,5.0,nan
ALNS-A,Example8,8,2,207.0,5.0,nan
ALNS-A,Example8,8,2,208.0,5.0,nan
ALNS-A,Example8,8,2,209.0,5.0,nan
ALNS-A,Example8,8,2,210.0,5.0,nan
ALNS-A,Example8,8,2,211.0,5.0,nan
ALNS-A,Example8,8,2,212.0,5.0,nan
ALNS-A,Example8,8,2,213.0,5.0,nan
ALNS-A,Example8,8,2,214.0,5.0,nan
ALNS-A,Example8,8,2,215.0,5.0,nan
ALNS-A,Example8,8,2,216.0,5.0,nan
ALNS-A,Example8,8,2,217.0,5.0,nan
ALNS-A,Example8,8,2,218.0,5.0,nan
ALNS-A,Example8,8,2,219.0,5.0,nan
ALNS-A,Example8,8,2,220.0,5.0,nan
ALNS-A,Example8,8,2,221.0,5.0,nan
ALNS-A,Example8,8,2,222.0,5.0,nan
ALNS-A,Example8,8,2,223.0,5.0,nan
ALNS-A,Example8,8,2,224.0,5.0,nan
ALNS-A,Example8,8,2,225.0,5.0,nan
ALNS-A,Example8,8,2,226.0,5.0,nan
ALNS-A,Example8,8,2,227.0,5.0,nan
ALNS-A,Example8,8,2,228.0,5.0,nan
ALNS-A,Example8,8,2,229.0,5.0,nan
ALNS-A,Example8,8,2,230.0,5.0,nan
ALNS-A,Example8,8,2,231.0,5.0,nan
ALNS-A,Example8,8,2,232.0,5.0,nan
ALNS-A,Example8,8,2,233.0,5.0,nan
ALNS-A,Example8,8,2,234.0,5.0,nan
ALNS-A,Example8,8,2,235.0,5.0,nan
ALNS-A,Example8,8,2,236.0,5.0,nan
ALNS-A,Example8,8,2,237.0,5.0,nan
ALNS-A,Example8,8,2,238.0,5.0,nan
ALNS-A,Example8,8,2,239.0,5.0,nan
ALNS-A,Example8,8,2,240.0,5.0,nan
ALNS-A,Example8,8,2,241.0,5.0,nan
ALNS-A,Example8,8,2,242.0,5.0,nan
ALNS-A,Example8,8,2,243.0,5.0,nan
ALNS-A,Example8,8,2,244.0,5.0,nan
ALNS-A,Example8,8,2,245.0,5.0,nan
ALNS-A,Example8,8,2,246.0,5.0,nan
ALNS-A,Example8,8,2,247.0,5.0,nan
ALNS-A,Example8,8,2,248.0,5.0,nan
ALNS-A,Example8,8,2,249.0,5.0,nan
ALNS-A,Example8,8,2,250.0,5.0,nan
ALNS-A,Example8,8,2,251.0,5.0,nan
ALNS-A,Example8,8,2,252.0,5.0,nan
ALNS-A,Example8,8,2,253.0,5.0,nan
ALNS-A,Example8,8,2,254.0,5.0,nan
ALNS-A,Example8,8,2,255.0,5.0,nan
ALNS-A,Example8,8,2,256.0,5.0,nan
ALNS-A,Example8,8,2,257.0,5.0,nan
ALNS-A,Example8,8,2,258.0,5.0,nan
ALNS-A,Example8,8,2,259.0,5.0,nan
ALNS-A,Example8,8,2,260.0,5.0,nan
ALNS-A,Example8,8,2,261.0,5.0,nan
ALNS-A,Example8,8,2,262.0,5.0,nan
ALNS-A,Example8,8,2,263.0,5.0,nan
ALNS-A,Example8,8,2,264.0,5.0,nan
ALNS-A,Example8,8,2,265.0,5.0,nan
ALNS-A,Example8,8,2,266.0,5.0,nan
ALNS-A,Example8,8,2,267.0,5.0,nan
ALNS-A,Example8,8,2,268.0,5.0,nan
ALNS-A,Example8,8,2,269.0,5.0,nan
ALNS-A,Example8,8,2,270.0,5.0,nan
ALNS-A,Example8,8,2,271.0,5.0,nan
ALNS-A,Example8,8,2,272.0,5.0,nan
ALNS-A,Example8,8,2,273.0,5.0,nan
ALNS-A,Example9,9,0,0.0,401.0,nan
ALNS-A,Example9,9,0,1.0,401.0,nan
ALNS-A,Example9,9,0,2.0,401.0,nan
ALNS-A,Example9,9,0,3.0,401.0,nan
ALNS-A,Example9,9,0,4.0,401.0,nan
ALNS-A,Example9,9,0,5.0,401.0,nan
ALNS-A,Example9,9,0,6.0,401.0,nan
ALNS-A,Example9,9,0,7.0,401.0,nan
ALNS-A,Example9,9,0,8.0,401.0,nan
ALNS-A,Example9,9,0,9.0,401.0,nan
ALNS-A,Example9,9,0,10.0,401.0,nan
ALNS-A,Example9,9,0,11.0,401.0,nan
ALNS-A,Example9,9,0,12.0,401.0,nan
ALNS-A,Example9,9,0,13.0,401.0,nan
ALNS-A,Example9,9,0,14.0,401.0,nan
ALNS-A,Example9,9,0,15.0,401.0,nan
ALNS-A,Example9,9,0,16.0,401.0,nan
ALNS-A,Example9,9,0,17.0,401.0,nan
ALNS-A,Example9,9,0,18.0,401.0,nan
ALNS-A,Example9,9,0,19.0,401.0,nan
ALNS-A,Example9,9,0,20.0,401.0,nan
ALNS-A,Example9,9,0,21.0,196.0,nan
ALNS-A,Example9,9,0,22.0,196.0,nan
ALNS-A,Example9,9,0,23.0,196.0,nan
ALNS-A,Example9,9,0,24.0,196.0,nan
ALNS-A,Example9,9,0,25.0,180.0,nan
ALNS-A,Example9,9,0,26.0,180.0,nan
ALNS-A,Example9,9,0,27.0,180.0,nan
ALNS-A,Example9,9,0,28.0,180.0,nan
ALNS-A,Example9,9,0,29.0,180.0,nan
ALNS-A,Example9,9,0,30.0,180.0,nan
ALNS-A,Example9,9,0,31.0,180.0,nan
ALNS-A,Example9,9,0,32.0,180.0,nan
ALNS-A,Example9,9,0,33.0,180.0,nan
ALNS-A,Example9,9,0,34.0,180.0,nan
ALNS-A,Example9,9,0,35.0,180.0,nan
ALNS-A,Example9,9,0,36.0,180.0,nan
ALNS-A,Example9,9,0,37.0,180.0,nan
ALNS-A,Example9,9,0,38.0,180.0,nan
ALNS-A,Example9,9,0,39.0,180.0,nan
ALNS-A,Example9,9,0,40.0,180.0,nan
ALNS-A,Example9,9,0,41.0,180.0,nan
ALNS-A,Example9,9,0,42.0,180.0,nan
ALNS-A,Example9,9,0,43.0,180.0,nan
ALNS-A,Example9,9,0,44.0,180.0,nan
ALNS-A,Example9,9,0,45.0,180.0,nan
ALNS-A,Example9,9,0,46.0,180.0,nan
ALNS-A,Example9,9,0,47.0,180.0,nan
ALNS-A,Example9,9,0,48.0,180.0,nan
ALNS-A,Example9,9,0,49.0,180.0,nan
ALNS-A,Example9,9,0,50.0,180.0,nan
ALNS-A,Example9,9,0,51.0,180.0,nan
ALNS-A,Example9,9,0,52.0,180.0,nan
ALNS-A,Example9,9,0,53.0,180.0,nan
ALNS-A,Example9,9,0,54.0,180.0,nan
ALNS-A,Example9,9,0,55.0,180.0,nan
ALNS-A,Example9,9,0,56.0,180.0,nan
ALNS-A,Example9,9,0,57.0,180.0,nan
ALNS-A,Example9,9,0,58.0,180.0,nan
ALNS-A,Example9,9,0,59.0,180.0,nan
ALNS-A,Example9,9,0,60.0,180.0,nan
ALNS-A,Example9,9,0,61.0,180.0,nan
ALNS-A,Example9,9,0,62.0,180.0,nan
ALNS-A,Example9,9,0,63.0,180.0,nan
ALNS-A,Example9,9,0,64.0,180.0,nan
ALNS-A,Example9,9,0,65.0,180.0,nan
ALNS-A,Example9,9,0,66.0,180.0,nan
ALNS-A,Example9,9,0,67.0,180.0,nan
ALNS-A,Example9,9,0,68.0,180.0,nan
ALNS-A,Example9,9,0,69.0,180.0,nan
ALNS-A,Example9,9,0,70.0,180.0,nan
ALNS-A,Example9,9,0,71.0,180.0,nan
ALNS-A,Example9,9,0,72.0,180.0,nan
ALNS-A,Example9,9,0,73.0,180.0,nan
ALNS-A,Example9,9,0,74.0,180.0,nan
ALNS-A,Example9,9,0,75.0,180.0,nan
ALNS-A,Example9,9,0,76.0,180.0,nan
ALNS-A,Example9,9,0,77.0,180.0,nan
ALNS-A,Example9,9,0,78.0,180.0,nan
ALNS-A,Example9,9,0,79.0,180.0,nan
ALNS-A,Example9,9,0,80.0,180.0,nan
ALNS-A,Example9,9,0,81.0,180.0,nan
ALNS-A,Example9,9,0,82.0,180.0,nan
ALNS-A,Example9,9,0,83.0,180.0,nan
ALNS-A,Example9,9,0,84.0,180.0,nan
ALNS-A,Example9,9,0,85.0,180.0,nan
ALNS-A,Example9,9,0,86.0,180.0,nan
ALNS-A,Example9,9,0,87.0,158.0,nan
ALNS-A,Example9,9,0,88.0,158.0,nan
ALNS-A,Example9,9,0,89.0,158.0,nan
ALNS-A,Example9,9,0,90.0,158.0,nan
ALNS-A,Example9,9,0,91.0,158.0,nan
ALNS-A,Example9,9,0,92.0,158.0,nan
ALNS-A,Example9,9,0,93.0,158.0,nan
ALNS-A,Example9,9,0,94.0,158.0,nan
ALNS-A,Example9,9,0,95.0,158.0,nan
ALNS-A,Example9,9,0,96.0,158.0,nan
ALNS-A,Example9,9,0,97.0,158.0,nan
ALNS-A,Example9,9,0,98.0,158.0,nan
ALNS-A,Example9,9,0,99.0,158.0,nan
ALNS-A,Example9,9,0,100.0,158.0,nan
ALNS-A,Example9,9,0,101.0,158.0,nan
ALNS-A,Example9,9,0,102.0,158.0,nan
ALNS-A,Example9,9,0,103.0,158.0,nan
ALNS-A,Example9,9,0,104.0,158.0,nan
ALNS-A,Example9,9,0,105.0,158.0,nan
ALNS-A,Example9,9,0,106.0,158.0,nan
ALNS-A,Example9,9,0,107.0,158.0,nan
ALNS-A,Example9,9,0,108.0,158.0,nan
ALNS-A,Example9,9,0,109.0,158.0,nan
ALNS-A,Example9,9,0,110.0,158.0,nan
ALNS-A,Example9,9,0,111.0,158.0,nan
ALNS-A,Example9,9,0,112.0,158.0,nan
ALNS-A,Example9,9,0,113.0,158.0,nan
ALNS-A,Example9,9,0,114.0,158.0,nan
ALNS-A,Example9,9,0,115.0,158.0,nan
ALNS-A,Example9,9,0,116.0,158.0,nan
ALNS-A,Example9,9,0,117.0,158.0,nan
ALNS-A,Example9,9,0,118.0,158.0,nan
ALNS-A,Example9,9,0,119.0,158.0,nan
ALNS-A,Example9,9,0,120.0,158.0,nan
ALNS-A,Example9,9,0,121.0,158.0,nan
ALNS-A,Example9,9,0,122.0,158.0,nan
ALNS-A,Example9,9,0,123.0,158.0,nan
ALNS-A,Example9,9,0,124.0,158.0,nan
ALNS-A,Example9,9,0,125.0,158.0,nan
ALNS-A,Example9,9,0,126.0,158.0,nan
ALNS-A,Example9,9,0,127.0,158.0,nan
ALNS-A,Example9,9,0,128.0,158.0,nan
ALNS-A,Example9,9,0,129.0,158.0,nan
ALNS-A,Example9,9,0,130.0,158.0,nan
ALNS-A,Example9,9,0,131.0,158.0,nan
ALNS-A,Example9,9,0,132.0,158.0,nan
ALNS-A,Example9,9,0,133.0,158.0,nan
ALNS-A,Example9,9,0,134.0,158.0,nan
ALNS-A,Example9,9,0,135.0,158.0,nan
ALNS-A,Example9,9,0,136.0,158.0,nan
ALNS-A,Example9,9,0,137.0,158.0,nan
ALNS-A,Example9,9,0,138.0,158.0,nan
ALNS-A,Example9,9,0,139.0,158.0,nan
ALNS-A,Example9,9,0,140.0,158.0,nan
ALNS-A,Example9,9,0,141.0,158.0,nan
ALNS-A,Example9,9,0,142.0,158.0,nan
ALNS-A,Example9,9,0,143.0,158.0,nan
ALNS-A,Example9,9,0,144.0,158.0,nan
ALNS-A,Example9,9,0,145.0,158.0,nan
ALNS-A,Example9,9,0,146.0,158.0,nan
ALNS-A,Example9,9,0,147.0,158.0,nan
ALNS-A,Example9,9,0,148.0,158.0,nan
ALNS-A,Example9,9,0,149.0,158.0,nan
ALNS-A,Example9,9,0,150.0,158.0,nan
ALNS-A,Example9,9,0,151.0,158.0,nan
ALNS-A,Example9,9,0,152.0,158.0,nan
ALNS-A,Example9,9,0,153.0,158.0,nan
ALNS-A,Example9,9,0,154.0,158.0,nan
ALNS-A,Example9,9,0,155.0,158.0,nan
ALNS-A,Example9,9,0,156.0,158.0,nan
ALNS-A,Example9,9,0,157.0,158.0,nan
ALNS-A,Example9,9,0,158.0,158.0,nan
ALNS-A,Example9,9,0,159.0,158.0,nan
ALNS-A,Example9,9,0,160.0,158.0,nan
ALNS-A,Example9,9,0,161.0,158.0,nan
ALNS-A,Example9,9,0,162.0,158.0,nan
ALNS-A,Example9,9,0,163.0,158.0,nan
ALNS-A,Example9,9,0,164.0,158.0,nan
ALNS-A,Example9,9,0,165.0,158.0,nan
ALNS-A,Example9,9,0,166.0,158.0,nan
ALNS-A,Example9,9,0,167.0,158.0,nan
ALNS-A,Example9,9,0,168.0,158.0,nan
ALNS-A,Example9,9,0,169.0,158.0,nan
ALNS-A,Example9,9,0,170.0,158.0,nan
ALNS-A,Example9,9,0,171.0,158.0,nan
ALNS-A,Example9,9,0,172.0,158.0,nan
ALNS-A,Example9,9,0,173.0,158.0,nan
ALNS-A,Example9,9,0,174.0,158.0,nan
ALNS-A,Example9,9,0,175.0,158.0,nan
ALNS-A,Example9,9,0,176.0,158.0,nan
ALNS-A,Example9,9,0,177.0,158.0,nan
ALNS-A,Example9,9,0,178.0,158.0,nan
ALNS-A,Example9,9,0,179.0,158.0,nan
ALNS-A,Example9,9,0,180.0,158.0,nan
ALNS-A,Example9,9,0,181.0,158.0,nan
ALNS-A,Example9,9,0,182.0,158.0,nan
ALNS-A,Example9,9,0,183.0,158.0,nan
ALNS-A,Example9,9,0,184.0,158.0,nan
ALNS-A,Example9,9,0,185.0,158.0,nan
ALNS-A,Example9,9,0,186.0,158.0,nan
ALNS-A,Example9,9,0,187.0,158.0,nan
ALNS-A,Example9,9,0,188.0,158.0,nan
ALNS-A,Example9,9,0,189.0,158.0,nan
ALNS-A,Example9,9,0,190.0,158.0,nan
ALNS-A,Example9,9,0,191.0,158.0,nan
ALNS-A,Example9,9,0,192.0,158.0,nan
ALNS-A,Example9,9,0,193.0,158.0,nan
ALNS-A,Example9,9,0,194.0,158.0,nan
ALNS-A,Example9,9,0,195.0,158.0,nan
ALNS-A,Example9,9,0,196.0,158.0,nan
ALNS-A,Example9,9,0,197.0,158.0,nan
ALNS-A,Example9,9,0,198.0,158.0,nan
ALNS-A,Example9,9,0,199.0,158.0,nan
ALNS-A,Example9,9,0,200.0,158.0,nan
ALNS-A,Example9,9,0,201.0,158.0,nan
ALNS-A,Example9,9,0,202.0,158.0,nan
ALNS-A,Example9,9,0,203.0,158.0,nan
ALNS-A,Example9,9,0,204.0,158.0,nan
ALNS-A,Example9,9,0,205.0,158.0,nan
ALNS-A,Example9,9,0,206.0,158.0,nan
ALNS-A,Example9,9,0,207.0,158.0,nan
ALNS-A,Example9,9,0,208.0,158.0,nan
ALNS-A,Example9,9,0,209.0,158.0,nan
ALNS-A,Example9,9,0,210.0,158.0,nan
ALNS-A,Example9,9,0,211.0,158.0,nan
ALNS-A,Example9,9,0,212.0,158.0,nan
ALNS-A,Example9,9,0,213.0,158.0,nan
ALNS-A,Example9,9,0,214.0,158.0,nan
ALNS-A,Example9,9,0,215.0,158.0,nan
ALNS-A,Example9,9,0,216.0,158.0,nan
ALNS-A,Example9,9,0,217.0,158.0,nan
ALNS-A,Example9,9,0,218.0,158.0,nan
ALNS-A,Example9,9,0,219.0,158.0,nan
ALNS-A,Example9,9,0,220.0,158.0,nan
ALNS-A,Example9,9,0,221.0,158.0,nan
ALNS-A,Example9,9,0,222.0,158.0,nan
ALNS-A,Example9,9,0,223.0,158.0,nan
ALNS-A,Example9,9,0,224.0,158.0,nan
ALNS-A,Example9,9,0,225.0,158.0,nan
ALNS-A,Example9,9,0,226.0,158.0,nan
ALNS-A,Example9,9,0,227.0,158.0,nan
ALNS-A,Example9,9,0,228.0,158.0,nan
ALNS-A,Example9,9,0,229.0,158.0,nan
ALNS-A,Example9,9,0,230.0,158.0,nan
ALNS-A,Example9,9,0,231.0,155.0,nan
ALNS-A,Example9,9,0,232.0,155.0,nan
ALNS-A,Example9,9,0,233.0,155.0,nan
ALNS-A,Example9,9,0,234.0,155.0,nan
ALNS-A,Example9,9,0,235.0,155.0,nan
ALNS-A,Example9,9,0,236.0,155.0,nan
ALNS-A,Example9,9,0,237.0,155.0,nan
ALNS-A,Example9,9,0,238.0,155.0,nan
ALNS-A,Example9,9,0,239.0,155.0,nan
ALNS-A,Example9,9,0,240.0,155.0,nan
ALNS-A,Example9,9,0,241.0,155.0,nan
ALNS-A,Example9,9,0,242.0,155.0,nan
ALNS-A,Example9,9,0,243.0,155.0,nan
ALNS-A,Example9,9,0,244.0,155.0,nan
ALNS-A,Example9,9,0,245.0,155.0,nan
ALNS-A,Example9,9,0,246.0,155.0,nan
ALNS-A,Example9,9,0,247.0,155.0,nan
ALNS-A,Example9,9,0,248.0,155.0,nan
ALNS-A,Example9,9,0,249.0,155.0,nan
ALNS-A,Example9,9,0,250.0,155.0,nan
ALNS-A,Example9,9,0,251.0,155.0,nan
ALNS-A,Example9,9,0,252.0,155.0,nan
ALNS-A,Example9,9,0,253.0,155.0,nan
ALNS-A,Example9,9,0,254.0,155.0,nan
ALNS-A,Example9,9,0,255.0,155.0,nan
ALNS-A,Example9,9,0,256.0,155.0,nan
ALNS-A,Example9,9,0,257.0,155.0,nan
ALNS-A,Example9,9,0,258.0,155.0,nan
ALNS-A,Example9,9,0,259.0,155.0,nan
ALNS-A,Example9,9,0,260.0,155.0,nan
ALNS-A,Example9,9,0,261.0,155.0,nan
ALNS-A,Example9,9,0,262.0,155.0,nan
ALNS-A,Example9,9,0,263.0,155.0,nan
ALNS-A,Example9,9,0,264.0,155.0,nan
ALNS-A,Example9,9,0,265.0,155.0,nan
ALNS-A,Example9,9,0,266.0,155.0,nan
ALNS-A,Example9,9,0,267.0,155.0,nan
ALNS-A,Example9,9,0,268.0,155.0,nan
ALNS-A,Example9,9,0,269.0,155.0,nan
ALNS-A,Example9,9,0,270.0,155.0,nan
ALNS-A,Example9,9,0,271.0,155.0,nan
ALNS-A,Example9,9,0,272.0,155.0,nan
ALNS-A,Example9,9,0,273.0,155.0,nan
ALNS-A,Example9,9,1,0.0,404.0,nan
ALNS-A,Example9,9,1,1.0,404.0,nan
ALNS-A,Example9,9,1,2.0,404.0,nan
ALNS-A,Example9,9,1,3.0,404.0,nan
ALNS-A,Example9,9,1,4.0,404.0,nan
ALNS-A,Example9,9,1,5.0,404.0,nan
ALNS-A,Example9,9,1,6.0,404.0,nan
ALNS-A,Example9,9,1,7.0,404.0,nan
ALNS-A,Example9,9,1,8.0,404.0,nan
ALNS-A,Example9,9,1,9.0,404.0,nan
ALNS-A,Example9,9,1,10.0,404.0,nan
ALNS-A,Example9,9,1,11.0,404.0,nan
ALNS-A,Example9,9,1,12.0,404.0,nan
ALNS-A,Example9,9,1,13.0,404.0,nan
ALNS-A,Example9,9,1,14.0,404.0,nan
ALNS-A,Example9,9,1,15.0,404.0,nan
ALNS-A,Example9,9,1,16.0,404.0,nan
ALNS-A,Example9,9,1,17.0,404.0,nan
ALNS-A,Example9,9,1,18.0,404.0,nan
ALNS-A,Example9,9,1,19.0,404.0,nan
ALNS-A,Example9,9,1,20.0,404.0,nan
ALNS-A,Example9,9,1,21.0,404.0,nan
ALNS-A,Example9,9,1,22.0,404.0,nan
ALNS-A,Example9,9,1,23.0,404.0,nan
ALNS-A,Example9,9,1,24.0,404.0,nan
ALNS-A,Example9,9,1,25.0,404.0,nan
ALNS-A,Example9,9,1,26.0,170.0,nan
ALNS-A,Example9,9,1,27.0,170.0,nan
ALNS-A,Example9,9,1,28.0,170.0,nan
ALNS-A,Example9,9,1,29.0,170.0,nan
ALNS-A,Example9,9,1,30.0,170.0,nan
ALNS-A,Example9,9,1,31.0,170.0,nan
ALNS-A,Example9,9,1,32.0,170.0,nan
ALNS-A,Example9,9,1,33.0,170.0,nan
ALNS-A,Example9,9,1,34.0,170.0,nan
ALNS-A,Example9,9,1,35.0,170.0,nan
ALNS-A,Example9,9,1,36.0,170.0,nan
ALNS-A,Example9,9,1,37.0,170.0,nan
ALNS-A,Example9,9,1,38.0,170.0,nan
ALNS-A,Example9,9,1,39.0,170.0,nan
ALNS-A,Example9,9,1,40.0,170.0,nan
ALNS-A,Example9,9,1,41.0,170.0,nan
ALNS-A,Example9,9,1,42.0,170.0,nan
ALNS-A,Example9,9,1,43.0,140.0,nan
ALNS-A,Example9,9,1,44.0,140.0,nan
ALNS-A,Example9,9,1,45.0,140.0,nan
ALNS-A,Example9,9,1,46.0,140.0,nan
ALNS-A,Example9,9,1,47.0,140.0,nan
ALNS-A,Example9,9,1,48.0,140.0,nan
ALNS-A,Example9,9,1,49.0,140.0,nan
ALNS-A,Example9,9,1,50.0,140.0,nan
ALNS-A,Example9,9,1,51.0,140.0,nan
ALNS-A,Example9,9,1,52.0,140.0,nan
ALNS-A,Example9,9,1,53.0,140.0,nan
ALNS-A,Example9,9,1,54.0,140.0,nan
ALNS-A,Example9,9,1,55.0,140.0,nan
ALNS-A,Example9,9,1,56.0,140.0,nan
ALNS-A,Example9,9,1,57.0,140.0,nan
ALNS-A,Example9,9,1,58.0,140.0,nan
ALNS-A,Example9,9,1,59.0,140.0,nan
ALNS-A,Example9,9,1,60.0,140.0,nan
ALNS-A,Example9,9,1,61.0,140.0,nan
ALNS-A,Example9,9,1,62.0,140.0,nan
ALNS-A,Example9,9,1,63.0,140.0,nan
ALNS-A,Example9,9,1,64.0,140.0,nan
ALNS-A,Example9,9,1,65.0,140.0,nan
ALNS-A,Example9,9,1,66.0,140.0,nan
ALNS-A,Example9,9,1,67.0,140.0,nan
ALNS-A,Example9,9,1,68.0,140.0,nan
ALNS-A,Example9,9,1,69.0,140.0,nan
ALNS-A,Example9,9,1,70.0,140.0,nan
ALNS-A,Example9,9,1,71.0,140.0,nan
ALNS-A,Example9,9,1,72.0,140.0,nan
ALNS-A,Example9,9,1,73.0,140.0,nan
ALNS-A,Example9,9,1,74.0,140.0,nan
ALNS-A,Example9,9,1,75.0,140.0,nan
ALNS-A,Example9,9,1,76.0,140.0,nan
ALNS-A,Example9,9,1,77.0,140.0,nan
ALNS-A,Example9,9,1,78.0,140.0,nan
ALNS-A,Example9,9,1,79.0,140.0,nan
ALNS-A,Example9,9,1,80.0,140.0,nan
ALNS-A,Example9,9,1,81.0,140.0,nan
ALNS-A,Example9,9,1,82.0,140.0,nan
ALNS-A,Example9,9,1,83.0,140.0,nan
ALNS-A,Example9,9,1,84.0,140.0,nan
ALNS-A,Example9,9,1,85.0,140.0,nan
ALNS-A,Example9,9,1,86.0,140.0,nan
ALNS-A,Example9,9,1,87.0,140.0,nan
ALNS-A,Example9,9,1,88.0,140.0,nan
ALNS-A,Example9,9,1,89.0,140.0,nan
ALNS-A,Example9,9,1,90.0,140.0,nan
ALNS-A,Example9,9,1,91.0,140.0,nan
ALNS-A,Example9,9,1,92.0,140.0,nan
ALNS-A,Example9,9,1,93.0,140.0,nan
ALNS-A,Example9,9,1,94.0,140.0,nan
ALNS-A,Example9,9,1,95.0,140.0,nan
ALNS-A,Example9,9,1,96.0,140.0,nan
ALNS-A,Example9,9,1,97.0,140.0,nan
ALNS-A,Example9,9,1,98.0,140.0,nan
ALNS-A,Example9,9,1,99.0,140.0,nan
ALNS-A,Example9,9,1,100.0,140.0,nan
ALNS-A,Example9,9,1,101.0,140.0,nan
ALNS-A,Example9,9,1,102.0,140.0,nan
ALNS-A,Example9,9,1,103.0,140.0,nan
ALNS-A,Example9,9,1,104.0,140.0,nan
ALNS-A,Example9,9,1,105.0,140.0,nan
ALNS-A,Example9,9,1,106.0,140.0,nan
ALNS-A,Example9,9,1,107.0,140.0,nan
ALNS-A,Example9,9,1,108.0,140.0,nan
ALNS-A,Example9,9,1,109.0,140.0,nan
ALNS-A,Example9,9,1,110.0,140.0,nan
ALNS-A,Example9,9,1,111.0,140.0,nan
ALNS-A,Example9,9,1,112.0,140.0,nan
ALNS-A,Example9,9,1,113.0,140.0,nan
ALNS-A,Example9,9,1,114.0,140.0,nan
ALNS-A,Example9,9,1,115.0,140.0,nan
ALNS-A,Example9,9,1,116.0,140.0,nan
ALNS-A,Example9,9,1,117.0,140.0,nan
ALNS-A,Example9,9,1,118.0,140.0,nan
ALNS-A,Example9,9,1,119.0,140.0,nan
ALNS-A,Example9,9,1,120.0,140.0,nan
ALNS-A,Example9,9,1,121.0,140.0,nan
ALNS-A,Example9,9,1,122.0,140.0,nan
ALNS-A,Example9,9,1,123.0,140.0,nan
ALNS-A,Example9,9,1,124.0,140.0,nan
ALNS-A,Example9,9,1,125.0,140.0,nan
ALNS-A,Example9,9,1,126.0,140.0,nan
ALNS-A,Example9,9,1,127.0,140.0,nan
ALNS-A,Example9,9,1,128.0,140.0,nan
ALNS-A,Example9,9,1,129.0,140.0,nan
ALNS-A,Example9,9,1,130.0,140.0,nan
ALNS-A,Example9,9,1,131.0,140.0,nan
ALNS-A,Example9,9,1,132.0,140.0,nan
ALNS-A,Example9,9,1,133.0,140.0,nan
ALNS-A,Example9,9,1,134.0,140.0,nan
ALNS-A,Example9,9,1,135.0,140.0,nan
ALNS-A,Example9,9,1,136.0,140.0,nan
ALNS-A,Example9,9,1,137.0,140.0,nan
ALNS-A,Example9,9,1,138.0,140.0,nan
ALNS-A,Example9,9,1,139.0,140.0,nan
ALNS-A,Example9,9,1,140.0,140.0,nan
ALNS-A,Example9,9,1,141.0,140.0,nan
ALNS-A,Example9,9,1,142.0,140.0,nan
ALNS-A,Example9,9,1,143.0,140.0,nan
ALNS-A,Example9,9,1,144.0,140.0,nan
ALNS-A,Example9,9,1,145.0,140.0,nan
ALNS-A,Example9,9,1,146.0,140.0,nan
ALNS-A,Example9,9,1,147.0,140.0,nan
ALNS-A,Example9,9,1,148.0,140.0,nan
ALNS-A,Example9,9,1,149.0,140.0,nan
ALNS-A,Example9,9,1,150.0,140.0,nan
ALNS-A,Example9,9,1,151.0,140.0,nan
ALNS-A,Example9,9,1,152.0,140.0,nan
ALNS-A,Example9,9,1,153.0,140.0,nan
ALNS-A,Example9,9,1,154.0,140.0,nan
ALNS-A,Example9,9,1,155.0,140.0,nan
ALNS-A,Example9,9,1,156.0,140.0,nan
ALNS-A,Example9,9,1,157.0,140.0,nan
ALNS-A,Example9,9,1,158.0,140.0,nan
ALNS-A,Example9,9,1,159.0,140.0,nan
ALNS-A,Example9,9,1,160.0,140.0,nan
ALNS-A,Example9,9,1,161.0,140.0,nan
ALNS-A,Example9,9,1,162.0,140.0,nan
ALNS-A,Example9,9,1,163.0,140.0,nan
ALNS-A,Example9,9,1,164.0,140.0,nan
ALNS-A,Example9,9,1,165.0,140.0,nan
ALNS-A,Example9,9,1,166.0,140.0,nan
ALNS-A,Example9,9,1,167.0,140.0,nan
ALNS-A,Example9,9,1,168.0,140.0,nan
ALNS-A,Example9,9,1,169.0,140.0,nan
ALNS-A,Example9,9,1,170.0,140.0,nan
ALNS-A,Example9,9,1,171.0,140.0,nan
ALNS-A,Example9,9,1,172.0,140.0,nan
ALNS-A,Example9,9,1,173.0,140.0,nan
ALNS-A,Example9,9,1,174.0,140.0,nan
ALNS-A,Example9,9,1,175.0,140.0,nan
ALNS-A,Example9,9,1,176.0,140.0,nan
ALNS-A,Example9,9,1,177.0,140.0,nan
ALNS-A,Example9,9,1,178.0,140.0,nan
ALNS-A,Example9,9,1,179.0,140.0,nan
ALNS-A,Example9,9,1,180.0,140.0,nan
ALNS-A,Example9,9,1,181.0,140.0,nan
ALNS-A,Example9,9,1,182.0,140.0,nan
ALNS-A,Example9,9,1,183.0,140.0,nan
ALNS-A,Example9,9,1,184.0,140.0,nan
ALNS-A,Example9,9,1,185.0,140.0,nan
ALNS-A,Example9,9,1,186.0,140.0,nan
ALNS-A,Example9,9,1,187.0,140.0,nan
ALNS-A,Example9,9,1,188.0,140.0,nan
ALNS-A,Example9,9,1,189.0,140.0,nan
ALNS-A,Example9,9,1,190.0,140.0,nan
ALNS-A,Example9,9,1,191.0,140.0,nan
ALNS-A,Example9,9,1,192.0,140.0,nan
ALNS-A,Example9,9,1,193.0,140.0,nan
ALNS-A,Example9,9,1,194.0,140.0,nan
ALNS-A,Example9,9,1,195.0,140.0,nan
ALNS-A,Example9,9,1,196.0,115.0,nan
ALNS-A,Example9,9,1,197.0,115.0,nan
ALNS-A,Example9,9,1,198.0,115.0,nan
ALNS-A,Example9,9,1,199.0,115.0,nan
ALNS-A,Example9,9,1,200.0,115.0,nan
ALNS-A,Example9,9,1,201.0,115.0,nan
ALNS-A,Example9,9,1,202.0,115.0,nan
ALNS-A,Example9,9,1,203.0,115.0,nan
ALNS-A,Example9,9,1,204.0,115.0,nan
ALNS-A,Example9,9,1,205.0,115.0,nan
ALNS-A,Example9,9,1,206.0,115.0,nan
ALNS-A,Example9,9,1,207.0,115.0,nan
ALNS-A,Example9,9,1,208.0,115.0,nan
ALNS-A,Example9,9,1,209.0,115.0,nan
ALNS-A,Example9,9,1,210.0,115.0,nan
ALNS-A,Example9,9,1,211.0,115.0,nan
ALNS-A,Example9,9,1,212.0,115.0,nan
ALNS-A,Example9,9,1,213.0,115.0,nan
ALNS-A,Example9,9,1,214.0,115.0,nan
ALNS-A,Example9,9,1,215.0,115.0,nan
ALNS-A,Example9,9,1,216.0,115.0,nan
ALNS-A,Example9,9,1,217.0,115.0,nan
ALNS-A,Example9,9,1,218.0,115.0,nan
ALNS-A,Example9,9,1,219.0,115.0,nan
ALNS-A,Example9,9,1,220.0,115.0,nan
ALNS-A,Example9,9,1,221.0,115.0,nan
ALNS-A,Example9,9,1,222.0,115.0,nan
ALNS-A,Example9,9,1,223.0,115.0,nan
ALNS-A,Example9,9,1,224.0,115.0,nan
ALNS-A,Example9,9,1,225.0,115.0,nan
ALNS-A,Example9,9,1,226.0,115.0,nan
ALNS-A,Example9,9,1,227.0,115.0,nan
ALNS-A,Example9,9,1,228.0,115.0,nan
ALNS-A,Example9,9,1,229.0,115.0,nan
ALNS-A,Example9,9,1,230.0,115.0,nan
ALNS-A,Example9,9,1,231.0,115.0,nan
ALNS-A,Example9,9,1,232.0,115.0,nan
ALNS-A,Example9,9,1,233.0,115.0,nan
ALNS-A,Example9,9,1,234.0,115.0,nan
ALNS-A,Example9,9,1,235.0,115.0,nan
ALNS-A,Example9,9,1,236.0,115.0,nan
ALNS-A,Example9,9,1,237.0,115.0,nan
ALNS-A,Example9,9,1,238.0,115.0,nan
ALNS-A,Example9,9,1,239.0,115.0,nan
ALNS-A,Example9,9,1,240.0,115.0,nan
ALNS-A,Example9,9,1,241.0,115.0,nan
ALNS-A,Example9,9,1,242.0,115.0,nan
ALNS-A,Example9,9,1,243.0,115.0,nan
ALNS-A,Example9,9,1,244.0,115.0,nan
ALNS-A,Example9,9,1,245.0,115.0,nan
ALNS-A,Example9,9,1,246.0,115.0,nan
ALNS-A,Example9,9,1,247.0,115.0,nan
ALNS-A,Example9,9,1,248.0,115.0,nan
ALNS-A,Example9,9,1,249.0,115.0,nan
ALNS-A,Example9,9,1,250.0,115.0,nan
ALNS-A,Example9,9,1,251.0,115.0,nan
ALNS-A,Example9,9,1,252.0,115.0,nan
ALNS-A,Example9,9,1,253.0,115.0,nan
ALNS-A,Example9,9,1,254.0,115.0,nan
ALNS-A,Example9,9,1,255.0,115.0,nan
ALNS-A,Example9,9,1,256.0,115.0,nan
ALNS-A,Example9,9,1,257.0,115.0,nan
ALNS-A,Example9,9,1,258.0,115.0,nan
ALNS-A,Example9,9,1,259.0,115.0,nan
ALNS-A,Example9,9,1,260.0,115.0,nan
ALNS-A,Example9,9,1,261.0,115.0,nan
ALNS-A,Example9,9,1,262.0,115.0,nan
ALNS-A,Example9,9,1,263.0,115.0,nan
ALNS-A,Example9,9,1,264.0,115.0,nan
ALNS-A,Example9,9,1,265.0,115.0,nan
ALNS-A,Example9,9,1,266.0,115.0,nan
ALNS-A,Example9,9,1,267.0,115.0,nan
ALNS-A,Example9,9,1,268.0,115.0,nan
ALNS-A,Example9,9,1,269.0,115.0,nan
ALNS-A,Example9,9,1,270.0,115.0,nan
ALNS-A,Example9,9,1,271.0,115.0,nan
ALNS-A,Example9,9,1,272.0,115.0,nan
ALNS-A,Example9,9,1,273.0,115.0,nan
ALNS-A,Example9,9,2,0.0,255.0,nan
ALNS-A,Example9,9,2,1.0,255.0,nan
ALNS-A,Example9,9,2,2.0,255.0,nan
ALNS-A,Example9,9,2,3.0,255.0,nan
ALNS-A,Example9,9,2,4.0,255.0,nan
ALNS-A,Example9,9,2,5.0,255.0,nan
ALNS-A,Example9,9,2,6.0,255.0,nan
ALNS-A,Example9,9,2,7.0,255.0,nan
ALNS-A,Example9,9,2,8.0,255.0,nan
ALNS-A,Example9,9,2,9.0,255.0,nan
ALNS-A,Example9,9,2,10.0,255.0,nan
ALNS-A,Example9,9,2,11.0,255.0,nan
ALNS-A,Example9,9,2,12.0,255.0,nan
ALNS-A,Example9,9,2,13.0,255.0,nan
ALNS-A,Example9,9,2,14.0,255.0,nan
ALNS-A,Example9,9,2,15.0,255.0,nan
ALNS-A,Example9,9,2,16.0,255.0,nan
ALNS-A,Example9,9,2,17.0,255.0,nan
ALNS-A,Example9,9,2,18.0,255.0,nan
ALNS-A,Example9,9,2,19.0,255.0,nan
ALNS-A,Example9,9,2,20.0,255.0,nan
ALNS-A,Example9,9,2,21.0,163.0,nan
ALNS-A,Example9,9,2,22.0,163.0,nan
ALNS-A,Example9,9,2,23.0,163.0,nan
ALNS-A,Example9,9,2,24.0,90.0,nan
ALNS-A,Example9,9,2,25.0,90.0,nan
ALNS-A,Example9,9,2,26.0,90.0,nan
ALNS-A,Example9,9,2,27.0,90.0,nan
ALNS-A,Example9,9,2,28.0,90.0,nan
ALNS-A,Example9,9,2,29.0,90.0,nan
ALNS-A,Example9,9,2,30.0,90.0,nan
ALNS-A,Example9,9,2,31.0,90.0,nan
ALNS-A,Example9,9,2,32.0,90.0,nan
ALNS-A,Example9,9,2,33.0,90.0,nan
ALNS-A,Example9,9,2,34.0,90.0,nan
ALNS-A,Example9,9,2,35.0,90.0,nan
ALNS-A,Example9,9,2,36.0,90.0,nan
ALNS-A,Example9,9,2,37.0,90.0,nan
ALNS-A,Example9,9,2,38.0,90.0,nan
ALNS-A,Example9,9,2,39.0,90.0,nan
ALNS-A,Example9,9,2,40.0,90.0,nan
ALNS-A,Example9,9,2,41.0,90.0,nan
ALNS-A,Example9,9,2,42.0,90.0,nan
ALNS-A,Example9,9,2,43.0,90.0,nan
ALNS-A,Example9,9,2,44.0,90.0,nan
ALNS-A,Example9,9,2,45.0,90.0,nan
ALNS-A,Example9,9,2,46.0,90.0,nan
ALNS-A,Example9,9,2,47.0,90.0,nan
ALNS-A,Example9,9,2,48.0,90.0,nan
ALNS-A,Example9,9,2,49.0,90.0,nan
ALNS-A,Example9,9,2,50.0,90.0,nan
ALNS-A,Example9,9,2,51.0,90.0,nan
ALNS-A,Example9,9,2,52.0,90.0,nan
ALNS-A,Example9,9,2,53.0,90.0,nan
ALNS-A,Example9,9,2,54.0,90.0,nan
ALNS-A,Example9,9,2,55.0,90.0,nan
ALNS-A,Example9,9,2,56.0,90.0,nan
ALNS-A,Example9,9,2,57.0,90.0,nan
ALNS-A,Example9,9,2,58.0,90.0,nan
ALNS-A,Example9,9,2,59.0,90.0,nan
ALNS-A,Example9,9,2,60.0,90.0,nan
ALNS-A,Example9,9,2,61.0,90.0,nan
ALNS-A,Example9,9,2,62.0,90.0,nan
ALNS-A,Example9,9,2,63.0,90.0,nan
ALNS-A,Example9,9,2,64.0,90.0,nan
ALNS-A,Example9,9,2,65.0,90.0,nan
ALNS-A,Example9,9,2,66.0,90.0,nan
ALNS-A,Example9,9,2,67.0,90.0,nan
ALNS-A,Example9,9,2,68.0,90.0,nan
ALNS-A,Example9,9,2,69.0,90.0,nan
ALNS-A,Example9,9,2,70.0,90.0,nan
ALNS-A,Example9,9,2,71.0,90.0,nan
ALNS-A,Example9,9,2,72.0,90.0,nan
ALNS-A,Example9,9,2,73.0,90.0,nan
ALNS-A,Example9,9,2,74.0,90.0,nan
ALNS-A,Example9,9,2,75.0,90.0,nan
ALNS-A,Example9,9,2,76.0,90.0,nan
ALNS-A,Example9,9,2,77.0,90.0,nan
ALNS-A,Example9,9,2,78.0,90.0,nan
ALNS-A,Example9,9,2,79.0,90.0,nan
ALNS-A,Example9,9,2,80.0,90.0,nan
ALNS-A,Example9,9,2,81.0,90.0,nan
ALNS-A,Example9,9,2,82.0,90.0,nan
ALNS-A,Example9,9,2,83.0,90.0,nan
ALNS-A,Example9,9,2,84.0,90.0,nan
ALNS-A,Example9,9,2,85.0,90.0,nan
ALNS-A,Example9,9,2,86.0,90.0,nan
ALNS-A,Example9,9,2,87.0,90.0,nan
ALNS-A,Example9,9,2,88.0,90.0,nan
ALNS-A,Example9,9,2,89.0,90.0,nan
ALNS-A,Example9,9,2,90.0,90.0,nan
ALNS-A,Example9,9,2,91.0,90.0,nan
ALNS-A,Example9,9,2,92.0,90.0,nan
ALNS-A,Example9,9,2,93.0,90.0,nan
ALNS-A,Example9,9,2,94.0,90.0,nan
ALNS-A,Example9,9,2,95.0,90.0,nan
ALNS-A,Example9,9,2,96.0,90.0,nan
ALNS-A,Example9,9,2,97.0,90.0,nan
ALNS-A,Example9,9,2,98.0,90.0,nan
ALNS-A,Example9,9,2,99.0,90.0,nan
ALNS-A,Example9,9,2,100.0,90.0,nan
ALNS-A,Example9,9,2,101.0,90.0,nan
ALNS-A,Example9,9,2,102.0,90.0,nan
ALNS-A,Example9,9,2,103.0,90.0,nan
ALNS-A,Example9,9,2,104.0,90.0,nan
ALNS-A,Example9,9,2,105.0,90.0,nan
ALNS-A,Example9,9,2,106.0,90.0,nan
ALNS-A,Example9,9,2,107.0,90.0,nan
ALNS-A,Example9,9,2,108.0,90.0,nan
ALNS-A,Example9,9,2,109.0,90.0,nan
ALNS-A,Example9,9,2,110.0,90.0,nan
ALNS-A,Example9,9,2,111.0,90.0,nan
ALNS-A,Example9,9,2,112.0,90.0,nan
ALNS-A,Example9,9,2,113.0,90.0,nan
ALNS-A,Example9,9,2,114.0,90.0,nan
ALNS-A,Example9,9,2,115.0,90.0,nan
ALNS-A,Example9,9,2,116.0,90.0,nan
ALNS-A,Example9,9,2,117.0,90.0,nan
ALNS-A,Example9,9,2,118.0,90.0,nan
ALNS-A,Example9,9,2,119.0,90.0,nan
ALNS-A,Example9,9,2,120.0,90.0,nan
ALNS-A,Example9,9,2,121.0,90.0,nan
ALNS-A,Example9,9,2,122.0,90.0,nan
ALNS-A,Example9,9,2,123.0,90.0,nan
ALNS-A,Example9,9,2,124.0,90.0,nan
ALNS-A,Example9,9,2,125.0,90.0,nan
ALNS-A,Example9,9,2,126.0,90.0,nan
ALNS-A,Example9,9,2,127.0,90.0,nan
ALNS-A,Example9,9,2,128.0,90.0,nan
ALNS-A,Example9,9,2,129.0,90.0,nan
ALNS-A,Example9,9,2,130.0,90.0,nan
ALNS-A,Example9,9,2,131.0,90.0,nan
ALNS-A,Example9,9,2,132.0,90.0,nan
ALNS-A,Example9,9,2,133.0,90.0,nan
ALNS-A,Example9,9,2,134.0,90.0,nan
ALNS-A,Example9,9,2,135.0,90.0,nan
ALNS-A,Example9,9,2,136.0,90.0,nan
ALNS-A,Example9,9,2,137.0,90.0,nan
ALNS-A,Example9,9,2,138.0,90.0,nan
ALNS-A,Example9,9,2,139.0,90.0,nan
ALNS-A,Example9,9,2,140.0,90.0,nan
ALNS-A,Example9,9,2,141.0,90.0,nan
ALNS-A,Example9,9,2,142.0,90.0,nan
ALNS-A,Example9,9,2,143.0,90.0,nan
ALNS-A,Example9,9,2,144.0,90.0,nan
ALNS-A,Example9,9,2,145.0,90.0,nan
ALNS-A,Example9,9,2,146.0,90.0,nan
ALNS-A,Example9,9,2,147.0,90.0,nan
ALNS-A,Example9,9,2,148.0,90.0,nan
ALNS-A,Example9,9,2,149.0,90.0,nan
ALNS-A,Example9,9,2,150.0,90.0,nan
ALNS-A,Example9,9,2,151.0,90.0,nan
ALNS-A,Example9,9,2,152.0,90.0,nan
ALNS-A,Example9,9,2,153.0,90.0,nan
ALNS-A,Example9,9,2,154.0,90.0,nan
ALNS-A,Example9,9,2,155.0,90.0,nan
ALNS-A,Example9,9,2,156.0,90.0,nan
ALNS-A,Example9,9,2,157.0,90.0,nan
ALNS-A,Example9,9,2,158.0,90.0,nan
ALNS-A,Example9,9,2,159.0,90.0,nan
ALNS-A,Example9,9,2,160.0,90.0,nan
ALNS-A,Example9,9,2,161.0,90.0,nan
ALNS-A,Example9,9,2,162.0,90.0,nan
ALNS-A,Example9,9,2,163.0,90.0,nan
ALNS-A,Example9,9,2,164.0,90.0,nan
ALNS-A,Example9,9,2,165.0,90.0,nan
ALNS-A,Example9,9,2,166.0,90.0,nan
ALNS-A,Example9,9,2,167.0,90.0,nan
ALNS-A,Example9,9,2,168.0,90.0,nan
ALNS-A,Example9,9,2,169.0,90.0,nan
ALNS-A,Example9,9,2,170.0,90.0,nan
ALNS-A,Example9,9,2,171.0,90.0,nan
ALNS-A,Example9,9,2,172.0,90.0,nan
ALNS-A,Example9,9,2,173.0,90.0,nan
ALNS-A,Example9,9,2,174.0,90.0,nan
ALNS-A,Example9,9,2,175.0,90.0,nan
ALNS-A,Example9,9,2,176.0,90.0,nan
ALNS-A,Example9,9,2,177.0,90.0,nan
ALNS-A,Example9,9,2,178.0,90.0,nan
ALNS-A,Example9,9,2,179.0,90.0,nan
ALNS-A,Example9,9,2,180.0,90.0,nan
ALNS-A,Example9,9,2,181.0,90.0,nan
ALNS-A,Example9,9,2,182.0,90.0,nan
ALNS-A,Example9,9,2,183.0,90.0,nan
ALNS-A,Example9,9,2,184.0,90.0,nan
ALNS-A,Example9,9,2,185.0,90.0,nan
ALNS-A,Example9,9,2,186.0,90.0,nan
ALNS-A,Example9,9,2,187.0,90.0,nan
ALNS-A,Example9,9,2,188.0,90.0,nan
ALNS-A,Example9,9,2,189.0,90.0,nan
ALNS-A,Example9,9,2,190.0,90.0,nan
ALNS-A,Example9,9,2,191.0,90.0,nan
ALNS-A,Example9,9,2,192.0,90.0,nan
ALNS-A,Example9,9,2,193.0,90.0,nan
ALNS-A,Example9,9,2,194.0,90.0,nan
ALNS-A,Example9,9,2,195.0,90.0,nan
ALNS-A,Example9,9,2,196.0,90.0,nan
ALNS-A,Example9,9,2,197.0,90.0,nan
ALNS-A,Example9,9,2,198.0,90.0,nan
ALNS-A,Example9,9,2,199.0,90.0,nan
ALNS-A,Example9,9,2,200.0,90.0,nan
ALNS-A,Example9,9,2,201.0,90.0,nan
ALNS-A,Example9,9,2,202.0,90.0,nan
ALNS-A,Example9,9,2,203.0,90.0,nan
ALNS-A,Example9,9,2,204.0,90.0,nan
ALNS-A,Example9,9,2,205.0,90.0,nan
ALNS-A,Example9,9,2,206.0,90.0,nan
ALNS-A,Example9,9,2,207.0,90.0,nan
ALNS-A,Example9,9,2,208.0,90.0,nan
ALNS-A,Example9,9,2,209.0,90.0,nan
ALNS-A,Example9,9,2,210.0,90.0,nan
ALNS-A,Example9,9,2,211.0,90.0,nan
ALNS-A,Example9,9,2,212.0,90.0,nan
ALNS-A,Example9,9,2,213.0,90.0,nan
ALNS-A,Example9,9,2,214.0,90.0,nan
ALNS-A,Example9,9,2,215.0,90.0,nan
ALNS-A,Example9,9,2,216.0,90.0,nan
ALNS-A,Example9,9,2,217.0,90.0,nan
ALNS-A,Example9,9,2,218.0,90.0,nan
ALNS-A,Example9,9,2,219.0,90.0,nan
ALNS-A,Example9,9,2,220.0,90.0,nan
ALNS-A,Example9,9,2,221.0,90.0,nan
ALNS-A,Example9,9,2,222.0,90.0,nan
ALNS-A,Example9,9,2,223.0,90.0,nan
ALNS-A,Example9,9,2,224.0,90.0,nan
ALNS-A,Example9,9,2,225.0,90.0,nan
ALNS-A,Example9,9,2,226.0,90.0,nan
ALNS-A,Example9,9,2,227.0,90.0,nan
ALNS-A,Example9,9,2,228.0,90.0,nan
ALNS-A,Example9,9,2,229.0,90.0,nan
ALNS-A,Example9,9,2,230.0,90.0,nan
ALNS-A,Example9,9,2,231.0,90.0,nan
ALNS-A,Example9,9,2,232.0,90.0,nan
ALNS-A,Example9,9,2,233.0,90.0,nan
ALNS-A,Example9,9,2,234.0,90.0,nan
ALNS-A,Example9,9,2,235.0,90.0,nan
ALNS-A,Example9,9,2,236.0,90.0,nan
ALNS-A,Example9,9,2,237.0,90.0,nan
ALNS-A,Example9,9,2,238.0,90.0,nan
ALNS-A,Example9,9,2,239.0,90.0,nan
ALNS-A,Example9,9,2,240.0,90.0,nan
ALNS-A,Example9,9,2,241.0,90.0,nan
ALNS-A,Example9,9,2,242.0,90.0,nan
ALNS-A,Example9,9,2,243.0,90.0,nan
ALNS-A,Example9,9,2,244.0,90.0,nan
ALNS-A,Example9,9,2,245.0,90.0,nan
ALNS-A,Example9,9,2,246.0,90.0,nan
ALNS-A,Example9,9,2,247.0,90.0,nan
ALNS-A,Example9,9,2,248.0,90.0,nan
ALNS-A,Example9,9,2,249.0,90.0,nan
ALNS-A,Example9,9,2,250.0,90.0,nan
ALNS-A,Example9,9,2,251.0,90.0,nan
ALNS-A,Example9,9,2,252.0,90.0,nan
ALNS-A,Example9,9,2,253.0,90.0,nan
ALNS-A,Example9,9,2,254.0,90.0,nan
ALNS-A,Example9,9,2,255.0,90.0,nan
ALNS-A,Example9,9,2,256.0,90.0,nan
ALNS-A,Example9,9,2,257.0,90.0,nan
ALNS-A,Example9,9,2,258.0,90.0,nan
ALNS-A,Example9,9,2,259.0,90.0,nan
ALNS-A,Example9,9,2,260.0,90.0,nan
ALNS-A,Example9,9,2,261.0,90.0,nan
ALNS-A,Example9,9,2,262.0,90.0,nan
ALNS-A,Example9,9,2,263.0,90.0,nan
ALNS-A,Example9,9,2,264.0,90.0,nan
ALNS-A,Example9,9,2,265.0,90.0,nan
ALNS-A,Example9,9,2,266.0,90.0,nan
ALNS-A,Example9,9,2,267.0,90.0,nan
ALNS-A,Example9,9,2,268.0,90.0,nan
ALNS-A,Example9,9,2,269.0,90.0,nan
ALNS-A,Example9,9,2,270.0,90.0,nan
ALNS-A,Example9,9,2,271.0,90.0,nan
ALNS-A,Example9,9,2,272.0,90.0,nan
ALNS-A,Example9,9,2,273.0,90.0,nan
ALNS-A,Example10,10,0,0.0,531.0,nan
ALNS-A,Example10,10,0,1.0,531.0,nan
ALNS-A,Example10,10,0,2.0,531.0,nan
ALNS-A,Example10,10,0,3.0,531.0,nan
ALNS-A,Example10,10,0,4.0,531.0,nan
ALNS-A,Example10,10,0,5.0,531.0,nan
ALNS-A,Example10,10,0,6.0,531.0,nan
ALNS-A,Example10,10,0,7.0,531.0,nan
ALNS-A,Example10,10,0,8.0,531.0,nan
ALNS-A,Example10,10,0,9.0,531.0,nan
ALNS-A,Example10,10,0,10.0,531.0,nan
ALNS-A,Example10,10,0,11.0,531.0,nan
ALNS-A,Example10,10,0,12.0,531.0,nan
ALNS-A,Example10,10,0,13.0,531.0,nan
ALNS-A,Example10,10,0,14.0,531.0,nan
ALNS-A,Example10,10,0,15.0,531.0,nan
ALNS-A,Example10,10,0,16.0,531.0,nan
ALNS-A,Example10,10,0,17.0,531.0,nan
ALNS-A,Example10,10,0,18.0,531.0,nan
ALNS-A,Example10,10,0,19.0,531.0,nan
ALNS-A,Example10,10,0,20.0,182.0,nan
ALNS-A,Example10,10,0,21.0,182.0,nan
ALNS-A,Example10,10,0,22.0,182.0,nan
ALNS-A,Example10,10,0,23.0,182.0,nan
ALNS-A,Example10,10,0,24.0,153.0,nan
ALNS-A,Example10,10,0,25.0,146.0,nan
ALNS-A,Example10,10,0,26.0,146.0,nan
ALNS-A,Example10,10,0,27.0,146.0,nan
ALNS-A,Example10,10,0,28.0,146.0,nan
ALNS-A,Example10,10,0,29.0,146.0,nan
ALNS-A,Example10,10,0,30.0,146.0,nan
ALNS-A,Example10,10,0,31.0,146.0,nan
ALNS-A,Example10,10,0,32.0,146.0,nan
ALNS-A,Example10,10,0,33.0,146.0,nan
ALNS-A,Example10,10,0,34.0,146.0,nan
ALNS-A,Example10,10,0,35.0,146.0,nan
ALNS-A,Example10,10,0,36.0,146.0,nan
ALNS-A,Example10,10,0,37.0,146.0,nan
ALNS-A,Example10,10,0,38.0,146.0,nan
ALNS-A,Example10,10,0,39.0,146.0,nan
ALNS-A,Example10,10,0,40.0,146.0,nan
ALNS-A,Example10,10,0,41.0,146.0,nan
ALNS-A,Example10,10,0,42.0,146.0,nan
ALNS-A,Example10,10,0,43.0,146.0,nan
ALNS-A,Example10,10,0,44.0,146.0,nan
ALNS-A,Example10,10,0,45.0,146.0,nan
ALNS-A,Example10,10,0,46.0,146.0,nan
ALNS-A,Example10,10,0,47.0,146.0,nan
ALNS-A,Example10,10,0,48.0,139.0,nan
ALNS-A,Example10,10,0,49.0,139.0,nan
ALNS-A,Example10,10,0,50.0,139.0,nan
ALNS-A,Example10,10,0,51.0,139.0,nan
ALNS-A,Example10,10,0,52.0,139.0,nan
ALNS-A,Example10,10,0,53.0,139.0,nan
ALNS-A,Example10,10,0,54.0,139.0,nan
ALNS-A,Example10,10,0,55.0,139.0,nan
ALNS-A,Example10,10,0,56.0,139.0,nan
ALNS-A,Example10,10,0,57.0,139.0,nan
ALNS-A,Example10,10,0,58.0,139.0,nan
ALNS-A,Example10,10,0,59.0,139.0,nan
ALNS-A,Example10,10,0,60.0,139.0,nan
ALNS-A,Example10,10,0,61.0,139.0,nan
ALNS-A,Example10,10,0,62.0,139.0,nan
ALNS-A,Example10,10,0,63.0,139.0,nan
ALNS-A,Example10,10,0,64.0,139.0,nan
ALNS-A,Example10,10,0,65.0,139.0,nan
ALNS-A,Example10,10,0,66.0,139.0,nan
ALNS-A,Example10,10,0,67.0,139.0,nan
ALNS-A,Example10,10,0,68.0,139.0,nan
ALNS-A,Example10,10,0,69.0,139.0,nan
ALNS-A,Example10,10,0,70.0,139.0,nan
ALNS-A,Example10,10,0,71.0,139.0,nan
ALNS-A,Example10,10,0,72.0,139.0,nan
ALNS-A,Example10,10,0,73.0,139.0,nan
ALNS-A,Example10,10,0,74.0,139.0,nan
ALNS-A,Example10,10,0,75.0,139.0,nan
ALNS-A,Example10,10,0,76.0,139.0,nan
ALNS-A,Example10,10,0,77.0,139.0,nan
ALNS-A,Example10,10,0,78.0,139.0,nan
ALNS-A,Example10,10,0,79.0,139.0,nan
ALNS-A,Example10,10,0,80.0,139.0,nan
ALNS-A,Example10,10,0,81.0,139.0,nan
ALNS-A,Example10,10,0,82.0,139.0,nan
ALNS-A,Example10,10,0,83.0,139.0,nan
ALNS-A,Example10,10,0,84.0,139.0,nan
ALNS-A,Example10,10,0,85.0,139.0,nan
ALNS-A,Example10,10,0,86.0,139.0,nan
ALNS-A,Example10,10,0,87.0,126.0,nan
ALNS-A,Example10,10,0,88.0,126.0,nan
ALNS-A,Example10,10,0,89.0,126.0,nan
ALNS-A,Example10,10,0,90.0,126.0,nan
ALNS-A,Example10,10,0,91.0,126.0,nan
ALNS-A,Example10,10,0,92.0,126.0,nan
ALNS-A,Example10,10,0,93.0,126.0,nan
ALNS-A,Example10,10,0,94.0,126.0,nan
ALNS-A,Example10,10,0,95.0,126.0,nan
ALNS-A,Example10,10,0,96.0,126.0,nan
ALNS-A,Example10,10,0,97.0,126.0,nan
ALNS-A,Example10,10,0,98.0,126.0,nan
ALNS-A,Example10,10,0,99.0,126.0,nan
ALNS-A,Example10,10,0,100.0,126.0,nan
ALNS-A,Example10,10,0,101.0,126.0,nan
ALNS-A,Example10,10,0,102.0,126.0,nan
ALNS-A,Example10,10,0,103.0,126.0,nan
ALNS-A,Example10,10,0,104.0,126.0,nan
ALNS-A,Example10,10,0,105.0,126.0,nan
ALNS-A,Example10,10,0,106.0,126.0,nan
ALNS-A,Example10,10,0,107.0,126.0,nan
ALNS-A,Example10,10,0,108.0,126.0,nan
ALNS-A,Example10,10,0,109.0,126.0,nan
ALNS-A,Example10,10,0,110.0,126.0,nan
ALNS-A,Example10,10,0,111.0,126.0,nan
ALNS-A,Example10,10,0,112.0,126.0,nan
ALNS-A,Example10,10,0,113.0,126.0,nan
ALNS-A,Example10,10,0,114.0,126.0,nan
ALNS-A,Example10,10,0,115.0,126.0,nan
ALNS-A,Example10,10,0,116.0,126.0,nan
ALNS-A,Example10,10,0,117.0,126.0,nan
ALNS-A,Example10,10,0,118.0,126.0,nan
ALNS-A,Example10,10,0,119.0,126.0,nan
ALNS-A,Example10,10,0,120.0,126.0,nan
ALNS-A,Example10,10,0,121.0,126.0,nan
ALNS-A,Example10,10,0,122.0,126.0,nan
ALNS-A,Example10,10,0,123.0,126.0,nan
ALNS-A,Example10,10,0,124.0,126.0,nan
ALNS-A,Example10,10,0,125.0,126.0,nan
ALNS-A,Example10,10,0,126.0,126.0,nan
ALNS-A,Example10,10,0,127.0,126.0,nan
ALNS-A,Example10,10,0,128.0,126.0,nan
ALNS-A,Example10,10,0,129.0,126.0,nan
ALNS-A,Example10,10,0,130.0,126.0,nan
ALNS-A,Example10,10,0,131.0,126.0,nan
ALNS-A,Example10,10,0,132.0,121.0,nan
ALNS-A,Example10,10,0,133.0,121.0,nan
ALNS-A,Example10,10,0,134.0,121.0,nan
ALNS-A,Example10,10,0,135.0,121.0,nan
ALNS-A,Example10,10,0,136.0,121.0,nan
ALNS-A,Example10,10,0,137.0,121.0,nan
ALNS-A,Example10,10,0,138.0,121.0,nan
ALNS-A,Example10,10,0,139.0,121.0,nan
ALNS-A,Example10,10,0,140.0,121.0,nan
ALNS-A,Example10,10,0,141.0,121.0,nan
ALNS-A,Example10,10,0,142.0,121.0,nan
ALNS-A,Example10,10,0,143.0,121.0,nan
ALNS-A,Example10,10,0,144.0,121.0,nan
ALNS-A,Example10,10,0,145.0,121.0,nan
ALNS-A,Example10,10,0,146.0,121.0,nan
ALNS-A,Example10,10,0,147.0,98.0,nan
ALNS-A,Example10,10,0,148.0,98.0,nan
ALNS-A,Example10,10,0,149.0,98.0,nan
ALNS-A,Example10,10,0,150.0,98.0,nan
ALNS-A,Example10,10,0,151.0,98.0,nan
ALNS-A,Example10,10,0,152.0,81.0,nan
ALNS-A,Example10,10,0,153.0,68.0,nan
ALNS-A,Example10,10,0,154.0,68.0,nan
ALNS-A,Example10,10,0,155.0,68.0,nan
ALNS-A,Example10,10,0,156.0,68.0,nan
ALNS-A,Example10,10,0,157.0,68.0,nan
ALNS-A,Example10,10,0,158.0,68.0,nan
ALNS-A,Example10,10,0,159.0,68.0,nan
ALNS-A,Example10,10,0,160.0,68.0,nan
ALNS-A,Example10,10,0,161.0,68.0,nan
ALNS-A,Example10,10,0,162.0,68.0,nan
ALNS-A,Example10,10,0,163.0,68.0,nan
ALNS-A,Example10,10,0,164.0,68.0,nan
ALNS-A,Example10,10,0,165.0,68.0,nan
ALNS-A,Example10,10,0,166.0,68.0,nan
ALNS-A,Example10,10,0,167.0,68.0,nan
ALNS-A,Example10,10,0,168.0,68.0,nan
ALNS-A,Example10,10,0,169.0,68.0,nan
ALNS-A,Example10,10,0,170.0,68.0,nan
ALNS-A,Example10,10,0,171.0,68.0,nan
ALNS-A,Example10,10,0,172.0,68.0,nan
ALNS-A,Example10,10,0,173.0,68.0,nan
ALNS-A,Example10,10,0,174.0,68.0,nan
ALNS-A,Example10,10,0,175.0,68.0,nan
ALNS-A,Example10,10,0,176.0,68.0,nan
ALNS-A,Example10,10,0,177.0,68.0,nan
ALNS-A,Example10,10,0,178.0,68.0,nan
ALNS-A,Example10,10,0,179.0,68.0,nan
ALNS-A,Example10,10,0,180.0,68.0,nan
ALNS-A,Example10,10,0,181.0,68.0,nan
ALNS-A,Example10,10,0,182.0,68.0,nan
ALNS-A,Example10,10,0,183.0,68.0,nan
ALNS-A,Example10,10,0,184.0,68.0,nan
ALNS-A,Example10,10,0,185.0,68.0,nan
ALNS-A,Example10,10,0,186.0,68.0,nan
ALNS-A,Example10,10,0,187.0,68.0,nan
ALNS-A,Example10,10,0,188.0,68.0,nan
ALNS-A,Example10,10,0,189.0,68.0,nan
ALNS-A,Example10,10,0,190.0,68.0,nan
ALNS-A,Example10,10,0,191.0,68.0,nan
ALNS-A,Example10,10,0,192.0,68.0,nan
ALNS-A,Example10,10,0,193.0,68.0,nan
ALNS-A,Example10,10,0,194.0,68.0,nan
ALNS-A,Example10,10,0,195.0,68.0,nan
ALNS-A,Example10,10,0,196.0,68.0,nan
ALNS-A,Example10,10,0,197.0,68.0,nan
ALNS-A,Example10,10,0,198.0,68.0,nan
ALNS-A,Example10,10,0,199.0,68.0,nan
ALNS-A,Example10,10,0,200.0,68.0,nan
ALNS-A,Example10,10,0,201.0,68.0,nan
ALNS-A,Example10,10,0,202.0,68.0,nan
ALNS-A,Example10,10,0,203.0,68.0,nan
ALNS-A,Example10,10,0,204.0,68.0,nan
ALNS-A,Example10,10,0,205.0,68.0,nan
ALNS-A,Example10,10,0,206.0,68.0,nan
ALNS-A,Example10,10,0,207.0,68.0,nan
ALNS-A,Example10,10,0,208.0,68.0,nan
ALNS-A,Example10,10,0,209.0,68.0,nan
ALNS-A,Example10,10,0,210.0,68.0,nan
ALNS-A,Example10,10,0,211.0,68.0,nan
ALNS-A,Example10,10,0,212.0,68.0,nan
ALNS-A,Example10,10,0,213.0,68.0,nan
ALNS-A,Example10,10,0,214.0,68.0,nan
ALNS-A,Example10,10,0,215.0,68.0,nan
ALNS-A,Example10,10,0,216.0,68.0,nan
ALNS-A,Example10,10,0,217.0,68.0,nan
ALNS-A,Example10,10,0,218.0,68.0,nan
ALNS-A,Example10,10,0,219.0,68.0,nan
ALNS-A,Example10,10,0,220.0,68.0,nan
ALNS-A,Example10,10,0,221.0,68.0,nan
ALNS-A,Example10,10,0,222.0,68.0,nan
ALNS-A,Example10,10,0,223.0,68.0,nan
ALNS-A,Example10,10,0,224.0,68.0,nan
ALNS-A,Example10,10,0,225.0,68.0,nan
ALNS-A,Example10,10,0,226.0,68.0,nan
ALNS-A,Example10,10,0,227.0,68.0,nan
ALNS-A,Example10,10,0,228.0,68.0,nan
ALNS-A,Example10,10,0,229.0,68.0,nan
ALNS-A,Example10,10,0,230.0,68.0,nan
ALNS-A,Example10,10,0,231.0,68.0,nan
ALNS-A,Example10,10,0,232.0,68.0,nan
ALNS-A,Example10,10,0,233.0,68.0,nan
ALNS-A,Example10,10,0,234.0,68.0,nan
ALNS-A,Example10,10,0,235.0,68.0,nan
ALNS-A,Example10,10,0,236.0,68.0,nan
ALNS-A,Example10,10,0,237.0,68.0,nan
ALNS-A,Example10,10,0,238.0,68.0,nan
ALNS-A,Example10,10,0,239.0,68.0,nan
ALNS-A,Example10,10,0,240.0,68.0,nan
ALNS-A,Example10,10,0,241.0,68.0,nan
ALNS-A,Example10,10,0,242.0,68.0,nan
ALNS-A,Example10,10,0,243.0,68.0,nan
ALNS-A,Example10,10,0,244.0,68.0,nan
ALNS-A,Example10,10,0,245.0,68.0,nan
ALNS-A,Example10,10,0,246.0,68.0,nan
ALNS-A,Example10,10,0,247.0,68.0,nan
ALNS-A,Example10,10,0,248.0,68.0,nan
ALNS-A,Example10,10,0,249.0,68.0,nan
ALNS-A,Example10,10,0,250.0,68.0,nan
ALNS-A,Example10,10,0,251.0,68.0,nan
ALNS-A,Example10,10,0,252.0,68.0,nan
ALNS-A,Example10,10,0,253.0,68.0,nan
ALNS-A,Example10,10,0,254.0,68.0,nan
ALNS-A,Example10,10,0,255.0,68.0,nan
ALNS-A,Example10,10,0,256.0,68.0,nan
ALNS-A,Example10,10,0,257.0,68.0,nan
ALNS-A,Example10,10,0,258.0,68.0,nan
ALNS-A,Example10,10,0,259.0,68.0,nan
ALNS-A,Example10,10,0,260.0,68.0,nan
ALNS-A,Example10,10,0,261.0,68.0,nan
ALNS-A,Example10,10,0,262.0,68.0,nan
ALNS-A,Example10,10,0,263.0,68.0,nan
ALNS-A,Example10,10,0,264.0,68.0,nan
ALNS-A,Example10,10,0,265.0,68.0,nan
ALNS-A,Example10,10,0,266.0,68.0,nan
ALNS-A,Example10,10,0,267.0,68.0,nan
ALNS-A,Example10,10,0,268.0,68.0,nan
ALNS-A,Example10,10,0,269.0,68.0,nan
ALNS-A,Example10,10,0,270.0,68.0,nan
ALNS-A,Example10,10,0,271.0,68.0,nan
ALNS-A,Example10,10,0,272.0,68.0,nan
ALNS-A,Example10,10,0,273.0,68.0,nan
ALNS-A,Example10,10,1,0.0,534.0,nan
ALNS-A,Example10,10,1,1.0,534.0,nan
ALNS-A,Example10,10,1,2.0,534.0,nan
ALNS-A,Example10,10,1,3.0,534.0,nan
ALNS-A,Example10,10,1,4.0,534.0,nan
ALNS-A,Example10,10,1,5.0,534.0,nan
ALNS-A,Example10,10,1,6.0,534.0,nan
ALNS-A,Example10,10,1,7.0,534.0,nan
ALNS-A,Example10,10,1,8.0,534.0,nan
ALNS-A,Example10,10,1,9.0,241.0,nan
ALNS-A,Example10,10,1,10.0,241.0,nan
ALNS-A,Example10,10,1,11.0,241.0,nan
ALNS-A,Example10,10,1,12.0,241.0,nan
ALNS-A,Example10,10,1,13.0,197.0,nan
ALNS-A,Example10,10,1,14.0,197.0,nan
ALNS-A,Example10,10,1,15.0,197.0,nan
ALNS-A,Example10,10,1,16.0,197.0,nan
ALNS-A,Example10,10,1,17.0,197.0,nan
ALNS-A,Example10,10,1,18.0,197.0,nan
ALNS-A,Example10,10,1,19.0,197.0,nan
ALNS-A,Example10,10,1,20.0,197.0,nan
ALNS-A,Example10,10,1,21.0,148.0,nan
ALNS-A,Example10,10,1,22.0,148.0,nan
ALNS-A,Example10,10,1,23.0,148.0,nan
ALNS-A,Example10,10,1,24.0,148.0,nan
ALNS-A,Example10,10,1,25.0,148.0,nan
ALNS-A,Example10,10,1,26.0,148.0,nan
ALNS-A,Example10,10,1,27.0,142.0,nan
ALNS-A,Example10,10,1,28.0,142.0,nan
ALNS-A,Example10,10,1,29.0,142.0,nan
ALNS-A,Example10,10,1,30.0,142.0,nan
ALNS-A,Example10,10,1,31.0,142.0,nan
ALNS-A,Example10,10,1,32.0,142.0,nan
ALNS-A,Example10,10,1,33.0,142.0,nan
ALNS-A,Example10,10,1,34.0,142.0,nan
ALNS-A,Example10,10,1,35.0,142.0,nan
ALNS-A,Example10,10,1,36.0,142.0,nan
ALNS-A,Example10,10,1,37.0,142.0,nan
ALNS-A,Example10,10,1,38.0,142.0,nan
ALNS-A,Example10,10,1,39.0,142.0,nan
ALNS-A,Example10,10,1,40.0,142.0,nan
ALNS-A,Example10,10,1,41.0,142.0,nan
ALNS-A,Example10,10,1,42.0,142.0,nan
ALNS-A,Example10,10,1,43.0,142.0,nan
ALNS-A,Example10,10,1,44.0,142.0,nan
ALNS-A,Example10,10,1,45.0,142.0,nan
ALNS-A,Example10,10,1,46.0,142.0,nan
ALNS-A,Example10,10,1,47.0,142.0,nan
ALNS-A,Example10,10,1,48.0,142.0,nan
ALNS-A,Example10,10,1,49.0,142.0,nan
ALNS-A,Example10,10,1,50.0,142.0,nan
ALNS-A,Example10,10,1,51.0,142.0,nan
ALNS-A,Example10,10,1,52.0,142.0,nan
ALNS-A,Example10,10,1,53.0,142.0,nan
ALNS-A,Example10,10,1,54.0,142.0,nan
ALNS-A,Example10,10,1,55.0,142.0,nan
ALNS-A,Example10,10,1,56.0,142.0,nan
ALNS-A,Example10,10,1,57.0,91.0,nan
ALNS-A,Example10,10,1,58.0,91.0,nan
ALNS-A,Example10,10,1,59.0,91.0,nan
ALNS-A,Example10,10,1,60.0,91.0,nan
ALNS-A,Example10,10,1,61.0,91.0,nan
ALNS-A,Example10,10,1,62.0,91.0,nan
ALNS-A,Example10,10,1,63.0,91.0,nan
ALNS-A,Example10,10,1,64.0,91.0,nan
ALNS-A,Example10,10,1,65.0,91.0,nan
ALNS-A,Example10,10,1,66.0,91.0,nan
ALNS-A,Example10,10,1,67.0,91.0,nan
ALNS-A,Example10,10,1,68.0,91.0,nan
ALNS-A,Example10,10,1,69.0,91.0,nan
ALNS-A,Example10,10,1,70.0,91.0,nan
ALNS-A,Example10,10,1,71.0,91.0,nan
ALNS-A,Example10,10,1,72.0,91.0,nan
ALNS-A,Example10,10,1,73.0,91.0,nan
ALNS-A,Example10,10,1,74.0,91.0,nan
ALNS-A,Example10,10,1,75.0,91.0,nan
ALNS-A,Example10,10,1,76.0,91.0,nan
ALNS-A,Example10,10,1,77.0,58.0,nan
ALNS-A,Example10,10,1,78.0,58.0,nan
ALNS-A,Example10,10,1,79.0,58.0,nan
ALNS-A,Example10,10,1,80.0,58.0,nan
ALNS-A,Example10,10,1,81.0,58.0,nan
ALNS-A,Example10,10,1,82.0,58.0,nan
ALNS-A,Example10,10,1,83.0,58.0,nan
ALNS-A,Example10,10,1,84.0,58.0,nan
ALNS-A,Example10,10,1,85.0,58.0,nan
ALNS-A,Example10,10,1,86.0,58.0,nan
ALNS-A,Example10,10,1,87.0,58.0,nan
ALNS-A,Example10,10,1,88.0,58.0,nan
ALNS-A,Example10,10,1,89.0,58.0,nan
ALNS-A,Example10,10,1,90.0,58.0,nan
ALNS-A,Example10,10,1,91.0,58.0,nan
ALNS-A,Example10,10,1,92.0,58.0,nan
ALNS-A,Example10,10,1,93.0,58.0,nan
ALNS-A,Example10,10,1,94.0,58.0,nan
ALNS-A,Example10,10,1,95.0,58.0,nan
ALNS-A,Example10,10,1,96.0,58.0,nan
ALNS-A,Example10,10,1,97.0,58.0,nan
ALNS-A,Example10,10,1,98.0,55.0,nan
ALNS-A,Example10,10,1,99.0,55.0,nan
ALNS-A,Example10,10,1,100.0,55.0,nan
ALNS-A,Example10,10,1,101.0,55.0,nan
ALNS-A,Example10,10,1,102.0,55.0,nan
ALNS-A,Example10,10,1,103.0,55.0,nan
ALNS-A,Example10,10,1,104.0,55.0,nan
ALNS-A,Example10,10,1,105.0,55.0,nan
ALNS-A,Example10,10,1,106.0,55.0,nan
ALNS-A,Example10,10,1,107.0,55.0,nan
ALNS-A,Example10,10,1,108.0,55.0,nan
ALNS-A,Example10,10,1,109.0,55.0,nan
ALNS-A,Example10,10,1,110.0,55.0,nan
ALNS-A,Example10,10,1,111.0,55.0,nan
ALNS-A,Example10,10,1,112.0,55.0,nan
ALNS-A,Example10,10,1,113.0,55.0,nan
ALNS-A,Example10,10,1,114.0,55.0,nan
ALNS-A,Example10,10,1,115.0,55.0,nan
ALNS-A,Example10,10,1,116.0,55.0,nan
ALNS-A,Example10,10,1,117.0,55.0,nan
ALNS-A,Example10,10,1,118.0,55.0,nan
ALNS-A,Example10,10,1,119.0,55.0,nan
ALNS-A,Example10,10,1,120.0,55.0,nan
ALNS-A,Example10,10,1,121.0,55.0,nan
ALNS-A,Example10,10,1,122.0,55.0,nan
ALNS-A,Example10,10,1,123.0,55.0,nan
ALNS-A,Example10,10,1,124.0,55.0,nan
ALNS-A,Example10,10,1,125.0,55.0,nan
ALNS-A,Example10,10,1,126.0,55.0,nan
ALNS-A,Example10,10,1,127.0,55.0,nan
ALNS-A,Example10,10,1,128.0,55.0,nan
ALNS-A,Example10,10,1,129.0,55.0,nan
ALNS-A,Example10,10,1,130.0,55.0,nan
ALNS-A,Example10,10,1,131.0,55.0,nan
ALNS-A,Example10,10,1,132.0,55.0,nan
ALNS-A,Example10,10,1,133.0,55.0,nan
ALNS-A,Example10,10,1,134.0,55.0,nan
ALNS-A,Example10,10,1,135.0,55.0,nan
ALNS-A,Example10,10,1,136.0,55.0,nan
ALNS-A,Example10,10,1,137.0,55.0,nan
ALNS-A,Example10,10,1,138.0,55.0,nan
ALNS-A,Example10,10,1,139.0,55.0,nan
ALNS-A,Example10,10,1,140.0,55.0,nan
ALNS-A,Example10,10,1,141.0,55.0,nan
ALNS-A,Example10,10,1,142.0,55.0,nan
ALNS-A,Example10,10,1,143.0,55.0,nan
ALNS-A,Example10,10,1,144.0,55.0,nan
ALNS-A,Example10,10,1,145.0,55.0,nan
ALNS-A,Example10,10,1,146.0,55.0,nan
ALNS-A,Example10,10,1,147.0,55.0,nan
ALNS-A,Example10,10,1,148.0,55.0,nan
ALNS-A,Example10,10,1,149.0,55.0,nan
ALNS-A,Example10,10,1,150.0,55.0,nan
ALNS-A,Example10,10,1,151.0,55.0,nan
ALNS-A,Example10,10,1,152.0,55.0,nan
ALNS-A,Example10,10,1,153.0,55.0,nan
ALNS-A,Example10,10,1,154.0,55.0,nan
ALNS-A,Example10,10,1,155.0,55.0,nan
ALNS-A,Example10,10,1,156.0,55.0,nan
ALNS-A,Example10,10,1,157.0,55.0,nan
ALNS-A,Example10,10,1,158.0,55.0,nan
ALNS-A,Example10,10,1,159.0,51.0,nan
ALNS-A,Example10,10,1,160.0,51.0,nan
ALNS-A,Example10,10,1,161.0,51.0,nan
ALNS-A,Example10,10,1,162.0,51.0,nan
ALNS-A,Example10,10,1,163.0,51.0,nan
ALNS-A,Example10,10,1,164.0,51.0,nan
ALNS-A,Example10,10,1,165.0,51.0,nan
ALNS-A,Example10,10,1,166.0,51.0,nan
ALNS-A,Example10,10,1,167.0,51.0,nan
ALNS-A,Example10,10,1,168.0,51.0,nan
ALNS-A,Example10,10,1,169.0,51.0,nan
ALNS-A,Example10,10,1,170.0,51.0,nan
ALNS-A,Example10,10,1,171.0,51.0,nan
ALNS-A,Example10,10,1,172.0,51.0,nan
ALNS-A,Example10,10,1,173.0,51.0,nan
ALNS-A,Example10,10,1,174.0,51.0,nan
ALNS-A,Example10,10,1,175.0,51.0,nan
ALNS-A,Example10,10,1,176.0,51.0,nan
ALNS-A,Example10,10,1,177.0,51.0,nan
ALNS-A,Example10,10,1,178.0,51.0,nan
ALNS-A,Example10,10,1,179.0,51.0,nan
ALNS-A,Example10,10,1,180.0,51.0,nan
ALNS-A,Example10,10,1,181.0,51.0,nan
ALNS-A,Example10,10,1,182.0,51.0,nan
ALNS-A,Example10,10,1,183.0,51.0,nan
ALNS-A,Example10,10,1,184.0,51.0,nan
ALNS-A,Example10,10,1,185.0,51.0,nan
ALNS-A,Example10,10,1,186.0,51.0,nan
ALNS-A,Example10,10,1,187.0,51.0,nan
ALNS-A,Example10,10,1,188.0,51.0,nan
ALNS-A,Example10,10,1,189.0,51.0,nan
ALNS-A,Example10,10,1,190.0,51.0,nan
ALNS-A,Example10,10,1,191.0,51.0,nan
ALNS-A,Example10,10,1,192.0,51.0,nan
ALNS-A,Example10,10,1,193.0,51.0,nan
ALNS-A,Example10,10,1,194.0,51.0,nan
ALNS-A,Example10,10,1,195.0,51.0,nan
ALNS-A,Example10,10,1,196.0,51.0,nan
ALNS-A,Example10,10,1,197.0,51.0,nan
ALNS-A,Example10,10,1,198.0,51.0,nan
ALNS-A,Example10,10,1,199.0,51.0,nan
ALNS-A,Example10,10,1,200.0,51.0,nan
ALNS-A,Example10,10,1,201.0,51.0,nan
ALNS-A,Example10,10,1,202.0,51.0,nan
ALNS-A,Example10,10,1,203.0,51.0,nan
ALNS-A,Example10,10,1,204.0,51.0,nan
ALNS-A,Example10,10,1,205.0,51.0,nan
ALNS-A,Example10,10,1,206.0,51.0,nan
ALNS-A,Example10,10,1,207.0,51.0,nan
ALNS-A,Example10,10,1,208.0,51.0,nan
ALNS-A,Example10,10,1,209.0,51.0,nan
ALNS-A,Example10,10,1,210.0,51.0,nan
ALNS-A,Example10,10,1,211.0,51.0,nan
ALNS-A,Example10,10,1,212.0,51.0,nan
ALNS-A,Example10,10,1,213.0,51.0,nan
ALNS-A,Example10,10,1,214.0,51.0,nan
ALNS-A,Example10,10,1,215.0,51.0,nan
ALNS-A,Example10,10,1,216.0,51.0,nan
ALNS-A,Example10,10,1,217.0,51.0,nan
ALNS-A,Example10,10,1,218.0,51.0,nan
ALNS-A,Example10,10,1,219.0,51.0,nan
ALNS-A,Example10,10,1,220.0,51.0,nan
ALNS-A,Example10,10,1,221.0,51.0,nan
ALNS-A,Example10,10,1,222.0,51.0,nan
ALNS-A,Example10,10,1,223.0,51.0,nan
ALNS-A,Example10,10,1,224.0,51.0,nan
ALNS-A,Example10,10,1,225.0,51.0,nan
ALNS-A,Example10,10,1,226.0,51.0,nan
ALNS-A,Example10,10,1,227.0,51.0,nan
ALNS-A,Example10,10,1,228.0,51.0,nan
ALNS-A,Example10,10,1,229.0,51.0,nan
ALNS-A,Example10,10,1,230.0,51.0,nan
ALNS-A,Example10,10,1,231.0,51.0,nan
ALNS-A,Example10,10,1,232.0,51.0,nan
ALNS-A,Example10,10,1,233.0,51.0,nan
ALNS-A,Example10,10,1,234.0,51.0,nan
ALNS-A,Example10,10,1,235.0,51.0,nan
ALNS-A,Example10,10,1,236.0,51.0,nan
ALNS-A,Example10,10,1,237.0,51.0,nan
ALNS-A,Example10,10,1,238.0,51.0,nan
ALNS-A,Example10,10,1,239.0,51.0,nan
ALNS-A,Example10,10,1,240.0,51.0,nan
ALNS-A,Example10,10,1,241.0,51.0,nan
ALNS-A,Example10,10,1,242.0,51.0,nan
ALNS-A,Example10,10,1,243.0,51.0,nan
ALNS-A,Example10,10,1,244.0,51.0,nan
ALNS-A,Example10,10,1,245.0,51.0,nan
ALNS-A,Example10,10,1,246.0,51.0,nan
ALNS-A,Example10,10,1,247.0,51.0,nan
ALNS-A,Example10,10,1,248.0,51.0,nan
ALNS-A,Example10,10,1,249.0,51.0,nan
ALNS-A,Example10,10,1,250.0,51.0,nan
ALNS-A,Example10,10,1,251.0,51.0,nan
ALNS-A,Example10,10,1,252.0,51.0,nan
ALNS-A,Example10,10,1,253.0,51.0,nan
ALNS-A,Example10,10,1,254.0,51.0,nan
ALNS-A,Example10,10,1,255.0,51.0,nan
ALNS-A,Example10,10,1,256.0,51.0,nan
ALNS-A,Example10,10,1,257.0,51.0,nan
ALNS-A,Example10,10,1,258.0,51.0,nan
ALNS-A,Example10,10,1,259.0,51.0,nan
ALNS-A,Example10,10,1,260.0,51.0,nan
ALNS-A,Example10,10,1,261.0,51.0,nan
ALNS-A,Example10,10,1,262.0,51.0,nan
ALNS-A,Example10,10,1,263.0,51.0,nan
ALNS-A,Example10,10,1,264.0,51.0,nan
ALNS-A,Example10,10,1,265.0,51.0,nan
ALNS-A,Example10,10,1,266.0,51.0,nan
ALNS-A,Example10,10,1,267.0,51.0,nan
ALNS-A,Example10,10,1,268.0,51.0,nan
ALNS-A,Example10,10,1,269.0,51.0,nan
ALNS-A,Example10,10,1,270.0,51.0,nan
ALNS-A,Example10,10,1,271.0,51.0,nan
ALNS-A,Example10,10,1,272.0,51.0,nan
ALNS-A,Example10,10,1,273.0,51.0,nan
ALNS-A,Example10,10,2,0.0,543.0,nan
ALNS-A,Example10,10,2,1.0,543.0,nan
ALNS-A,Example10,10,2,2.0,543.0,nan
ALNS-A,Example10,10,2,3.0,543.0,nan
ALNS-A,Example10,10,2,4.0,543.0,nan
ALNS-A,Example10,10,2,5.0,543.0,nan
ALNS-A,Example10,10,2,6.0,543.0,nan
ALNS-A,Example10,10,2,7.0,531.0,nan
ALNS-A,Example10,10,2,8.0,531.0,nan
ALNS-A,Example10,10,2,9.0,531.0,nan
ALNS-A,Example10,10,2,10.0,531.0,nan
ALNS-A,Example10,10,2,11.0,44.0,nan
ALNS-A,Example10,10,2,12.0,44.0,nan
ALNS-A,Example10,10,2,13.0,44.0,nan
ALNS-A,Example10,10,2,14.0,44.0,nan
ALNS-A,Example10,10,2,15.0,44.0,nan
ALNS-A,Example10,10,2,16.0,44.0,nan
ALNS-A,Example10,10,2,17.0,44.0,nan
ALNS-A,Example10,10,2,18.0,44.0,nan
ALNS-A,Example10,10,2,19.0,44.0,nan
ALNS-A,Example10,10,2,20.0,44.0,nan
ALNS-A,Example10,10,2,21.0,44.0,nan
ALNS-A,Example10,10,2,22.0,44.0,nan
ALNS-A,Example10,10,2,23.0,44.0,nan
ALNS-A,Example10,10,2,24.0,44.0,nan
ALNS-A,Example10,10,2,25.0,44.0,nan
ALNS-A,Example10,10,2,26.0,44.0,nan
ALNS-A,Example10,10,2,27.0,44.0,nan
ALNS-A,Example10,10,2,28.0,44.0,nan
ALNS-A,Example10,10,2,29.0,44.0,nan
ALNS-A,Example10,10,2,30.0,44.0,nan
ALNS-A,Example10,10,2,31.0,43.0,nan
ALNS-A,Example10,10,2,32.0,29.0,nan
ALNS-A,Example10,10,2,33.0,29.0,nan
ALNS-A,Example10,10,2,34.0,29.0,nan
ALNS-A,Example10,10,2,35.0,29.0,nan
ALNS-A,Example10,10,2,36.0,27.0,nan
ALNS-A,Example10,10,2,37.0,27.0,nan
ALNS-A,Example10,10,2,38.0,27.0,nan
ALNS-A,Example10,10,2,39.0,27.0,nan
ALNS-A,Example10,10,2,40.0,27.0,nan
ALNS-A,Example10,10,2,41.0,27.0,nan
ALNS-A,Example10,10,2,42.0,27.0,nan
ALNS-A,Example10,10,2,43.0,27.0,nan
ALNS-A,Example10,10,2,44.0,27.0,nan
ALNS-A,Example10,10,2,45.0,27.0,nan
ALNS-A,Example10,10,2,46.0,27.0,nan
ALNS-A,Example10,10,2,47.0,27.0,nan
ALNS-A,Example10,10,2,48.0,27.0,nan
ALNS-A,Example10,10,2,49.0,27.0,nan
ALNS-A,Example10,10,2,50.0,27.0,nan
ALNS-A,Example10,10,2,51.0,27.0,nan
ALNS-A,Example10,10,2,52.0,27.0,nan
ALNS-A,Example10,10,2,53.0,27.0,nan
ALNS-A,Example10,10,2,54.0,27.0,nan
ALNS-A,Example10,10,2,55.0,27.0,nan
ALNS-A,Example10,10,2,56.0,27.0,nan
ALNS-A,Example10,10,2,57.0,27.0,nan
ALNS-A,Example10,10,2,58.0,27.0,nan
ALNS-A,Example10,10,2,59.0,27.0,nan
ALNS-A,Example10,10,2,60.0,27.0,nan
ALNS-A,Example10,10,2,61.0,27.0,nan
ALNS-A,Example10,10,2,62.0,27.0,nan
ALNS-A,Example10,10,2,63.0,27.0,nan
ALNS-A,Example10,10,2,64.0,27.0,nan
ALNS-A,Example10,10,2,65.0,27.0,nan
ALNS-A,Example10,10,2,66.0,27.0,nan
ALNS-A,Example10,10,2,67.0,27.0,nan
ALNS-A,Example10,10,2,68.0,27.0,nan
ALNS-A,Example10,10,2,69.0,27.0,nan
ALNS-A,Example10,10,2,70.0,27.0,nan
ALNS-A,Example10,10,2,71.0,27.0,nan
ALNS-A,Example10,10,2,72.0,27.0,nan
ALNS-A,Example10,10,2,73.0,27.0,nan
ALNS-A,Example10,10,2,74.0,27.0,nan
ALNS-A,Example10,10,2,75.0,27.0,nan
ALNS-A,Example10,10,2,76.0,27.0,nan
ALNS-A,Example10,10,2,77.0,27.0,nan
ALNS-A,Example10,10,2,78.0,27.0,nan
ALNS-A,Example10,10,2,79.0,27.0,nan
ALNS-A,Example10,10,2,80.0,27.0,nan
ALNS-A,Example10,10,2,81.0,27.0,nan
ALNS-A,Example10,10,2,82.0,27.0,nan
ALNS-A,Example10,10,2,83.0,27.0,nan
ALNS-A,Example10,10,2,84.0,27.0,nan
ALNS-A,Example10,10,2,85.0,27.0,nan
ALNS-A,Example10,10,2,86.0,27.0,nan
ALNS-A,Example10,10,2,87.0,27.0,nan
ALNS-A,Example10,10,2,88.0,27.0,nan
ALNS-A,Example10,10,2,89.0,27.0,nan
ALNS-A,Example10,10,2,90.0,27.0,nan
ALNS-A,Example10,10,2,91.0,27.0,nan
ALNS-A,Example10,10,2,92.0,27.0,nan
ALNS-A,Example10,10,2,93.0,27.0,nan
ALNS-A,Example10,10,2,94.0,27.0,nan
ALNS-A,Example10,10,2,95.0,27.0,nan
ALNS-A,Example10,10,2,96.0,27.0,nan
ALNS-A,Example10,10,2,97.0,27.0,nan
ALNS-A,Example10,10,2,98.0,27.0,nan
ALNS-A,Example10,10,2,99.0,27.0,nan
ALNS-A,Example10,10,2,100.0,27.0,nan
ALNS-A,Example10,10,2,101.0,27.0,nan
ALNS-A,Example10,10,2,102.0,27.0,nan
ALNS-A,Example10,10,2,103.0,27.0,nan
ALNS-A,Example10,10,2,104.0,27.0,nan
ALNS-A,Example10,10,2,105.0,27.0,nan
ALNS-A,Example10,10,2,106.0,27.0,nan
ALNS-A,Example10,10,2,107.0,27.0,nan
ALNS-A,Example10,10,2,108.0,27.0,nan
ALNS-A,Example10,10,2,109.0,27.0,nan
ALNS-A,Example10,10,2,110.0,27.0,nan
ALNS-A,Example10,10,2,111.0,27.0,nan
ALNS-A,Example10,10,2,112.0,27.0,nan
ALNS-A,Example10,10,2,113.0,27.0,nan
ALNS-A,Example10,10,2,114.0,27.0,nan
ALNS-A,Example10,10,2,115.0,27.0,nan
ALNS-A,Example10,10,2,116.0,27.0,nan
ALNS-A,Example10,10,2,117.0,27.0,nan
ALNS-A,Example10,10,2,118.0,27.0,nan
ALNS-A,Example10,10,2,119.0,27.0,nan
ALNS-A,Example10,10,2,120.0,27.0,nan
ALNS-A,Example10,10,2,121.0,27.0,nan
ALNS-A,Example10,10,2,122.0,27.0,nan
ALNS-A,Example10,10,2,123.0,27.0,nan
ALNS-A,Example10,10,2,124.0,27.0,nan
ALNS-A,Example10,10,2,125.0,27.0,nan
ALNS-A,Example10,10,2,126.0,27.0,nan
ALNS-A,Example10,10,2,127.0,27.0,nan
ALNS-A,Example10,10,2,128.0,27.0,nan
ALNS-A,Example10,10,2,129.0,27.0,nan
ALNS-A,Example10,10,2,130.0,27.0,nan
ALNS-A,Example10,10,2,131.0,27.0,nan
ALNS-A,Example10,10,2,132.0,27.0,nan
ALNS-A,Example10,10,2,133.0,27.0,nan
ALNS-A,Example10,10,2,134.0,27.0,nan
ALNS-A,Example10,10,2,135.0,27.0,nan
ALNS-A,Example10,10,2,136.0,27.0,nan
ALNS-A,Example10,10,2,137.0,27.0,nan
ALNS-A,Example10,10,2,138.0,27.0,nan
ALNS-A,Example10,10,2,139.0,27.0,nan
ALNS-A,Example10,10,2,140.0,27.0,nan
ALNS-A,Example10,10,2,141.0,27.0,nan
ALNS-A,Example10,10,2,142.0,27.0,nan
ALNS-A,Example10,10,2,143.0,27.0,nan
ALNS-A,Example10,10,2,144.0,27.0,nan
ALNS-A,Example10,10,2,145.0,27.0,nan
ALNS-A,Example10,10,2,146.0,27.0,nan
ALNS-A,Example10,10,2,147.0,27.0,nan
ALNS-A,Example10,10,2,148.0,27.0,nan
ALNS-A,Example10,10,2,149.0,27.0,nan
ALNS-A,Example10,10,2,150.0,27.0,nan
ALNS-A,Example10,10,2,151.0,27.0,nan
ALNS-A,Example10,10,2,152.0,27.0,nan
ALNS-A,Example10,10,2,153.0,27.0,nan
ALNS-A,Example10,10,2,154.0,27.0,nan
ALNS-A,Example10,10,2,155.0,27.0,nan
ALNS-A,Example10,10,2,156.0,27.0,nan
ALNS-A,Example10,10,2,157.0,27.0,nan
ALNS-A,Example10,10,2,158.0,27.0,nan
ALNS-A,Example10,10,2,159.0,27.0,nan
ALNS-A,Example10,10,2,160.0,27.0,nan
ALNS-A,Example10,10,2,161.0,27.0,nan
ALNS-A,Example10,10,2,162.0,27.0,nan
ALNS-A,Example10,10,2,163.0,27.0,nan
ALNS-A,Example10,10,2,164.0,27.0,nan
ALNS-A,Example10,10,2,165.0,27.0,nan
ALNS-A,Example10,10,2,166.0,27.0,nan
ALNS-A,Example10,10,2,167.0,27.0,nan
ALNS-A,Example10,10,2,168.0,27.0,nan
ALNS-A,Example10,10,2,169.0,27.0,nan
ALNS-A,Example10,10,2,170.0,27.0,nan
ALNS-A,Example10,10,2,171.0,27.0,nan
ALNS-A,Example10,10,2,172.0,27.0,nan
ALNS-A,Example10,10,2,173.0,27.0,nan
ALNS-A,Example10,10,2,174.0,27.0,nan
ALNS-A,Example10,10,2,175.0,27.0,nan
ALNS-A,Example10,10,2,176.0,27.0,nan
ALNS-A,Example10,10,2,177.0,27.0,nan
ALNS-A,Example10,10,2,178.0,27.0,nan
ALNS-A,Example10,10,2,179.0,27.0,nan
ALNS-A,Example10,10,2,180.0,27.0,nan
ALNS-A,Example10,10,2,181.0,27.0,nan
ALNS-A,Example10,10,2,182.0,27.0,nan
ALNS-A,Example10,10,2,183.0,27.0,nan
ALNS-A,Example10,10,2,184.0,27.0,nan
ALNS-A,Example10,10,2,185.0,27.0,nan
ALNS-A,Example10,10,2,186.0,27.0,nan
ALNS-A,Example10,10,2,187.0,27.0,nan
ALNS-A,Example10,10,2,188.0,27.0,nan
ALNS-A,Example10,10,2,189.0,27.0,nan
ALNS-A,Example10,10,2,190.0,27.0,nan
ALNS-A,Example10,10,2,191.0,27.0,nan
ALNS-A,Example10,10,2,192.0,27.0,nan
ALNS-A,Example10,10,2,193.0,27.0,nan
ALNS-A,Example10,10,2,194.0,27.0,nan
ALNS-A,Example10,10,2,195.0,27.0,nan
ALNS-A,Example10,10,2,196.0,27.0,nan
ALNS-A,Example10,10,2,197.0,27.0,nan
ALNS-A,Example10,10,2,198.0,27.0,nan
ALNS-A,Example10,10,2,199.0,27.0,nan
ALNS-A,Example10,10,2,200.0,27.0,nan
ALNS-A,Example10,10,2,201.0,27.0,nan
ALNS-A,Example10,10,2,202.0,27.0,nan
ALNS-A,Example10,10,2,203.0,27.0,nan
ALNS-A,Example10,10,2,204.0,27.0,nan
ALNS-A,Example10,10,2,205.0,27.0,nan
ALNS-A,Example10,10,2,206.0,27.0,nan
ALNS-A,Example10,10,2,207.0,27.0,nan
ALNS-A,Example10,10,2,208.0,27.0,nan
ALNS-A,Example10,10,2,209.0,27.0,nan
ALNS-A,Example10,10,2,210.0,27.0,nan
ALNS-A,Example10,10,2,211.0,27.0,nan
ALNS-A,Example10,10,2,212.0,27.0,nan
ALNS-A,Example10,10,2,213.0,27.0,nan
ALNS-A,Example10,10,2,214.0,27.0,nan
ALNS-A,Example10,10,2,215.0,27.0,nan
ALNS-A,Example10,10,2,216.0,27.0,nan
ALNS-A,Example10,10,2,217.0,27.0,nan
ALNS-A,Example10,10,2,218.0,27.0,nan
ALNS-A,Example10,10,2,219.0,27.0,nan
ALNS-A,Example10,10,2,220.0,27.0,nan
ALNS-A,Example10,10,2,221.0,27.0,nan
ALNS-A,Example10,10,2,222.0,27.0,nan
ALNS-A,Example10,10,2,223.0,27.0,nan
ALNS-A,Example10,10,2,224.0,27.0,nan
ALNS-A,Example10,10,2,225.0,27.0,nan
ALNS-A,Example10,10,2,226.0,27.0,nan
ALNS-A,Example10,10,2,227.0,27.0,nan
ALNS-A,Example10,10,2,228.0,27.0,nan
ALNS-A,Example10,10,2,229.0,27.0,nan
ALNS-A,Example10,10,2,230.0,27.0,nan
ALNS-A,Example10,10,2,231.0,27.0,nan
ALNS-A,Example10,10,2,232.0,27.0,nan
ALNS-A,Example10,10,2,233.0,27.0,nan
ALNS-A,Example10,10,2,234.0,27.0,nan
ALNS-A,Example10,10,2,235.0,27.0,nan
ALNS-A,Example10,10,2,236.0,27.0,nan
ALNS-A,Example10,10,2,237.0,27.0,nan
ALNS-A,Example10,10,2,238.0,27.0,nan
ALNS-A,Example10,10,2,239.0,27.0,nan
ALNS-A,Example10,10,2,240.0,27.0,nan
ALNS-A,Example10,10,2,241.0,27.0,nan
ALNS-A,Example10,10,2,242.0,27.0,nan
ALNS-A,Example10,10,2,243.0,27.0,nan
ALNS-A,Example10,10,2,244.0,27.0,nan
ALNS-A,Example10,10,2,245.0,27.0,nan
ALNS-A,Example10,10,2,246.0,27.0,nan
ALNS-A,Example10,10,2,247.0,27.0,nan
ALNS-A,Example10,10,2,248.0,27.0,nan
ALNS-A,Example10,10,2,249.0,27.0,nan
ALNS-A,Example10,10,2,250.0,27.0,nan
ALNS-A,Example10,10,2,251.0,27.0,nan
ALNS-A,Example10,10,2,252.0,27.0,nan
ALNS-A,Example10,10,2,253.0,27.0,nan
ALNS-A,Example10,10,2,254.0,27.0,nan
ALNS-A,Example10,10,2,255.0,27.0,nan
ALNS-A,Example10,10,2,256.0,27.0,nan
ALNS-A,Example10,10,2,257.0,27.0,nan
ALNS-A,Example10,10,2,258.0,27.0,nan
ALNS-A,Example10,10,2,259.0,27.0,nan
ALNS-A,Example10,10,2,260.0,27.0,nan
ALNS-A,Example10,10,2,261.0,27.0,nan
ALNS-A,Example10,10,2,262.0,27.0,nan
ALNS-A,Example10,10,2,263.0,27.0,nan
ALNS-A,Example10,10,2,264.0,27.0,nan
ALNS-A,Example10,10,2,265.0,27.0,nan
ALNS-A,Example10,10,2,266.0,27.0,nan
ALNS-A,Example10,10,2,267.0,27.0,nan
ALNS-A,Example10,10,2,268.0,27.0,nan
ALNS-A,Example10,10,2,269.0,27.0,nan
ALNS-A,Example10,10,2,270.0,27.0,nan
ALNS-A,Example10,10,2,271.0,27.0,nan
ALNS-A,Example10,10,2,272.0,27.0,nan
ALNS-A,Example10,10,2,273.0,27.0,nan
ALNS-A,Example11,11,0,0.0,1105.0,nan
ALNS-A,Example11,11,0,1.0,1105.0,nan
ALNS-A,Example11,11,0,2.0,1105.0,nan
ALNS-A,Example11,11,0,3.0,1105.0,nan
ALNS-A,Example11,11,0,4.0,1105.0,nan
ALNS-A,Example11,11,0,5.0,1105.0,nan
ALNS-A,Example11,11,0,6.0,1105.0,nan
ALNS-A,Example11,11,0,7.0,1105.0,nan
ALNS-A,Example11,11,0,8.0,1105.0,nan
ALNS-A,Example11,11,0,9.0,1105.0,nan
ALNS-A,Example11,11,0,10.0,1105.0,nan
ALNS-A,Example11,11,0,11.0,1105.0,nan
ALNS-A,Example11,11,0,12.0,1105.0,nan
ALNS-A,Example11,11,0,13.0,1105.0,nan
ALNS-A,Example11,11,0,14.0,1105.0,nan
ALNS-A,Example11,11,0,15.0,1105.0,nan
ALNS-A,Example11,11,0,16.0,1105.0,nan
ALNS-A,Example11,11,0,17.0,1105.0,nan
ALNS-A,Example11,11,0,18.0,1105.0,nan
ALNS-A,Example11,11,0,19.0,1105.0,nan
ALNS-A,Example11,11,0,20.0,151.0,nan
ALNS-A,Example11,11,0,21.0,151.0,nan
ALNS-A,Example11,11,0,22.0,151.0,nan
ALNS-A,Example11,11,0,23.0,151.0,nan
ALNS-A,Example11,11,0,24.0,151.0,nan
ALNS-A,Example11,11,0,25.0,151.0,nan
ALNS-A,Example11,11,0,26.0,151.0,nan
ALNS-A,Example11,11,0,27.0,151.0,nan
ALNS-A,Example11,11,0,28.0,151.0,nan
ALNS-A,Example11,11,0,29.0,151.0,nan
ALNS-A,Example11,11,0,30.0,151.0,nan
ALNS-A,Example11,11,0,31.0,151.0,nan
ALNS-A,Example11,11,0,32.0,151.0,nan
ALNS-A,Example11,11,0,33.0,151.0,nan
ALNS-A,Example11,11,0,34.0,151.0,nan
ALNS-A,Example11,11,0,35.0,151.0,nan
ALNS-A,Example11,11,0,36.0,151.0,nan
ALNS-A,Example11,11,0,37.0,151.0,nan
ALNS-A,Example11,11,0,38.0,149.0,nan
ALNS-A,Example11,11,0,39.0,149.0,nan
ALNS-A,Example11,11,0,40.0,149.0,nan
ALNS-A,Example11,11,0,41.0,149.0,nan
ALNS-A,Example11,11,0,42.0,149.0,nan
ALNS-A,Example11,11,0,43.0,149.0,nan
ALNS-A,Example11,11,0,44.0,149.0,nan
ALNS-A,Example11,11,0,45.0,149.0,nan
ALNS-A,Example11,11,0,46.0,149.0,nan
ALNS-A,Example11,11,0,47.0,149.0,nan
ALNS-A,Example11,11,0,48.0,149.0,nan
ALNS-A,Example11,11,0,49.0,149.0,nan
ALNS-A,Example11,11,0,50.0,149.0,nan
ALNS-A,Example11,11,0,51.0,149.0,nan
ALNS-A,Example11,11,0,52.0,149.0,nan
ALNS-A,Example11,11,0,53.0,149.0,nan
ALNS-A,Example11,11,0,54.0,149.0,nan
ALNS-A,Example11,11,0,55.0,149.0,nan
ALNS-A,Example11,11,0,56.0,149.0,nan
ALNS-A,Example11,11,0,57.0,149.0,nan
ALNS-A,Example11,11,0,58.0,149.0,nan
ALNS-A,Example11,11,0,59.0,149.0,nan
ALNS-A,Example11,11,0,60.0,100.0,nan
ALNS-A,Example11,11,0,61.0,100.0,nan
ALNS-A,Example11,11,0,62.0,100.0,nan
ALNS-A,Example11,11,0,63.0,100.0,nan
ALNS-A,Example11,11,0,64.0,100.0,nan
ALNS-A,Example11,11,0,65.0,100.0,nan
ALNS-A,Example11,11,0,66.0,86.0,nan
ALNS-A,Example11,11,0,67.0,86.0,nan
ALNS-A,Example11,11,0,68.0,86.0,nan
ALNS-A,Example11,11,0,69.0,86.0,nan
ALNS-A,Example11,11,0,70.0,86.0,nan
ALNS-A,Example11,11,0,71.0,86.0,nan
ALNS-A,Example11,11,0,72.0,86.0,nan
ALNS-A,Example11,11,0,73.0,86.0,nan
ALNS-A,Example11,11,0,74.0,86.0,nan
ALNS-A,Example11,11,0,75.0,86.0,nan
ALNS-A,Example11,11,0,76.0,86.0,nan
ALNS-A,Example11,11,0,77.0,86.0,nan
ALNS-A,Example11,11,0,78.0,86.0,nan
ALNS-A,Example11,11,0,79.0,86.0,nan
ALNS-A,Example11,11,0,80.0,86.0,nan
ALNS-A,Example11,11,0,81.0,86.0,nan
ALNS-A,Example11,11,0,82.0,86.0,nan
ALNS-A,Example11,11,0,83.0,86.0,nan
ALNS-A,Example11,11,0,84.0,86.0,nan
ALNS-A,Example11,11,0,85.0,86.0,nan
ALNS-A,Example11,11,0,86.0,86.0,nan
ALNS-A,Example11,11,0,87.0,86.0,nan
ALNS-A,Example11,11,0,88.0,86.0,nan
ALNS-A,Example11,11,0,89.0,86.0,nan
ALNS-A,Example11,11,0,90.0,86.0,nan
ALNS-A,Example11,11,0,91.0,86.0,nan
ALNS-A,Example11,11,0,92.0,86.0,nan
ALNS-A,Example11,11,0,93.0,86.0,nan
ALNS-A,Example11,11,0,94.0,86.0,nan
ALNS-A,Example11,11,0,95.0,86.0,nan
ALNS-A,Example11,11,0,96.0,86.0,nan
ALNS-A,Example11,11,0,97.0,86.0,nan
ALNS-A,Example11,11,0,98.0,86.0,nan
ALNS-A,Example11,11,0,99.0,86.0,nan
ALNS-A,Example11,11,0,100.0,86.0,nan
ALNS-A,Example11,11,0,101.0,86.0,nan
ALNS-A,Example11,11,0,102.0,86.0,nan
ALNS-A,Example11,11,0,103.0,86.0,nan
ALNS-A,Example11,11,0,104.0,86.0,nan
ALNS-A,Example11,11,0,105.0,86.0,nan
ALNS-A,Example11,11,0,106.0,86.0,nan
ALNS-A,Example11,11,0,107.0,86.0,nan
ALNS-A,Example11,11,0,108.0,86.0,nan
ALNS-A,Example11,11,0,109.0,86.0,nan
ALNS-A,Example11,11,0,110.0,86.0,nan
ALNS-A,Example11,11,0,111.0,86.0,nan
ALNS-A,Example11,11,0,112.0,86.0,nan
ALNS-A,Example11,11,0,113.0,86.0,nan
ALNS-A,Example11,11,0,114.0,86.0,nan
ALNS-A,Example11,11,0,115.0,86.0,nan
ALNS-A,Example11,11,0,116.0,86.0,nan
ALNS-A,Example11,11,0,117.0,86.0,nan
ALNS-A,Example11,11,0,118.0,86.0,nan
ALNS-A,Example11,11,0,119.0,86.0,nan
ALNS-A,Example11,11,0,120.0,86.0,nan
ALNS-A,Example11,11,0,121.0,86.0,nan
ALNS-A,Example11,11,0,122.0,86.0,nan
ALNS-A,Example11,11,0,123.0,86.0,nan
ALNS-A,Example11,11,0,124.0,86.0,nan
ALNS-A,Example11,11,0,125.0,86.0,nan
ALNS-A,Example11,11,0,126.0,86.0,nan
ALNS-A,Example11,11,0,127.0,86.0,nan
ALNS-A,Example11,11,0,128.0,86.0,nan
ALNS-A,Example11,11,0,129.0,83.0,nan
ALNS-A,Example11,11,0,130.0,83.0,nan
ALNS-A,Example11,11,0,131.0,83.0,nan
ALNS-A,Example11,11,0,132.0,83.0,nan
ALNS-A,Example11,11,0,133.0,83.0,nan
ALNS-A,Example11,11,0,134.0,83.0,nan
ALNS-A,Example11,11,0,135.0,83.0,nan
ALNS-A,Example11,11,0,136.0,83.0,nan
ALNS-A,Example11,11,0,137.0,72.0,nan
ALNS-A,Example11,11,0,138.0,72.0,nan
ALNS-A,Example11,11,0,139.0,72.0,nan
ALNS-A,Example11,11,0,140.0,72.0,nan
ALNS-A,Example11,11,0,141.0,72.0,nan
ALNS-A,Example11,11,0,142.0,72.0,nan
ALNS-A,Example11,11,0,143.0,72.0,nan
ALNS-A,Example11,11,0,144.0,72.0,nan
ALNS-A,Example11,11,0,145.0,72.0,nan
ALNS-A,Example11,11,0,146.0,72.0,nan
ALNS-A,Example11,11,0,147.0,72.0,nan
ALNS-A,Example11,11,0,148.0,72.0,nan
ALNS-A,Example11,11,0,149.0,72.0,nan
ALNS-A,Example11,11,0,150.0,72.0,nan
ALNS-A,Example11,11,0,151.0,72.0,nan
ALNS-A,Example11,11,0,152.0,72.0,nan
ALNS-A,Example11,11,0,153.0,72.0,nan
ALNS-A,Example11,11,0,154.0,72.0,nan
ALNS-A,Example11,11,0,155.0,51.0,nan
ALNS-A,Example11,11,0,156.0,51.0,nan
ALNS-A,Example11,11,0,157.0,51.0,nan
ALNS-A,Example11,11,0,158.0,51.0,nan
ALNS-A,Example11,11,0,159.0,51.0,nan
ALNS-A,Example11,11,0,160.0,51.0,nan
ALNS-A,Example11,11,0,161.0,51.0,nan
ALNS-A,Example11,11,0,162.0,51.0,nan
ALNS-A,Example11,11,0,163.0,51.0,nan
ALNS-A,Example11,11,0,164.0,51.0,nan
ALNS-A,Example11,11,0,165.0,51.0,nan
ALNS-A,Example11,11,0,166.0,51.0,nan
ALNS-A,Example11,11,0,167.0,51.0,nan
ALNS-A,Example11,11,0,168.0,51.0,nan
ALNS-A,Example11,11,0,169.0,51.0,nan
ALNS-A,Example11,11,0,170.0,51.0,nan
ALNS-A,Example11,11,0,171.0,51.0,nan
ALNS-A,Example11,11,0,172.0,51.0,nan
ALNS-A,Example11,11,0,173.0,51.0,nan
ALNS-A,Example11,11,0,174.0,51.0,nan
ALNS-A,Example11,11,0,175.0,51.0,nan
ALNS-A,Example11,11,0,176.0,51.0,nan
ALNS-A,Example11,11,0,177.0,51.0,nan
ALNS-A,Example11,11,0,178.0,51.0,nan
ALNS-A,Example11,11,0,179.0,51.0,nan
ALNS-A,Example11,11,0,180.0,51.0,nan
ALNS-A,Example11,11,0,181.0,51.0,nan
ALNS-A,Example11,11,0,182.0,51.0,nan
ALNS-A,Example11,11,0,183.0,51.0,nan
ALNS-A,Example11,11,0,184.0,51.0,nan
ALNS-A,Example11,11,0,185.0,51.0,nan
ALNS-A,Example11,11,0,186.0,51.0,nan
ALNS-A,Example11,11,0,187.0,49.0,nan
ALNS-A,Example11,11,0,188.0,49.0,nan
ALNS-A,Example11,11,0,189.0,49.0,nan
ALNS-A,Example11,11,0,190.0,49.0,nan
ALNS-A,Example11,11,0,191.0,49.0,nan
ALNS-A,Example11,11,0,192.0,49.0,nan
ALNS-A,Example11,11,0,193.0,49.0,nan
ALNS-A,Example11,11,0,194.0,49.0,nan
ALNS-A,Example11,11,0,195.0,49.0,nan
ALNS-A,Example11,11,0,196.0,49.0,nan
ALNS-A,Example11,11,0,197.0,49.0,nan
ALNS-A,Example11,11,0,198.0,49.0,nan
ALNS-A,Example11,11,0,199.0,49.0,nan
ALNS-A,Example11,11,0,200.0,49.0,nan
ALNS-A,Example11,11,0,201.0,49.0,nan
ALNS-A,Example11,11,0,202.0,49.0,nan
ALNS-A,Example11,11,0,203.0,49.0,nan
ALNS-A,Example11,11,0,204.0,49.0,nan
ALNS-A,Example11,11,0,205.0,49.0,nan
ALNS-A,Example11,11,0,206.0,49.0,nan
ALNS-A,Example11,11,0,207.0,49.0,nan
ALNS-A,Example11,11,0,208.0,49.0,nan
ALNS-A,Example11,11,0,209.0,49.0,nan
ALNS-A,Example11,11,0,210.0,49.0,nan
ALNS-A,Example11,11,0,211.0,49.0,nan
ALNS-A,Example11,11,0,212.0,49.0,nan
ALNS-A,Example11,11,0,213.0,49.0,nan
ALNS-A,Example11,11,0,214.0,49.0,nan
ALNS-A,Example11,11,0,215.0,49.0,nan
ALNS-A,Example11,11,0,216.0,49.0,nan
ALNS-A,Example11,11,0,217.0,49.0,nan
ALNS-A,Example11,11,0,218.0,49.0,nan
ALNS-A,Example11,11,0,219.0,49.0,nan
ALNS-A,Example11,11,0,220.0,49.0,nan
ALNS-A,Example11,11,0,221.0,49.0,nan
ALNS-A,Example11,11,0,222.0,49.0,nan
ALNS-A,Example11,11,0,223.0,49.0,nan
ALNS-A,Example11,11,0,224.0,49.0,nan
ALNS-A,Example11,11,0,225.0,49.0,nan
ALNS-A,Example11,11,0,226.0,49.0,nan
ALNS-A,Example11,11,0,227.0,49.0,nan
ALNS-A,Example11,11,0,228.0,49.0,nan
ALNS-A,Example11,11,0,229.0,49.0,nan
ALNS-A,Example11,11,0,230.0,49.0,nan
ALNS-A,Example11,11,0,231.0,49.0,nan
ALNS-A,Example11,11,0,232.0,49.0,nan
ALNS-A,Example11,11,0,233.0,49.0,nan
ALNS-A,Example11,11,0,234.0,49.0,nan
ALNS-A,Example11,11,0,235.0,49.0,nan
ALNS-A,Example11,11,0,236.0,49.0,nan
ALNS-A,Example11,11,0,237.0,49.0,nan
ALNS-A,Example11,11,0,238.0,49.0,nan
ALNS-A,Example11,11,0,239.0,49.0,nan
ALNS-A,Example11,11,0,240.0,49.0,nan
ALNS-A,Example11,11,0,241.0,49.0,nan
ALNS-A,Example11,11,0,242.0,49.0,nan
ALNS-A,Example11,11,0,243.0,49.0,nan
ALNS-A,Example11,11,0,244.0,49.0,nan
ALNS-A,Example11,11,0,245.0,49.0,nan
ALNS-A,Example11,11,0,246.0,49.0,nan
ALNS-A,Example11,11,0,247.0,49.0,nan
ALNS-A,Example11,11,0,248.0,49.0,nan
ALNS-A,Example11,11,0,249.0,49.0,nan
ALNS-A,Example11,11,0,250.0,49.0,nan
ALNS-A,Example11,11,0,251.0,49.0,nan
ALNS-A,Example11,11,0,252.0,49.0,nan
ALNS-A,Example11,11,0,253.0,49.0,nan
ALNS-A,Example11,11,0,254.0,49.0,nan
ALNS-A,Example11,11,0,255.0,49.0,nan
ALNS-A,Example11,11,0,256.0,49.0,nan
ALNS-A,Example11,11,0,257.0,49.0,nan
ALNS-A,Example11,11,0,258.0,49.0,nan
ALNS-A,Example11,11,0,259.0,49.0,nan
ALNS-A,Example11,11,0,260.0,49.0,nan
ALNS-A,Example11,11,0,261.0,49.0,nan
ALNS-A,Example11,11,0,262.0,49.0,nan
ALNS-A,Example11,11,0,263.0,49.0,nan
ALNS-A,Example11,11,0,264.0,49.0,nan
ALNS-A,Example11,11,0,265.0,49.0,nan
ALNS-A,Example11,11,0,266.0,49.0,nan
ALNS-A,Example11,11,0,267.0,49.0,nan
ALNS-A,Example11,11,0,268.0,49.0,nan
ALNS-A,Example11,11,0,269.0,49.0,nan
ALNS-A,Example11,11,0,270.0,49.0,nan
ALNS-A,Example11,11,0,271.0,49.0,nan
ALNS-A,Example11,11,0,272.0,49.0,nan
ALNS-A,Example11,11,0,273.0,49.0,nan
ALNS-A,Example11,11,1,0.0,190.0,nan
ALNS-A,Example11,11,1,1.0,190.0,nan
ALNS-A,Example11,11,1,2.0,190.0,nan
ALNS-A,Example11,11,1,3.0,190.0,nan
ALNS-A,Example11,11,1,4.0,190.0,nan
ALNS-A,Example11,11,1,5.0,190.0,nan
ALNS-A,Example11,11,1,6.0,190.0,nan
ALNS-A,Example11,11,1,7.0,190.0,nan
ALNS-A,Example11,11,1,8.0,190.0,nan
ALNS-A,Example11,11,1,9.0,74.0,nan
ALNS-A,Example11,11,1,10.0,74.0,nan
ALNS-A,Example11,11,1,11.0,74.0,nan
ALNS-A,Example11,11,1,12.0,74.0,nan
ALNS-A,Example11,11,1,13.0,74.0,nan
ALNS-A,Example11,11,1,14.0,62.0,nan
ALNS-A,Example11,11,1,15.0,62.0,nan
ALNS-A,Example11,11,1,16.0,62.0,nan
ALNS-A,Example11,11,1,17.0,62.0,nan
ALNS-A,Example11,11,1,18.0,62.0,nan
ALNS-A,Example11,11,1,19.0,62.0,nan
ALNS-A,Example11,11,1,20.0,54.0,nan
ALNS-A,Example11,11,1,21.0,54.0,nan
ALNS-A,Example11,11,1,22.0,54.0,nan
ALNS-A,Example11,11,1,23.0,54.0,nan
ALNS-A,Example11,11,1,24.0,54.0,nan
ALNS-A,Example11,11,1,25.0,54.0,nan
ALNS-A,Example11,11,1,26.0,54.0,nan
ALNS-A,Example11,11,1,27.0,54.0,nan
ALNS-A,Example11,11,1,28.0,54.0,nan
ALNS-A,Example11,11,1,29.0,54.0,nan
ALNS-A,Example11,11,1,30.0,54.0,nan
ALNS-A,Example11,11,1,31.0,54.0,nan
ALNS-A,Example11,11,1,32.0,54.0,nan
ALNS-A,Example11,11,1,33.0,54.0,nan
ALNS-A,Example11,11,1,34.0,54.0,nan
ALNS-A,Example11,11,1,35.0,54.0,nan
ALNS-A,Example11,11,1,36.0,54.0,nan
ALNS-A,Example11,11,1,37.0,54.0,nan
ALNS-A,Example11,11,1,38.0,54.0,nan
ALNS-A,Example11,11,1,39.0,54.0,nan
ALNS-A,Example11,11,1,40.0,54.0,nan
ALNS-A,Example11,11,1,41.0,54.0,nan
ALNS-A,Example11,11,1,42.0,54.0,nan
ALNS-A,Example11,11,1,43.0,54.0,nan
ALNS-A,Example11,11,1,44.0,54.0,nan
ALNS-A,Example11,11,1,45.0,54.0,nan
ALNS-A,Example11,11,1,46.0,54.0,nan
ALNS-A,Example11,11,1,47.0,54.0,nan
ALNS-A,Example11,11,1,48.0,54.0,nan
ALNS-A,Example11,11,1,49.0,54.0,nan
ALNS-A,Example11,11,1,50.0,54.0,nan
ALNS-A,Example11,11,1,51.0,54.0,nan
ALNS-A,Example11,11,1,52.0,54.0,nan
ALNS-A,Example11,11,1,53.0,54.0,nan
ALNS-A,Example11,11,1,54.0,54.0,nan
ALNS-A,Example11,11,1,55.0,54.0,nan
ALNS-A,Example11,11,1,56.0,54.0,nan
ALNS-A,Example11,11,1,57.0,54.0,nan
ALNS-A,Example11,11,1,58.0,54.0,nan
ALNS-A,Example11,11,1,59.0,54.0,nan
ALNS-A,Example11,11,1,60.0,54.0,nan
ALNS-A,Example11,11,1,61.0,54.0,nan
ALNS-A,Example11,11,1,62.0,54.0,nan
ALNS-A,Example11,11,1,63.0,54.0,nan
ALNS-A,Example11,11,1,64.0,54.0,nan
ALNS-A,Example11,11,1,65.0,54.0,nan
ALNS-A,Example11,11,1,66.0,54.0,nan
ALNS-A,Example11,11,1,67.0,54.0,nan
ALNS-A,Example11,11,1,68.0,54.0,nan
ALNS-A,Example11,11,1,69.0,54.0,nan
ALNS-A,Example11,11,1,70.0,54.0,nan
ALNS-A,Example11,11,1,71.0,54.0,nan
ALNS-A,Example11,11,1,72.0,54.0,nan
ALNS-A,Example11,11,1,73.0,54.0,nan
ALNS-A,Example11,11,1,74.0,54.0,nan
ALNS-A,Example11,11,1,75.0,54.0,nan
ALNS-A,Example11,11,1,76.0,54.0,nan
ALNS-A,Example11,11,1,77.0,54.0,nan
ALNS-A,Example11,11,1,78.0,54.0,nan
ALNS-A,Example11,11,1,79.0,54.0,nan
ALNS-A,Example11,11,1,80.0,54.0,nan
ALNS-A,Example11,11,1,81.0,54.0,nan
ALNS-A,Example11,11,1,82.0,54.0,nan
ALNS-A,Example11,11,1,83.0,54.0,nan
ALNS-A,Example11,11,1,84.0,54.0,nan
ALNS-A,Example11,11,1,85.0,54.0,nan
ALNS-A,Example11,11,1,86.0,54.0,nan
ALNS-A,Example11,11,1,87.0,54.0,nan
ALNS-A,Example11,11,1,88.0,54.0,nan
ALNS-A,Example11,11,1,89.0,54.0,nan
ALNS-A,Example11,11,1,90.0,54.0,nan
ALNS-A,Example11,11,1,91.0,54.0,nan
ALNS-A,Example11,11,1,92.0,54.0,nan
ALNS-A,Example11,11,1,93.0,54.0,nan
ALNS-A,Example11,11,1,94.0,54.0,nan
ALNS-A,Example11,11,1,95.0,54.0,nan
ALNS-A,Example11,11,1,96.0,54.0,nan
ALNS-A,Example11,11,1,97.0,54.0,nan
ALNS-A,Example11,11,1,98.0,54.0,nan
ALNS-A,Example11,11,1,99.0,54.0,nan
ALNS-A,Example11,11,1,100.0,54.0,nan
ALNS-A,Example11,11,1,101.0,54.0,nan
ALNS-A,Example11,11,1,102.0,54.0,nan
ALNS-A,Example11,11,1,103.0,54.0,nan
ALNS-A,Example11,11,1,104.0,54.0,nan
ALNS-A,Example11,11,1,105.0,54.0,nan
ALNS-A,Example11,11,1,106.0,54.0,nan
ALNS-A,Example11,11,1,107.0,54.0,nan
ALNS-A,Example11,11,1,108.0,54.0,nan
ALNS-A,Example11,11,1,109.0,54.0,nan
ALNS-A,Example11,11,1,110.0,54.0,nan
ALNS-A,Example11,11,1,111.0,54.0,nan
ALNS-A,Example11,11,1,112.0,54.0,nan
ALNS-A,Example11,11,1,113.0,54.0,nan
ALNS-A,Example11,11,1,114.0,54.0,nan
ALNS-A,Example11,11,1,115.0,54.0,nan
ALNS-A,Example11,11,1,116.0,54.0,nan
ALNS-A,Example11,11,1,117.0,54.0,nan
ALNS-A,Example11,11,1,118.0,54.0,nan
ALNS-A,Example11,11,1,119.0,54.0,nan
ALNS-A,Example11,11,1,120.0,54.0,nan
ALNS-A,Example11,11,1,121.0,54.0,nan
ALNS-A,Example11,11,1,122.0,54.0,nan
ALNS-A,Example11,11,1,123.0,54.0,nan
ALNS-A,Example11,11,1,124.0,54.0,nan
ALNS-A,Example11,11,1,125.0,54.0,nan
ALNS-A,Example11,11,1,126.0,54.0,nan
ALNS-A,Example11,11,1,127.0,54.0,nan
ALNS-A,Example11,11,1,128.0,54.0,nan
ALNS-A,Example11,11,1,129.0,54.0,nan
ALNS-A,Example11,11,1,130.0,54.0,nan
ALNS-A,Example11,11,1,131.0,54.0,nan
ALNS-A,Example11,11,1,132.0,54.0,nan
ALNS-A,Example11,11,1,133.0,54.0,nan
ALNS-A,Example11,11,1,134.0,54.0,nan
ALNS-A,Example11,11,1,135.0,54.0,nan
ALNS-A,Example11,11,1,136.0,54.0,nan
ALNS-A,Example11,11,1,137.0,54.0,nan
ALNS-A,Example11,11,1,138.0,54.0,nan
ALNS-A,Example11,11,1,139.0,54.0,nan
ALNS-A,Example11,11,1,140.0,54.0,nan
ALNS-A,Example11,11,1,141.0,54.0,nan
ALNS-A,Example11,11,1,142.0,54.0,nan
ALNS-A,Example11,11,1,143.0,54.0,nan
ALNS-A,Example11,11,1,144.0,54.0,nan
ALNS-A,Example11,11,1,145.0,54.0,nan
ALNS-A,Example11,11,1,146.0,54.0,nan
ALNS-A,Example11,11,1,147.0,54.0,nan
ALNS-A,Example11,11,1,148.0,54.0,nan
ALNS-A,Example11,11,1,149.0,54.0,nan
ALNS-A,Example11,11,1,150.0,54.0,nan
ALNS-A,Example11,11,1,151.0,54.0,nan
ALNS-A,Example11,11,1,152.0,54.0,nan
ALNS-A,Example11,11,1,153.0,54.0,nan
ALNS-A,Example11,11,1,154.0,54.0,nan
ALNS-A,Example11,11,1,155.0,54.0,nan
ALNS-A,Example11,11,1,156.0,54.0,nan
ALNS-A,Example11,11,1,157.0,54.0,nan
ALNS-A,Example11,11,1,158.0,54.0,nan
ALNS-A,Example11,11,1,159.0,54.0,nan
ALNS-A,Example11,11,1,160.0,54.0,nan
ALNS-A,Example11,11,1,161.0,54.0,nan
ALNS-A,Example11,11,1,162.0,54.0,nan
ALNS-A,Example11,11,1,163.0,54.0,nan
ALNS-A,Example11,11,1,164.0,54.0,nan
ALNS-A,Example11,11,1,165.0,54.0,nan
ALNS-A,Example11,11,1,166.0,54.0,nan
ALNS-A,Example11,11,1,167.0,54.0,nan
ALNS-A,Example11,11,1,168.0,54.0,nan
ALNS-A,Example11,11,1,169.0,54.0,nan
ALNS-A,Example11,11,1,170.0,54.0,nan
ALNS-A,Example11,11,1,171.0,54.0,nan
ALNS-A,Example11,11,1,172.0,54.0,nan
ALNS-A,Example11,11,1,173.0,54.0,nan
ALNS-A,Example11,11,1,174.0,54.0,nan
ALNS-A,Example11,11,1,175.0,54.0,nan
ALNS-A,Example11,11,1,176.0,54.0,nan
ALNS-A,Example11,11,1,177.0,54.0,nan
ALNS-A,Example11,11,1,178.0,54.0,nan
ALNS-A,Example11,11,1,179.0,54.0,nan
ALNS-A,Example11,11,1,180.0,54.0,nan
ALNS-A,Example11,11,1,181.0,54.0,nan
ALNS-A,Example11,11,1,182.0,54.0,nan
ALNS-A,Example11,11,1,183.0,54.0,nan
ALNS-A,Example11,11,1,184.0,54.0,nan
ALNS-A,Example11,11,1,185.0,54.0,nan
ALNS-A,Example11,11,1,186.0,54.0,nan
ALNS-A,Example11,11,1,187.0,54.0,nan
ALNS-A,Example11,11,1,188.0,54.0,nan
ALNS-A,Example11,11,1,189.0,54.0,nan
ALNS-A,Example11,11,1,190.0,54.0,nan
ALNS-A,Example11,11,1,191.0,54.0,nan
ALNS-A,Example11,11,1,192.0,54.0,nan
ALNS-A,Example11,11,1,193.0,54.0,nan
ALNS-A,Example11,11,1,194.0,54.0,nan
ALNS-A,Example11,11,1,195.0,54.0,nan
ALNS-A,Example11,11,1,196.0,54.0,nan
ALNS-A,Example11,11,1,197.0,54.0,nan
ALNS-A,Example11,11,1,198.0,54.0,nan
ALNS-A,Example11,11,1,199.0,54.0,nan
ALNS-A,Example11,11,1,200.0,54.0,nan
ALNS-A,Example11,11,1,201.0,54.0,nan
ALNS-A,Example11,11,1,202.0,54.0,nan
ALNS-A,Example11,11,1,203.0,54.0,nan
ALNS-A,Example11,11,1,204.0,54.0,nan
ALNS-A,Example11,11,1,205.0,54.0,nan
ALNS-A,Example11,11,1,206.0,54.0,nan
ALNS-A,Example11,11,1,207.0,54.0,nan
ALNS-A,Example11,11,1,208.0,54.0,nan
ALNS-A,Example11,11,1,209.0,54.0,nan
ALNS-A,Example11,11,1,210.0,54.0,nan
ALNS-A,Example11,11,1,211.0,54.0,nan
ALNS-A,Example11,11,1,212.0,54.0,nan
ALNS-A,Example11,11,1,213.0,54.0,nan
ALNS-A,Example11,11,1,214.0,54.0,nan
ALNS-A,Example11,11,1,215.0,54.0,nan
ALNS-A,Example11,11,1,216.0,54.0,nan
ALNS-A,Example11,11,1,217.0,54.0,nan
ALNS-A,Example11,11,1,218.0,54.0,nan
ALNS-A,Example11,11,1,219.0,54.0,nan
ALNS-A,Example11,11,1,220.0,54.0,nan
ALNS-A,Example11,11,1,221.0,54.0,nan
ALNS-A,Example11,11,1,222.0,54.0,nan
ALNS-A,Example11,11,1,223.0,54.0,nan
ALNS-A,Example11,11,1,224.0,54.0,nan
ALNS-A,Example11,11,1,225.0,54.0,nan
ALNS-A,Example11,11,1,226.0,54.0,nan
ALNS-A,Example11,11,1,227.0,54.0,nan
ALNS-A,Example11,11,1,228.0,54.0,nan
ALNS-A,Example11,11,1,229.0,54.0,nan
ALNS-A,Example11,11,1,230.0,54.0,nan
ALNS-A,Example11,11,1,231.0,54.0,nan
ALNS-A,Example11,11,1,232.0,54.0,nan
ALNS-A,Example11,11,1,233.0,54.0,nan
ALNS-A,Example11,11,1,234.0,54.0,nan
ALNS-A,Example11,11,1,235.0,54.0,nan
ALNS-A,Example11,11,1,236.0,54.0,nan
ALNS-A,Example11,11,1,237.0,54.0,nan
ALNS-A,Example11,11,1,238.0,54.0,nan
ALNS-A,Example11,11,1,239.0,54.0,nan
ALNS-A,Example11,11,1,240.0,54.0,nan
ALNS-A,Example11,11,1,241.0,54.0,nan
ALNS-A,Example11,11,1,242.0,54.0,nan
ALNS-A,Example11,11,1,243.0,54.0,nan
ALNS-A,Example11,11,1,244.0,54.0,nan
ALNS-A,Example11,11,1,245.0,54.0,nan
ALNS-A,Example11,11,1,246.0,54.0,nan
ALNS-A,Example11,11,1,247.0,54.0,nan
ALNS-A,Example11,11,1,248.0,54.0,nan
ALNS-A,Example11,11,1,249.0,54.0,nan
ALNS-A,Example11,11,1,250.0,54.0,nan
ALNS-A,Example11,11,1,251.0,54.0,nan
ALNS-A,Example11,11,1,252.0,54.0,nan
ALNS-A,Example11,11,1,253.0,54.0,nan
ALNS-A,Example11,11,1,254.0,54.0,nan
ALNS-A,Example11,11,1,255.0,54.0,nan
ALNS-A,Example11,11,1,256.0,54.0,nan
ALNS-A,Example11,11,1,257.0,54.0,nan
ALNS-A,Example11,11,1,258.0,54.0,nan
ALNS-A,Example11,11,1,259.0,54.0,nan
ALNS-A,Example11,11,1,260.0,54.0,nan
ALNS-A,Example11,11,1,261.0,54.0,nan
ALNS-A,Example11,11,1,262.0,54.0,nan
ALNS-A,Example11,11,1,263.0,54.0,nan
ALNS-A,Example11,11,1,264.0,54.0,nan
ALNS-A,Example11,11,1,265.0,54.0,nan
ALNS-A,Example11,11,1,266.0,54.0,nan
ALNS-A,Example11,11,1,267.0,54.0,nan
ALNS-A,Example11,11,1,268.0,54.0,nan
ALNS-A,Example11,11,1,269.0,54.0,nan
ALNS-A,Example11,11,1,270.0,54.0,nan
ALNS-A,Example11,11,1,271.0,54.0,nan
ALNS-A,Example11,11,1,272.0,54.0,nan
ALNS-A,Example11,11,1,273.0,54.0,nan
ALNS-A,Example11,11,2,0.0,954.0,nan
ALNS-A,Example11,11,2,1.0,954.0,nan
ALNS-A,Example11,11,2,2.0,954.0,nan
ALNS-A,Example11,11,2,3.0,954.0,nan
ALNS-A,Example11,11,2,4.0,954.0,nan
ALNS-A,Example11,11,2,5.0,954.0,nan
ALNS-A,Example11,11,2,6.0,954.0,nan
ALNS-A,Example11,11,2,7.0,181.0,nan
ALNS-A,Example11,11,2,8.0,181.0,nan
ALNS-A,Example11,11,2,9.0,181.0,nan
ALNS-A,Example11,11,2,10.0,71.0,nan
ALNS-A,Example11,11,2,11.0,71.0,nan
ALNS-A,Example11,11,2,12.0,71.0,nan
ALNS-A,Example11,11,2,13.0,71.0,nan
ALNS-A,Example11,11,2,14.0,71.0,nan
ALNS-A,Example11,11,2,15.0,71.0,nan
ALNS-A,Example11,11,2,16.0,71.0,nan
ALNS-A,Example11,11,2,17.0,71.0,nan
ALNS-A,Example11,11,2,18.0,71.0,nan
ALNS-A,Example11,11,2,19.0,71.0,nan
ALNS-A,Example11,11,2,20.0,71.0,nan
ALNS-A,Example11,11,2,21.0,71.0,nan
ALNS-A,Example11,11,2,22.0,71.0,nan
ALNS-A,Example11,11,2,23.0,71.0,nan
ALNS-A,Example11,11,2,24.0,71.0,nan
ALNS-A,Example11,11,2,25.0,71.0,nan
ALNS-A,Example11,11,2,26.0,71.0,nan
ALNS-A,Example11,11,2,27.0,71.0,nan
ALNS-A,Example11,11,2,28.0,36.0,nan
ALNS-A,Example11,11,2,29.0,36.0,nan
ALNS-A,Example11,11,2,30.0,36.0,nan
ALNS-A,Example11,11,2,31.0,36.0,nan
ALNS-A,Example11,11,2,32.0,36.0,nan
ALNS-A,Example11,11,2,33.0,36.0,nan
ALNS-A,Example11,11,2,34.0,36.0,nan
ALNS-A,Example11,11,2,35.0,36.0,nan
ALNS-A,Example11,11,2,36.0,36.0,nan
ALNS-A,Example11,11,2,37.0,36.0,nan
ALNS-A,Example11,11,2,38.0,36.0,nan
ALNS-A,Example11,11,2,39.0,36.0,nan
ALNS-A,Example11,11,2,40.0,36.0,nan
ALNS-A,Example11,11,2,41.0,36.0,nan
ALNS-A,Example11,11,2,42.0,36.0,nan
ALNS-A,Example11,11,2,43.0,36.0,nan
ALNS-A,Example11,11,2,44.0,36.0,nan
ALNS-A,Example11,11,2,45.0,36.0,nan
ALNS-A,Example11,11,2,46.0,36.0,nan
ALNS-A,Example11,11,2,47.0,36.0,nan
ALNS-A,Example11,11,2,48.0,36.0,nan
ALNS-A,Example11,11,2,49.0,36.0,nan
ALNS-A,Example11,11,2,50.0,36.0,nan
ALNS-A,Example11,11,2,51.0,36.0,nan
ALNS-A,Example11,11,2,52.0,36.0,nan
ALNS-A,Example11,11,2,53.0,36.0,nan
ALNS-A,Example11,11,2,54.0,36.0,nan
ALNS-A,Example11,11,2,55.0,36.0,nan
ALNS-A,Example11,11,2,56.0,36.0,nan
ALNS-A,Example11,11,2,57.0,36.0,nan
ALNS-A,Example11,11,2,58.0,36.0,nan
ALNS-A,Example11,11,2,59.0,36.0,nan
ALNS-A,Example11,11,2,60.0,36.0,nan
ALNS-A,Example11,11,2,61.0,36.0,nan
ALNS-A,Example11,11,2,62.0,36.0,nan
ALNS-A,Example11,11,2,63.0,36.0,nan
ALNS-A,Example11,11,2,64.0,36.0,nan
ALNS-A,Example11,11,2,65.0,36.0,nan
ALNS-A,Example11,11,2,66.0,36.0,nan
ALNS-A,Example11,11,2,67.0,36.0,nan
ALNS-A,Example11,11,2,68.0,36.0,nan
ALNS-A,Example11,11,2,69.0,36.0,nan
ALNS-A,Example11,11,2,70.0,36.0,nan
ALNS-A,Example11,11,2,71.0,36.0,nan
ALNS-A,Example11,11,2,72.0,36.0,nan
ALNS-A,Example11,11,2,73.0,36.0,nan
ALNS-A,Example11,11,2,74.0,36.0,nan
ALNS-A,Example11,11,2,75.0,36.0,nan
ALNS-A,Example11,11,2,76.0,35.0,nan
ALNS-A,Example11,11,2,77.0,35.0,nan
ALNS-A,Example11,11,2,78.0,35.0,nan
ALNS-A,Example11,11,2,79.0,35.0,nan
ALNS-A,Example11,11,2,80.0,34.0,nan
ALNS-A,Example11,11,2,81.0,34.0,nan
ALNS-A,Example11,11,2,82.0,34.0,nan
ALNS-A,Example11,11,2,83.0,34.0,nan
ALNS-A,Example11,11,2,84.0,34.0,nan
ALNS-A,Example11,11,2,85.0,34.0,nan
ALNS-A,Example11,11,2,86.0,34.0,nan
ALNS-A,Example11,11,2,87.0,34.0,nan
ALNS-A,Example11,11,2,88.0,34.0,nan
ALNS-A,Example11,11,2,89.0,34.0,nan
ALNS-A,Example11,11,2,90.0,34.0,nan
ALNS-A,Example11,11,2,91.0,34.0,nan
ALNS-A,Example11,11,2,92.0,34.0,nan
ALNS-A,Example11,11,2,93.0,34.0,nan
ALNS-A,Example11,11,2,94.0,34.0,nan
ALNS-A,Example11,11,2,95.0,34.0,nan
ALNS-A,Example11,11,2,96.0,34.0,nan
ALNS-A,Example11,11,2,97.0,34.0,nan
ALNS-A,Example11,11,2,98.0,34.0,nan
ALNS-A,Example11,11,2,99.0,34.0,nan
ALNS-A,Example11,11,2,100.0,34.0,nan
ALNS-A,Example11,11,2,101.0,34.0,nan
ALNS-A,Example11,11,2,102.0,34.0,nan
ALNS-A,Example11,11,2,103.0,34.0,nan
ALNS-A,Example11,11,2,104.0,34.0,nan
ALNS-A,Example11,11,2,105.0,34.0,nan
ALNS-A,Example11,11,2,106.0,34.0,nan
ALNS-A,Example11,11,2,107.0,34.0,nan
ALNS-A,Example11,11,2,108.0,34.0,nan
ALNS-A,Example11,11,2,109.0,34.0,nan
ALNS-A,Example11,11,2,110.0,34.0,nan
ALNS-A,Example11,11,2,111.0,34.0,nan
ALNS-A,Example11,11,2,112.0,34.0,nan
ALNS-A,Example11,11,2,113.0,34.0,nan
ALNS-A,Example11,11,2,114.0,34.0,nan
ALNS-A,Example11,11,2,115.0,34.0,nan
ALNS-A,Example11,11,2,116.0,34.0,nan
ALNS-A,Example11,11,2,117.0,34.0,nan
ALNS-A,Example11,11,2,118.0,34.0,nan
ALNS-A,Example11,11,2,119.0,34.0,nan
ALNS-A,Example11,11,2,120.0,34.0,nan
ALNS-A,Example11,11,2,121.0,34.0,nan
ALNS-A,Example11,11,2,122.0,34.0,nan
ALNS-A,Example11,11,2,123.0,34.0,nan
ALNS-A,Example11,11,2,124.0,34.0,nan
ALNS-A,Example11,11,2,125.0,34.0,nan
ALNS-A,Example11,11,2,126.0,34.0,nan
ALNS-A,Example11,11,2,127.0,34.0,nan
ALNS-A,Example11,11,2,128.0,34.0,nan
ALNS-A,Example11,11,2,129.0,34.0,nan
ALNS-A,Example11,11,2,130.0,34.0,nan
ALNS-A,Example11,11,2,131.0,34.0,nan
ALNS-A,Example11,11,2,132.0,34.0,nan
ALNS-A,Example11,11,2,133.0,34.0,nan
ALNS-A,Example11,11,2,134.0,34.0,nan
ALNS-A,Example11,11,2,135.0,34.0,nan
ALNS-A,Example11,11,2,136.0,34.0,nan
ALNS-A,Example11,11,2,137.0,34.0,nan
ALNS-A,Example11,11,2,138.0,34.0,nan
ALNS-A,Example11,11,2,139.0,34.0,nan
ALNS-A,Example11,11,2,140.0,34.0,nan
ALNS-A,Example11,11,2,141.0,34.0,nan
ALNS-A,Example11,11,2,142.0,34.0,nan
ALNS-A,Example11,11,2,143.0,34.0,nan
ALNS-A,Example11,11,2,144.0,34.0,nan
ALNS-A,Example11,11,2,145.0,34.0,nan
ALNS-A,Example11,11,2,146.0,34.0,nan
ALNS-A,Example11,11,2,147.0,34.0,nan
ALNS-A,Example11,11,2,148.0,34.0,nan
ALNS-A,Example11,11,2,149.0,34.0,nan
ALNS-A,Example11,11,2,150.0,34.0,nan
ALNS-A,Example11,11,2,151.0,34.0,nan
ALNS-A,Example11,11,2,152.0,34.0,nan
ALNS-A,Example11,11,2,153.0,34.0,nan
ALNS-A,Example11,11,2,154.0,34.0,nan
ALNS-A,Example11,11,2,155.0,34.0,nan
ALNS-A,Example11,11,2,156.0,34.0,nan
ALNS-A,Example11,11,2,157.0,34.0,nan
ALNS-A,Example11,11,2,158.0,34.0,nan
ALNS-A,Example11,11,2,159.0,34.0,nan
ALNS-A,Example11,11,2,160.0,34.0,nan
ALNS-A,Example11,11,2,161.0,34.0,nan
ALNS-A,Example11,11,2,162.0,34.0,nan
ALNS-A,Example11,11,2,163.0,34.0,nan
ALNS-A,Example11,11,2,164.0,34.0,nan
ALNS-A,Example11,11,2,165.0,34.0,nan
ALNS-A,Example11,11,2,166.0,34.0,nan
ALNS-A,Example11,11,2,167.0,34.0,nan
ALNS-A,Example11,11,2,168.0,34.0,nan
ALNS-A,Example11,11,2,169.0,34.0,nan
ALNS-A,Example11,11,2,170.0,34.0,nan
ALNS-A,Example11,11,2,171.0,34.0,nan
ALNS-A,Example11,11,2,172.0,34.0,nan
ALNS-A,Example11,11,2,173.0,34.0,nan
ALNS-A,Example11,11,2,174.0,34.0,nan
ALNS-A,Example11,11,2,175.0,34.0,nan
ALNS-A,Example11,11,2,176.0,34.0,nan
ALNS-A,Example11,11,2,177.0,34.0,nan
ALNS-A,Example11,11,2,178.0,34.0,nan
ALNS-A,Example11,11,2,179.0,34.0,nan
ALNS-A,Example11,11,2,180.0,34.0,nan
ALNS-A,Example11,11,2,181.0,34.0,nan
ALNS-A,Example11,11,2,182.0,34.0,nan
ALNS-A,Example11,11,2,183.0,34.0,nan
ALNS-A,Example11,11,2,184.0,34.0,nan
ALNS-A,Example11,11,2,185.0,34.0,nan
ALNS-A,Example11,11,2,186.0,34.0,nan
ALNS-A,Example11,11,2,187.0,34.0,nan
ALNS-A,Example11,11,2,188.0,34.0,nan
ALNS-A,Example11,11,2,189.0,34.0,nan
ALNS-A,Example11,11,2,190.0,34.0,nan
ALNS-A,Example11,11,2,191.0,34.0,nan
ALNS-A,Example11,11,2,192.0,34.0,nan
ALNS-A,Example11,11,2,193.0,34.0,nan
ALNS-A,Example11,11,2,194.0,34.0,nan
ALNS-A,Example11,11,2,195.0,34.0,nan
ALNS-A,Example11,11,2,196.0,34.0,nan
ALNS-A,Example11,11,2,197.0,34.0,nan
ALNS-A,Example11,11,2,198.0,34.0,nan
ALNS-A,Example11,11,2,199.0,34.0,nan
ALNS-A,Example11,11,2,200.0,34.0,nan
ALNS-A,Example11,11,2,201.0,34.0,nan
ALNS-A,Example11,11,2,202.0,34.0,nan
ALNS-A,Example11,11,2,203.0,34.0,nan
ALNS-A,Example11,11,2,204.0,34.0,nan
ALNS-A,Example11,11,2,205.0,34.0,nan
ALNS-A,Example11,11,2,206.0,34.0,nan
ALNS-A,Example11,11,2,207.0,34.0,nan
ALNS-A,Example11,11,2,208.0,34.0,nan
ALNS-A,Example11,11,2,209.0,34.0,nan
ALNS-A,Example11,11,2,210.0,34.0,nan
ALNS-A,Example11,11,2,211.0,34.0,nan
ALNS-A,Example11,11,2,212.0,34.0,nan
ALNS-A,Example11,11,2,213.0,34.0,nan
ALNS-A,Example11,11,2,214.0,34.0,nan
ALNS-A,Example11,11,2,215.0,34.0,nan
ALNS-A,Example11,11,2,216.0,34.0,nan
ALNS-A,Example11,11,2,217.0,34.0,nan
ALNS-A,Example11,11,2,218.0,34.0,nan
ALNS-A,Example11,11,2,219.0,34.0,nan
ALNS-A,Example11,11,2,220.0,34.0,nan
ALNS-A,Example11,11,2,221.0,34.0,nan
ALNS-A,Example11,11,2,222.0,34.0,nan
ALNS-A,Example11,11,2,223.0,34.0,nan
ALNS-A,Example11,11,2,224.0,34.0,nan
ALNS-A,Example11,11,2,225.0,34.0,nan
ALNS-A,Example11,11,2,226.0,34.0,nan
ALNS-A,Example11,11,2,227.0,34.0,nan
ALNS-A,Example11,11,2,228.0,34.0,nan
ALNS-A,Example11,11,2,229.0,34.0,nan
ALNS-A,Example11,11,2,230.0,34.0,nan
ALNS-A,Example11,11,2,231.0,34.0,nan
ALNS-A,Example11,11,2,232.0,34.0,nan
ALNS-A,Example11,11,2,233.0,34.0,nan
ALNS-A,Example11,11,2,234.0,34.0,nan
ALNS-A,Example11,11,2,235.0,34.0,nan
ALNS-A,Example11,11,2,236.0,34.0,nan
ALNS-A,Example11,11,2,237.0,34.0,nan
ALNS-A,Example11,11,2,238.0,34.0,nan
ALNS-A,Example11,11,2,239.0,34.0,nan
ALNS-A,Example11,11,2,240.0,34.0,nan
ALNS-A,Example11,11,2,241.0,34.0,nan
ALNS-A,Example11,11,2,242.0,34.0,nan
ALNS-A,Example11,11,2,243.0,34.0,nan
ALNS-A,Example11,11,2,244.0,34.0,nan
ALNS-A,Example11,11,2,245.0,34.0,nan
ALNS-A,Example11,11,2,246.0,34.0,nan
ALNS-A,Example11,11,2,247.0,34.0,nan
ALNS-A,Example11,11,2,248.0,34.0,nan
ALNS-A,Example11,11,2,249.0,34.0,nan
ALNS-A,Example11,11,2,250.0,34.0,nan
ALNS-A,Example11,11,2,251.0,34.0,nan
ALNS-A,Example11,11,2,252.0,34.0,nan
ALNS-A,Example11,11,2,253.0,34.0,nan
ALNS-A,Example11,11,2,254.0,34.0,nan
ALNS-A,Example11,11,2,255.0,34.0,nan
ALNS-A,Example11,11,2,256.0,34.0,nan
ALNS-A,Example11,11,2,257.0,34.0,nan
ALNS-A,Example11,11,2,258.0,34.0,nan
ALNS-A,Example11,11,2,259.0,34.0,nan
ALNS-A,Example11,11,2,260.0,34.0,nan
ALNS-A,Example11,11,2,261.0,34.0,nan
ALNS-A,Example11,11,2,262.0,34.0,nan
ALNS-A,Example11,11,2,263.0,34.0,nan
ALNS-A,Example11,11,2,264.0,34.0,nan
ALNS-A,Example11,11,2,265.0,34.0,nan
ALNS-A,Example11,11,2,266.0,34.0,nan
ALNS-A,Example11,11,2,267.0,34.0,nan
ALNS-A,Example11,11,2,268.0,34.0,nan
ALNS-A,Example11,11,2,269.0,34.0,nan
ALNS-A,Example11,11,2,270.0,34.0,nan
ALNS-A,Example11,11,2,271.0,34.0,nan
ALNS-A,Example11,11,2,272.0,34.0,nan
ALNS-A,Example11,11,2,273.0,34.0,nan
ALNS-A,Example12,12,0,0.0,374.0,nan
ALNS-A,Example12,12,0,1.0,374.0,nan
ALNS-A,Example12,12,0,2.0,374.0,nan
ALNS-A,Example12,12,0,3.0,374.0,nan
ALNS-A,Example12,12,0,4.0,374.0,nan
ALNS-A,Example12,12,0,5.0,374.0,nan
ALNS-A,Example12,12,0,6.0,374.0,nan
ALNS-A,Example12,12,0,7.0,374.0,nan
ALNS-A,Example12,12,0,8.0,374.0,nan
ALNS-A,Example12,12,0,9.0,374.0,nan
ALNS-A,Example12,12,0,10.0,374.0,nan
ALNS-A,Example12,12,0,11.0,374.0,nan
ALNS-A,Example12,12,0,12.0,374.0,nan
ALNS-A,Example12,12,0,13.0,374.0,nan
ALNS-A,Example12,12,0,14.0,374.0,nan
ALNS-A,Example12,12,0,15.0,374.0,nan
ALNS-A,Example12,12,0,16.0,374.0,nan
ALNS-A,Example12,12,0,17.0,374.0,nan
ALNS-A,Example12,12,0,18.0,374.0,nan
ALNS-A,Example12,12,0,19.0,374.0,nan
ALNS-A,Example12,12,0,20.0,87.0,nan
ALNS-A,Example12,12,0,21.0,85.0,nan
ALNS-A,Example12,12,0,22.0,85.0,nan
ALNS-A,Example12,12,0,23.0,85.0,nan
ALNS-A,Example12,12,0,24.0,85.0,nan
ALNS-A,Example12,12,0,25.0,85.0,nan
ALNS-A,Example12,12,0,26.0,85.0,nan
ALNS-A,Example12,12,0,27.0,85.0,nan
ALNS-A,Example12,12,0,28.0,85.0,nan
ALNS-A,Example12,12,0,29.0,85.0,nan
ALNS-A,Example12,12,0,30.0,85.0,nan
ALNS-A,Example12,12,0,31.0,85.0,nan
ALNS-A,Example12,12,0,32.0,85.0,nan
ALNS-A,Example12,12,0,33.0,85.0,nan
ALNS-A,Example12,12,0,34.0,85.0,nan
ALNS-A,Example12,12,0,35.0,85.0,nan
ALNS-A,Example12,12,0,36.0,85.0,nan
ALNS-A,Example12,12,0,37.0,85.0,nan
ALNS-A,Example12,12,0,38.0,85.0,nan
ALNS-A,Example12,12,0,39.0,85.0,nan
ALNS-A,Example12,12,0,40.0,85.0,nan
ALNS-A,Example12,12,0,41.0,70.0,nan
ALNS-A,Example12,12,0,42.0,70.0,nan
ALNS-A,Example12,12,0,43.0,70.0,nan
ALNS-A,Example12,12,0,44.0,70.0,nan
ALNS-A,Example12,12,0,45.0,70.0,nan
ALNS-A,Example12,12,0,46.0,70.0,nan
ALNS-A,Example12,12,0,47.0,70.0,nan
ALNS-A,Example12,12,0,48.0,70.0,nan
ALNS-A,Example12,12,0,49.0,62.0,nan
ALNS-A,Example12,12,0,50.0,62.0,nan
ALNS-A,Example12,12,0,51.0,62.0,nan
ALNS-A,Example12,12,0,52.0,62.0,nan
ALNS-A,Example12,12,0,53.0,62.0,nan
ALNS-A,Example12,12,0,54.0,62.0,nan
ALNS-A,Example12,12,0,55.0,62.0,nan
ALNS-A,Example12,12,0,56.0,62.0,nan
ALNS-A,Example12,12,0,57.0,62.0,nan
ALNS-A,Example12,12,0,58.0,62.0,nan
ALNS-A,Example12,12,0,59.0,62.0,nan
ALNS-A,Example12,12,0,60.0,62.0,nan
ALNS-A,Example12,12,0,61.0,62.0,nan
ALNS-A,Example12,12,0,62.0,62.0,nan
ALNS-A,Example12,12,0,63.0,62.0,nan
ALNS-A,Example12,12,0,64.0,62.0,nan
ALNS-A,Example12,12,0,65.0,62.0,nan
ALNS-A,Example12,12,0,66.0,62.0,nan
ALNS-A,Example12,12,0,67.0,62.0,nan
ALNS-A,Example12,12,0,68.0,62.0,nan
ALNS-A,Example12,12,0,69.0,62.0,nan
ALNS-A,Example12,12,0,70.0,62.0,nan
ALNS-A,Example12,12,0,71.0,62.0,nan
ALNS-A,Example12,12,0,72.0,62.0,nan
ALNS-A,Example12,12,0,73.0,62.0,nan
ALNS-A,Example12,12,0,74.0,62.0,nan
ALNS-A,Example12,12,0,75.0,62.0,nan
ALNS-A,Example12,12,0,76.0,59.0,nan
ALNS-A,Example12,12,0,77.0,59.0,nan
ALNS-A,Example12,12,0,78.0,59.0,nan
ALNS-A,Example12,12,0,79.0,59.0,nan
ALNS-A,Example12,12,0,80.0,59.0,nan
ALNS-A,Example12,12,0,81.0,59.0,nan
ALNS-A,Example12,12,0,82.0,59.0,nan
ALNS-A,Example12,12,0,83.0,59.0,nan
ALNS-A,Example12,12,0,84.0,59.0,nan
ALNS-A,Example12,12,0,85.0,59.0,nan
ALNS-A,Example12,12,0,86.0,59.0,nan
ALNS-A,Example12,12,0,87.0,54.0,nan
ALNS-A,Example12,12,0,88.0,54.0,nan
ALNS-A,Example12,12,0,89.0,54.0,nan
ALNS-A,Example12,12,0,90.0,54.0,nan
ALNS-A,Example12,12,0,91.0,54.0,nan
ALNS-A,Example12,12,0,92.0,54.0,nan
ALNS-A,Example12,12,0,93.0,54.0,nan
ALNS-A,Example12,12,0,94.0,54.0,nan
ALNS-A,Example12,12,0,95.0,54.0,nan
ALNS-A,Example12,12,0,96.0,54.0,nan
ALNS-A,Example12,12,0,97.0,54.0,nan
ALNS-A,Example12,12,0,98.0,54.0,nan
ALNS-A,Example12,12,0,99.0,54.0,nan
ALNS-A,Example12,12,0,100.0,54.0,nan
ALNS-A,Example12,12,0,101.0,54.0,nan
ALNS-A,Example12,12,0,102.0,54.0,nan
ALNS-A,Example12,12,0,103.0,54.0,nan
ALNS-A,Example12,12,0,104.0,54.0,nan
ALNS-A,Example12,12,0,105.0,54.0,nan
ALNS-A,Example12,12,0,106.0,44.0,nan
ALNS-A,Example12,12,0,107.0,32.0,nan
ALNS-A,Example12,12,0,108.0,32.0,nan
ALNS-A,Example12,12,0,109.0,32.0,nan
ALNS-A,Example12,12,0,110.0,32.0,nan
ALNS-A,Example12,12,0,111.0,32.0,nan
ALNS-A,Example12,12,0,112.0,32.0,nan
ALNS-A,Example12,12,0,113.0,32.0,nan
ALNS-A,Example12,12,0,114.0,32.0,nan
ALNS-A,Example12,12,0,115.0,32.0,nan
ALNS-A,Example12,12,0,116.0,32.0,nan
ALNS-A,Example12,12,0,117.0,32.0,nan
ALNS-A,Example12,12,0,118.0,32.0,nan
ALNS-A,Example12,12,0,119.0,32.0,nan
ALNS-A,Example12,12,0,120.0,32.0,nan
ALNS-A,Example12,12,0,121.0,32.0,nan
ALNS-A,Example12,12,0,122.0,32.0,nan
ALNS-A,Example12,12,0,123.0,32.0,nan
ALNS-A,Example12,12,0,124.0,32.0,nan
ALNS-A,Example12,12,0,125.0,32.0,nan
ALNS-A,Example12,12,0,126.0,32.0,nan
ALNS-A,Example12,12,0,127.0,32.0,nan
ALNS-A,Example12,12,0,128.0,32.0,nan
ALNS-A,Example12,12,0,129.0,32.0,nan
ALNS-A,Example12,12,0,130.0,32.0,nan
ALNS-A,Example12,12,0,131.0,32.0,nan
ALNS-A,Example12,12,0,132.0,32.0,nan
ALNS-A,Example12,12,0,133.0,32.0,nan
ALNS-A,Example12,12,0,134.0,32.0,nan
ALNS-A,Example12,12,0,135.0,32.0,nan
ALNS-A,Example12,12,0,136.0,32.0,nan
ALNS-A,Example12,12,0,137.0,32.0,nan
ALNS-A,Example12,12,0,138.0,32.0,nan
ALNS-A,Example12,12,0,139.0,32.0,nan
ALNS-A,Example12,12,0,140.0,32.0,nan
ALNS-A,Example12,12,0,141.0,32.0,nan
ALNS-A,Example12,12,0,142.0,32.0,nan
ALNS-A,Example12,12,0,143.0,32.0,nan
ALNS-A,Example12,12,0,144.0,32.0,nan
ALNS-A,Example12,12,0,145.0,32.0,nan
ALNS-A,Example12,12,0,146.0,32.0,nan
ALNS-A,Example12,12,0,147.0,32.0,nan
ALNS-A,Example12,12,0,148.0,32.0,nan
ALNS-A,Example12,12,0,149.0,32.0,nan
ALNS-A,Example12,12,0,150.0,32.0,nan
ALNS-A,Example12,12,0,151.0,32.0,nan
ALNS-A,Example12,12,0,152.0,32.0,nan
ALNS-A,Example12,12,0,153.0,32.0,nan
ALNS-A,Example12,12,0,154.0,32.0,nan
ALNS-A,Example12,12,0,155.0,32.0,nan
ALNS-A,Example12,12,0,156.0,32.0,nan
ALNS-A,Example12,12,0,157.0,32.0,nan
ALNS-A,Example12,12,0,158.0,32.0,nan
ALNS-A,Example12,12,0,159.0,32.0,nan
ALNS-A,Example12,12,0,160.0,32.0,nan
ALNS-A,Example12,12,0,161.0,32.0,nan
ALNS-A,Example12,12,0,162.0,32.0,nan
ALNS-A,Example12,12,0,163.0,32.0,nan
ALNS-A,Example12,12,0,164.0,32.0,nan
ALNS-A,Example12,12,0,165.0,32.0,nan
ALNS-A,Example12,12,0,166.0,32.0,nan
ALNS-A,Example12,12,0,167.0,32.0,nan
ALNS-A,Example12,12,0,168.0,32.0,nan
ALNS-A,Example12,12,0,169.0,32.0,nan
ALNS-A,Example12,12,0,170.0,32.0,nan
ALNS-A,Example12,12,0,171.0,32.0,nan
ALNS-A,Example12,12,0,172.0,32.0,nan
ALNS-A,Example12,12,0,173.0,32.0,nan
ALNS-A,Example12,12,0,174.0,32.0,nan
ALNS-A,Example12,12,0,175.0,32.0,nan
ALNS-A,Example12,12,0,176.0,32.0,nan
ALNS-A,Example12,12,0,177.0,32.0,nan
ALNS-A,Example12,12,0,178.0,32.0,nan
ALNS-A,Example12,12,0,179.0,32.0,nan
ALNS-A,Example12,12,0,180.0,32.0,nan
ALNS-A,Example12,12,0,181.0,32.0,nan
ALNS-A,Example12,12,0,182.0,32.0,nan
ALNS-A,Example12,12,0,183.0,32.0,nan
ALNS-A,Example12,12,0,184.0,32.0,nan
ALNS-A,Example12,12,0,185.0,32.0,nan
ALNS-A,Example12,12,0,186.0,32.0,nan
ALNS-A,Example12,12,0,187.0,32.0,nan
ALNS-A,Example12,12,0,188.0,32.0,nan
ALNS-A,Example12,12,0,189.0,32.0,nan
ALNS-A,Example12,12,0,190.0,32.0,nan
ALNS-A,Example12,12,0,191.0,32.0,nan
ALNS-A,Example12,12,0,192.0,32.0,nan
ALNS-A,Example12,12,0,193.0,32.0,nan
ALNS-A,Example12,12,0,194.0,32.0,nan
ALNS-A,Example12,12,0,195.0,32.0,nan
ALNS-A,Example12,12,0,196.0,32.0,nan
ALNS-A,Example12,12,0,197.0,32.0,nan
ALNS-A,Example12,12,0,198.0,32.0,nan
ALNS-A,Example12,12,0,199.0,32.0,nan
ALNS-A,Example12,12,0,200.0,32.0,nan
ALNS-A,Example12,12,0,201.0,32.0,nan
ALNS-A,Example12,12,0,202.0,32.0,nan
ALNS-A,Example12,12,0,203.0,32.0,nan
ALNS-A,Example12,12,0,204.0,32.0,nan
ALNS-A,Example12,12,0,205.0,32.0,nan
ALNS-A,Example12,12,0,206.0,32.0,nan
ALNS-A,Example12,12,0,207.0,32.0,nan
ALNS-A,Example12,12,0,208.0,32.0,nan
ALNS-A,Example12,12,0,209.0,32.0,nan
ALNS-A,Example12,12,0,210.0,32.0,nan
ALNS-A,Example12,12,0,211.0,32.0,nan
ALNS-A,Example12,12,0,212.0,32.0,nan
ALNS-A,Example12,12,0,213.0,32.0,nan
ALNS-A,Example12,12,0,214.0,32.0,nan
ALNS-A,Example12,12,0,215.0,32.0,nan
ALNS-A,Example12,12,0,216.0,32.0,nan
ALNS-A,Example12,12,0,217.0,32.0,nan
ALNS-A,Example12,12,0,218.0,32.0,nan
ALNS-A,Example12,12,0,219.0,32.0,nan
ALNS-A,Example12,12,0,220.0,32.0,nan
ALNS-A,Example12,12,0,221.0,32.0,nan
ALNS-A,Example12,12,0,222.0,32.0,nan
ALNS-A,Example12,12,0,223.0,32.0,nan
ALNS-A,Example12,12,0,224.0,32.0,nan
ALNS-A,Example12,12,0,225.0,32.0,nan
ALNS-A,Example12,12,0,226.0,32.0,nan
ALNS-A,Example12,12,0,227.0,32.0,nan
ALNS-A,Example12,12,0,228.0,32.0,nan
ALNS-A,Example12,12,0,229.0,32.0,nan
ALNS-A,Example12,12,0,230.0,32.0,nan
ALNS-A,Example12,12,0,231.0,32.0,nan
ALNS-A,Example12,12,0,232.0,32.0,nan
ALNS-A,Example12,12,0,233.0,32.0,nan
ALNS-A,Example12,12,0,234.0,32.0,nan
ALNS-A,Example12,12,0,235.0,32.0,nan
ALNS-A,Example12,12,0,236.0,32.0,nan
ALNS-A,Example12,12,0,237.0,32.0,nan
ALNS-A,Example12,12,0,238.0,32.0,nan
ALNS-A,Example12,12,0,239.0,32.0,nan
ALNS-A,Example12,12,0,240.0,32.0,nan
ALNS-A,Example12,12,0,241.0,32.0,nan
ALNS-A,Example12,12,0,242.0,32.0,nan
ALNS-A,Example12,12,0,243.0,32.0,nan
ALNS-A,Example12,12,0,244.0,32.0,nan
ALNS-A,Example12,12,0,245.0,32.0,nan
ALNS-A,Example12,12,0,246.0,32.0,nan
ALNS-A,Example12,12,0,247.0,32.0,nan
ALNS-A,Example12,12,0,248.0,32.0,nan
ALNS-A,Example12,12,0,249.0,32.0,nan
ALNS-A,Example12,12,0,250.0,32.0,nan
ALNS-A,Example12,12,0,251.0,32.0,nan
ALNS-A,Example12,12,0,252.0,32.0,nan
ALNS-A,Example12,12,0,253.0,32.0,nan
ALNS-A,Example12,12,0,254.0,32.0,nan
ALNS-A,Example12,12,0,255.0,32.0,nan
ALNS-A,Example12,12,0,256.0,32.0,nan
ALNS-A,Example12,12,0,257.0,32.0,nan
ALNS-A,Example12,12,0,258.0,32.0,nan
ALNS-A,Example12,12,0,259.0,32.0,nan
ALNS-A,Example12,12,0,260.0,32.0,nan
ALNS-A,Example12,12,0,261.0,32.0,nan
ALNS-A,Example12,12,0,262.0,32.0,nan
ALNS-A,Example12,12,0,263.0,32.0,nan
ALNS-A,Example12,12,0,264.0,32.0,nan
ALNS-A,Example12,12,0,265.0,32.0,nan
ALNS-A,Example12,12,0,266.0,32.0,nan
ALNS-A,Example12,12,0,267.0,32.0,nan
ALNS-A,Example12,12,0,268.0,32.0,nan
ALNS-A,Example12,12,0,269.0,32.0,nan
ALNS-A,Example12,12,0,270.0,32.0,nan
ALNS-A,Example12,12,0,271.0,32.0,nan
ALNS-A,Example12,12,0,272.0,32.0,nan
ALNS-A,Example12,12,0,273.0,32.0,nan
ALNS-A,Example12,12,1,0.0,199.0,nan
ALNS-A,Example12,12,1,1.0,199.0,nan
ALNS-A,Example12,12,1,2.0,199.0,nan
ALNS-A,Example12,12,1,3.0,199.0,nan
ALNS-A,Example12,12,1,4.0,199.0,nan
ALNS-A,Example12,12,1,5.0,56.0,nan
ALNS-A,Example12,12,1,6.0,49.0,nan
ALNS-A,Example12,12,1,7.0,49.0,nan
ALNS-A,Example12,12,1,8.0,49.0,nan
ALNS-A,Example12,12,1,9.0,49.0,nan
ALNS-A,Example12,12,1,10.0,49.0,nan
ALNS-A,Example12,12,1,11.0,49.0,nan
ALNS-A,Example12,12,1,12.0,49.0,nan
ALNS-A,Example12,12,1,13.0,49.0,nan
ALNS-A,Example12,12,1,14.0,49.0,nan
ALNS-A,Example12,12,1,15.0,49.0,nan
ALNS-A,Example12,12,1,16.0,49.0,nan
ALNS-A,Example12,12,1,17.0,49.0,nan
ALNS-A,Example12,12,1,18.0,49.0,nan
ALNS-A,Example12,12,1,19.0,49.0,nan
ALNS-A,Example12,12,1,20.0,49.0,nan
ALNS-A,Example12,12,1,21.0,49.0,nan
ALNS-A,Example12,12,1,22.0,49.0,nan
ALNS-A,Example12,12,1,23.0,49.0,nan
ALNS-A,Example12,12,1,24.0,49.0,nan
ALNS-A,Example12,12,1,25.0,49.0,nan
ALNS-A,Example12,12,1,26.0,49.0,nan
ALNS-A,Example12,12,1,27.0,49.0,nan
ALNS-A,Example12,12,1,28.0,49.0,nan
ALNS-A,Example12,12,1,29.0,49.0,nan
ALNS-A,Example12,12,1,30.0,49.0,nan
ALNS-A,Example12,12,1,31.0,49.0,nan
ALNS-A,Example12,12,1,32.0,49.0,nan
ALNS-A,Example12,12,1,33.0,49.0,nan
ALNS-A,Example12,12,1,34.0,49.0,nan
ALNS-A,Example12,12,1,35.0,49.0,nan
ALNS-A,Example12,12,1,36.0,49.0,nan
ALNS-A,Example12,12,1,37.0,49.0,nan
ALNS-A,Example12,12,1,38.0,46.0,nan
ALNS-A,Example12,12,1,39.0,46.0,nan
ALNS-A,Example12,12,1,40.0,46.0,nan
ALNS-A,Example12,12,1,41.0,46.0,nan
ALNS-A,Example12,12,1,42.0,46.0,nan
ALNS-A,Example12,12,1,43.0,46.0,nan
ALNS-A,Example12,12,1,44.0,46.0,nan
ALNS-A,Example12,12,1,45.0,46.0,nan
ALNS-A,Example12,12,1,46.0,46.0,nan
ALNS-A,Example12,12,1,47.0,46.0,nan
ALNS-A,Example12,12,1,48.0,46.0,nan
ALNS-A,Example12,12,1,49.0,46.0,nan
ALNS-A,Example12,12,1,50.0,46.0,nan
ALNS-A,Example12,12,1,51.0,46.0,nan
ALNS-A,Example12,12,1,52.0,46.0,nan
ALNS-A,Example12,12,1,53.0,46.0,nan
ALNS-A,Example12,12,1,54.0,46.0,nan
ALNS-A,Example12,12,1,55.0,46.0,nan
ALNS-A,Example12,12,1,56.0,46.0,nan
ALNS-A,Example12,12,1,57.0,46.0,nan
ALNS-A,Example12,12,1,58.0,46.0,nan
ALNS-A,Example12,12,1,59.0,46.0,nan
ALNS-A,Example12,12,1,60.0,46.0,nan
ALNS-A,Example12,12,1,61.0,46.0,nan
ALNS-A,Example12,12,1,62.0,46.0,nan
ALNS-A,Example12,12,1,63.0,46.0,nan
ALNS-A,Example12,12,1,64.0,46.0,nan
ALNS-A,Example12,12,1,65.0,46.0,nan
ALNS-A,Example12,12,1,66.0,46.0,nan
ALNS-A,Example12,12,1,67.0,46.0,nan
ALNS-A,Example12,12,1,68.0,46.0,nan
ALNS-A,Example12,12,1,69.0,46.0,nan
ALNS-A,Example12,12,1,70.0,46.0,nan
ALNS-A,Example12,12,1,71.0,46.0,nan
ALNS-A,Example12,12,1,72.0,31.0,nan
ALNS-A,Example12,12,1,73.0,31.0,nan
ALNS-A,Example12,12,1,74.0,31.0,nan
ALNS-A,Example12,12,1,75.0,31.0,nan
ALNS-A,Example12,12,1,76.0,31.0,nan
ALNS-A,Example12,12,1,77.0,31.0,nan
ALNS-A,Example12,12,1,78.0,31.0,nan
ALNS-A,Example12,12,1,79.0,31.0,nan
ALNS-A,Example12,12,1,80.0,31.0,nan
ALNS-A,Example12,12,1,81.0,31.0,nan
ALNS-A,Example12,12,1,82.0,31.0,nan
ALNS-A,Example12,12,1,83.0,31.0,nan
ALNS-A,Example12,12,1,84.0,31.0,nan
ALNS-A,Example12,12,1,85.0,31.0,nan
ALNS-A,Example12,12,1,86.0,31.0,nan
ALNS-A,Example12,12,1,87.0,31.0,nan
ALNS-A,Example12,12,1,88.0,31.0,nan
ALNS-A,Example12,12,1,89.0,31.0,nan
ALNS-A,Example12,12,1,90.0,31.0,nan
ALNS-A,Example12,12,1,91.0,31.0,nan
ALNS-A,Example12,12,1,92.0,31.0,nan
ALNS-A,Example12,12,1,93.0,31.0,nan
ALNS-A,Example12,12,1,94.0,31.0,nan
ALNS-A,Example12,12,1,95.0,31.0,nan
ALNS-A,Example12,12,1,96.0,31.0,nan
ALNS-A,Example12,12,1,97.0,31.0,nan
ALNS-A,Example12,12,1,98.0,31.0,nan
ALNS-A,Example12,12,1,99.0,31.0,nan
ALNS-A,Example12,12,1,100.0,31.0,nan
ALNS-A,Example12,12,1,101.0,31.0,nan
ALNS-A,Example12,12,1,102.0,31.0,nan
ALNS-A,Example12,12,1,103.0,31.0,nan
ALNS-A,Example12,12,1,104.0,31.0,nan
ALNS-A,Example12,12,1,105.0,31.0,nan
ALNS-A,Example12,12,1,106.0,31.0,nan
ALNS-A,Example12,12,1,107.0,31.0,nan
ALNS-A,Example12,12,1,108.0,31.0,nan
ALNS-A,Example12,12,1,109.0,31.0,nan
ALNS-A,Example12,12,1,110.0,31.0,nan
ALNS-A,Example12,12,1,111.0,31.0,nan
ALNS-A,Example12,12,1,112.0,31.0,nan
ALNS-A,Example12,12,1,113.0,31.0,nan
ALNS-A,Example12,12,1,114.0,31.0,nan
ALNS-A,Example12,12,1,115.0,24.0,nan
ALNS-A,Example12,12,1,116.0,24.0,nan
ALNS-A,Example12,12,1,117.0,24.0,nan
ALNS-A,Example12,12,1,118.0,24.0,nan
ALNS-A,Example12,12,1,119.0,24.0,nan
ALNS-A,Example12,12,1,120.0,24.0,nan
ALNS-A,Example12,12,1,121.0,24.0,nan
ALNS-A,Example12,12,1,122.0,24.0,nan
ALNS-A,Example12,12,1,123.0,24.0,nan
ALNS-A,Example12,12,1,124.0,24.0,nan
ALNS-A,Example12,12,1,125.0,24.0,nan
ALNS-A,Example12,12,1,126.0,24.0,nan
ALNS-A,Example12,12,1,127.0,24.0,nan
ALNS-A,Example12,12,1,128.0,24.0,nan
ALNS-A,Example12,12,1,129.0,24.0,nan
ALNS-A,Example12,12,1,130.0,24.0,nan
ALNS-A,Example12,12,1,131.0,24.0,nan
ALNS-A,Example12,12,1,132.0,24.0,nan
ALNS-A,Example12,12,1,133.0,24.0,nan
ALNS-A,Example12,12,1,134.0,24.0,nan
ALNS-A,Example12,12,1,135.0,24.0,nan
ALNS-A,Example12,12,1,136.0,24.0,nan
ALNS-A,Example12,12,1,137.0,24.0,nan
ALNS-A,Example12,12,1,138.0,24.0,nan
ALNS-A,Example12,12,1,139.0,24.0,nan
ALNS-A,Example12,12,1,140.0,24.0,nan
ALNS-A,Example12,12,1,141.0,24.0,nan
ALNS-A,Example12,12,1,142.0,24.0,nan
ALNS-A,Example12,12,1,143.0,24.0,nan
ALNS-A,Example12,12,1,144.0,24.0,nan
ALNS-A,Example12,12,1,145.0,24.0,nan
ALNS-A,Example12,12,1,146.0,24.0,nan
ALNS-A,Example12,12,1,147.0,24.0,nan
ALNS-A,Example12,12,1,148.0,24.0,nan
ALNS-A,Example12,12,1,149.0,24.0,nan
ALNS-A,Example12,12,1,150.0,24.0,nan
ALNS-A,Example12,12,1,151.0,24.0,nan
ALNS-A,Example12,12,1,152.0,24.0,nan
ALNS-A,Example12,12,1,153.0,24.0,nan
ALNS-A,Example12,12,1,154.0,24.0,nan
ALNS-A,Example12,12,1,155.0,24.0,nan
ALNS-A,Example12,12,1,156.0,24.0,nan
ALNS-A,Example12,12,1,157.0,24.0,nan
ALNS-A,Example12,12,1,158.0,24.0,nan
ALNS-A,Example12,12,1,159.0,24.0,nan
ALNS-A,Example12,12,1,160.0,24.0,nan
ALNS-A,Example12,12,1,161.0,19.0,nan
ALNS-A,Example12,12,1,162.0,19.0,nan
ALNS-A,Example12,12,1,163.0,19.0,nan
ALNS-A,Example12,12,1,164.0,19.0,nan
ALNS-A,Example12,12,1,165.0,19.0,nan
ALNS-A,Example12,12,1,166.0,19.0,nan
ALNS-A,Example12,12,1,167.0,13.0,nan
ALNS-A,Example12,12,1,168.0,13.0,nan
ALNS-A,Example12,12,1,169.0,13.0,nan
ALNS-A,Example12,12,1,170.0,13.0,nan
ALNS-A,Example12,12,1,171.0,13.0,nan
ALNS-A,Example12,12,1,172.0,13.0,nan
ALNS-A,Example12,12,1,173.0,13.0,nan
ALNS-A,Example12,12,1,174.0,13.0,nan
ALNS-A,Example12,12,1,175.0,13.0,nan
ALNS-A,Example12,12,1,176.0,12.0,nan
ALNS-A,Example12,12,1,177.0,12.0,nan
ALNS-A,Example12,12,1,178.0,12.0,nan
ALNS-A,Example12,12,1,179.0,12.0,nan
ALNS-A,Example12,12,1,180.0,12.0,nan
ALNS-A,Example12,12,1,181.0,12.0,nan
ALNS-A,Example12,12,1,182.0,12.0,nan
ALNS-A,Example12,12,1,183.0,12.0,nan
ALNS-A,Example12,12,1,184.0,12.0,nan
ALNS-A,Example12,12,1,185.0,12.0,nan
ALNS-A,Example12,12,1,186.0,12.0,nan
ALNS-A,Example12,12,1,187.0,12.0,nan
ALNS-A,Example12,12,1,188.0,12.0,nan
ALNS-A,Example12,12,1,189.0,12.0,nan
ALNS-A,Example12,12,1,190.0,12.0,nan
ALNS-A,Example12,12,1,191.0,12.0,nan
ALNS-A,Example12,12,1,192.0,12.0,nan
ALNS-A,Example12,12,1,193.0,12.0,nan
ALNS-A,Example12,12,1,194.0,12.0,nan
ALNS-A,Example12,12,1,195.0,12.0,nan
ALNS-A,Example12,12,1,196.0,12.0,nan
ALNS-A,Example12,12,1,197.0,12.0,nan
ALNS-A,Example12,12,1,198.0,12.0,nan
ALNS-A,Example12,12,1,199.0,12.0,nan
ALNS-A,Example12,12,1,200.0,12.0,nan
ALNS-A,Example12,12,1,201.0,12.0,nan
ALNS-A,Example12,12,1,202.0,12.0,nan
ALNS-A,Example12,12,1,203.0,12.0,nan
ALNS-A,Example12,12,1,204.0,12.0,nan
ALNS-A,Example12,12,1,205.0,12.0,nan
ALNS-A,Example12,12,1,206.0,12.0,nan
ALNS-A,Example12,12,1,207.0,12.0,nan
ALNS-A,Example12,12,1,208.0,12.0,nan
ALNS-A,Example12,12,1,209.0,12.0,nan
ALNS-A,Example12,12,1,210.0,12.0,nan
ALNS-A,Example12,12,1,211.0,12.0,nan
ALNS-A,Example12,12,1,212.0,12.0,nan
ALNS-A,Example12,12,1,213.0,12.0,nan
ALNS-A,Example12,12,1,214.0,12.0,nan
ALNS-A,Example12,12,1,215.0,12.0,nan
ALNS-A,Example12,12,1,216.0,12.0,nan
ALNS-A,Example12,12,1,217.0,12.0,nan
ALNS-A,Example12,12,1,218.0,12.0,nan
ALNS-A,Example12,12,1,219.0,12.0,nan
ALNS-A,Example12,12,1,220.0,12.0,nan
ALNS-A,Example12,12,1,221.0,12.0,nan
ALNS-A,Example12,12,1,222.0,12.0,nan
ALNS-A,Example12,12,1,223.0,12.0,nan
ALNS-A,Example12,12,1,224.0,12.0,nan
ALNS-A,Example12,12,1,225.0,12.0,nan
ALNS-A,Example12,12,1,226.0,12.0,nan
ALNS-A,Example12,12,1,227.0,12.0,nan
ALNS-A,Example12,12,1,228.0,12.0,nan
ALNS-A,Example12,12,1,229.0,12.0,nan
ALNS-A,Example12,12,1,230.0,12.0,nan
ALNS-A,Example12,12,1,231.0,12.0,nan
ALNS-A,Example12,12,1,232.0,12.0,nan
ALNS-A,Example12,12,1,233.0,12.0,nan
ALNS-A,Example12,12,1,234.0,12.0,nan
ALNS-A,Example12,12,1,235.0,12.0,nan
ALNS-A,Example12,12,1,236.0,12.0,nan
ALNS-A,Example12,12,1,237.0,12.0,nan
ALNS-A,Example12,12,1,238.0,12.0,nan
ALNS-A,Example12,12,1,239.0,12.0,nan
ALNS-A,Example12,12,1,240.0,12.0,nan
ALNS-A,Example12,12,1,241.0,12.0,nan
ALNS-A,Example12,12,1,242.0,12.0,nan
ALNS-A,Example12,12,1,243.0,12.0,nan
ALNS-A,Example12,12,1,244.0,12.0,nan
ALNS-A,Example12,12,1,245.0,12.0,nan
ALNS-A,Example12,12,1,246.0,12.0,nan
ALNS-A,Example12,12,1,247.0,12.0,nan
ALNS-A,Example12,12,1,248.0,12.0,nan
ALNS-A,Example12,12,1,249.0,12.0,nan
ALNS-A,Example12,12,1,250.0,12.0,nan
ALNS-A,Example12,12,1,251.0,12.0,nan
ALNS-A,Example12,12,1,252.0,12.0,nan
ALNS-A,Example12,12,1,253.0,12.0,nan
ALNS-A,Example12,12,1,254.0,12.0,nan
ALNS-A,Example12,12,1,255.0,12.0,nan
ALNS-A,Example12,12,1,256.0,12.0,nan
ALNS-A,Example12,12,1,257.0,12.0,nan
ALNS-A,Example12,12,1,258.0,12.0,nan
ALNS-A,Example12,12,1,259.0,12.0,nan
ALNS-A,Example12,12,1,260.0,12.0,nan
ALNS-A,Example12,12,1,261.0,12.0,nan
ALNS-A,Example12,12,1,262.0,12.0,nan
ALNS-A,Example12,12,1,263.0,12.0,nan
ALNS-A,Example12,12,1,264.0,12.0,nan
ALNS-A,Example12,12,1,265.0,12.0,nan
ALNS-A,Example12,12,1,266.0,12.0,nan
ALNS-A,Example12,12,1,267.0,12.0,nan
ALNS-A,Example12,12,1,268.0,12.0,nan
ALNS-A,Example12,12,1,269.0,12.0,nan
ALNS-A,Example12,12,1,270.0,12.0,nan
ALNS-A,Example12,12,1,271.0,12.0,nan
ALNS-A,Example12,12,1,272.0,12.0,nan
ALNS-A,Example12,12,1,273.0,12.0,nan
ALNS-A,Example12,12,2,0.0,254.0,nan
ALNS-A,Example12,12,2,1.0,254.0,nan
ALNS-A,Example12,12,2,2.0,254.0,nan
ALNS-A,Example12,12,2,3.0,254.0,nan
ALNS-A,Example12,12,2,4.0,254.0,nan
ALNS-A,Example12,12,2,5.0,157.0,nan
ALNS-A,Example12,12,2,6.0,157.0,nan
ALNS-A,Example12,12,2,7.0,157.0,nan
ALNS-A,Example12,12,2,8.0,157.0,nan
ALNS-A,Example12,12,2,9.0,157.0,nan
ALNS-A,Example12,12,2,10.0,157.0,nan
ALNS-A,Example12,12,2,11.0,157.0,nan
ALNS-A,Example12,12,2,12.0,157.0,nan
ALNS-A,Example12,12,2,13.0,157.0,nan
ALNS-A,Example12,12,2,14.0,157.0,nan
ALNS-A,Example12,12,2,15.0,157.0,nan
ALNS-A,Example12,12,2,16.0,157.0,nan
ALNS-A,Example12,12,2,17.0,157.0,nan
ALNS-A,Example12,12,2,18.0,157.0,nan
ALNS-A,Example12,12,2,19.0,157.0,nan
ALNS-A,Example12,12,2,20.0,157.0,nan
ALNS-A,Example12,12,2,21.0,117.0,nan
ALNS-A,Example12,12,2,22.0,117.0,nan
ALNS-A,Example12,12,2,23.0,117.0,nan
ALNS-A,Example12,12,2,24.0,117.0,nan
ALNS-A,Example12,12,2,25.0,117.0,nan
ALNS-A,Example12,12,2,26.0,117.0,nan
ALNS-A,Example12,12,2,27.0,117.0,nan
ALNS-A,Example12,12,2,28.0,97.0,nan
ALNS-A,Example12,12,2,29.0,97.0,nan
ALNS-A,Example12,12,2,30.0,97.0,nan
ALNS-A,Example12,12,2,31.0,97.0,nan
ALNS-A,Example12,12,2,32.0,97.0,nan
ALNS-A,Example12,12,2,33.0,97.0,nan
ALNS-A,Example12,12,2,34.0,97.0,nan
ALNS-A,Example12,12,2,35.0,97.0,nan
ALNS-A,Example12,12,2,36.0,97.0,nan
ALNS-A,Example12,12,2,37.0,97.0,nan
ALNS-A,Example12,12,2,38.0,97.0,nan
ALNS-A,Example12,12,2,39.0,97.0,nan
ALNS-A,Example12,12,2,40.0,97.0,nan
ALNS-A,Example12,12,2,41.0,97.0,nan
ALNS-A,Example12,12,2,42.0,97.0,nan
ALNS-A,Example12,12,2,43.0,97.0,nan
ALNS-A,Example12,12,2,44.0,97.0,nan
ALNS-A,Example12,12,2,45.0,97.0,nan
ALNS-A,Example12,12,2,46.0,97.0,nan
ALNS-A,Example12,12,2,47.0,97.0,nan
ALNS-A,Example12,12,2,48.0,92.0,nan
ALNS-A,Example12,12,2,49.0,92.0,nan
ALNS-A,Example12,12,2,50.0,76.0,nan
ALNS-A,Example12,12,2,51.0,76.0,nan
ALNS-A,Example12,12,2,52.0,76.0,nan
ALNS-A,Example12,12,2,53.0,76.0,nan
ALNS-A,Example12,12,2,54.0,76.0,nan
ALNS-A,Example12,12,2,55.0,76.0,nan
ALNS-A,Example12,12,2,56.0,76.0,nan
ALNS-A,Example12,12,2,57.0,76.0,nan
ALNS-A,Example12,12,2,58.0,76.0,nan
ALNS-A,Example12,12,2,59.0,76.0,nan
ALNS-A,Example12,12,2,60.0,76.0,nan
ALNS-A,Example12,12,2,61.0,76.0,nan
ALNS-A,Example12,12,2,62.0,76.0,nan
ALNS-A,Example12,12,2,63.0,76.0,nan
ALNS-A,Example12,12,2,64.0,76.0,nan
ALNS-A,Example12,12,2,65.0,76.0,nan
ALNS-A,Example12,12,2,66.0,76.0,nan
ALNS-A,Example12,12,2,67.0,76.0,nan
ALNS-A,Example12,12,2,68.0,76.0,nan
ALNS-A,Example12,12,2,69.0,76.0,nan
ALNS-A,Example12,12,2,70.0,76.0,nan
ALNS-A,Example12,12,2,71.0,76.0,nan
ALNS-A,Example12,12,2,72.0,76.0,nan
ALNS-A,Example12,12,2,73.0,76.0,nan
ALNS-A,Example12,12,2,74.0,76.0,nan
ALNS-A,Example12,12,2,75.0,76.0,nan
ALNS-A,Example12,12,2,76.0,76.0,nan
ALNS-A,Example12,12,2,77.0,76.0,nan
ALNS-A,Example12,12,2,78.0,76.0,nan
ALNS-A,Example12,12,2,79.0,76.0,nan
ALNS-A,Example12,12,2,80.0,76.0,nan
ALNS-A,Example12,12,2,81.0,76.0,nan
ALNS-A,Example12,12,2,82.0,76.0,nan
ALNS-A,Example12,12,2,83.0,76.0,nan
ALNS-A,Example12,12,2,84.0,76.0,nan
ALNS-A,Example12,12,2,85.0,76.0,nan
ALNS-A,Example12,12,2,86.0,76.0,nan
ALNS-A,Example12,12,2,87.0,76.0,nan
ALNS-A,Example12,12,2,88.0,76.0,nan
ALNS-A,Example12,12,2,89.0,76.0,nan
ALNS-A,Example12,12,2,90.0,68.0,nan
ALNS-A,Example12,12,2,91.0,36.0,nan
ALNS-A,Example12,12,2,92.0,36.0,nan
ALNS-A,Example12,12,2,93.0,36.0,nan
ALNS-A,Example12,12,2,94.0,36.0,nan
ALNS-A,Example12,12,2,95.0,36.0,nan
ALNS-A,Example12,12,2,96.0,36.0,nan
ALNS-A,Example12,12,2,97.0,36.0,nan
ALNS-A,Example12,12,2,98.0,36.0,nan
ALNS-A,Example12,12,2,99.0,36.0,nan
ALNS-A,Example12,12,2,100.0,36.0,nan
ALNS-A,Example12,12,2,101.0,36.0,nan
ALNS-A,Example12,12,2,102.0,36.0,nan
ALNS-A,Example12,12,2,103.0,35.0,nan
ALNS-A,Example12,12,2,104.0,35.0,nan
ALNS-A,Example12,12,2,105.0,35.0,nan
ALNS-A,Example12,12,2,106.0,35.0,nan
ALNS-A,Example12,12,2,107.0,35.0,nan
ALNS-A,Example12,12,2,108.0,35.0,nan
ALNS-A,Example12,12,2,109.0,35.0,nan
ALNS-A,Example12,12,2,110.0,35.0,nan
ALNS-A,Example12,12,2,111.0,35.0,nan
ALNS-A,Example12,12,2,112.0,35.0,nan
ALNS-A,Example12,12,2,113.0,35.0,nan
ALNS-A,Example12,12,2,114.0,35.0,nan
ALNS-A,Example12,12,2,115.0,35.0,nan
ALNS-A,Example12,12,2,116.0,35.0,nan
ALNS-A,Example12,12,2,117.0,35.0,nan
ALNS-A,Example12,12,2,118.0,35.0,nan
ALNS-A,Example12,12,2,119.0,35.0,nan
ALNS-A,Example12,12,2,120.0,35.0,nan
ALNS-A,Example12,12,2,121.0,35.0,nan
ALNS-A,Example12,12,2,122.0,35.0,nan
ALNS-A,Example12,12,2,123.0,35.0,nan
ALNS-A,Example12,12,2,124.0,35.0,nan
ALNS-A,Example12,12,2,125.0,35.0,nan
ALNS-A,Example12,12,2,126.0,35.0,nan
ALNS-A,Example12,12,2,127.0,35.0,nan
ALNS-A,Example12,12,2,128.0,35.0,nan
ALNS-A,Example12,12,2,129.0,35.0,nan
ALNS-A,Example12,12,2,130.0,35.0,nan
ALNS-A,Example12,12,2,131.0,35.0,nan
ALNS-A,Example12,12,2,132.0,35.0,nan
ALNS-A,Example12,12,2,133.0,35.0,nan
ALNS-A,Example12,12,2,134.0,35.0,nan
ALNS-A,Example12,12,2,135.0,35.0,nan
ALNS-A,Example12,12,2,136.0,35.0,nan
ALNS-A,Example12,12,2,137.0,35.0,nan
ALNS-A,Example12,12,2,138.0,35.0,nan
ALNS-A,Example12,12,2,139.0,35.0,nan
ALNS-A,Example12,12,2,140.0,35.0,nan
ALNS-A,Example12,12,2,141.0,35.0,nan
ALNS-A,Example12,12,2,142.0,35.0,nan
ALNS-A,Example12,12,2,143.0,35.0,nan
ALNS-A,Example12,12,2,144.0,35.0,nan
ALNS-A,Example12,12,2,145.0,35.0,nan
ALNS-A,Example12,12,2,146.0,35.0,nan
ALNS-A,Example12,12,2,147.0,35.0,nan
ALNS-A,Example12,12,2,148.0,35.0,nan
ALNS-A,Example12,12,2,149.0,35.0,nan
ALNS-A,Example12,12,2,150.0,35.0,nan
ALNS-A,Example12,12,2,151.0,35.0,nan
ALNS-A,Example12,12,2,152.0,35.0,nan
ALNS-A,Example12,12,2,153.0,35.0,nan
ALNS-A,Example12,12,2,154.0,35.0,nan
ALNS-A,Example12,12,2,155.0,35.0,nan
ALNS-A,Example12,12,2,156.0,35.0,nan
ALNS-A,Example12,12,2,157.0,35.0,nan
ALNS-A,Example12,12,2,158.0,35.0,nan
ALNS-A,Example12,12,2,159.0,35.0,nan
ALNS-A,Example12,12,2,160.0,35.0,nan
ALNS-A,Example12,12,2,161.0,35.0,nan
ALNS-A,Example12,12,2,162.0,35.0,nan
ALNS-A,Example12,12,2,163.0,35.0,nan
ALNS-A,Example12,12,2,164.0,35.0,nan
ALNS-A,Example12,12,2,165.0,35.0,nan
ALNS-A,Example12,12,2,166.0,35.0,nan
ALNS-A,Example12,12,2,167.0,35.0,nan
ALNS-A,Example12,12,2,168.0,35.0,nan
ALNS-A,Example12,12,2,169.0,35.0,nan
ALNS-A,Example12,12,2,170.0,35.0,nan
ALNS-A,Example12,12,2,171.0,35.0,nan
ALNS-A,Example12,12,2,172.0,35.0,nan
ALNS-A,Example12,12,2,173.0,35.0,nan
ALNS-A,Example12,12,2,174.0,35.0,nan
ALNS-A,Example12,12,2,175.0,35.0,nan
ALNS-A,Example12,12,2,176.0,35.0,nan
ALNS-A,Example12,12,2,177.0,35.0,nan
ALNS-A,Example12,12,2,178.0,35.0,nan
ALNS-A,Example12,12,2,179.0,35.0,nan
ALNS-A,Example12,12,2,180.0,35.0,nan
ALNS-A,Example12,12,2,181.0,35.0,nan
ALNS-A,Example12,12,2,182.0,35.0,nan
ALNS-A,Example12,12,2,183.0,35.0,nan
ALNS-A,Example12,12,2,184.0,35.0,nan
ALNS-A,Example12,12,2,185.0,35.0,nan
ALNS-A,Example12,12,2,186.0,35.0,nan
ALNS-A,Example12,12,2,187.0,35.0,nan
ALNS-A,Example12,12,2,188.0,35.0,nan
ALNS-A,Example12,12,2,189.0,35.0,nan
ALNS-A,Example12,12,2,190.0,35.0,nan
ALNS-A,Example12,12,2,191.0,35.0,nan
ALNS-A,Example12,12,2,192.0,35.0,nan
ALNS-A,Example12,12,2,193.0,35.0,nan
ALNS-A,Example12,12,2,194.0,35.0,nan
ALNS-A,Example12,12,2,195.0,35.0,nan
ALNS-A,Example12,12,2,196.0,35.0,nan
ALNS-A,Example12,12,2,197.0,35.0,nan
ALNS-A,Example12,12,2,198.0,35.0,nan
ALNS-A,Example12,12,2,199.0,35.0,nan
ALNS-A,Example12,12,2,200.0,35.0,nan
ALNS-A,Example12,12,2,201.0,35.0,nan
ALNS-A,Example12,12,2,202.0,35.0,nan
ALNS-A,Example12,12,2,203.0,35.0,nan
ALNS-A,Example12,12,2,204.0,35.0,nan
ALNS-A,Example12,12,2,205.0,35.0,nan
ALNS-A,Example12,12,2,206.0,35.0,nan
ALNS-A,Example12,12,2,207.0,35.0,nan
ALNS-A,Example12,12,2,208.0,35.0,nan
ALNS-A,Example12,12,2,209.0,35.0,nan
ALNS-A,Example12,12,2,210.0,35.0,nan
ALNS-A,Example12,12,2,211.0,35.0,nan
ALNS-A,Example12,12,2,212.0,35.0,nan
ALNS-A,Example12,12,2,213.0,35.0,nan
ALNS-A,Example12,12,2,214.0,35.0,nan
ALNS-A,Example12,12,2,215.0,35.0,nan
ALNS-A,Example12,12,2,216.0,35.0,nan
ALNS-A,Example12,12,2,217.0,35.0,nan
ALNS-A,Example12,12,2,218.0,35.0,nan
ALNS-A,Example12,12,2,219.0,35.0,nan
ALNS-A,Example12,12,2,220.0,35.0,nan
ALNS-A,Example12,12,2,221.0,35.0,nan
ALNS-A,Example12,12,2,222.0,35.0,nan
ALNS-A,Example12,12,2,223.0,35.0,nan
ALNS-A,Example12,12,2,224.0,35.0,nan
ALNS-A,Example12,12,2,225.0,35.0,nan
ALNS-A,Example12,12,2,226.0,35.0,nan
ALNS-A,Example12,12,2,227.0,35.0,nan
ALNS-A,Example12,12,2,228.0,35.0,nan
ALNS-A,Example12,12,2,229.0,35.0,nan
ALNS-A,Example12,12,2,230.0,35.0,nan
ALNS-A,Example12,12,2,231.0,35.0,nan
ALNS-A,Example12,12,2,232.0,35.0,nan
ALNS-A,Example12,12,2,233.0,35.0,nan
ALNS-A,Example12,12,2,234.0,35.0,nan
ALNS-A,Example12,12,2,235.0,35.0,nan
ALNS-A,Example12,12,2,236.0,35.0,nan
ALNS-A,Example12,12,2,237.0,35.0,nan
ALNS-A,Example12,12,2,238.0,35.0,nan
ALNS-A,Example12,12,2,239.0,35.0,nan
ALNS-A,Example12,12,2,240.0,35.0,nan
ALNS-A,Example12,12,2,241.0,35.0,nan
ALNS-A,Example12,12,2,242.0,35.0,nan
ALNS-A,Example12,12,2,243.0,35.0,nan
ALNS-A,Example12,12,2,244.0,35.0,nan
ALNS-A,Example12,12,2,245.0,35.0,nan
ALNS-A,Example12,12,2,246.0,35.0,nan
ALNS-A,Example12,12,2,247.0,35.0,nan
ALNS-A,Example12,12,2,248.0,35.0,nan
ALNS-A,Example12,12,2,249.0,35.0,nan
ALNS-A,Example12,12,2,250.0,35.0,nan
ALNS-A,Example12,12,2,251.0,35.0,nan
ALNS-A,Example12,12,2,252.0,35.0,nan
ALNS-A,Example12,12,2,253.0,35.0,nan
ALNS-A,Example12,12,2,254.0,35.0,nan
ALNS-A,Example12,12,2,255.0,35.0,nan
ALNS-A,Example12,12,2,256.0,35.0,nan
ALNS-A,Example12,12,2,257.0,35.0,nan
ALNS-A,Example12,12,2,258.0,35.0,nan
ALNS-A,Example12,12,2,259.0,35.0,nan
ALNS-A,Example12,12,2,260.0,35.0,nan
ALNS-A,Example12,12,2,261.0,35.0,nan
ALNS-A,Example12,12,2,262.0,35.0,nan
ALNS-A,Example12,12,2,263.0,35.0,nan
ALNS-A,Example12,12,2,264.0,35.0,nan
ALNS-A,Example12,12,2,265.0,35.0,nan
ALNS-A,Example12,12,2,266.0,35.0,nan
ALNS-A,Example12,12,2,267.0,35.0,nan
ALNS-A,Example12,12,2,268.0,35.0,nan
ALNS-A,Example12,12,2,269.0,35.0,nan
ALNS-A,Example12,12,2,270.0,35.0,nan
ALNS-A,Example12,12,2,271.0,35.0,nan
ALNS-A,Example12,12,2,272.0,35.0,nan
ALNS-A,Example12,12,2,273.0,35.0,nan
ALNS-A,Example13,13,0,0.0,398.0,nan
ALNS-A,Example13,13,0,1.0,398.0,nan
ALNS-A,Example13,13,0,2.0,398.0,nan
ALNS-A,Example13,13,0,3.0,398.0,nan
ALNS-A,Example13,13,0,4.0,398.0,nan
ALNS-A,Example13,13,0,5.0,398.0,nan
ALNS-A,Example13,13,0,6.0,398.0,nan
ALNS-A,Example13,13,0,7.0,398.0,nan
ALNS-A,Example13,13,0,8.0,398.0,nan
ALNS-A,Example13,13,0,9.0,398.0,nan
ALNS-A,Example13,13,0,10.0,398.0,nan
ALNS-A,Example13,13,0,11.0,398.0,nan
ALNS-A,Example13,13,0,12.0,398.0,nan
ALNS-A,Example13,13,0,13.0,398.0,nan
ALNS-A,Example13,13,0,14.0,398.0,nan
ALNS-A,Example13,13,0,15.0,398.0,nan
ALNS-A,Example13,13,0,16.0,398.0,nan
ALNS-A,Example13,13,0,17.0,398.0,nan
ALNS-A,Example13,13,0,18.0,398.0,nan
ALNS-A,Example13,13,0,19.0,398.0,nan
ALNS-A,Example13,13,0,20.0,121.0,nan
ALNS-A,Example13,13,0,21.0,121.0,nan
ALNS-A,Example13,13,0,22.0,121.0,nan
ALNS-A,Example13,13,0,23.0,121.0,nan
ALNS-A,Example13,13,0,24.0,50.0,nan
ALNS-A,Example13,13,0,25.0,50.0,nan
ALNS-A,Example13,13,0,26.0,50.0,nan
ALNS-A,Example13,13,0,27.0,50.0,nan
ALNS-A,Example13,13,0,28.0,50.0,nan
ALNS-A,Example13,13,0,29.0,50.0,nan
ALNS-A,Example13,13,0,30.0,50.0,nan
ALNS-A,Example13,13,0,31.0,50.0,nan
ALNS-A,Example13,13,0,32.0,35.0,nan
ALNS-A,Example13,13,0,33.0,35.0,nan
ALNS-A,Example13,13,0,34.0,35.0,nan
ALNS-A,Example13,13,0,35.0,35.0,nan
ALNS-A,Example13,13,0,36.0,35.0,nan
ALNS-A,Example13,13,0,37.0,35.0,nan
ALNS-A,Example13,13,0,38.0,35.0,nan
ALNS-A,Example13,13,0,39.0,35.0,nan
ALNS-A,Example13,13,0,40.0,35.0,nan
ALNS-A,Example13,13,0,41.0,35.0,nan
ALNS-A,Example13,13,0,42.0,35.0,nan
ALNS-A,Example13,13,0,43.0,35.0,nan
ALNS-A,Example13,13,0,44.0,35.0,nan
ALNS-A,Example13,13,0,45.0,35.0,nan
ALNS-A,Example13,13,0,46.0,35.0,nan
ALNS-A,Example13,13,0,47.0,35.0,nan
ALNS-A,Example13,13,0,48.0,35.0,nan
ALNS-A,Example13,13,0,49.0,35.0,nan
ALNS-A,Example13,13,0,50.0,35.0,nan
ALNS-A,Example13,13,0,51.0,35.0,nan
ALNS-A,Example13,13,0,52.0,35.0,nan
ALNS-A,Example13,13,0,53.0,35.0,nan
ALNS-A,Example13,13,0,54.0,35.0,nan
ALNS-A,Example13,13,0,55.0,35.0,nan
ALNS-A,Example13,13,0,56.0,35.0,nan
ALNS-A,Example13,13,0,57.0,35.0,nan
ALNS-A,Example13,13,0,58.0,35.0,nan
ALNS-A,Example13,13,0,59.0,32.0,nan
ALNS-A,Example13,13,0,60.0,32.0,nan
ALNS-A,Example13,13,0,61.0,32.0,nan
ALNS-A,Example13,13,0,62.0,32.0,nan
ALNS-A,Example13,13,0,63.0,32.0,nan
ALNS-A,Example13,13,0,64.0,32.0,nan
ALNS-A,Example13,13,0,65.0,32.0,nan
ALNS-A,Example13,13,0,66.0,32.0,nan
ALNS-A,Example13,13,0,67.0,32.0,nan
ALNS-A,Example13,13,0,68.0,32.0,nan
ALNS-A,Example13,13,0,69.0,32.0,nan
ALNS-A,Example13,13,0,70.0,32.0,nan
ALNS-A,Example13,13,0,71.0,32.0,nan
ALNS-A,Example13,13,0,72.0,32.0,nan
ALNS-A,Example13,13,0,73.0,32.0,nan
ALNS-A,Example13,13,0,74.0,27.0,nan
ALNS-A,Example13,13,0,75.0,27.0,nan
ALNS-A,Example13,13,0,76.0,27.0,nan
ALNS-A,Example13,13,0,77.0,27.0,nan
ALNS-A,Example13,13,0,78.0,27.0,nan
ALNS-A,Example13,13,0,79.0,27.0,nan
ALNS-A,Example13,13,0,80.0,27.0,nan
ALNS-A,Example13,13,0,81.0,27.0,nan
ALNS-A,Example13,13,0,82.0,27.0,nan
ALNS-A,Example13,13,0,83.0,27.0,nan
ALNS-A,Example13,13,0,84.0,27.0,nan
ALNS-A,Example13,13,0,85.0,27.0,nan
ALNS-A,Example13,13,0,86.0,27.0,nan
ALNS-A,Example13,13,0,87.0,27.0,nan
ALNS-A,Example13,13,0,88.0,27.0,nan
ALNS-A,Example13,13,0,89.0,27.0,nan
ALNS-A,Example13,13,0,90.0,27.0,nan
ALNS-A,Example13,13,0,91.0,27.0,nan
ALNS-A,Example13,13,0,92.0,27.0,nan
ALNS-A,Example13,13,0,93.0,27.0,nan
ALNS-A,Example13,13,0,94.0,27.0,nan
ALNS-A,Example13,13,0,95.0,27.0,nan
ALNS-A,Example13,13,0,96.0,27.0,nan
ALNS-A,Example13,13,0,97.0,27.0,nan
ALNS-A,Example13,13,0,98.0,27.0,nan
ALNS-A,Example13,13,0,99.0,27.0,nan
ALNS-A,Example13,13,0,100.0,27.0,nan
ALNS-A,Example13,13,0,101.0,27.0,nan
ALNS-A,Example13,13,0,102.0,27.0,nan
ALNS-A,Example13,13,0,103.0,27.0,nan
ALNS-A,Example13,13,0,104.0,27.0,nan
ALNS-A,Example13,13,0,105.0,27.0,nan
ALNS-A,Example13,13,0,106.0,27.0,nan
ALNS-A,Example13,13,0,107.0,27.0,nan
ALNS-A,Example13,13,0,108.0,27.0,nan
ALNS-A,Example13,13,0,109.0,27.0,nan
ALNS-A,Example13,13,0,110.0,27.0,nan
ALNS-A,Example13,13,0,111.0,27.0,nan
ALNS-A,Example13,13,0,112.0,27.0,nan
ALNS-A,Example13,13,0,113.0,27.0,nan
ALNS-A,Example13,13,0,114.0,27.0,nan
ALNS-A,Example13,13,0,115.0,27.0,nan
ALNS-A,Example13,13,0,116.0,27.0,nan
ALNS-A,Example13,13,0,117.0,27.0,nan
ALNS-A,Example13,13,0,118.0,27.0,nan
ALNS-A,Example13,13,0,119.0,27.0,nan
ALNS-A,Example13,13,0,120.0,27.0,nan
ALNS-A,Example13,13,0,121.0,27.0,nan
ALNS-A,Example13,13,0,122.0,27.0,nan
ALNS-A,Example13,13,0,123.0,27.0,nan
ALNS-A,Example13,13,0,124.0,27.0,nan
ALNS-A,Example13,13,0,125.0,27.0,nan
ALNS-A,Example13,13,0,126.0,27.0,nan
ALNS-A,Example13,13,0,127.0,27.0,nan
ALNS-A,Example13,13,0,128.0,27.0,nan
ALNS-A,Example13,13,0,129.0,27.0,nan
ALNS-A,Example13,13,0,130.0,27.0,nan
ALNS-A,Example13,13,0,131.0,27.0,nan
ALNS-A,Example13,13,0,132.0,27.0,nan
ALNS-A,Example13,13,0,133.0,27.0,nan
ALNS-A,Example13,13,0,134.0,27.0,nan
ALNS-A,Example13,13,0,135.0,27.0,nan
ALNS-A,Example13,13,0,136.0,27.0,nan
ALNS-A,Example13,13,0,137.0,27.0,nan
ALNS-A,Example13,13,0,138.0,27.0,nan
ALNS-A,Example13,13,0,139.0,27.0,nan
ALNS-A,Example13,13,0,140.0,27.0,nan
ALNS-A,Example13,13,0,141.0,27.0,nan
ALNS-A,Example13,13,0,142.0,27.0,nan
ALNS-A,Example13,13,0,143.0,27.0,nan
ALNS-A,Example13,13,0,144.0,27.0,nan
ALNS-A,Example13,13,0,145.0,27.0,nan
ALNS-A,Example13,13,0,146.0,27.0,nan
ALNS-A,Example13,13,0,147.0,27.0,nan
ALNS-A,Example13,13,0,148.0,27.0,nan
ALNS-A,Example13,13,0,149.0,27.0,nan
ALNS-A,Example13,13,0,150.0,27.0,nan
ALNS-A,Example13,13,0,151.0,27.0,nan
ALNS-A,Example13,13,0,152.0,27.0,nan
ALNS-A,Example13,13,0,153.0,27.0,nan
ALNS-A,Example13,13,0,154.0,27.0,nan
ALNS-A,Example13,13,0,155.0,27.0,nan
ALNS-A,Example13,13,0,156.0,27.0,nan
ALNS-A,Example13,13,0,157.0,27.0,nan
ALNS-A,Example13,13,0,158.0,27.0,nan
ALNS-A,Example13,13,0,159.0,27.0,nan
ALNS-A,Example13,13,0,160.0,27.0,nan
ALNS-A,Example13,13,0,161.0,27.0,nan
ALNS-A,Example13,13,0,162.0,27.0,nan
ALNS-A,Example13,13,0,163.0,27.0,nan
ALNS-A,Example13,13,0,164.0,27.0,nan
ALNS-A,Example13,13,0,165.0,27.0,nan
ALNS-A,Example13,13,0,166.0,27.0,nan
ALNS-A,Example13,13,0,167.0,27.0,nan
ALNS-A,Example13,13,0,168.0,27.0,nan
ALNS-A,Example13,13,0,169.0,27.0,nan
ALNS-A,Example13,13,0,170.0,27.0,nan
ALNS-A,Example13,13,0,171.0,27.0,nan
ALNS-A,Example13,13,0,172.0,27.0,nan
ALNS-A,Example13,13,0,173.0,27.0,nan
ALNS-A,Example13,13,0,174.0,27.0,nan
ALNS-A,Example13,13,0,175.0,27.0,nan
ALNS-A,Example13,13,0,176.0,27.0,nan
ALNS-A,Example13,13,0,177.0,27.0,nan
ALNS-A,Example13,13,0,178.0,27.0,nan
ALNS-A,Example13,13,0,179.0,27.0,nan
ALNS-A,Example13,13,0,180.0,27.0,nan
ALNS-A,Example13,13,0,181.0,27.0,nan
ALNS-A,Example13,13,0,182.0,27.0,nan
ALNS-A,Example13,13,0,183.0,27.0,nan
ALNS-A,Example13,13,0,184.0,27.0,nan
ALNS-A,Example13,13,0,185.0,27.0,nan
ALNS-A,Example13,13,0,186.0,27.0,nan
ALNS-A,Example13,13,0,187.0,27.0,nan
ALNS-A,Example13,13,0,188.0,27.0,nan
ALNS-A,Example13,13,0,189.0,27.0,nan
ALNS-A,Example13,13,0,190.0,27.0,nan
ALNS-A,Example13,13,0,191.0,27.0,nan
ALNS-A,Example13,13,0,192.0,27.0,nan
ALNS-A,Example13,13,0,193.0,27.0,nan
ALNS-A,Example13,13,0,194.0,27.0,nan
ALNS-A,Example13,13,0,195.0,27.0,nan
ALNS-A,Example13,13,0,196.0,27.0,nan
ALNS-A,Example13,13,0,197.0,27.0,nan
ALNS-A,Example13,13,0,198.0,27.0,nan
ALNS-A,Example13,13,0,199.0,27.0,nan
ALNS-A,Example13,13,0,200.0,27.0,nan
ALNS-A,Example13,13,0,201.0,27.0,nan
ALNS-A,Example13,13,0,202.0,27.0,nan
ALNS-A,Example13,13,0,203.0,27.0,nan
ALNS-A,Example13,13,0,204.0,27.0,nan
ALNS-A,Example13,13,0,205.0,27.0,nan
ALNS-A,Example13,13,0,206.0,27.0,nan
ALNS-A,Example13,13,0,207.0,27.0,nan
ALNS-A,Example13,13,0,208.0,27.0,nan
ALNS-A,Example13,13,0,209.0,27.0,nan
ALNS-A,Example13,13,0,210.0,27.0,nan
ALNS-A,Example13,13,0,211.0,27.0,nan
ALNS-A,Example13,13,0,212.0,27.0,nan
ALNS-A,Example13,13,0,213.0,27.0,nan
ALNS-A,Example13,13,0,214.0,27.0,nan
ALNS-A,Example13,13,0,215.0,27.0,nan
ALNS-A,Example13,13,0,216.0,27.0,nan
ALNS-A,Example13,13,0,217.0,27.0,nan
ALNS-A,Example13,13,0,218.0,27.0,nan
ALNS-A,Example13,13,0,219.0,27.0,nan
ALNS-A,Example13,13,0,220.0,27.0,nan
ALNS-A,Example13,13,0,221.0,27.0,nan
ALNS-A,Example13,13,0,222.0,27.0,nan
ALNS-A,Example13,13,0,223.0,27.0,nan
ALNS-A,Example13,13,0,224.0,27.0,nan
ALNS-A,Example13,13,0,225.0,27.0,nan
ALNS-A,Example13,13,0,226.0,27.0,nan
ALNS-A,Example13,13,0,227.0,27.0,nan
ALNS-A,Example13,13,0,228.0,27.0,nan
ALNS-A,Example13,13,0,229.0,27.0,nan
ALNS-A,Example13,13,0,230.0,27.0,nan
ALNS-A,Example13,13,0,231.0,27.0,nan
ALNS-A,Example13,13,0,232.0,27.0,nan
ALNS-A,Example13,13,0,233.0,27.0,nan
ALNS-A,Example13,13,0,234.0,27.0,nan
ALNS-A,Example13,13,0,235.0,27.0,nan
ALNS-A,Example13,13,0,236.0,27.0,nan
ALNS-A,Example13,13,0,237.0,27.0,nan
ALNS-A,Example13,13,0,238.0,27.0,nan
ALNS-A,Example13,13,0,239.0,27.0,nan
ALNS-A,Example13,13,0,240.0,27.0,nan
ALNS-A,Example13,13,0,241.0,27.0,nan
ALNS-A,Example13,13,0,242.0,27.0,nan
ALNS-A,Example13,13,0,243.0,27.0,nan
ALNS-A,Example13,13,0,244.0,27.0,nan
ALNS-A,Example13,13,0,245.0,27.0,nan
ALNS-A,Example13,13,0,246.0,27.0,nan
ALNS-A,Example13,13,0,247.0,27.0,nan
ALNS-A,Example13,13,0,248.0,27.0,nan
ALNS-A,Example13,13,0,249.0,27.0,nan
ALNS-A,Example13,13,0,250.0,27.0,nan
ALNS-A,Example13,13,0,251.0,27.0,nan
ALNS-A,Example13,13,0,252.0,27.0,nan
ALNS-A,Example13,13,0,253.0,27.0,nan
ALNS-A,Example13,13,0,254.0,27.0,nan
ALNS-A,Example13,13,0,255.0,27.0,nan
ALNS-A,Example13,13,0,256.0,27.0,nan
ALNS-A,Example13,13,0,257.0,27.0,nan
ALNS-A,Example13,13,0,258.0,27.0,nan
ALNS-A,Example13,13,0,259.0,27.0,nan
ALNS-A,Example13,13,0,260.0,27.0,nan
ALNS-A,Example13,13,0,261.0,27.0,nan
ALNS-A,Example13,13,0,262.0,27.0,nan
ALNS-A,Example13,13,0,263.0,27.0,nan
ALNS-A,Example13,13,0,264.0,27.0,nan
ALNS-A,Example13,13,0,265.0,27.0,nan
ALNS-A,Example13,13,0,266.0,27.0,nan
ALNS-A,Example13,13,0,267.0,27.0,nan
ALNS-A,Example13,13,0,268.0,27.0,nan
ALNS-A,Example13,13,0,269.0,27.0,nan
ALNS-A,Example13,13,0,270.0,27.0,nan
ALNS-A,Example13,13,0,271.0,27.0,nan
ALNS-A,Example13,13,0,272.0,27.0,nan
ALNS-A,Example13,13,0,273.0,27.0,nan
ALNS-A,Example13,13,1,0.0,158.0,nan
ALNS-A,Example13,13,1,1.0,158.0,nan
ALNS-A,Example13,13,1,2.0,158.0,nan
ALNS-A,Example13,13,1,3.0,158.0,nan
ALNS-A,Example13,13,1,4.0,158.0,nan
ALNS-A,Example13,13,1,5.0,158.0,nan
ALNS-A,Example13,13,1,6.0,83.0,nan
ALNS-A,Example13,13,1,7.0,83.0,nan
ALNS-A,Example13,13,1,8.0,83.0,nan
ALNS-A,Example13,13,1,9.0,83.0,nan
ALNS-A,Example13,13,1,10.0,65.0,nan
ALNS-A,Example13,13,1,11.0,65.0,nan
ALNS-A,Example13,13,1,12.0,65.0,nan
ALNS-A,Example13,13,1,13.0,65.0,nan
ALNS-A,Example13,13,1,14.0,65.0,nan
ALNS-A,Example13,13,1,15.0,60.0,nan
ALNS-A,Example13,13,1,16.0,60.0,nan
ALNS-A,Example13,13,1,17.0,60.0,nan
ALNS-A,Example13,13,1,18.0,60.0,nan
ALNS-A,Example13,13,1,19.0,60.0,nan
ALNS-A,Example13,13,1,20.0,60.0,nan
ALNS-A,Example13,13,1,21.0,60.0,nan
ALNS-A,Example13,13,1,22.0,56.0,nan
ALNS-A,Example13,13,1,23.0,56.0,nan
ALNS-A,Example13,13,1,24.0,56.0,nan
ALNS-A,Example13,13,1,25.0,56.0,nan
ALNS-A,Example13,13,1,26.0,56.0,nan
ALNS-A,Example13,13,1,27.0,56.0,nan
ALNS-A,Example13,13,1,28.0,56.0,nan
ALNS-A,Example13,13,1,29.0,56.0,nan
ALNS-A,Example13,13,1,30.0,56.0,nan
ALNS-A,Example13,13,1,31.0,56.0,nan
ALNS-A,Example13,13,1,32.0,56.0,nan
ALNS-A,Example13,13,1,33.0,56.0,nan
ALNS-A,Example13,13,1,34.0,56.0,nan
ALNS-A,Example13,13,1,35.0,56.0,nan
ALNS-A,Example13,13,1,36.0,56.0,nan
ALNS-A,Example13,13,1,37.0,56.0,nan
ALNS-A,Example13,13,1,38.0,56.0,nan
ALNS-A,Example13,13,1,39.0,56.0,nan
ALNS-A,Example13,13,1,40.0,56.0,nan
ALNS-A,Example13,13,1,41.0,56.0,nan
ALNS-A,Example13,13,1,42.0,56.0,nan
ALNS-A,Example13,13,1,43.0,56.0,nan
ALNS-A,Example13,13,1,44.0,56.0,nan
ALNS-A,Example13,13,1,45.0,56.0,nan
ALNS-A,Example13,13,1,46.0,56.0,nan
ALNS-A,Example13,13,1,47.0,56.0,nan
ALNS-A,Example13,13,1,48.0,56.0,nan
ALNS-A,Example13,13,1,49.0,56.0,nan
ALNS-A,Example13,13,1,50.0,56.0,nan
ALNS-A,Example13,13,1,51.0,56.0,nan
ALNS-A,Example13,13,1,52.0,56.0,nan
ALNS-A,Example13,13,1,53.0,56.0,nan
ALNS-A,Example13,13,1,54.0,56.0,nan
ALNS-A,Example13,13,1,55.0,56.0,nan
ALNS-A,Example13,13,1,56.0,56.0,nan
ALNS-A,Example13,13,1,57.0,56.0,nan
ALNS-A,Example13,13,1,58.0,56.0,nan
ALNS-A,Example13,13,1,59.0,56.0,nan
ALNS-A,Example13,13,1,60.0,56.0,nan
ALNS-A,Example13,13,1,61.0,56.0,nan
ALNS-A,Example13,13,1,62.0,56.0,nan
ALNS-A,Example13,13,1,63.0,56.0,nan
ALNS-A,Example13,13,1,64.0,56.0,nan
ALNS-A,Example13,13,1,65.0,56.0,nan
ALNS-A,Example13,13,1,66.0,56.0,nan
ALNS-A,Example13,13,1,67.0,56.0,nan
ALNS-A,Example13,13,1,68.0,56.0,nan
ALNS-A,Example13,13,1,69.0,56.0,nan
ALNS-A,Example13,13,1,70.0,56.0,nan
ALNS-A,Example13,13,1,71.0,56.0,nan
ALNS-A,Example13,13,1,72.0,56.0,nan
ALNS-A,Example13,13,1,73.0,56.0,nan
ALNS-A,Example13,13,1,74.0,56.0,nan
ALNS-A,Example13,13,1,75.0,56.0,nan
ALNS-A,Example13,13,1,76.0,56.0,nan
ALNS-A,Example13,13,1,77.0,56.0,nan
ALNS-A,Example13,13,1,78.0,56.0,nan
ALNS-A,Example13,13,1,79.0,56.0,nan
ALNS-A,Example13,13,1,80.0,56.0,nan
ALNS-A,Example13,13,1,81.0,56.0,nan
ALNS-A,Example13,13,1,82.0,56.0,nan
ALNS-A,Example13,13,1,83.0,40.0,nan
ALNS-A,Example13,13,1,84.0,40.0,nan
ALNS-A,Example13,13,1,85.0,40.0,nan
ALNS-A,Example13,13,1,86.0,40.0,nan
ALNS-A,Example13,13,1,87.0,40.0,nan
ALNS-A,Example13,13,1,88.0,40.0,nan
ALNS-A,Example13,13,1,89.0,40.0,nan
ALNS-A,Example13,13,1,90.0,40.0,nan
ALNS-A,Example13,13,1,91.0,40.0,nan
ALNS-A,Example13,13,1,92.0,40.0,nan
ALNS-A,Example13,13,1,93.0,40.0,nan
ALNS-A,Example13,13,1,94.0,40.0,nan
ALNS-A,Example13,13,1,95.0,40.0,nan
ALNS-A,Example13,13,1,96.0,40.0,nan
ALNS-A,Example13,13,1,97.0,40.0,nan
ALNS-A,Example13,13,1,98.0,40.0,nan
ALNS-A,Example13,13,1,99.0,40.0,nan
ALNS-A,Example13,13,1,100.0,40.0,nan
ALNS-A,Example13,13,1,101.0,40.0,nan
ALNS-A,Example13,13,1,102.0,40.0,nan
ALNS-A,Example13,13,1,103.0,40.0,nan
ALNS-A,Example13,13,1,104.0,40.0,nan
ALNS-A,Example13,13,1,105.0,40.0,nan
ALNS-A,Example13,13,1,106.0,40.0,nan
ALNS-A,Example13,13,1,107.0,40.0,nan
ALNS-A,Example13,13,1,108.0,40.0,nan
ALNS-A,Example13,13,1,109.0,40.0,nan
ALNS-A,Example13,13,1,110.0,40.0,nan
ALNS-A,Example13,13,1,111.0,40.0,nan
ALNS-A,Example13,13,1,112.0,40.0,nan
ALNS-A,Example13,13,1,113.0,40.0,nan
ALNS-A,Example13,13,1,114.0,40.0,nan
ALNS-A,Example13,13,1,115.0,40.0,nan
ALNS-A,Example13,13,1,116.0,40.0,nan
ALNS-A,Example13,13,1,117.0,40.0,nan
ALNS-A,Example13,13,1,118.0,40.0,nan
ALNS-A,Example13,13,1,119.0,40.0,nan
ALNS-A,Example13,13,1,120.0,40.0,nan
ALNS-A,Example13,13,1,121.0,40.0,nan
ALNS-A,Example13,13,1,122.0,40.0,nan
ALNS-A,Example13,13,1,123.0,40.0,nan
ALNS-A,Example13,13,1,124.0,40.0,nan
ALNS-A,Example13,13,1,125.0,40.0,nan
ALNS-A,Example13,13,1,126.0,40.0,nan
ALNS-A,Example13,13,1,127.0,40.0,nan
ALNS-A,Example13,13,1,128.0,40.0,nan
ALNS-A,Example13,13,1,129.0,40.0,nan
ALNS-A,Example13,13,1,130.0,40.0,nan
ALNS-A,Example13,13,1,131.0,40.0,nan
ALNS-A,Example13,13,1,132.0,40.0,nan
ALNS-A,Example13,13,1,133.0,40.0,nan
ALNS-A,Example13,13,1,134.0,40.0,nan
ALNS-A,Example13,13,1,135.0,40.0,nan
ALNS-A,Example13,13,1,136.0,40.0,nan
ALNS-A,Example13,13,1,137.0,40.0,nan
ALNS-A,Example13,13,1,138.0,40.0,nan
ALNS-A,Example13,13,1,139.0,40.0,nan
ALNS-A,Example13,13,1,140.0,40.0,nan
ALNS-A,Example13,13,1,141.0,40.0,nan
ALNS-A,Example13,13,1,142.0,40.0,nan
ALNS-A,Example13,13,1,143.0,40.0,nan
ALNS-A,Example13,13,1,144.0,40.0,nan
ALNS-A,Example13,13,1,145.0,40.0,nan
ALNS-A,Example13,13,1,146.0,40.0,nan
ALNS-A,Example13,13,1,147.0,40.0,nan
ALNS-A,Example13,13,1,148.0,40.0,nan
ALNS-A,Example13,13,1,149.0,40.0,nan
ALNS-A,Example13,13,1,150.0,40.0,nan
ALNS-A,Example13,13,1,151.0,40.0,nan
ALNS-A,Example13,13,1,152.0,40.0,nan
ALNS-A,Example13,13,1,153.0,40.0,nan
ALNS-A,Example13,13,1,154.0,40.0,nan
ALNS-A,Example13,13,1,155.0,40.0,nan
ALNS-A,Example13,13,1,156.0,40.0,nan
ALNS-A,Example13,13,1,157.0,40.0,nan
ALNS-A,Example13,13,1,158.0,40.0,nan
ALNS-A,Example13,13,1,159.0,40.0,nan
ALNS-A,Example13,13,1,160.0,40.0,nan
ALNS-A,Example13,13,1,161.0,40.0,nan
ALNS-A,Example13,13,1,162.0,40.0,nan
ALNS-A,Example13,13,1,163.0,40.0,nan
ALNS-A,Example13,13,1,164.0,40.0,nan
ALNS-A,Example13,13,1,165.0,40.0,nan
ALNS-A,Example13,13,1,166.0,40.0,nan
ALNS-A,Example13,13,1,167.0,40.0,nan
ALNS-A,Example13,13,1,168.0,40.0,nan
ALNS-A,Example13,13,1,169.0,40.0,nan
ALNS-A,Example13,13,1,170.0,40.0,nan
ALNS-A,Example13,13,1,171.0,40.0,nan
ALNS-A,Example13,13,1,172.0,40.0,nan
ALNS-A,Example13,13,1,173.0,40.0,nan
ALNS-A,Example13,13,1,174.0,40.0,nan
ALNS-A,Example13,13,1,175.0,40.0,nan
ALNS-A,Example13,13,1,176.0,40.0,nan
ALNS-A,Example13,13,1,177.0,40.0,nan
ALNS-A,Example13,13,1,178.0,40.0,nan
ALNS-A,Example13,13,1,179.0,40.0,nan
ALNS-A,Example13,13,1,180.0,40.0,nan
ALNS-A,Example13,13,1,181.0,40.0,nan
ALNS-A,Example13,13,1,182.0,40.0,nan
ALNS-A,Example13,13,1,183.0,40.0,nan
ALNS-A,Example13,13,1,184.0,40.0,nan
ALNS-A,Example13,13,1,185.0,40.0,nan
ALNS-A,Example13,13,1,186.0,40.0,nan
ALNS-A,Example13,13,1,187.0,40.0,nan
ALNS-A,Example13,13,1,188.0,40.0,nan
ALNS-A,Example13,13,1,189.0,40.0,nan
ALNS-A,Example13,13,1,190.0,40.0,nan
ALNS-A,Example13,13,1,191.0,40.0,nan
ALNS-A,Example13,13,1,192.0,40.0,nan
ALNS-A,Example13,13,1,193.0,40.0,nan
ALNS-A,Example13,13,1,194.0,40.0,nan
ALNS-A,Example13,13,1,195.0,40.0,nan
ALNS-A,Example13,13,1,196.0,40.0,nan
ALNS-A,Example13,13,1,197.0,40.0,nan
ALNS-A,Example13,13,1,198.0,40.0,nan
ALNS-A,Example13,13,1,199.0,40.0,nan
ALNS-A,Example13,13,1,200.0,40.0,nan
ALNS-A,Example13,13,1,201.0,40.0,nan
ALNS-A,Example13,13,1,202.0,40.0,nan
ALNS-A,Example13,13,1,203.0,40.0,nan
ALNS-A,Example13,13,1,204.0,40.0,nan
ALNS-A,Example13,13,1,205.0,40.0,nan
ALNS-A,Example13,13,1,206.0,40.0,nan
ALNS-A,Example13,13,1,207.0,40.0,nan
ALNS-A,Example13,13,1,208.0,40.0,nan
ALNS-A,Example13,13,1,209.0,40.0,nan
ALNS-A,Example13,13,1,210.0,40.0,nan
ALNS-A,Example13,13,1,211.0,40.0,nan
ALNS-A,Example13,13,1,212.0,40.0,nan
ALNS-A,Example13,13,1,213.0,40.0,nan
ALNS-A,Example13,13,1,214.0,40.0,nan
ALNS-A,Example13,13,1,215.0,40.0,nan
ALNS-A,Example13,13,1,216.0,40.0,nan
ALNS-A,Example13,13,1,217.0,40.0,nan
ALNS-A,Example13,13,1,218.0,40.0,nan
ALNS-A,Example13,13,1,219.0,40.0,nan
ALNS-A,Example13,13,1,220.0,40.0,nan
ALNS-A,Example13,13,1,221.0,40.0,nan
ALNS-A,Example13,13,1,222.0,40.0,nan
ALNS-A,Example13,13,1,223.0,40.0,nan
ALNS-A,Example13,13,1,224.0,40.0,nan
ALNS-A,Example13,13,1,225.0,40.0,nan
ALNS-A,Example13,13,1,226.0,40.0,nan
ALNS-A,Example13,13,1,227.0,40.0,nan
ALNS-A,Example13,13,1,228.0,40.0,nan
ALNS-A,Example13,13,1,229.0,40.0,nan
ALNS-A,Example13,13,1,230.0,40.0,nan
ALNS-A,Example13,13,1,231.0,40.0,nan
ALNS-A,Example13,13,1,232.0,40.0,nan
ALNS-A,Example13,13,1,233.0,40.0,nan
ALNS-A,Example13,13,1,234.0,40.0,nan
ALNS-A,Example13,13,1,235.0,40.0,nan
ALNS-A,Example13,13,1,236.0,40.0,nan
ALNS-A,Example13,13,1,237.0,40.0,nan
ALNS-A,Example13,13,1,238.0,40.0,nan
ALNS-A,Example13,13,1,239.0,40.0,nan
ALNS-A,Example13,13,1,240.0,40.0,nan
ALNS-A,Example13,13,1,241.0,40.0,nan
ALNS-A,Example13,13,1,242.0,40.0,nan
ALNS-A,Example13,13,1,243.0,40.0,nan
ALNS-A,Example13,13,1,244.0,40.0,nan
ALNS-A,Example13,13,1,245.0,40.0,nan
ALNS-A,Example13,13,1,246.0,40.0,nan
ALNS-A,Example13,13,1,247.0,40.0,nan
ALNS-A,Example13,13,1,248.0,40.0,nan
ALNS-A,Example13,13,1,249.0,40.0,nan
ALNS-A,Example13,13,1,250.0,40.0,nan
ALNS-A,Example13,13,1,251.0,40.0,nan
ALNS-A,Example13,13,1,252.0,40.0,nan
ALNS-A,Example13,13,1,253.0,40.0,nan
ALNS-A,Example13,13,1,254.0,40.0,nan
ALNS-A,Example13,13,1,255.0,40.0,nan
ALNS-A,Example13,13,1,256.0,40.0,nan
ALNS-A,Example13,13,1,257.0,40.0,nan
ALNS-A,Example13,13,1,258.0,40.0,nan
ALNS-A,Example13,13,1,259.0,40.0,nan
ALNS-A,Example13,13,1,260.0,40.0,nan
ALNS-A,Example13,13,1,261.0,40.0,nan
ALNS-A,Example13,13,1,262.0,40.0,nan
ALNS-A,Example13,13,1,263.0,40.0,nan
ALNS-A,Example13,13,1,264.0,40.0,nan
ALNS-A,Example13,13,1,265.0,40.0,nan
ALNS-A,Example13,13,1,266.0,40.0,nan
ALNS-A,Example13,13,1,267.0,40.0,nan
ALNS-A,Example13,13,1,268.0,40.0,nan
ALNS-A,Example13,13,1,269.0,40.0,nan
ALNS-A,Example13,13,1,270.0,40.0,nan
ALNS-A,Example13,13,1,271.0,40.0,nan
ALNS-A,Example13,13,1,272.0,40.0,nan
ALNS-A,Example13,13,1,273.0,40.0,nan
ALNS-A,Example13,13,2,0.0,317.0,nan
ALNS-A,Example13,13,2,1.0,317.0,nan
ALNS-A,Example13,13,2,2.0,317.0,nan
ALNS-A,Example13,13,2,3.0,149.0,nan
ALNS-A,Example13,13,2,4.0,149.0,nan
ALNS-A,Example13,13,2,5.0,149.0,nan
ALNS-A,Example13,13,2,6.0,149.0,nan
ALNS-A,Example13,13,2,7.0,44.0,nan
ALNS-A,Example13,13,2,8.0,44.0,nan
ALNS-A,Example13,13,2,9.0,44.0,nan
ALNS-A,Example13,13,2,10.0,44.0,nan
ALNS-A,Example13,13,2,11.0,44.0,nan
ALNS-A,Example13,13,2,12.0,44.0,nan
ALNS-A,Example13,13,2,13.0,44.0,nan
ALNS-A,Example13,13,2,14.0,44.0,nan
ALNS-A,Example13,13,2,15.0,44.0,nan
ALNS-A,Example13,13,2,16.0,44.0,nan
ALNS-A,Example13,13,2,17.0,44.0,nan
ALNS-A,Example13,13,2,18.0,44.0,nan
ALNS-A,Example13,13,2,19.0,44.0,nan
ALNS-A,Example13,13,2,20.0,44.0,nan
ALNS-A,Example13,13,2,21.0,44.0,nan
ALNS-A,Example13,13,2,22.0,42.0,nan
ALNS-A,Example13,13,2,23.0,23.0,nan
ALNS-A,Example13,13,2,24.0,23.0,nan
ALNS-A,Example13,13,2,25.0,23.0,nan
ALNS-A,Example13,13,2,26.0,23.0,nan
ALNS-A,Example13,13,2,27.0,23.0,nan
ALNS-A,Example13,13,2,28.0,23.0,nan
ALNS-A,Example13,13,2,29.0,23.0,nan
ALNS-A,Example13,13,2,30.0,23.0,nan
ALNS-A,Example13,13,2,31.0,23.0,nan
ALNS-A,Example13,13,2,32.0,23.0,nan
ALNS-A,Example13,13,2,33.0,23.0,nan
ALNS-A,Example13,13,2,34.0,23.0,nan
ALNS-A,Example13,13,2,35.0,23.0,nan
ALNS-A,Example13,13,2,36.0,23.0,nan
ALNS-A,Example13,13,2,37.0,23.0,nan
ALNS-A,Example13,13,2,38.0,23.0,nan
ALNS-A,Example13,13,2,39.0,23.0,nan
ALNS-A,Example13,13,2,40.0,23.0,nan
ALNS-A,Example13,13,2,41.0,23.0,nan
ALNS-A,Example13,13,2,42.0,23.0,nan
ALNS-A,Example13,13,2,43.0,23.0,nan
ALNS-A,Example13,13,2,44.0,23.0,nan
ALNS-A,Example13,13,2,45.0,23.0,nan
ALNS-A,Example13,13,2,46.0,23.0,nan
ALNS-A,Example13,13,2,47.0,23.0,nan
ALNS-A,Example13,13,2,48.0,23.0,nan
ALNS-A,Example13,13,2,49.0,23.0,nan
ALNS-A,Example13,13,2,50.0,23.0,nan
ALNS-A,Example13,13,2,51.0,23.0,nan
ALNS-A,Example13,13,2,52.0,23.0,nan
ALNS-A,Example13,13,2,53.0,23.0,nan
ALNS-A,Example13,13,2,54.0,23.0,nan
ALNS-A,Example13,13,2,55.0,23.0,nan
ALNS-A,Example13,13,2,56.0,23.0,nan
ALNS-A,Example13,13,2,57.0,23.0,nan
ALNS-A,Example13,13,2,58.0,23.0,nan
ALNS-A,Example13,13,2,59.0,23.0,nan
ALNS-A,Example13,13,2,60.0,23.0,nan
ALNS-A,Example13,13,2,61.0,23.0,nan
ALNS-A,Example13,13,2,62.0,23.0,nan
ALNS-A,Example13,13,2,63.0,23.0,nan
ALNS-A,Example13,13,2,64.0,23.0,nan
ALNS-A,Example13,13,2,65.0,23.0,nan
ALNS-A,Example13,13,2,66.0,23.0,nan
ALNS-A,Example13,13,2,67.0,23.0,nan
ALNS-A,Example13,13,2,68.0,23.0,nan
ALNS-A,Example13,13,2,69.0,23.0,nan
ALNS-A,Example13,13,2,70.0,23.0,nan
ALNS-A,Example13,13,2,71.0,23.0,nan
ALNS-A,Example13,13,2,72.0,23.0,nan
ALNS-A,Example13,13,2,73.0,23.0,nan
ALNS-A,Example13,13,2,74.0,23.0,nan
ALNS-A,Example13,13,2,75.0,23.0,nan
ALNS-A,Example13,13,2,76.0,23.0,nan
ALNS-A,Example13,13,2,77.0,23.0,nan
ALNS-A,Example13,13,2,78.0,23.0,nan
ALNS-A,Example13,13,2,79.0,23.0,nan
ALNS-A,Example13,13,2,80.0,23.0,nan
ALNS-A,Example13,13,2,81.0,23.0,nan
ALNS-A,Example13,13,2,82.0,23.0,nan
ALNS-A,Example13,13,2,83.0,23.0,nan
ALNS-A,Example13,13,2,84.0,23.0,nan
ALNS-A,Example13,13,2,85.0,23.0,nan
ALNS-A,Example13,13,2,86.0,23.0,nan
ALNS-A,Example13,13,2,87.0,23.0,nan
ALNS-A,Example13,13,2,88.0,23.0,nan
ALNS-A,Example13,13,2,89.0,23.0,nan
ALNS-A,Example13,13,2,90.0,23.0,nan
ALNS-A,Example13,13,2,91.0,23.0,nan
ALNS-A,Example13,13,2,92.0,23.0,nan
ALNS-A,Example13,13,2,93.0,23.0,nan
ALNS-A,Example13,13,2,94.0,23.0,nan
ALNS-A,Example13,13,2,95.0,23.0,nan
ALNS-A,Example13,13,2,96.0,23.0,nan
ALNS-A,Example13,13,2,97.0,23.0,nan
ALNS-A,Example13,13,2,98.0,23.0,nan
ALNS-A,Example13,13,2,99.0,23.0,nan
ALNS-A,Example13,13,2,100.0,23.0,nan
ALNS-A,Example13,13,2,101.0,23.0,nan
ALNS-A,Example13,13,2,102.0,23.0,nan
ALNS-A,Example13,13,2,103.0,23.0,nan
ALNS-A,Example13,13,2,104.0,23.0,nan
ALNS-A,Example13,13,2,105.0,23.0,nan
ALNS-A,Example13,13,2,106.0,23.0,nan
ALNS-A,Example13,13,2,107.0,23.0,nan
ALNS-A,Example13,13,2,108.0,23.0,nan
ALNS-A,Example13,13,2,109.0,23.0,nan
ALNS-A,Example13,13,2,110.0,23.0,nan
ALNS-A,Example13,13,2,111.0,23.0,nan
ALNS-A,Example13,13,2,112.0,23.0,nan
ALNS-A,Example13,13,2,113.0,23.0,nan
ALNS-A,Example13,13,2,114.0,23.0,nan
ALNS-A,Example13,13,2,115.0,23.0,nan
ALNS-A,Example13,13,2,116.0,23.0,nan
ALNS-A,Example13,13,2,117.0,23.0,nan
ALNS-A,Example13,13,2,118.0,23.0,nan
ALNS-A,Example13,13,2,119.0,23.0,nan
ALNS-A,Example13,13,2,120.0,23.0,nan
ALNS-A,Example13,13,2,121.0,23.0,nan
ALNS-A,Example13,13,2,122.0,23.0,nan
ALNS-A,Example13,13,2,123.0,23.0,nan
ALNS-A,Example13,13,2,124.0,23.0,nan
ALNS-A,Example13,13,2,125.0,23.0,nan
ALNS-A,Example13,13,2,126.0,23.0,nan
ALNS-A,Example13,13,2,127.0,23.0,nan
ALNS-A,Example13,13,2,128.0,23.0,nan
ALNS-A,Example13,13,2,129.0,23.0,nan
ALNS-A,Example13,13,2,130.0,23.0,nan
ALNS-A,Example13,13,2,131.0,23.0,nan
ALNS-A,Example13,13,2,132.0,23.0,nan
ALNS-A,Example13,13,2,133.0,23.0,nan
ALNS-A,Example13,13,2,134.0,23.0,nan
ALNS-A,Example13,13,2,135.0,23.0,nan
ALNS-A,Example13,13,2,136.0,23.0,nan
ALNS-A,Example13,13,2,137.0,23.0,nan
ALNS-A,Example13,13,2,138.0,23.0,nan
ALNS-A,Example13,13,2,139.0,23.0,nan
ALNS-A,Example13,13,2,140.0,23.0,nan
ALNS-A,Example13,13,2,141.0,23.0,nan
ALNS-A,Example13,13,2,142.0,23.0,nan
ALNS-A,Example13,13,2,143.0,23.0,nan
ALNS-A,Example13,13,2,144.0,23.0,nan
ALNS-A,Example13,13,2,145.0,23.0,nan
ALNS-A,Example13,13,2,146.0,23.0,nan
ALNS-A,Example13,13,2,147.0,23.0,nan
ALNS-A,Example13,13,2,148.0,23.0,nan
ALNS-A,Example13,13,2,149.0,23.0,nan
ALNS-A,Example13,13,2,150.0,23.0,nan
ALNS-A,Example13,13,2,151.0,23.0,nan
ALNS-A,Example13,13,2,152.0,23.0,nan
ALNS-A,Example13,13,2,153.0,23.0,nan
ALNS-A,Example13,13,2,154.0,23.0,nan
ALNS-A,Example13,13,2,155.0,23.0,nan
ALNS-A,Example13,13,2,156.0,23.0,nan
ALNS-A,Example13,13,2,157.0,23.0,nan
ALNS-A,Example13,13,2,158.0,23.0,nan
ALNS-A,Example13,13,2,159.0,23.0,nan
ALNS-A,Example13,13,2,160.0,23.0,nan
ALNS-A,Example13,13,2,161.0,23.0,nan
ALNS-A,Example13,13,2,162.0,23.0,nan
ALNS-A,Example13,13,2,163.0,23.0,nan
ALNS-A,Example13,13,2,164.0,23.0,nan
ALNS-A,Example13,13,2,165.0,23.0,nan
ALNS-A,Example13,13,2,166.0,23.0,nan
ALNS-A,Example13,13,2,167.0,23.0,nan
ALNS-A,Example13,13,2,168.0,23.0,nan
ALNS-A,Example13,13,2,169.0,23.0,nan
ALNS-A,Example13,13,2,170.0,23.0,nan
ALNS-A,Example13,13,2,171.0,23.0,nan
ALNS-A,Example13,13,2,172.0,23.0,nan
ALNS-A,Example13,13,2,173.0,23.0,nan
ALNS-A,Example13,13,2,174.0,23.0,nan
ALNS-A,Example13,13,2,175.0,23.0,nan
ALNS-A,Example13,13,2,176.0,23.0,nan
ALNS-A,Example13,13,2,177.0,23.0,nan
ALNS-A,Example13,13,2,178.0,23.0,nan
ALNS-A,Example13,13,2,179.0,23.0,nan
ALNS-A,Example13,13,2,180.0,23.0,nan
ALNS-A,Example13,13,2,181.0,23.0,nan
ALNS-A,Example13,13,2,182.0,23.0,nan
ALNS-A,Example13,13,2,183.0,23.0,nan
ALNS-A,Example13,13,2,184.0,23.0,nan
ALNS-A,Example13,13,2,185.0,23.0,nan
ALNS-A,Example13,13,2,186.0,23.0,nan
ALNS-A,Example13,13,2,187.0,23.0,nan
ALNS-A,Example13,13,2,188.0,23.0,nan
ALNS-A,Example13,13,2,189.0,23.0,nan
ALNS-A,Example13,13,2,190.0,23.0,nan
ALNS-A,Example13,13,2,191.0,23.0,nan
ALNS-A,Example13,13,2,192.0,23.0,nan
ALNS-A,Example13,13,2,193.0,23.0,nan
ALNS-A,Example13,13,2,194.0,23.0,nan
ALNS-A,Example13,13,2,195.0,23.0,nan
ALNS-A,Example13,13,2,196.0,23.0,nan
ALNS-A,Example13,13,2,197.0,23.0,nan
ALNS-A,Example13,13,2,198.0,23.0,nan
ALNS-A,Example13,13,2,199.0,23.0,nan
ALNS-A,Example13,13,2,200.0,23.0,nan
ALNS-A,Example13,13,2,201.0,23.0,nan
ALNS-A,Example13,13,2,202.0,23.0,nan
ALNS-A,Example13,13,2,203.0,23.0,nan
ALNS-A,Example13,13,2,204.0,23.0,nan
ALNS-A,Example13,13,2,205.0,23.0,nan
ALNS-A,Example13,13,2,206.0,23.0,nan
ALNS-A,Example13,13,2,207.0,23.0,nan
ALNS-A,Example13,13,2,208.0,23.0,nan
ALNS-A,Example13,13,2,209.0,23.0,nan
ALNS-A,Example13,13,2,210.0,23.0,nan
ALNS-A,Example13,13,2,211.0,23.0,nan
ALNS-A,Example13,13,2,212.0,23.0,nan
ALNS-A,Example13,13,2,213.0,23.0,nan
ALNS-A,Example13,13,2,214.0,23.0,nan
ALNS-A,Example13,13,2,215.0,23.0,nan
ALNS-A,Example13,13,2,216.0,23.0,nan
ALNS-A,Example13,13,2,217.0,23.0,nan
ALNS-A,Example13,13,2,218.0,23.0,nan
ALNS-A,Example13,13,2,219.0,23.0,nan
ALNS-A,Example13,13,2,220.0,23.0,nan
ALNS-A,Example13,13,2,221.0,23.0,nan
ALNS-A,Example13,13,2,222.0,23.0,nan
ALNS-A,Example13,13,2,223.0,23.0,nan
ALNS-A,Example13,13,2,224.0,23.0,nan
ALNS-A,Example13,13,2,225.0,23.0,nan
ALNS-A,Example13,13,2,226.0,23.0,nan
ALNS-A,Example13,13,2,227.0,23.0,nan
ALNS-A,Example13,13,2,228.0,23.0,nan
ALNS-A,Example13,13,2,229.0,23.0,nan
ALNS-A,Example13,13,2,230.0,23.0,nan
ALNS-A,Example13,13,2,231.0,23.0,nan
ALNS-A,Example13,13,2,232.0,23.0,nan
ALNS-A,Example13,13,2,233.0,23.0,nan
ALNS-A,Example13,13,2,234.0,23.0,nan
ALNS-A,Example13,13,2,235.0,23.0,nan
ALNS-A,Example13,13,2,236.0,23.0,nan
ALNS-A,Example13,13,2,237.0,23.0,nan
ALNS-A,Example13,13,2,238.0,23.0,nan
ALNS-A,Example13,13,2,239.0,23.0,nan
ALNS-A,Example13,13,2,240.0,23.0,nan
ALNS-A,Example13,13,2,241.0,23.0,nan
ALNS-A,Example13,13,2,242.0,23.0,nan
ALNS-A,Example13,13,2,243.0,23.0,nan
ALNS-A,Example13,13,2,244.0,23.0,nan
ALNS-A,Example13,13,2,245.0,23.0,nan
ALNS-A,Example13,13,2,246.0,23.0,nan
ALNS-A,Example13,13,2,247.0,23.0,nan
ALNS-A,Example13,13,2,248.0,23.0,nan
ALNS-A,Example13,13,2,249.0,23.0,nan
ALNS-A,Example13,13,2,250.0,23.0,nan
ALNS-A,Example13,13,2,251.0,23.0,nan
ALNS-A,Example13,13,2,252.0,23.0,nan
ALNS-A,Example13,13,2,253.0,23.0,nan
ALNS-A,Example13,13,2,254.0,23.0,nan
ALNS-A,Example13,13,2,255.0,23.0,nan
ALNS-A,Example13,13,2,256.0,23.0,nan
ALNS-A,Example13,13,2,257.0,23.0,nan
ALNS-A,Example13,13,2,258.0,23.0,nan
ALNS-A,Example13,13,2,259.0,23.0,nan
ALNS-A,Example13,13,2,260.0,23.0,nan
ALNS-A,Example13,13,2,261.0,23.0,nan
ALNS-A,Example13,13,2,262.0,23.0,nan
ALNS-A,Example13,13,2,263.0,23.0,nan
ALNS-A,Example13,13,2,264.0,23.0,nan
ALNS-A,Example13,13,2,265.0,23.0,nan
ALNS-A,Example13,13,2,266.0,23.0,nan
ALNS-A,Example13,13,2,267.0,23.0,nan
ALNS-A,Example13,13,2,268.0,23.0,nan
ALNS-A,Example13,13,2,269.0,23.0,nan
ALNS-A,Example13,13,2,270.0,23.0,nan
ALNS-A,Example13,13,2,271.0,23.0,nan
ALNS-A,Example13,13,2,272.0,23.0,nan
ALNS-A,Example13,13,2,273.0,23.0,nan
ALNS-A,Example14,14,0,0.0,129.0,nan
ALNS-A,Example14,14,0,1.0,129.0,nan
ALNS-A,Example14,14,0,2.0,43.0,nan
ALNS-A,Example14,14,0,3.0,43.0,nan
ALNS-A,Example14,14,0,4.0,43.0,nan
ALNS-A,Example14,14,0,5.0,43.0,nan
ALNS-A,Example14,14,0,6.0,43.0,nan
ALNS-A,Example14,14,0,7.0,43.0,nan
ALNS-A,Example14,14,0,8.0,43.0,nan
ALNS-A,Example14,14,0,9.0,43.0,nan
ALNS-A,Example14,14,0,10.0,43.0,nan
ALNS-A,Example14,14,0,11.0,43.0,nan
ALNS-A,Example14,14,0,12.0,43.0,nan
ALNS-A,Example14,14,0,13.0,43.0,nan
ALNS-A,Example14,14,0,14.0,43.0,nan
ALNS-A,Example14,14,0,15.0,43.0,nan
ALNS-A,Example14,14,0,16.0,43.0,nan
ALNS-A,Example14,14,0,17.0,43.0,nan
ALNS-A,Example14,14,0,18.0,28.0,nan
ALNS-A,Example14,14,0,19.0,18.0,nan
ALNS-A,Example14,14,0,20.0,18.0,nan
ALNS-A,Example14,14,0,21.0,18.0,nan
ALNS-A,Example14,14,0,22.0,18.0,nan
ALNS-A,Example14,14,0,23.0,18.0,nan
ALNS-A,Example14,14,0,24.0,18.0,nan
ALNS-A,Example14,14,0,25.0,18.0,nan
ALNS-A,Example14,14,0,26.0,18.0,nan
ALNS-A,Example14,14,0,27.0,18.0,nan
ALNS-A,Example14,14,0,28.0,18.0,nan
ALNS-A,Example14,14,0,29.0,18.0,nan
ALNS-A,Example14,14,0,30.0,18.0,nan
ALNS-A,Example14,14,0,31.0,18.0,nan
ALNS-A,Example14,14,0,32.0,18.0,nan
ALNS-A,Example14,14,0,33.0,18.0,nan
ALNS-A,Example14,14,0,34.0,11.0,nan
ALNS-A,Example14,14,0,35.0,11.0,nan
ALNS-A,Example14,14,0,36.0,10.0,nan
ALNS-A,Example14,14,0,37.0,10.0,nan
ALNS-A,Example14,14,0,38.0,10.0,nan
ALNS-A,Example14,14,0,39.0,10.0,nan
ALNS-A,Example14,14,0,40.0,10.0,nan
ALNS-A,Example14,14,0,41.0,10.0,nan
ALNS-A,Example14,14,0,42.0,10.0,nan
ALNS-A,Example14,14,0,43.0,10.0,nan
ALNS-A,Example14,14,0,44.0,10.0,nan
ALNS-A,Example14,14,0,45.0,10.0,nan
ALNS-A,Example14,14,0,46.0,10.0,nan
ALNS-A,Example14,14,0,47.0,10.0,nan
ALNS-A,Example14,14,0,48.0,10.0,nan
ALNS-A,Example14,14,0,49.0,10.0,nan
ALNS-A,Example14,14,0,50.0,10.0,nan
ALNS-A,Example14,14,0,51.0,10.0,nan
ALNS-A,Example14,14,0,52.0,10.0,nan
ALNS-A,Example14,14,0,53.0,10.0,nan
ALNS-A,Example14,14,0,54.0,10.0,nan
ALNS-A,Example14,14,0,55.0,10.0,nan
ALNS-A,Example14,14,0,56.0,10.0,nan
ALNS-A,Example14,14,0,57.0,10.0,nan
ALNS-A,Example14,14,0,58.0,7.0,nan
ALNS-A,Example14,14,0,59.0,7.0,nan
ALNS-A,Example14,14,0,60.0,7.0,nan
ALNS-A,Example14,14,0,61.0,7.0,nan
ALNS-A,Example14,14,0,62.0,7.0,nan
ALNS-A,Example14,14,0,63.0,7.0,nan
ALNS-A,Example14,14,0,64.0,6.0,nan
ALNS-A,Example14,14,0,65.0,6.0,nan
ALNS-A,Example14,14,0,66.0,6.0,nan
ALNS-A,Example14,14,0,67.0,6.0,nan
ALNS-A,Example14,14,0,68.0,6.0,nan
ALNS-A,Example14,14,0,69.0,6.0,nan
ALNS-A,Example14,14,0,70.0,6.0,nan
ALNS-A,Example14,14,0,71.0,6.0,nan
ALNS-A,Example14,14,0,72.0,6.0,nan
ALNS-A,Example14,14,0,73.0,6.0,nan
ALNS-A,Example14,14,0,74.0,6.0,nan
ALNS-A,Example14,14,0,75.0,6.0,nan
ALNS-A,Example14,14,0,76.0,6.0,nan
ALNS-A,Example14,14,0,77.0,6.0,nan
ALNS-A,Example14,14,0,78.0,6.0,nan
ALNS-A,Example14,14,0,79.0,6.0,nan
ALNS-A,Example14,14,0,80.0,5.0,nan
ALNS-A,Example14,14,0,81.0,5.0,nan
ALNS-A,Example14,14,0,82.0,5.0,nan
ALNS-A,Example14,14,0,83.0,5.0,nan
ALNS-A,Example14,14,0,84.0,5.0,nan
ALNS-A,Example14,14,0,85.0,5.0,nan
ALNS-A,Example14,14,0,86.0,5.0,nan
ALNS-A,Example14,14,0,87.0,5.0,nan
ALNS-A,Example14,14,0,88.0,5.0,nan
ALNS-A,Example14,14,0,89.0,5.0,nan
ALNS-A,Example14,14,0,90.0,5.0,nan
ALNS-A,Example14,14,0,91.0,5.0,nan
ALNS-A,Example14,14,0,92.0,5.0,nan
ALNS-A,Example14,14,0,93.0,5.0,nan
ALNS-A,Example14,14,0,94.0,5.0,nan
ALNS-A,Example14,14,0,95.0,5.0,nan
ALNS-A,Example14,14,0,96.0,5.0,nan
ALNS-A,Example14,14,0,97.0,5.0,nan
ALNS-A,Example14,14,0,98.0,5.0,nan
ALNS-A,Example14,14,0,99.0,5.0,nan
ALNS-A,Example14,14,0,100.0,5.0,nan
ALNS-A,Example14,14,0,101.0,5.0,nan
ALNS-A,Example14,14,0,102.0,5.0,nan
ALNS-A,Example14,14,0,103.0,5.0,nan
ALNS-A,Example14,14,0,104.0,5.0,nan
ALNS-A,Example14,14,0,105.0,5.0,nan
ALNS-A,Example14,14,0,106.0,5.0,nan
ALNS-A,Example14,14,0,107.0,5.0,nan
ALNS-A,Example14,14,0,108.0,5.0,nan
ALNS-A,Example14,14,0,109.0,5.0,nan
ALNS-A,Example14,14,0,110.0,5.0,nan
ALNS-A,Example14,14,0,111.0,5.0,nan
ALNS-A,Example14,14,0,112.0,5.0,nan
ALNS-A,Example14,14,0,113.0,5.0,nan
ALNS-A,Example14,14,0,114.0,5.0,nan
ALNS-A,Example14,14,0,115.0,5.0,nan
ALNS-A,Example14,14,0,116.0,5.0,nan
ALNS-A,Example14,14,0,117.0,5.0,nan
ALNS-A,Example14,14,0,118.0,5.0,nan
ALNS-A,Example14,14,0,119.0,5.0,nan
ALNS-A,Example14,14,0,120.0,5.0,nan
ALNS-A,Example14,14,0,121.0,5.0,nan
ALNS-A,Example14,14,0,122.0,5.0,nan
ALNS-A,Example14,14,0,123.0,5.0,nan
ALNS-A,Example14,14,0,124.0,5.0,nan
ALNS-A,Example14,14,0,125.0,5.0,nan
ALNS-A,Example14,14,0,126.0,5.0,nan
ALNS-A,Example14,14,0,127.0,5.0,nan
ALNS-A,Example14,14,0,128.0,5.0,nan
ALNS-A,Example14,14,0,129.0,5.0,nan
ALNS-A,Example14,14,0,130.0,5.0,nan
ALNS-A,Example14,14,0,131.0,5.0,nan
ALNS-A,Example14,14,0,132.0,5.0,nan
ALNS-A,Example14,14,0,133.0,5.0,nan
ALNS-A,Example14,14,0,134.0,5.0,nan
ALNS-A,Example14,14,0,135.0,5.0,nan
ALNS-A,Example14,14,0,136.0,5.0,nan
ALNS-A,Example14,14,0,137.0,5.0,nan
ALNS-A,Example14,14,0,138.0,5.0,nan
ALNS-A,Example14,14,0,139.0,5.0,nan
ALNS-A,Example14,14,0,140.0,5.0,nan
ALNS-A,Example14,14,0,141.0,5.0,nan
ALNS-A,Example14,14,0,142.0,5.0,nan
ALNS-A,Example14,14,0,143.0,5.0,nan
ALNS-A,Example14,14,0,144.0,5.0,nan
ALNS-A,Example14,14,0,145.0,5.0,nan
ALNS-A,Example14,14,0,146.0,5.0,nan
ALNS-A,Example14,14,0,147.0,5.0,nan
ALNS-A,Example14,14,0,148.0,5.0,nan
ALNS-A,Example14,14,0,149.0,5.0,nan
ALNS-A,Example14,14,0,150.0,5.0,nan
ALNS-A,Example14,14,0,151.0,5.0,nan
ALNS-A,Example14,14,0,152.0,5.0,nan
ALNS-A,Example14,14,0,153.0,5.0,nan
ALNS-A,Example14,14,0,154.0,5.0,nan
ALNS-A,Example14,14,0,155.0,5.0,nan
ALNS-A,Example14,14,0,156.0,5.0,nan
ALNS-A,Example14,14,0,157.0,5.0,nan
ALNS-A,Example14,14,0,158.0,5.0,nan
ALNS-A,Example14,14,0,159.0,5.0,nan
ALNS-A,Example14,14,0,160.0,5.0,nan
ALNS-A,Example14,14,0,161.0,5.0,nan
ALNS-A,Example14,14,0,162.0,5.0,nan
ALNS-A,Example14,14,0,163.0,5.0,nan
ALNS-A,Example14,14,0,164.0,5.0,nan
ALNS-A,Example14,14,0,165.0,5.0,nan
ALNS-A,Example14,14,0,166.0,5.0,nan
ALNS-A,Example14,14,0,167.0,5.0,nan
ALNS-A,Example14,14,0,168.0,5.0,nan
ALNS-A,Example14,14,0,169.0,5.0,nan
ALNS-A,Example14,14,0,170.0,5.0,nan
ALNS-A,Example14,14,0,171.0,5.0,nan
ALNS-A,Example14,14,0,172.0,5.0,nan
ALNS-A,Example14,14,0,173.0,5.0,nan
ALNS-A,Example14,14,0,174.0,5.0,nan
ALNS-A,Example14,14,0,175.0,5.0,nan
ALNS-A,Example14,14,0,176.0,5.0,nan
ALNS-A,Example14,14,0,177.0,5.0,nan
ALNS-A,Example14,14,0,178.0,5.0,nan
ALNS-A,Example14,14,0,179.0,5.0,nan
ALNS-A,Example14,14,0,180.0,5.0,nan
ALNS-A,Example14,14,0,181.0,5.0,nan
ALNS-A,Example14,14,0,182.0,5.0,nan
ALNS-A,Example14,14,0,183.0,5.0,nan
ALNS-A,Example14,14,0,184.0,5.0,nan
ALNS-A,Example14,14,0,185.0,5.0,nan
ALNS-A,Example14,14,0,186.0,5.0,nan
ALNS-A,Example14,14,0,187.0,5.0,nan
ALNS-A,Example14,14,0,188.0,5.0,nan
ALNS-A,Example14,14,0,189.0,5.0,nan
ALNS-A,Example14,14,0,190.0,5.0,nan
ALNS-A,Example14,14,0,191.0,5.0,nan
ALNS-A,Example14,14,0,192.0,5.0,nan
ALNS-A,Example14,14,0,193.0,5.0,nan
ALNS-A,Example14,14,0,194.0,5.0,nan
ALNS-A,Example14,14,0,195.0,5.0,nan
ALNS-A,Example14,14,0,196.0,5.0,nan
ALNS-A,Example14,14,0,197.0,5.0,nan
ALNS-A,Example14,14,0,198.0,5.0,nan
ALNS-A,Example14,14,0,199.0,5.0,nan
ALNS-A,Example14,14,0,200.0,5.0,nan
ALNS-A,Example14,14,0,201.0,5.0,nan
ALNS-A,Example14,14,0,202.0,5.0,nan
ALNS-A,Example14,14,0,203.0,5.0,nan
ALNS-A,Example14,14,0,204.0,5.0,nan
ALNS-A,Example14,14,0,205.0,5.0,nan
ALNS-A,Example14,14,0,206.0,5.0,nan
ALNS-A,Example14,14,0,207.0,5.0,nan
ALNS-A,Example14,14,0,208.0,5.0,nan
ALNS-A,Example14,14,0,209.0,5.0,nan
ALNS-A,Example14,14,0,210.0,5.0,nan
ALNS-A,Example14,14,0,211.0,5.0,nan
ALNS-A,Example14,14,0,212.0,5.0,nan
ALNS-A,Example14,14,0,213.0,5.0,nan
ALNS-A,Example14,14,0,214.0,5.0,nan
ALNS-A,Example14,14,0,215.0,5.0,nan
ALNS-A,Example14,14,0,216.0,5.0,nan
ALNS-A,Example14,14,0,217.0,5.0,nan
ALNS-A,Example14,14,0,218.0,5.0,nan
ALNS-A,Example14,14,0,219.0,5.0,nan
ALNS-A,Example14,14,0,220.0,5.0,nan
ALNS-A,Example14,14,0,221.0,5.0,nan
ALNS-A,Example14,14,0,222.0,5.0,nan
ALNS-A,Example14,14,0,223.0,5.0,nan
ALNS-A,Example14,14,0,224.0,5.0,nan
ALNS-A,Example14,14,0,225.0,5.0,nan
ALNS-A,Example14,14,0,226.0,5.0,nan
ALNS-A,Example14,14,0,227.0,5.0,nan
ALNS-A,Example14,14,0,228.0,5.0,nan
ALNS-A,Example14,14,0,229.0,5.0,nan
ALNS-A,Example14,14,0,230.0,5.0,nan
ALNS-A,Example14,14,0,231.0,5.0,nan
ALNS-A,Example14,14,0,232.0,5.0,nan
ALNS-A,Example14,14,0,233.0,5.0,nan
ALNS-A,Example14,14,0,234.0,5.0,nan
ALNS-A,Example14,14,0,235.0,5.0,nan
ALNS-A,Example14,14,0,236.0,5.0,nan
ALNS-A,Example14,14,0,237.0,5.0,nan
ALNS-A,Example14,14,0,238.0,5.0,nan
ALNS-A,Example14,14,0,239.0,5.0,nan
ALNS-A,Example14,14,0,240.0,5.0,nan
ALNS-A,Example14,14,0,241.0,5.0,nan
ALNS-A,Example14,14,0,242.0,5.0,nan
ALNS-A,Example14,14,0,243.0,5.0,nan
ALNS-A,Example14,14,0,244.0,5.0,nan
ALNS-A,Example14,14,0,245.0,5.0,nan
ALNS-A,Example14,14,0,246.0,5.0,nan
ALNS-A,Example14,14,0,247.0,5.0,nan
ALNS-A,Example14,14,0,248.0,5.0,nan
ALNS-A,Example14,14,0,249.0,5.0,nan
ALNS-A,Example14,14,0,250.0,5.0,nan
ALNS-A,Example14,14,0,251.0,5.0,nan
ALNS-A,Example14,14,0,252.0,5.0,nan
ALNS-A,Example14,14,0,253.0,5.0,nan
ALNS-A,Example14,14,0,254.0,5.0,nan
ALNS-A,Example14,14,0,255.0,5.0,nan
ALNS-A,Example14,14,0,256.0,5.0,nan
ALNS-A,Example14,14,0,257.0,5.0,nan
ALNS-A,Example14,14,0,258.0,5.0,nan
ALNS-A,Example14,14,0,259.0,5.0,nan
ALNS-A,Example14,14,0,260.0,5.0,nan
ALNS-A,Example14,14,0,261.0,5.0,nan
ALNS-A,Example14,14,0,262.0,5.0,nan
ALNS-A,Example14,14,0,263.0,5.0,nan
ALNS-A,Example14,14,0,264.0,5.0,nan
ALNS-A,Example14,14,0,265.0,5.0,nan
ALNS-A,Example14,14,0,266.0,5.0,nan
ALNS-A,Example14,14,0,267.0,5.0,nan
ALNS-A,Example14,14,0,268.0,5.0,nan
ALNS-A,Example14,14,0,269.0,5.0,nan
ALNS-A,Example14,14,0,270.0,5.0,nan
ALNS-A,Example14,14,0,271.0,5.0,nan
ALNS-A,Example14,14,0,272.0,5.0,nan
ALNS-A,Example14,14,0,273.0,5.0,nan
ALNS-A,Example14,14,1,0.0,95.0,nan
ALNS-A,Example14,14,1,1.0,95.0,nan
ALNS-A,Example14,14,1,2.0,95.0,nan
ALNS-A,Example14,14,1,3.0,95.0,nan
ALNS-A,Example14,14,1,4.0,95.0,nan
ALNS-A,Example14,14,1,5.0,29.0,nan
ALNS-A,Example14,14,1,6.0,29.0,nan
ALNS-A,Example14,14,1,7.0,29.0,nan
ALNS-A,Example14,14,1,8.0,28.0,nan
ALNS-A,Example14,14,1,9.0,15.0,nan
ALNS-A,Example14,14,1,10.0,15.0,nan
ALNS-A,Example14,14,1,11.0,15.0,nan
ALNS-A,Example14,14,1,12.0,15.0,nan
ALNS-A,Example14,14,1,13.0,15.0,nan
ALNS-A,Example14,14,1,14.0,15.0,nan
ALNS-A,Example14,14,1,15.0,14.0,nan
ALNS-A,Example14,14,1,16.0,14.0,nan
ALNS-A,Example14,14,1,17.0,14.0,nan
ALNS-A,Example14,14,1,18.0,14.0,nan
ALNS-A,Example14,14,1,19.0,14.0,nan
ALNS-A,Example14,14,1,20.0,14.0,nan
ALNS-A,Example14,14,1,21.0,14.0,nan
ALNS-A,Example14,14,1,22.0,11.0,nan
ALNS-A,Example14,14,1,23.0,11.0,nan
ALNS-A,Example14,14,1,24.0,11.0,nan
ALNS-A,Example14,14,1,25.0,11.0,nan
ALNS-A,Example14,14,1,26.0,11.0,nan
ALNS-A,Example14,14,1,27.0,11.0,nan
ALNS-A,Example14,14,1,28.0,11.0,nan
ALNS-A,Example14,14,1,29.0,11.0,nan
ALNS-A,Example14,14,1,30.0,11.0,nan
ALNS-A,Example14,14,1,31.0,11.0,nan
ALNS-A,Example14,14,1,32.0,9.0,nan
ALNS-A,Example14,14,1,33.0,9.0,nan
ALNS-A,Example14,14,1,34.0,9.0,nan
ALNS-A,Example14,14,1,35.0,9.0,nan
ALNS-A,Example14,14,1,36.0,9.0,nan
ALNS-A,Example14,14,1,37.0,9.0,nan
ALNS-A,Example14,14,1,38.0,9.0,nan
ALNS-A,Example14,14,1,39.0,9.0,nan
ALNS-A,Example14,14,1,40.0,8.0,nan
ALNS-A,Example14,14,1,41.0,8.0,nan
ALNS-A,Example14,14,1,42.0,8.0,nan
ALNS-A,Example14,14,1,43.0,8.0,nan
ALNS-A,Example14,14,1,44.0,8.0,nan
ALNS-A,Example14,14,1,45.0,8.0,nan
ALNS-A,Example14,14,1,46.0,8.0,nan
ALNS-A,Example14,14,1,47.0,8.0,nan
ALNS-A,Example14,14,1,48.0,8.0,nan
ALNS-A,Example14,14,1,49.0,8.0,nan
ALNS-A,Example14,14,1,50.0,8.0,nan
ALNS-A,Example14,14,1,51.0,8.0,nan
ALNS-A,Example14,14,1,52.0,8.0,nan
ALNS-A,Example14,14,1,53.0,8.0,nan
ALNS-A,Example14,14,1,54.0,8.0,nan
ALNS-A,Example14,14,1,55.0,8.0,nan
ALNS-A,Example14,14,1,56.0,8.0,nan
ALNS-A,Example14,14,1,57.0,8.0,nan
ALNS-A,Example14,14,1,58.0,8.0,nan
ALNS-A,Example14,14,1,59.0,8.0,nan
ALNS-A,Example14,14,1,60.0,8.0,nan
ALNS-A,Example14,14,1,61.0,8.0,nan
ALNS-A,Example14,14,1,62.0,8.0,nan
ALNS-A,Example14,14,1,63.0,8.0,nan
ALNS-A,Example14,14,1,64.0,8.0,nan
ALNS-A,Example14,14,1,65.0,8.0,nan
ALNS-A,Example14,14,1,66.0,8.0,nan
ALNS-A,Example14,14,1,67.0,8.0,nan
ALNS-A,Example14,14,1,68.0,8.0,nan
ALNS-A,Example14,14,1,69.0,8.0,nan
ALNS-A,Example14,14,1,70.0,8.0,nan
ALNS-A,Example14,14,1,71.0,8.0,nan
ALNS-A,Example14,14,1,72.0,8.0,nan
ALNS-A,Example14,14,1,73.0,8.0,nan
ALNS-A,Example14,14,1,74.0,8.0,nan
ALNS-A,Example14,14,1,75.0,8.0,nan
ALNS-A,Example14,14,1,76.0,8.0,nan
ALNS-A,Example14,14,1,77.0,8.0,nan
ALNS-A,Example14,14,1,78.0,8.0,nan
ALNS-A,Example14,14,1,79.0,8.0,nan
ALNS-A,Example14,14,1,80.0,8.0,nan
ALNS-A,Example14,14,1,81.0,8.0,nan
ALNS-A,Example14,14,1,82.0,8.0,nan
ALNS-A,Example14,14,1,83.0,8.0,nan
ALNS-A,Example14,14,1,84.0,8.0,nan
ALNS-A,Example14,14,1,85.0,8.0,nan
ALNS-A,Example14,14,1,86.0,8.0,nan
ALNS-A,Example14,14,1,87.0,8.0,nan
ALNS-A,Example14,14,1,88.0,8.0,nan
ALNS-A,Example14,14,1,89.0,8.0,nan
ALNS-A,Example14,14,1,90.0,8.0,nan
ALNS-A,Example14,14,1,91.0,8.0,nan
ALNS-A,Example14,14,1,92.0,8.0,nan
ALNS-A,Example14,14,1,93.0,8.0,nan
ALNS-A,Example14,14,1,94.0,8.0,nan
ALNS-A,Example14,14,1,95.0,7.0,nan
ALNS-A,Example14,14,1,96.0,7.0,nan
ALNS-A,Example14,14,1,97.0,7.0,nan
ALNS-A,Example14,14,1,98.0,7.0,nan
ALNS-A,Example14,14,1,99.0,7.0,nan
ALNS-A,Example14,14,1,100.0,7.0,nan
ALNS-A,Example14,14,1,101.0,7.0,nan
ALNS-A,Example14,14,1,102.0,7.0,nan
ALNS-A,Example14,14,1,103.0,7.0,nan
ALNS-A,Example14,14,1,104.0,7.0,nan
ALNS-A,Example14,14,1,105.0,7.0,nan
ALNS-A,Example14,14,1,106.0,7.0,nan
ALNS-A,Example14,14,1,107.0,7.0,nan
ALNS-A,Example14,14,1,108.0,7.0,nan
ALNS-A,Example14,14,1,109.0,7.0,nan
ALNS-A,Example14,14,1,110.0,7.0,nan
ALNS-A,Example14,14,1,111.0,7.0,nan
ALNS-A,Example14,14,1,112.0,7.0,nan
ALNS-A,Example14,14,1,113.0,7.0,nan
ALNS-A,Example14,14,1,114.0,7.0,nan
ALNS-A,Example14,14,1,115.0,7.0,nan
ALNS-A,Example14,14,1,116.0,7.0,nan
ALNS-A,Example14,14,1,117.0,7.0,nan
ALNS-A,Example14,14,1,118.0,7.0,nan
ALNS-A,Example14,14,1,119.0,7.0,nan
ALNS-A,Example14,14,1,120.0,7.0,nan
ALNS-A,Example14,14,1,121.0,7.0,nan
ALNS-A,Example14,14,1,122.0,7.0,nan
ALNS-A,Example14,14,1,123.0,7.0,nan
ALNS-A,Example14,14,1,124.0,7.0,nan
ALNS-A,Example14,14,1,125.0,7.0,nan
ALNS-A,Example14,14,1,126.0,7.0,nan
ALNS-A,Example14,14,1,127.0,7.0,nan
ALNS-A,Example14,14,1,128.0,7.0,nan
ALNS-A,Example14,14,1,129.0,7.0,nan
ALNS-A,Example14,14,1,130.0,7.0,nan
ALNS-A,Example14,14,1,131.0,7.0,nan
ALNS-A,Example14,14,1,132.0,7.0,nan
ALNS-A,Example14,14,1,133.0,7.0,nan
ALNS-A,Example14,14,1,134.0,7.0,nan
ALNS-A,Example14,14,1,135.0,7.0,nan
ALNS-A,Example14,14,1,136.0,7.0,nan
ALNS-A,Example14,14,1,137.0,7.0,nan
ALNS-A,Example14,14,1,138.0,7.0,nan
ALNS-A,Example14,14,1,139.0,7.0,nan
ALNS-A,Example14,14,1,140.0,7.0,nan
ALNS-A,Example14,14,1,141.0,7.0,nan
ALNS-A,Example14,14,1,142.0,7.0,nan
ALNS-A,Example14,14,1,143.0,7.0,nan
ALNS-A,Example14,14,1,144.0,7.0,nan
ALNS-A,Example14,14,1,145.0,7.0,nan
ALNS-A,Example14,14,1,146.0,7.0,nan
ALNS-A,Example14,14,1,147.0,7.0,nan
ALNS-A,Example14,14,1,148.0,7.0,nan
ALNS-A,Example14,14,1,149.0,7.0,nan
ALNS-A,Example14,14,1,150.0,7.0,nan
ALNS-A,Example14,14,1,151.0,7.0,nan
ALNS-A,Example14,14,1,152.0,7.0,nan
ALNS-A,Example14,14,1,153.0,7.0,nan
ALNS-A,Example14,14,1,154.0,7.0,nan
ALNS-A,Example14,14,1,155.0,7.0,nan
ALNS-A,Example14,14,1,156.0,7.0,nan
ALNS-A,Example14,14,1,157.0,7.0,nan
ALNS-A,Example14,14,1,158.0,7.0,nan
ALNS-A,Example14,14,1,159.0,7.0,nan
ALNS-A,Example14,14,1,160.0,7.0,nan
ALNS-A,Example14,14,1,161.0,7.0,nan
ALNS-A,Example14,14,1,162.0,7.0,nan
ALNS-A,Example14,14,1,163.0,7.0,nan
ALNS-A,Example14,14,1,164.0,7.0,nan
ALNS-A,Example14,14,1,165.0,7.0,nan
ALNS-A,Example14,14,1,166.0,7.0,nan
ALNS-A,Example14,14,1,167.0,7.0,nan
ALNS-A,Example14,14,1,168.0,7.0,nan
ALNS-A,Example14,14,1,169.0,7.0,nan
ALNS-A,Example14,14,1,170.0,7.0,nan
ALNS-A,Example14,14,1,171.0,7.0,nan
ALNS-A,Example14,14,1,172.0,7.0,nan
ALNS-A,Example14,14,1,173.0,7.0,nan
ALNS-A,Example14,14,1,174.0,7.0,nan
ALNS-A,Example14,14,1,175.0,7.0,nan
ALNS-A,Example14,14,1,176.0,7.0,nan
ALNS-A,Example14,14,1,177.0,7.0,nan
ALNS-A,Example14,14,1,178.0,7.0,nan
ALNS-A,Example14,14,1,179.0,6.0,nan
ALNS-A,Example14,14,1,180.0,6.0,nan
ALNS-A,Example14,14,1,181.0,6.0,nan
ALNS-A,Example14,14,1,182.0,6.0,nan
ALNS-A,Example14,14,1,183.0,6.0,nan
ALNS-A,Example14,14,1,184.0,6.0,nan
ALNS-A,Example14,14,1,185.0,6.0,nan
ALNS-A,Example14,14,1,186.0,6.0,nan
ALNS-A,Example14,14,1,187.0,6.0,nan
ALNS-A,Example14,14,1,188.0,6.0,nan
ALNS-A,Example14,14,1,189.0,6.0,nan
ALNS-A,Example14,14,1,190.0,6.0,nan
ALNS-A,Example14,14,1,191.0,6.0,nan
ALNS-A,Example14,14,1,192.0,6.0,nan
ALNS-A,Example14,14,1,193.0,6.0,nan
ALNS-A,Example14,14,1,194.0,6.0,nan
ALNS-A,Example14,14,1,195.0,6.0,nan
ALNS-A,Example14,14,1,196.0,6.0,nan
ALNS-A,Example14,14,1,197.0,6.0,nan
ALNS-A,Example14,14,1,198.0,6.0,nan
ALNS-A,Example14,14,1,199.0,6.0,nan
ALNS-A,Example14,14,1,200.0,6.0,nan
ALNS-A,Example14,14,1,201.0,6.0,nan
ALNS-A,Example14,14,1,202.0,6.0,nan
ALNS-A,Example14,14,1,203.0,6.0,nan
ALNS-A,Example14,14,1,204.0,6.0,nan
ALNS-A,Example14,14,1,205.0,6.0,nan
ALNS-A,Example14,14,1,206.0,6.0,nan
ALNS-A,Example14,14,1,207.0,6.0,nan
ALNS-A,Example14,14,1,208.0,6.0,nan
ALNS-A,Example14,14,1,209.0,6.0,nan
ALNS-A,Example14,14,1,210.0,6.0,nan
ALNS-A,Example14,14,1,211.0,6.0,nan
ALNS-A,Example14,14,1,212.0,6.0,nan
ALNS-A,Example14,14,1,213.0,6.0,nan
ALNS-A,Example14,14,1,214.0,6.0,nan
ALNS-A,Example14,14,1,215.0,6.0,nan
ALNS-A,Example14,14,1,216.0,6.0,nan
ALNS-A,Example14,14,1,217.0,6.0,nan
ALNS-A,Example14,14,1,218.0,6.0,nan
ALNS-A,Example14,14,1,219.0,6.0,nan
ALNS-A,Example14,14,1,220.0,6.0,nan
ALNS-A,Example14,14,1,221.0,6.0,nan
ALNS-A,Example14,14,1,222.0,6.0,nan
ALNS-A,Example14,14,1,223.0,6.0,nan
ALNS-A,Example14,14,1,224.0,6.0,nan
ALNS-A,Example14,14,1,225.0,6.0,nan
ALNS-A,Example14,14,1,226.0,6.0,nan
ALNS-A,Example14,14,1,227.0,6.0,nan
ALNS-A,Example14,14,1,228.0,6.0,nan
ALNS-A,Example14,14,1,229.0,6.0,nan
ALNS-A,Example14,14,1,230.0,6.0,nan
ALNS-A,Example14,14,1,231.0,6.0,nan
ALNS-A,Example14,14,1,232.0,6.0,nan
ALNS-A,Example14,14,1,233.0,6.0,nan
ALNS-A,Example14,14,1,234.0,6.0,nan
ALNS-A,Example14,14,1,235.0,6.0,nan
ALNS-A,Example14,14,1,236.0,6.0,nan
ALNS-A,Example14,14,1,237.0,6.0,nan
ALNS-A,Example14,14,1,238.0,6.0,nan
ALNS-A,Example14,14,1,239.0,6.0,nan
ALNS-A,Example14,14,1,240.0,6.0,nan
ALNS-A,Example14,14,1,241.0,6.0,nan
ALNS-A,Example14,14,1,242.0,6.0,nan
ALNS-A,Example14,14,1,243.0,6.0,nan
ALNS-A,Example14,14,1,244.0,6.0,nan
ALNS-A,Example14,14,1,245.0,6.0,nan
ALNS-A,Example14,14,1,246.0,6.0,nan
ALNS-A,Example14,14,1,247.0,6.0,nan
ALNS-A,Example14,14,1,248.0,6.0,nan
ALNS-A,Example14,14,1,249.0,6.0,nan
ALNS-A,Example14,14,1,250.0,6.0,nan
ALNS-A,Example14,14,1,251.0,6.0,nan
ALNS-A,Example14,14,1,252.0,6.0,nan
ALNS-A,Example14,14,1,253.0,6.0,nan
ALNS-A,Example14,14,1,254.0,6.0,nan
ALNS-A,Example14,14,1,255.0,6.0,nan
ALNS-A,Example14,14,1,256.0,6.0,nan
ALNS-A,Example14,14,1,257.0,6.0,nan
ALNS-A,Example14,14,1,258.0,6.0,nan
ALNS-A,Example14,14,1,259.0,6.0,nan
ALNS-A,Example14,14,1,260.0,6.0,nan
ALNS-A,Example14,14,1,261.0,6.0,nan
ALNS-A,Example14,14,1,262.0,6.0,nan
ALNS-A,Example14,14,1,263.0,6.0,nan
ALNS-A,Example14,14,1,264.0,6.0,nan
ALNS-A,Example14,14,1,265.0,6.0,nan
ALNS-A,Example14,14,1,266.0,6.0,nan
ALNS-A,Example14,14,1,267.0,6.0,nan
ALNS-A,Example14,14,1,268.0,6.0,nan
ALNS-A,Example14,14,1,269.0,6.0,nan
ALNS-A,Example14,14,1,270.0,6.0,nan
ALNS-A,Example14,14,1,271.0,6.0,nan
ALNS-A,Example14,14,1,272.0,6.0,nan
ALNS-A,Example14,14,1,273.0,6.0,nan
ALNS-A,Example14,14,2,0.0,123.0,nan
ALNS-A,Example14,14,2,1.0,123.0,nan
ALNS-A,Example14,14,2,2.0,86.0,nan
ALNS-A,Example14,14,2,3.0,86.0,nan
ALNS-A,Example14,14,2,4.0,86.0,nan
ALNS-A,Example14,14,2,5.0,86.0,nan
ALNS-A,Example14,14,2,6.0,18.0,nan
ALNS-A,Example14,14,2,7.0,13.0,nan
ALNS-A,Example14,14,2,8.0,13.0,nan
ALNS-A,Example14,14,2,9.0,13.0,nan
ALNS-A,Example14,14,2,10.0,13.0,nan
ALNS-A,Example14,14,2,11.0,13.0,nan
ALNS-A,Example14,14,2,12.0,13.0,nan
ALNS-A,Example14,14,2,13.0,13.0,nan
ALNS-A,Example14,14,2,14.0,13.0,nan
ALNS-A,Example14,14,2,15.0,13.0,nan
ALNS-A,Example14,14,2,16.0,13.0,nan
ALNS-A,Example14,14,2,17.0,13.0,nan
ALNS-A,Example14,14,2,18.0,13.0,nan
ALNS-A,Example14,14,2,19.0,13.0,nan
ALNS-A,Example14,14,2,20.0,13.0,nan
ALNS-A,Example14,14,2,21.0,13.0,nan
ALNS-A,Example14,14,2,22.0,13.0,nan
ALNS-A,Example14,14,2,23.0,13.0,nan
ALNS-A,Example14,14,2,24.0,12.0,nan
ALNS-A,Example14,14,2,25.0,12.0,nan
ALNS-A,Example14,14,2,26.0,12.0,nan
ALNS-A,Example14,14,2,27.0,12.0,nan
ALNS-A,Example14,14,2,28.0,12.0,nan
ALNS-A,Example14,14,2,29.0,12.0,nan
ALNS-A,Example14,14,2,30.0,12.0,nan
ALNS-A,Example14,14,2,31.0,12.0,nan
ALNS-A,Example14,14,2,32.0,12.0,nan
ALNS-A,Example14,14,2,33.0,12.0,nan
ALNS-A,Example14,14,2,34.0,12.0,nan
ALNS-A,Example14,14,2,35.0,12.0,nan
ALNS-A,Example14,14,2,36.0,12.0,nan
ALNS-A,Example14,14,2,37.0,12.0,nan
ALNS-A,Example14,14,2,38.0,12.0,nan
ALNS-A,Example14,14,2,39.0,12.0,nan
ALNS-A,Example14,14,2,40.0,12.0,nan
ALNS-A,Example14,14,2,41.0,12.0,nan
ALNS-A,Example14,14,2,42.0,10.0,nan
ALNS-A,Example14,14,2,43.0,10.0,nan
ALNS-A,Example14,14,2,44.0,10.0,nan
ALNS-A,Example14,14,2,45.0,10.0,nan
ALNS-A,Example14,14,2,46.0,10.0,nan
ALNS-A,Example14,14,2,47.0,10.0,nan
ALNS-A,Example14,14,2,48.0,10.0,nan
ALNS-A,Example14,14,2,49.0,10.0,nan
ALNS-A,Example14,14,2,50.0,10.0,nan
ALNS-A,Example14,14,2,51.0,10.0,nan
ALNS-A,Example14,14,2,52.0,10.0,nan
ALNS-A,Example14,14,2,53.0,10.0,nan
ALNS-A,Example14,14,2,54.0,10.0,nan
ALNS-A,Example14,14,2,55.0,10.0,nan
ALNS-A,Example14,14,2,56.0,10.0,nan
ALNS-A,Example14,14,2,57.0,10.0,nan
ALNS-A,Example14,14,2,58.0,10.0,nan
ALNS-A,Example14,14,2,59.0,10.0,nan
ALNS-A,Example14,14,2,60.0,10.0,nan
ALNS-A,Example14,14,2,61.0,10.0,nan
ALNS-A,Example14,14,2,62.0,10.0,nan
ALNS-A,Example14,14,2,63.0,10.0,nan
ALNS-A,Example14,14,2,64.0,10.0,nan
ALNS-A,Example14,14,2,65.0,10.0,nan
ALNS-A,Example14,14,2,66.0,10.0,nan
ALNS-A,Example14,14,2,67.0,10.0,nan
ALNS-A,Example14,14,2,68.0,10.0,nan
ALNS-A,Example14,14,2,69.0,10.0,nan
ALNS-A,Example14,14,2,70.0,10.0,nan
ALNS-A,Example14,14,2,71.0,10.0,nan
ALNS-A,Example14,14,2,72.0,10.0,nan
ALNS-A,Example14,14,2,73.0,10.0,nan
ALNS-A,Example14,14,2,74.0,10.0,nan
ALNS-A,Example14,14,2,75.0,10.0,nan
ALNS-A,Example14,14,2,76.0,10.0,nan
ALNS-A,Example14,14,2,77.0,10.0,nan
ALNS-A,Example14,14,2,78.0,10.0,nan
ALNS-A,Example14,14,2,79.0,10.0,nan
ALNS-A,Example14,14,2,80.0,10.0,nan
ALNS-A,Example14,14,2,81.0,10.0,nan
ALNS-A,Example14,14,2,82.0,10.0,nan
ALNS-A,Example14,14,2,83.0,10.0,nan
ALNS-A,Example14,14,2,84.0,10.0,nan
ALNS-A,Example14,14,2,85.0,10.0,nan
ALNS-A,Example14,14,2,86.0,10.0,nan
ALNS-A,Example14,14,2,87.0,10.0,nan
ALNS-A,Example14,14,2,88.0,10.0,nan
ALNS-A,Example14,14,2,89.0,10.0,nan
ALNS-A,Example14,14,2,90.0,9.0,nan
ALNS-A,Example14,14,2,91.0,9.0,nan
ALNS-A,Example14,14,2,92.0,9.0,nan
ALNS-A,Example14,14,2,93.0,9.0,nan
ALNS-A,Example14,14,2,94.0,9.0,nan
ALNS-A,Example14,14,2,95.0,9.0,nan
ALNS-A,Example14,14,2,96.0,9.0,nan
ALNS-A,Example14,14,2,97.0,9.0,nan
ALNS-A,Example14,14,2,98.0,9.0,nan
ALNS-A,Example14,14,2,99.0,9.0,nan
ALNS-A,Example14,14,2,100.0,9.0,nan
ALNS-A,Example14,14,2,101.0,9.0,nan
ALNS-A,Example14,14,2,102.0,9.0,nan
ALNS-A,Example14,14,2,103.0,9.0,nan
ALNS-A,Example14,14,2,104.0,9.0,nan
ALNS-A,Example14,14,2,105.0,9.0,nan
ALNS-A,Example14,14,2,106.0,9.0,nan
ALNS-A,Example14,14,2,107.0,9.0,nan
ALNS-A,Example14,14,2,108.0,9.0,nan
ALNS-A,Example14,14,2,109.0,9.0,nan
ALNS-A,Example14,14,2,110.0,9.0,nan
ALNS-A,Example14,14,2,111.0,9.0,nan
ALNS-A,Example14,14,2,112.0,9.0,nan
ALNS-A,Example14,14,2,113.0,9.0,nan
ALNS-A,Example14,14,2,114.0,9.0,nan
ALNS-A,Example14,14,2,115.0,9.0,nan
ALNS-A,Example14,14,2,116.0,9.0,nan
ALNS-A,Example14,14,2,117.0,9.0,nan
ALNS-A,Example14,14,2,118.0,9.0,nan
ALNS-A,Example14,14,2,119.0,9.0,nan
ALNS-A,Example14,14,2,120.0,9.0,nan
ALNS-A,Example14,14,2,121.0,9.0,nan
ALNS-A,Example14,14,2,122.0,9.0,nan
ALNS-A,Example14,14,2,123.0,9.0,nan
ALNS-A,Example14,14,2,124.0,9.0,nan
ALNS-A,Example14,14,2,125.0,9.0,nan
ALNS-A,Example14,14,2,126.0,9.0,nan
ALNS-A,Example14,14,2,127.0,9.0,nan
ALNS-A,Example14,14,2,128.0,9.0,nan
ALNS-A,Example14,14,2,129.0,9.0,nan
ALNS-A,Example14,14,2,130.0,9.0,nan
ALNS-A,Example14,14,2,131.0,9.0,nan
ALNS-A,Example14,14,2,132.0,9.0,nan
ALNS-A,Example14,14,2,133.0,9.0,nan
ALNS-A,Example14,14,2,134.0,9.0,nan
ALNS-A,Example14,14,2,135.0,9.0,nan
ALNS-A,Example14,14,2,136.0,9.0,nan
ALNS-A,Example14,14,2,137.0,9.0,nan
ALNS-A,Example14,14,2,138.0,9.0,nan
ALNS-A,Example14,14,2,139.0,9.0,nan
ALNS-A,Example14,14,2,140.0,8.0,nan
ALNS-A,Example14,14,2,141.0,8.0,nan
ALNS-A,Example14,14,2,142.0,8.0,nan
ALNS-A,Example14,14,2,143.0,8.0,nan
ALNS-A,Example14,14,2,144.0,8.0,nan
ALNS-A,Example14,14,2,145.0,8.0,nan
ALNS-A,Example14,14,2,146.0,8.0,nan
ALNS-A,Example14,14,2,147.0,8.0,nan
ALNS-A,Example14,14,2,148.0,8.0,nan
ALNS-A,Example14,14,2,149.0,8.0,nan
ALNS-A,Example14,14,2,150.0,8.0,nan
ALNS-A,Example14,14,2,151.0,8.0,nan
ALNS-A,Example14,14,2,152.0,8.0,nan
ALNS-A,Example14,14,2,153.0,8.0,nan
ALNS-A,Example14,14,2,154.0,8.0,nan
ALNS-A,Example14,14,2,155.0,8.0,nan
ALNS-A,Example14,14,2,156.0,8.0,nan
ALNS-A,Example14,14,2,157.0,8.0,nan
ALNS-A,Example14,14,2,158.0,8.0,nan
ALNS-A,Example14,14,2,159.0,8.0,nan
ALNS-A,Example14,14,2,160.0,8.0,nan
ALNS-A,Example14,14,2,161.0,8.0,nan
ALNS-A,Example14,14,2,162.0,8.0,nan
ALNS-A,Example14,14,2,163.0,8.0,nan
ALNS-A,Example14,14,2,164.0,8.0,nan
ALNS-A,Example14,14,2,165.0,8.0,nan
ALNS-A,Example14,14,2,166.0,8.0,nan
ALNS-A,Example14,14,2,167.0,8.0,nan
ALNS-A,Example14,14,2,168.0,8.0,nan
ALNS-A,Example14,14,2,169.0,8.0,nan
ALNS-A,Example14,14,2,170.0,8.0,nan
ALNS-A,Example14,14,2,171.0,8.0,nan
ALNS-A,Example14,14,2,172.0,8.0,nan
ALNS-A,Example14,14,2,173.0,8.0,nan
ALNS-A,Example14,14,2,174.0,8.0,nan
ALNS-A,Example14,14,2,175.0,8.0,nan
ALNS-A,Example14,14,2,176.0,8.0,nan
ALNS-A,Example14,14,2,177.0,8.0,nan
ALNS-A,Example14,14,2,178.0,8.0,nan
ALNS-A,Example14,14,2,179.0,5.0,nan
ALNS-A,Example14,14,2,180.0,5.0,nan
ALNS-A,Example14,14,2,181.0,5.0,nan
ALNS-A,Example14,14,2,182.0,5.0,nan
ALNS-A,Example14,14,2,183.0,5.0,nan
ALNS-A,Example14,14,2,184.0,5.0,nan
ALNS-A,Example14,14,2,185.0,5.0,nan
ALNS-A,Example14,14,2,186.0,5.0,nan
ALNS-A,Example14,14,2,187.0,5.0,nan
ALNS-A,Example14,14,2,188.0,5.0,nan
ALNS-A,Example14,14,2,189.0,5.0,nan
ALNS-A,Example14,14,2,190.0,5.0,nan
ALNS-A,Example14,14,2,191.0,5.0,nan
ALNS-A,Example14,14,2,192.0,5.0,nan
ALNS-A,Example14,14,2,193.0,5.0,nan
ALNS-A,Example14,14,2,194.0,5.0,nan
ALNS-A,Example14,14,2,195.0,5.0,nan
ALNS-A,Example14,14,2,196.0,5.0,nan
ALNS-A,Example14,14,2,197.0,5.0,nan
ALNS-A,Example14,14,2,198.0,5.0,nan
ALNS-A,Example14,14,2,199.0,5.0,nan
ALNS-A,Example14,14,2,200.0,5.0,nan
ALNS-A,Example14,14,2,201.0,5.0,nan
ALNS-A,Example14,14,2,202.0,5.0,nan
ALNS-A,Example14,14,2,203.0,5.0,nan
ALNS-A,Example14,14,2,204.0,5.0,nan
ALNS-A,Example14,14,2,205.0,5.0,nan
ALNS-A,Example14,14,2,206.0,5.0,nan
ALNS-A,Example14,14,2,207.0,5.0,nan
ALNS-A,Example14,14,2,208.0,5.0,nan
ALNS-A,Example14,14,2,209.0,5.0,nan
ALNS-A,Example14,14,2,210.0,5.0,nan
ALNS-A,Example14,14,2,211.0,5.0,nan
ALNS-A,Example14,14,2,212.0,5.0,nan
ALNS-A,Example14,14,2,213.0,5.0,nan
ALNS-A,Example14,14,2,214.0,5.0,nan
ALNS-A,Example14,14,2,215.0,5.0,nan
ALNS-A,Example14,14,2,216.0,5.0,nan
ALNS-A,Example14,14,2,217.0,5.0,nan
ALNS-A,Example14,14,2,218.0,5.0,nan
ALNS-A,Example14,14,2,219.0,5.0,nan
ALNS-A,Example14,14,2,220.0,5.0,nan
ALNS-A,Example14,14,2,221.0,5.0,nan
ALNS-A,Example14,14,2,222.0,5.0,nan
ALNS-A,Example14,14,2,223.0,5.0,nan
ALNS-A,Example14,14,2,224.0,5.0,nan
ALNS-A,Example14,14,2,225.0,5.0,nan
ALNS-A,Example14,14,2,226.0,5.0,nan
ALNS-A,Example14,14,2,227.0,5.0,nan
ALNS-A,Example14,14,2,228.0,5.0,nan
ALNS-A,Example14,14,2,229.0,5.0,nan
ALNS-A,Example14,14,2,230.0,5.0,nan
ALNS-A,Example14,14,2,231.0,5.0,nan
ALNS-A,Example14,14,2,232.0,5.0,nan
ALNS-A,Example14,14,2,233.0,5.0,nan
ALNS-A,Example14,14,2,234.0,5.0,nan
ALNS-A,Example14,14,2,235.0,5.0,nan
ALNS-A,Example14,14,2,236.0,5.0,nan
ALNS-A,Example14,14,2,237.0,5.0,nan
ALNS-A,Example14,14,2,238.0,5.0,nan
ALNS-A,Example14,14,2,239.0,5.0,nan
ALNS-A,Example14,14,2,240.0,5.0,nan
ALNS-A,Example14,14,2,241.0,5.0,nan
ALNS-A,Example14,14,2,242.0,5.0,nan
ALNS-A,Example14,14,2,243.0,5.0,nan
ALNS-A,Example14,14,2,244.0,5.0,nan
ALNS-A,Example14,14,2,245.0,5.0,nan
ALNS-A,Example14,14,2,246.0,5.0,nan
ALNS-A,Example14,14,2,247.0,5.0,nan
ALNS-A,Example14,14,2,248.0,5.0,nan
ALNS-A,Example14,14,2,249.0,5.0,nan
ALNS-A,Example14,14,2,250.0,5.0,nan
ALNS-A,Example14,14,2,251.0,5.0,nan
ALNS-A,Example14,14,2,252.0,5.0,nan
ALNS-A,Example14,14,2,253.0,5.0,nan
ALNS-A,Example14,14,2,254.0,5.0,nan
ALNS-A,Example14,14,2,255.0,5.0,nan
ALNS-A,Example14,14,2,256.0,5.0,nan
ALNS-A,Example14,14,2,257.0,5.0,nan
ALNS-A,Example14,14,2,258.0,5.0,nan
ALNS-A,Example14,14,2,259.0,5.0,nan
ALNS-A,Example14,14,2,260.0,5.0,nan
ALNS-A,Example14,14,2,261.0,5.0,nan
ALNS-A,Example14,14,2,262.0,5.0,nan
ALNS-A,Example14,14,2,263.0,5.0,nan
ALNS-A,Example14,14,2,264.0,5.0,nan
ALNS-A,Example14,14,2,265.0,5.0,nan
ALNS-A,Example14,14,2,266.0,5.0,nan
ALNS-A,Example14,14,2,267.0,5.0,nan
ALNS-A,Example14,14,2,268.0,5.0,nan
ALNS-A,Example14,14,2,269.0,5.0,nan
ALNS-A,Example14,14,2,270.0,5.0,nan
ALNS-A,Example14,14,2,271.0,5.0,nan
ALNS-A,Example14,14,2,272.0,5.0,nan
ALNS-A,Example14,14,2,273.0,5.0,nan
ALNS-B,Example0,0,0,0.0,10.0,nan
ALNS-B,Example0,0,0,1.0,10.0,nan
ALNS-B,Example0,0,0,2.0,10.0,nan
ALNS-B,Example0,0,0,3.0,9.0,nan
ALNS-B,Example0,0,0,4.0,9.0,nan
ALNS-B,Example0,0,0,5.0,9.0,nan
ALNS-B,Example0,0,0,6.0,9.0,nan
ALNS-B,Example0,0,0,7.0,9.0,nan
ALNS-B,Example0,0,0,8.0,9.0,nan
ALNS-B,Example0,0,0,9.0,9.0,nan
ALNS-B,Example0,0,0,10.0,8.0,nan
ALNS-B,Example0,0,0,11.0,8.0,nan
ALNS-B,Example0,0,0,12.0,8.0,nan
ALNS-B,Example0,0,0,13.0,8.0,nan
ALNS-B,Example0,0,0,14.0,8.0,nan
ALNS-B,Example0,0,0,15.0,8.0,nan
ALNS-B,Example0,0,0,16.0,8.0,nan
ALNS-B,Example0,0,0,17.0,8.0,nan
ALNS-B,Example0,0,0,18.0,8.0,nan
ALNS-B,Example0,0,0,19.0,8.0,nan
ALNS-B,Example0,0,0,20.0,8.0,nan
ALNS-B,Example0,0,0,21.0,8.0,nan
ALNS-B,Example0,0,0,22.0,8.0,nan
ALNS-B,Example0,0,0,23.0,7.0,nan
ALNS-B,Example0,0,0,24.0,7.0,nan
ALNS-B,Example0,0,0,25.0,6.0,nan
ALNS-B,Example0,0,0,26.0,6.0,nan
ALNS-B,Example0,0,0,27.0,4.0,nan
ALNS-B,Example0,0,0,28.0,4.0,nan
ALNS-B,Example0,0,0,29.0,1.0,nan
ALNS-B,Example0,0,0,30.0,1.0,nan
ALNS-B,Example0,0,0,31.0,1.0,nan
ALNS-B,Example0,0,0,32.0,0.0,nan
ALNS-B,Example0,0,0,33.0,0.0,nan
ALNS-B,Example0,0,0,34.0,0.0,nan
ALNS-B,Example0,0,0,35.0,0.0,nan
ALNS-B,Example0,0,0,36.0,0.0,nan
ALNS-B,Example0,0,0,37.0,0.0,nan
ALNS-B,Example0,0,0,38.0,0.0,nan
ALNS-B,Example0,0,0,39.0,0.0,nan
ALNS-B,Example0,0,0,40.0,0.0,nan
ALNS-B,Example0,0,0,41.0,0.0,nan
ALNS-B,Example0,0,0,42.0,0.0,nan
ALNS-B,Example0,0,0,43.0,0.0,nan
ALNS-B,Example0,0,0,44.0,0.0,nan
ALNS-B,Example0,0,0,45.0,0.0,nan
ALNS-B,Example0,0,0,46.0,0.0,nan
ALNS-B,Example0,0,0,47.0,0.0,nan
ALNS-B,Example0,0,0,48.0,0.0,nan
ALNS-B,Example0,0,0,49.0,0.0,nan
ALNS-B,Example0,0,0,50.0,0.0,nan
ALNS-B,Example0,0,0,51.0,0.0,nan
ALNS-B,Example0,0,0,52.0,0.0,nan
ALNS-B,Example0,0,0,53.0,0.0,nan
ALNS-B,Example0,0,0,54.0,0.0,nan
ALNS-B,Example0,0,0,55.0,0.0,nan
ALNS-B,Example0,0,0,56.0,0.0,nan
ALNS-B,Example0,0,0,57.0,0.0,nan
ALNS-B,Example0,0,0,58.0,0.0,nan
ALNS-B,Example0,0,0,59.0,0.0,nan
ALNS-B,Example0,0,0,60.0,0.0,nan
ALNS-B,Example0,0,0,61.0,0.0,nan
ALNS-B,Example0,0,0,62.0,0.0,nan
ALNS-B,Example0,0,0,63.0,0.0,nan
ALNS-B,Example0,0,0,64.0,0.0,nan
ALNS-B,Example0,0,0,65.0,0.0,nan
ALNS-B,Example0,0,0,66.0,0.0,nan
ALNS-B,Example0,0,0,67.0,0.0,nan
ALNS-B,Example0,0,0,68.0,0.0,nan
ALNS-B,Example0,0,0,69.0,0.0,nan
ALNS-B,Example0,0,0,70.0,0.0,nan
ALNS-B,Example0,0,0,71.0,0.0,nan
ALNS-B,Example0,0,0,72.0,0.0,nan
ALNS-B,Example0,0,0,73.0,0.0,nan
ALNS-B,Example0,0,0,74.0,0.0,nan
ALNS-B,Example0,0,0,75.0,0.0,nan
ALNS-B,Example0,0,0,76.0,0.0,nan
ALNS-B,Example0,0,0,77.0,0.0,nan
ALNS-B,Example0,0,0,78.0,0.0,nan
ALNS-B,Example0,0,0,79.0,0.0,nan
ALNS-B,Example0,0,0,80.0,0.0,nan
ALNS-B,Example0,0,0,81.0,0.0,nan
ALNS-B,Example0,0,0,82.0,0.0,nan
ALNS-B,Example0,0,0,83.0,0.0,nan
ALNS-B,Example0,0,0,84.0,0.0,nan
ALNS-B,Example0,0,0,85.0,0.0,nan
ALNS-B,Example0,0,0,86.0,0.0,nan
ALNS-B,Example0,0,0,87.0,0.0,nan
ALNS-B,Example0,0,0,88.0,0.0,nan
ALNS-B,Example0,0,0,89.0,0.0,nan
ALNS-B,Example0,0,0,90.0,0.0,nan
ALNS-B,Example0,0,0,91.0,0.0,nan
ALNS-B,Example0,0,0,92.0,0.0,nan
ALNS-B,Example0,0,0,93.0,0.0,nan
ALNS-B,Example0,0,0,94.0,0.0,nan
ALNS-B,Example0,0,0,95.0,0.0,nan
ALNS-B,Example0,0,0,96.0,0.0,nan
ALNS-B,Example0,0,0,97.0,0.0,nan
ALNS-B,Example0,0,0,98.0,0.0,nan
ALNS-B,Example0,0,0,99.0,0.0,nan
ALNS-B,Example0,0,0,100.0,0.0,nan
ALNS-B,Example0,0,0,101.0,0.0,nan
ALNS-B,Example0,0,0,102.0,0.0,nan
ALNS-B,Example0,0,0,103.0,0.0,nan
ALNS-B,Example0,0,0,104.0,0.0,nan
ALNS-B,Example0,0,0,105.0,0.0,nan
ALNS-B,Example0,0,0,106.0,0.0,nan
ALNS-B,Example0,0,0,107.0,0.0,nan
ALNS-B,Example0,0,0,108.0,0.0,nan
ALNS-B,Example0,0,0,109.0,0.0,nan
ALNS-B,Example0,0,0,110.0,0.0,nan
ALNS-B,Example0,0,0,111.0,0.0,nan
ALNS-B,Example0,0,0,112.0,0.0,nan
ALNS-B,Example0,0,0,113.0,0.0,nan
ALNS-B,Example0,0,0,114.0,0.0,nan
ALNS-B,Example0,0,0,115.0,0.0,nan
ALNS-B,Example0,0,0,116.0,0.0,nan
ALNS-B,Example0,0,0,117.0,0.0,nan
ALNS-B,Example0,0,0,118.0,0.0,nan
ALNS-B,Example0,0,0,119.0,0.0,nan
ALNS-B,Example0,0,0,120.0,0.0,nan
ALNS-B,Example0,0,0,121.0,0.0,nan
ALNS-B,Example0,0,0,122.0,0.0,nan
ALNS-B,Example0,0,0,123.0,0.0,nan
ALNS-B,Example0,0,0,124.0,0.0,nan
ALNS-B,Example0,0,0,125.0,0.0,nan
ALNS-B,Example0,0,0,126.0,0.0,nan
ALNS-B,Example0,0,0,127.0,0.0,nan
ALNS-B,Example0,0,0,128.0,0.0,nan
ALNS-B,Example0,0,0,129.0,0.0,nan
ALNS-B,Example0,0,0,130.0,0.0,nan
ALNS-B,Example0,0,0,131.0,0.0,nan
ALNS-B,Example0,0,0,132.0,0.0,nan
ALNS-B,Example0,0,0,133.0,0.0,nan
ALNS-B,Example0,0,0,134.0,0.0,nan
ALNS-B,Example0,0,0,135.0,0.0,nan
ALNS-B,Example0,0,0,136.0,0.0,nan
ALNS-B,Example0,0,0,137.0,0.0,nan
ALNS-B,Example0,0,0,138.0,0.0,nan
ALNS-B,Example0,0,0,139.0,0.0,nan
ALNS-B,Example0,0,0,140.0,0.0,nan
ALNS-B,Example0,0,0,141.0,0.0,nan
ALNS-B,Example0,0,0,142.0,0.0,nan
ALNS-B,Example0,0,0,143.0,0.0,nan
ALNS-B,Example0,0,0,144.0,0.0,nan
ALNS-B,Example0,0,0,145.0,0.0,nan
ALNS-B,Example0,0,0,146.0,0.0,nan
ALNS-B,Example0,0,0,147.0,0.0,nan
ALNS-B,Example0,0,0,148.0,0.0,nan
ALNS-B,Example0,0,0,149.0,0.0,nan
ALNS-B,Example0,0,0,150.0,0.0,nan
ALNS-B,Example0,0,0,151.0,0.0,nan
ALNS-B,Example0,0,0,152.0,0.0,nan
ALNS-B,Example0,0,0,153.0,0.0,nan
ALNS-B,Example0,0,0,154.0,0.0,nan
ALNS-B,Example0,0,0,155.0,0.0,nan
ALNS-B,Example0,0,0,156.0,0.0,nan
ALNS-B,Example0,0,0,157.0,0.0,nan
ALNS-B,Example0,0,0,158.0,0.0,nan
ALNS-B,Example0,0,0,159.0,0.0,nan
ALNS-B,Example0,0,0,160.0,0.0,nan
ALNS-B,Example0,0,0,161.0,0.0,nan
ALNS-B,Example0,0,0,162.0,0.0,nan
ALNS-B,Example0,0,0,163.0,0.0,nan
ALNS-B,Example0,0,0,164.0,0.0,nan
ALNS-B,Example0,0,0,165.0,0.0,nan
ALNS-B,Example0,0,0,166.0,0.0,nan
ALNS-B,Example0,0,0,167.0,0.0,nan
ALNS-B,Example0,0,0,168.0,0.0,nan
ALNS-B,Example0,0,0,169.0,0.0,nan
ALNS-B,Example0,0,0,170.0,0.0,nan
ALNS-B,Example0,0,0,171.0,0.0,nan
ALNS-B,Example0,0,0,172.0,0.0,nan
ALNS-B,Example0,0,0,173.0,0.0,nan
ALNS-B,Example0,0,0,174.0,0.0,nan
ALNS-B,Example0,0,0,175.0,0.0,nan
ALNS-B,Example0,0,0,176.0,0.0,nan
ALNS-B,Example0,0,0,177.0,0.0,nan
ALNS-B,Example0,0,0,178.0,0.0,nan
ALNS-B,Example0,0,0,179.0,0.0,nan
ALNS-B,Example0,0,0,180.0,0.0,nan
ALNS-B,Example0,0,0,181.0,0.0,nan
ALNS-B,Example0,0,0,182.0,0.0,nan
ALNS-B,Example0,0,0,183.0,0.0,nan
ALNS-B,Example0,0,0,184.0,0.0,nan
ALNS-B,Example0,0,0,185.0,0.0,nan
ALNS-B,Example0,0,0,186.0,0.0,nan
ALNS-B,Example0,0,0,187.0,0.0,nan
ALNS-B,Example0,0,0,188.0,0.0,nan
ALNS-B,Example0,0,0,189.0,0.0,nan
ALNS-B,Example0,0,0,190.0,0.0,nan
ALNS-B,Example0,0,0,191.0,0.0,nan
ALNS-B,Example0,0,0,192.0,0.0,nan
ALNS-B,Example0,0,0,193.0,0.0,nan
ALNS-B,Example0,0,0,194.0,0.0,nan
ALNS-B,Example0,0,0,195.0,0.0,nan
ALNS-B,Example0,0,0,196.0,0.0,nan
ALNS-B,Example0,0,0,197.0,0.0,nan
ALNS-B,Example0,0,0,198.0,0.0,nan
ALNS-B,Example0,0,0,199.0,0.0,nan
ALNS-B,Example0,0,0,200.0,0.0,nan
ALNS-B,Example0,0,0,201.0,0.0,nan
ALNS-B,Example0,0,0,202.0,0.0,nan
ALNS-B,Example0,0,0,203.0,0.0,nan
ALNS-B,Example0,0,0,204.0,0.0,nan
ALNS-B,Example0,0,0,205.0,0.0,nan
ALNS-B,Example0,0,0,206.0,0.0,nan
ALNS-B,Example0,0,0,207.0,0.0,nan
ALNS-B,Example0,0,0,208.0,0.0,nan
ALNS-B,Example0,0,0,209.0,0.0,nan
ALNS-B,Example0,0,0,210.0,0.0,nan
ALNS-B,Example0,0,0,211.0,0.0,nan
ALNS-B,Example0,0,0,212.0,0.0,nan
ALNS-B,Example0,0,0,213.0,0.0,nan
ALNS-B,Example0,0,0,214.0,0.0,nan
ALNS-B,Example0,0,0,215.0,0.0,nan
ALNS-B,Example0,0,0,216.0,0.0,nan
ALNS-B,Example0,0,0,217.0,0.0,nan
ALNS-B,Example0,0,0,218.0,0.0,nan
ALNS-B,Example0,0,0,219.0,0.0,nan
ALNS-B,Example0,0,0,220.0,0.0,nan
ALNS-B,Example0,0,0,221.0,0.0,nan
ALNS-B,Example0,0,0,222.0,0.0,nan
ALNS-B,Example0,0,0,223.0,0.0,nan
ALNS-B,Example0,0,0,224.0,0.0,nan
ALNS-B,Example0,0,0,225.0,0.0,nan
ALNS-B,Example0,0,0,226.0,0.0,nan
ALNS-B,Example0,0,0,227.0,0.0,nan
ALNS-B,Example0,0,0,228.0,0.0,nan
ALNS-B,Example0,0,0,229.0,0.0,nan
ALNS-B,Example0,0,0,230.0,0.0,nan
ALNS-B,Example0,0,0,231.0,0.0,nan
ALNS-B,Example0,0,0,232.0,0.0,nan
ALNS-B,Example0,0,0,233.0,0.0,nan
ALNS-B,Example0,0,0,234.0,0.0,nan
ALNS-B,Example0,0,0,235.0,0.0,nan
ALNS-B,Example0,0,0,236.0,0.0,nan
ALNS-B,Example0,0,0,237.0,0.0,nan
ALNS-B,Example0,0,0,238.0,0.0,nan
ALNS-B,Example0,0,0,239.0,0.0,nan
ALNS-B,Example0,0,0,240.0,0.0,nan
ALNS-B,Example0,0,0,241.0,0.0,nan
ALNS-B,Example0,0,0,242.0,0.0,nan
ALNS-B,Example0,0,0,243.0,0.0,nan
ALNS-B,Example0,0,0,244.0,0.0,nan
ALNS-B,Example0,0,0,245.0,0.0,nan
ALNS-B,Example0,0,0,246.0,0.0,nan
ALNS-B,Example0,0,0,247.0,0.0,nan
ALNS-B,Example0,0,0,248.0,0.0,nan
ALNS-B,Example0,0,0,249.0,0.0,nan
ALNS-B,Example0,0,0,250.0,0.0,nan
ALNS-B,Example0,0,0,251.0,0.0,nan
ALNS-B,Example0,0,0,252.0,0.0,nan
ALNS-B,Example0,0,0,253.0,0.0,nan
ALNS-B,Example0,0,0,254.0,0.0,nan
ALNS-B,Example0,0,0,255.0,0.0,nan
ALNS-B,Example0,0,0,256.0,0.0,nan
ALNS-B,Example0,0,0,257.0,0.0,nan
ALNS-B,Example0,0,0,258.0,0.0,nan
ALNS-B,Example0,0,0,259.0,0.0,nan
ALNS-B,Example0,0,0,260.0,0.0,nan
ALNS-B,Example0,0,0,261.0,0.0,nan
ALNS-B,Example0,0,0,262.0,0.0,nan
ALNS-B,Example0,0,0,263.0,0.0,nan
ALNS-B,Example0,0,0,264.0,0.0,nan
ALNS-B,Example0,0,0,265.0,0.0,nan
ALNS-B,Example0,0,0,266.0,0.0,nan
ALNS-B,Example0,0,0,267.0,0.0,nan
ALNS-B,Example0,0,0,268.0,0.0,nan
ALNS-B,Example0,0,0,269.0,0.0,nan
ALNS-B,Example0,0,0,270.0,0.0,nan
ALNS-B,Example0,0,0,271.0,0.0,nan
ALNS-B,Example0,0,0,272.0,0.0,nan
ALNS-B,Example0,0,0,273.0,0.0,nan
ALNS-B,Example0,0,1,0.0,7.0,nan
ALNS-B,Example0,0,1,1.0,7.0,nan
ALNS-B,Example0,0,1,2.0,5.0,nan
ALNS-B,Example0,0,1,3.0,5.0,nan
ALNS-B,Example0,0,1,4.0,5.0,nan
ALNS-B,Example0,0,1,5.0,5.0,nan
ALNS-B,Example0,0,1,6.0,5.0,nan
ALNS-B,Example0,0,1,7.0,5.0,nan
ALNS-B,Example0,0,1,8.0,5.0,nan
ALNS-B,Example0,0,1,9.0,5.0,nan
ALNS-B,Example0,0,1,10.0,5.0,nan
ALNS-B,Example0,0,1,11.0,5.0,nan
ALNS-B,Example0,0,1,12.0,5.0,nan
ALNS-B,Example0,0,1,13.0,5.0,nan
ALNS-B,Example0,0,1,14.0,5.0,nan
ALNS-B,Example0,0,1,15.0,5.0,nan
ALNS-B,Example0,0,1,16.0,5.0,nan
ALNS-B,Example0,0,1,17.0,5.0,nan
ALNS-B,Example0,0,1,18.0,5.0,nan
ALNS-B,Example0,0,1,19.0,5.0,nan
ALNS-B,Example0,0,1,20.0,5.0,nan
ALNS-B,Example0,0,1,21.0,5.0,nan
ALNS-B,Example0,0,1,22.0,5.0,nan
ALNS-B,Example0,0,1,23.0,5.0,nan
ALNS-B,Example0,0,1,24.0,5.0,nan
ALNS-B,Example0,0,1,25.0,5.0,nan
ALNS-B,Example0,0,1,26.0,5.0,nan
ALNS-B,Example0,0,1,27.0,5.0,nan
ALNS-B,Example0,0,1,28.0,5.0,nan
ALNS-B,Example0,0,1,29.0,5.0,nan
ALNS-B,Example0,0,1,30.0,5.0,nan
ALNS-B,Example0,0,1,31.0,5.0,nan
ALNS-B,Example0,0,1,32.0,5.0,nan
ALNS-B,Example0,0,1,33.0,5.0,nan
ALNS-B,Example0,0,1,34.0,5.0,nan
ALNS-B,Example0,0,1,35.0,5.0,nan
ALNS-B,Example0,0,1,36.0,5.0,nan
ALNS-B,Example0,0,1,37.0,5.0,nan
ALNS-B,Example0,0,1,38.0,5.0,nan
ALNS-B,Example0,0,1,39.0,5.0,nan
ALNS-B,Example0,0,1,40.0,5.0,nan
ALNS-B,Example0,0,1,41.0,5.0,nan
ALNS-B,Example0,0,1,42.0,5.0,nan
ALNS-B,Example0,0,1,43.0,5.0,nan
ALNS-B,Example0,0,1,44.0,5.0,nan
ALNS-B,Example0,0,1,45.0,5.0,nan
ALNS-B,Example0,0,1,46.0,5.0,nan
ALNS-B,Example0,0,1,47.0,5.0,nan
ALNS-B,Example0,0,1,48.0,5.0,nan
ALNS-B,Example0,0,1,49.0,5.0,nan
ALNS-B,Example0,0,1,50.0,4.0,nan
ALNS-B,Example0,0,1,51.0,3.0,nan
ALNS-B,Example0,0,1,52.0,3.0,nan
ALNS-B,Example0,0,1,53.0,3.0,nan
ALNS-B,Example0,0,1,54.0,3.0,nan
ALNS-B,Example0,0,1,55.0,3.0,nan
ALNS-B,Example0,0,1,56.0,3.0,nan
ALNS-B,Example0,0,1,57.0,3.0,nan
ALNS-B,Example0,0,1,58.0,3.0,nan
ALNS-B,Example0,0,1,59.0,3.0,nan
ALNS-B,Example0,0,1,60.0,3.0,nan
ALNS-B,Example0,0,1,61.0,3.0,nan
ALNS-B,Example0,0,1,62.0,3.0,nan
ALNS-B,Example0,0,1,63.0,3.0,nan
ALNS-B,Example0,0,1,64.0,3.0,nan
ALNS-B,Example0,0,1,65.0,3.0,nan
ALNS-B,Example0,0,1,66.0,3.0,nan
ALNS-B,Example0,0,1,67.0,3.0,nan
ALNS-B,Example0,0,1,68.0,3.0,nan
ALNS-B,Example0,0,1,69.0,3.0,nan
ALNS-B,Example0,0,1,70.0,3.0,nan
ALNS-B,Example0,0,1,71.0,3.0,nan
ALNS-B,Example0,0,1,72.0,3.0,nan
ALNS-B,Example0,0,1,73.0,3.0,nan
ALNS-B,Example0,0,1,74.0,3.0,nan
ALNS-B,Example0,0,1,75.0,3.0,nan
ALNS-B,Example0,0,1,76.0,3.0,nan
ALNS-B,Example0,0,1,77.0,3.0,nan
ALNS-B,Example0,0,1,78.0,3.0,nan
ALNS-B,Example0,0,1,79.0,3.0,nan
ALNS-B,Example0,0,1,80.0,3.0,nan
ALNS-B,Example0,0,1,81.0,3.0,nan
ALNS-B,Example0,0,1,82.0,3.0,nan
ALNS-B,Example0,0,1,83.0,3.0,nan
ALNS-B,Example0,0,1,84.0,2.0,nan
ALNS-B,Example0,0,1,85.0,2.0,nan
ALNS-B,Example0,0,1,86.0,0.0,nan
ALNS-B,Example0,0,1,87.0,0.0,nan
ALNS-B,Example0,0,1,88.0,0.0,nan
ALNS-B,Example0,0,1,89.0,0.0,nan
ALNS-B,Example0,0,1,90.0,0.0,nan
ALNS-B,Example0,0,1,91.0,0.0,nan
ALNS-B,Example0,0,1,92.0,0.0,nan
ALNS-B,Example0,0,1,93.0,0.0,nan
ALNS-B,Example0,0,1,94.0,0.0,nan
ALNS-B,Example0,0,1,95.0,0.0,nan
ALNS-B,Example0,0,1,96.0,0.0,nan
ALNS-B,Example0,0,1,97.0,0.0,nan
ALNS-B,Example0,0,1,98.0,0.0,nan
ALNS-B,Example0,0,1,99.0,0.0,nan
ALNS-B,Example0,0,1,100.0,0.0,nan
ALNS-B,Example0,0,1,101.0,0.0,nan
ALNS-B,Example0,0,1,102.0,0.0,nan
ALNS-B,Example0,0,1,103.0,0.0,nan
ALNS-B,Example0,0,1,104.0,0.0,nan
ALNS-B,Example0,0,1,105.0,0.0,nan
ALNS-B,Example0,0,1,106.0,0.0,nan
ALNS-B,Example0,0,1,107.0,0.0,nan
ALNS-B,Example0,0,1,108.0,0.0,nan
ALNS-B,Example0,0,1,109.0,0.0,nan
ALNS-B,Example0,0,1,110.0,0.0,nan
ALNS-B,Example0,0,1,111.0,0.0,nan
ALNS-B,Example0,0,1,112.0,0.0,nan
ALNS-B,Example0,0,1,113.0,0.0,nan
ALNS-B,Example0,0,1,114.0,0.0,nan
ALNS-B,Example0,0,1,115.0,0.0,nan
ALNS-B,Example0,0,1,116.0,0.0,nan
ALNS-B,Example0,0,1,117.0,0.0,nan
ALNS-B,Example0,0,1,118.0,0.0,nan
ALNS-B,Example0,0,1,119.0,0.0,nan
ALNS-B,Example0,0,1,120.0,0.0,nan
ALNS-B,Example0,0,1,121.0,0.0,nan
ALNS-B,Example0,0,1,122.0,0.0,nan
ALNS-B,Example0,0,1,123.0,0.0,nan
ALNS-B,Example0,0,1,124.0,0.0,nan
ALNS-B,Example0,0,1,125.0,0.0,nan
ALNS-B,Example0,0,1,126.0,0.0,nan
ALNS-B,Example0,0,1,127.0,0.0,nan
ALNS-B,Example0,0,1,128.0,0.0,nan
ALNS-B,Example0,0,1,129.0,0.0,nan
ALNS-B,Example0,0,1,130.0,0.0,nan
ALNS-B,Example0,0,1,131.0,0.0,nan
ALNS-B,Example0,0,1,132.0,0.0,nan
ALNS-B,Example0,0,1,133.0,0.0,nan
ALNS-B,Example0,0,1,134.0,0.0,nan
ALNS-B,Example0,0,1,135.0,0.0,nan
ALNS-B,Example0,0,1,136.0,0.0,nan
ALNS-B,Example0,0,1,137.0,0.0,nan
ALNS-B,Example0,0,1,138.0,0.0,nan
ALNS-B,Example0,0,1,139.0,0.0,nan
ALNS-B,Example0,0,1,140.0,0.0,nan
ALNS-B,Example0,0,1,141.0,0.0,nan
ALNS-B,Example0,0,1,142.0,0.0,nan
ALNS-B,Example0,0,1,143.0,0.0,nan
ALNS-B,Example0,0,1,144.0,0.0,nan
ALNS-B,Example0,0,1,145.0,0.0,nan
ALNS-B,Example0,0,1,146.0,0.0,nan
ALNS-B,Example0,0,1,147.0,0.0,nan
ALNS-B,Example0,0,1,148.0,0.0,nan
ALNS-B,Example0,0,1,149.0,0.0,nan
ALNS-B,Example0,0,1,150.0,0.0,nan
ALNS-B,Example0,0,1,151.0,0.0,nan
ALNS-B,Example0,0,1,152.0,0.0,nan
ALNS-B,Example0,0,1,153.0,0.0,nan
ALNS-B,Example0,0,1,154.0,0.0,nan
ALNS-B,Example0,0,1,155.0,0.0,nan
ALNS-B,Example0,0,1,156.0,0.0,nan
ALNS-B,Example0,0,1,157.0,0.0,nan
ALNS-B,Example0,0,1,158.0,0.0,nan
ALNS-B,Example0,0,1,159.0,0.0,nan
ALNS-B,Example0,0,1,160.0,0.0,nan
ALNS-B,Example0,0,1,161.0,0.0,nan
ALNS-B,Example0,0,1,162.0,0.0,nan
ALNS-B,Example0,0,1,163.0,0.0,nan
ALNS-B,Example0,0,1,164.0,0.0,nan
ALNS-B,Example0,0,1,165.0,0.0,nan
ALNS-B,Example0,0,1,166.0,0.0,nan
ALNS-B,Example0,0,1,167.0,0.0,nan
ALNS-B,Example0,0,1,168.0,0.0,nan
ALNS-B,Example0,0,1,169.0,0.0,nan
ALNS-B,Example0,0,1,170.0,0.0,nan
ALNS-B,Example0,0,1,171.0,0.0,nan
ALNS-B,Example0,0,1,172.0,0.0,nan
ALNS-B,Example0,0,1,173.0,0.0,nan
ALNS-B,Example0,0,1,174.0,0.0,nan
ALNS-B,Example0,0,1,175.0,0.0,nan
ALNS-B,Example0,0,1,176.0,0.0,nan
ALNS-B,Example0,0,1,177.0,0.0,nan
ALNS-B,Example0,0,1,178.0,0.0,nan
ALNS-B,Example0,0,1,179.0,0.0,nan
ALNS-B,Example0,0,1,180.0,0.0,nan
ALNS-B,Example0,0,1,181.0,0.0,nan
ALNS-B,Example0,0,1,182.0,0.0,nan
ALNS-B,Example0,0,1,183.0,0.0,nan
ALNS-B,Example0,0,1,184.0,0.0,nan
ALNS-B,Example0,0,1,185.0,0.0,nan
ALNS-B,Example0,0,1,186.0,0.0,nan
ALNS-B,Example0,0,1,187.0,0.0,nan
ALNS-B,Example0,0,1,188.0,0.0,nan
ALNS-B,Example0,0,1,189.0,0.0,nan
ALNS-B,Example0,0,1,190.0,0.0,nan
ALNS-B,Example0,0,1,191.0,0.0,nan
ALNS-B,Example0,0,1,192.0,0.0,nan
ALNS-B,Example0,0,1,193.0,0.0,nan
ALNS-B,Example0,0,1,194.0,0.0,nan
ALNS-B,Example0,0,1,195.0,0.0,nan
ALNS-B,Example0,0,1,196.0,0.0,nan
ALNS-B,Example0,0,1,197.0,0.0,nan
ALNS-B,Example0,0,1,198.0,0.0,nan
ALNS-B,Example0,0,1,199.0,0.0,nan
ALNS-B,Example0,0,1,200.0,0.0,nan
ALNS-B,Example0,0,1,201.0,0.0,nan
ALNS-B,Example0,0,1,202.0,0.0,nan
ALNS-B,Example0,0,1,203.0,0.0,nan
ALNS-B,Example0,0,1,204.0,0.0,nan
ALNS-B,Example0,0,1,205.0,0.0,nan
ALNS-B,Example0,0,1,206.0,0.0,nan
ALNS-B,Example0,0,1,207.0,0.0,nan
ALNS-B,Example0,0,1,208.0,0.0,nan
ALNS-B,Example0,0,1,209.0,0.0,nan
ALNS-B,Example0,0,1,210.0,0.0,nan
ALNS-B,Example0,0,1,211.0,0.0,nan
ALNS-B,Example0,0,1,212.0,0.0,nan
ALNS-B,Example0,0,1,213.0,0.0,nan
ALNS-B,Example0,0,1,214.0,0.0,nan
ALNS-B,Example0,0,1,215.0,0.0,nan
ALNS-B,Example0,0,1,216.0,0.0,nan
ALNS-B,Example0,0,1,217.0,0.0,nan
ALNS-B,Example0,0,1,218.0,0.0,nan
ALNS-B,Example0,0,1,219.0,0.0,nan
ALNS-B,Example0,0,1,220.0,0.0,nan
ALNS-B,Example0,0,1,221.0,0.0,nan
ALNS-B,Example0,0,1,222.0,0.0,nan
ALNS-B,Example0,0,1,223.0,0.0,nan
ALNS-B,Example0,0,1,224.0,0.0,nan
ALNS-B,Example0,0,1,225.0,0.0,nan
ALNS-B,Example0,0,1,226.0,0.0,nan
ALNS-B,Example0,0,1,227.0,0.0,nan
ALNS-B,Example0,0,1,228.0,0.0,nan
ALNS-B,Example0,0,1,229.0,0.0,nan
ALNS-B,Example0,0,1,230.0,0.0,nan
ALNS-B,Example0,0,1,231.0,0.0,nan
ALNS-B,Example0,0,1,232.0,0.0,nan
ALNS-B,Example0,0,1,233.0,0.0,nan
ALNS-B,Example0,0,1,234.0,0.0,nan
ALNS-B,Example0,0,1,235.0,0.0,nan
ALNS-B,Example0,0,1,236.0,0.0,nan
ALNS-B,Example0,0,1,237.0,0.0,nan
ALNS-B,Example0,0,1,238.0,0.0,nan
ALNS-B,Example0,0,1,239.0,0.0,nan
ALNS-B,Example0,0,1,240.0,0.0,nan
ALNS-B,Example0,0,1,241.0,0.0,nan
ALNS-B,Example0,0,1,242.0,0.0,nan
ALNS-B,Example0,0,1,243.0,0.0,nan
ALNS-B,Example0,0,1,244.0,0.0,nan
ALNS-B,Example0,0,1,245.0,0.0,nan
ALNS-B,Example0,0,1,246.0,0.0,nan
ALNS-B,Example0,0,1,247.0,0.0,nan
ALNS-B,Example0,0,1,248.0,0.0,nan
ALNS-B,Example0,0,1,249.0,0.0,nan
ALNS-B,Example0,0,1,250.0,0.0,nan
ALNS-B,Example0,0,1,251.0,0.0,nan
ALNS-B,Example0,0,1,252.0,0.0,nan
ALNS-B,Example0,0,1,253.0,0.0,nan
ALNS-B,Example0,0,1,254.0,0.0,nan
ALNS-B,Example0,0,1,255.0,0.0,nan
ALNS-B,Example0,0,1,256.0,0.0,nan
ALNS-B,Example0,0,1,257.0,0.0,nan
ALNS-B,Example0,0,1,258.0,0.0,nan
ALNS-B,Example0,0,1,259.0,0.0,nan
ALNS-B,Example0,0,1,260.0,0.0,nan
ALNS-B,Example0,0,1,261.0,0.0,nan
ALNS-B,Example0,0,1,262.0,0.0,nan
ALNS-B,Example0,0,1,263.0,0.0,nan
ALNS-B,Example0,0,1,264.0,0.0,nan
ALNS-B,Example0,0,1,265.0,0.0,nan
ALNS-B,Example0,0,1,266.0,0.0,nan
ALNS-B,Example0,0,1,267.0,0.0,nan
ALNS-B,Example0,0,1,268.0,0.0,nan
ALNS-B,Example0,0,1,269.0,0.0,nan
ALNS-B,Example0,0,1,270.0,0.0,nan
ALNS-B,Example0,0,1,271.0,0.0,nan
ALNS-B,Example0,0,1,272.0,0.0,nan
ALNS-B,Example0,0,1,273.0,0.0,nan
ALNS-B,Example0,0,2,0.0,10.0,nan
ALNS-B,Example0,0,2,1.0,10.0,nan
ALNS-B,Example0,0,2,2.0,10.0,nan
ALNS-B,Example0,0,2,3.0,10.0,nan
ALNS-B,Example0,0,2,4.0,9.0,nan
ALNS-B,Example0,0,2,5.0,8.0,nan
ALNS-B,Example0,0,2,6.0,8.0,nan
ALNS-B,Example0,0,2,7.0,8.0,nan
ALNS-B,Example0,0,2,8.0,8.0,nan
ALNS-B,Example0,0,2,9.0,8.0,nan
ALNS-B,Example0,0,2,10.0,8.0,nan
ALNS-B,Example0,0,2,11.0,7.0,nan
ALNS-B,Example0,0,2,12.0,7.0,nan
ALNS-B,Example0,0,2,13.0,2.0,nan
ALNS-B,Example0,0,2,14.0,2.0,nan
ALNS-B,Example0,0,2,15.0,2.0,nan
ALNS-B,Example0,0,2,16.0,2.0,nan
ALNS-B,Example0,0,2,17.0,2.0,nan
ALNS-B,Example0,0,2,18.0,2.0,nan
ALNS-B,Example0,0,2,19.0,2.0,nan
ALNS-B,Example0,0,2,20.0,2.0,nan
ALNS-B,Example0,0,2,21.0,2.0,nan
ALNS-B,Example0,0,2,22.0,2.0,nan
ALNS-B,Example0,0,2,23.0,2.0,nan
ALNS-B,Example0,0,2,24.0,2.0,nan
ALNS-B,Example0,0,2,25.0,2.0,nan
ALNS-B,Example0,0,2,26.0,2.0,nan
ALNS-B,Example0,0,2,27.0,2.0,nan
ALNS-B,Example0,0,2,28.0,2.0,nan
ALNS-B,Example0,0,2,29.0,2.0,nan
ALNS-B,Example0,0,2,30.0,2.0,nan
ALNS-B,Example0,0,2,31.0,2.0,nan
ALNS-B,Example0,0,2,32.0,2.0,nan
ALNS-B,Example0,0,2,33.0,2.0,nan
ALNS-B,Example0,0,2,34.0,2.0,nan
ALNS-B,Example0,0,2,35.0,2.0,nan
ALNS-B,Example0,0,2,36.0,2.0,nan
ALNS-B,Example0,0,2,37.0,2.0,nan
ALNS-B,Example0,0,2,38.0,2.0,nan
ALNS-B,Example0,0,2,39.0,2.0,nan
ALNS-B,Example0,0,2,40.0,2.0,nan
ALNS-B,Example0,0,2,41.0,2.0,nan
ALNS-B,Example0,0,2,42.0,2.0,nan
ALNS-B,Example0,0,2,43.0,2.0,nan
ALNS-B,Example0,0,2,44.0,2.0,nan
ALNS-B,Example0,0,2,45.0,2.0,nan
ALNS-B,Example0,0,2,46.0,2.0,nan
ALNS-B,Example0,0,2,47.0,2.0,nan
ALNS-B,Example0,0,2,48.0,2.0,nan
ALNS-B,Example0,0,2,49.0,2.0,nan
ALNS-B,Example0,0,2,50.0,2.0,nan
ALNS-B,Example0,0,2,51.0,2.0,nan
ALNS-B,Example0,0,2,52.0,2.0,nan
ALNS-B,Example0,0,2,53.0,2.0,nan
ALNS-B,Example0,0,2,54.0,2.0,nan
ALNS-B,Example0,0,2,55.0,2.0,nan
ALNS-B,Example0,0,2,56.0,2.0,nan
ALNS-B,Example0,0,2,57.0,2.0,nan
ALNS-B,Example0,0,2,58.0,2.0,nan
ALNS-B,Example0,0,2,59.0,2.0,nan
ALNS-B,Example0,0,2,60.0,2.0,nan
ALNS-B,Example0,0,2,61.0,2.0,nan
ALNS-B,Example0,0,2,62.0,2.0,nan
ALNS-B,Example0,0,2,63.0,2.0,nan
ALNS-B,Example0,0,2,64.0,2.0,nan
ALNS-B,Example0,0,2,65.0,2.0,nan
ALNS-B,Example0,0,2,66.0,2.0,nan
ALNS-B,Example0,0,2,67.0,2.0,nan
ALNS-B,Example0,0,2,68.0,2.0,nan
ALNS-B,Example0,0,2,69.0,2.0,nan
ALNS-B,Example0,0,2,70.0,2.0,nan
ALNS-B,Example0,0,2,71.0,2.0,nan
ALNS-B,Example0,0,2,72.0,2.0,nan
ALNS-B,Example0,0,2,73.0,2.0,nan
ALNS-B,Example0,0,2,74.0,2.0,nan
ALNS-B,Example0,0,2,75.0,2.0,nan
ALNS-B,Example0,0,2,76.0,2.0,nan
ALNS-B,Example0,0,2,77.0,2.0,nan
ALNS-B,Example0,0,2,78.0,2.0,nan
ALNS-B,Example0,0,2,79.0,2.0,nan
ALNS-B,Example0,0,2,80.0,2.0,nan
ALNS-B,Example0,0,2,81.0,2.0,nan
ALNS-B,Example0,0,2,82.0,2.0,nan
ALNS-B,Example0,0,2,83.0,2.0,nan
ALNS-B,Example0,0,2,84.0,2.0,nan
ALNS-B,Example0,0,2,85.0,2.0,nan
ALNS-B,Example0,0,2,86.0,2.0,nan
ALNS-B,Example0,0,2,87.0,2.0,nan
ALNS-B,Example0,0,2,88.0,2.0,nan
ALNS-B,Example0,0,2,89.0,1.0,nan
ALNS-B,Example0,0,2,90.0,1.0,nan
ALNS-B,Example0,0,2,91.0,1.0,nan
ALNS-B,Example0,0,2,92.0,1.0,nan
ALNS-B,Example0,0,2,93.0,0.0,nan
ALNS-B,Example0,0,2,94.0,0.0,nan
ALNS-B,Example0,0,2,95.0,0.0,nan
ALNS-B,Example0,0,2,96.0,0.0,nan
ALNS-B,Example0,0,2,97.0,0.0,nan
ALNS-B,Example0,0,2,98.0,0.0,nan
ALNS-B,Example0,0,2,99.0,0.0,nan
ALNS-B,Example0,0,2,100.0,0.0,nan
ALNS-B,Example0,0,2,101.0,0.0,nan
ALNS-B,Example0,0,2,102.0,0.0,nan
ALNS-B,Example0,0,2,103.0,0.0,nan
ALNS-B,Example0,0,2,104.0,0.0,nan
ALNS-B,Example0,0,2,105.0,0.0,nan
ALNS-B,Example0,0,2,106.0,0.0,nan
ALNS-B,Example0,0,2,107.0,0.0,nan
ALNS-B,Example0,0,2,108.0,0.0,nan
ALNS-B,Example0,0,2,109.0,0.0,nan
ALNS-B,Example0,0,2,110.0,0.0,nan
ALNS-B,Example0,0,2,111.0,0.0,nan
ALNS-B,Example0,0,2,112.0,0.0,nan
ALNS-B,Example0,0,2,113.0,0.0,nan
ALNS-B,Example0,0,2,114.0,0.0,nan
ALNS-B,Example0,0,2,115.0,0.0,nan
ALNS-B,Example0,0,2,116.0,0.0,nan
ALNS-B,Example0,0,2,117.0,0.0,nan
ALNS-B,Example0,0,2,118.0,0.0,nan
ALNS-B,Example0,0,2,119.0,0.0,nan
ALNS-B,Example0,0,2,120.0,0.0,nan
ALNS-B,Example0,0,2,121.0,0.0,nan
ALNS-B,Example0,0,2,122.0,0.0,nan
ALNS-B,Example0,0,2,123.0,0.0,nan
ALNS-B,Example0,0,2,124.0,0.0,nan
ALNS-B,Example0,0,2,125.0,0.0,nan
ALNS-B,Example0,0,2,126.0,0.0,nan
ALNS-B,Example0,0,2,127.0,0.0,nan
ALNS-B,Example0,0,2,128.0,0.0,nan
ALNS-B,Example0,0,2,129.0,0.0,nan
ALNS-B,Example0,0,2,130.0,0.0,nan
ALNS-B,Example0,0,2,131.0,0.0,nan
ALNS-B,Example0,0,2,132.0,0.0,nan
ALNS-B,Example0,0,2,133.0,0.0,nan
ALNS-B,Example0,0,2,134.0,0.0,nan
ALNS-B,Example0,0,2,135.0,0.0,nan
ALNS-B,Example0,0,2,136.0,0.0,nan
ALNS-B,Example0,0,2,137.0,0.0,nan
ALNS-B,Example0,0,2,138.0,0.0,nan
ALNS-B,Example0,0,2,139.0,0.0,nan
ALNS-B,Example0,0,2,140.0,0.0,nan
ALNS-B,Example0,0,2,141.0,0.0,nan
ALNS-B,Example0,0,2,142.0,0.0,nan
ALNS-B,Example0,0,2,143.0,0.0,nan
ALNS-B,Example0,0,2,144.0,0.0,nan
ALNS-B,Example0,0,2,145.0,0.0,nan
ALNS-B,Example0,0,2,146.0,0.0,nan
ALNS-B,Example0,0,2,147.0,0.0,nan
ALNS-B,Example0,0,2,148.0,0.0,nan
ALNS-B,Example0,0,2,149.0,0.0,nan
ALNS-B,Example0,0,2,150.0,0.0,nan
ALNS-B,Example0,0,2,151.0,0.0,nan
ALNS-B,Example0,0,2,152.0,0.0,nan
ALNS-B,Example0,0,2,153.0,0.0,nan
ALNS-B,Example0,0,2,154.0,0.0,nan
ALNS-B,Example0,0,2,155.0,0.0,nan
ALNS-B,Example0,0,2,156.0,0.0,nan
ALNS-B,Example0,0,2,157.0,0.0,nan
ALNS-B,Example0,0,2,158.0,0.0,nan
ALNS-B,Example0,0,2,159.0,0.0,nan
ALNS-B,Example0,0,2,160.0,0.0,nan
ALNS-B,Example0,0,2,161.0,0.0,nan
ALNS-B,Example0,0,2,162.0,0.0,nan
ALNS-B,Example0,0,2,163.0,0.0,nan
ALNS-B,Example0,0,2,164.0,0.0,nan
ALNS-B,Example0,0,2,165.0,0.0,nan
ALNS-B,Example0,0,2,166.0,0.0,nan
ALNS-B,Example0,0,2,167.0,0.0,nan
ALNS-B,Example0,0,2,168.0,0.0,nan
ALNS-B,Example0,0,2,169.0,0.0,nan
ALNS-B,Example0,0,2,170.0,0.0,nan
ALNS-B,Example0,0,2,171.0,0.0,nan
ALNS-B,Example0,0,2,172.0,0.0,nan
ALNS-B,Example0,0,2,173.0,0.0,nan
ALNS-B,Example0,0,2,174.0,0.0,nan
ALNS-B,Example0,0,2,175.0,0.0,nan
ALNS-B,Example0,0,2,176.0,0.0,nan
ALNS-B,Example0,0,2,177.0,0.0,nan
ALNS-B,Example0,0,2,178.0,0.0,nan
ALNS-B,Example0,0,2,179.0,0.0,nan
ALNS-B,Example0,0,2,180.0,0.0,nan
ALNS-B,Example0,0,2,181.0,0.0,nan
ALNS-B,Example0,0,2,182.0,0.0,nan
ALNS-B,Example0,0,2,183.0,0.0,nan
ALNS-B,Example0,0,2,184.0,0.0,nan
ALNS-B,Example0,0,2,185.0,0.0,nan
ALNS-B,Example0,0,2,186.0,0.0,nan
ALNS-B,Example0,0,2,187.0,0.0,nan
ALNS-B,Example0,0,2,188.0,0.0,nan
ALNS-B,Example0,0,2,189.0,0.0,nan
ALNS-B,Example0,0,2,190.0,0.0,nan
ALNS-B,Example0,0,2,191.0,0.0,nan
ALNS-B,Example0,0,2,192.0,0.0,nan
ALNS-B,Example0,0,2,193.0,0.0,nan
ALNS-B,Example0,0,2,194.0,0.0,nan
ALNS-B,Example0,0,2,195.0,0.0,nan
ALNS-B,Example0,0,2,196.0,0.0,nan
ALNS-B,Example0,0,2,197.0,0.0,nan
ALNS-B,Example0,0,2,198.0,0.0,nan
ALNS-B,Example0,0,2,199.0,0.0,nan
ALNS-B,Example0,0,2,200.0,0.0,nan
ALNS-B,Example0,0,2,201.0,0.0,nan
ALNS-B,Example0,0,2,202.0,0.0,nan
ALNS-B,Example0,0,2,203.0,0.0,nan
ALNS-B,Example0,0,2,204.0,0.0,nan
ALNS-B,Example0,0,2,205.0,0.0,nan
ALNS-B,Example0,0,2,206.0,0.0,nan
ALNS-B,Example0,0,2,207.0,0.0,nan
ALNS-B,Example0,0,2,208.0,0.0,nan
ALNS-B,Example0,0,2,209.0,0.0,nan
ALNS-B,Example0,0,2,210.0,0.0,nan
ALNS-B,Example0,0,2,211.0,0.0,nan
ALNS-B,Example0,0,2,212.0,0.0,nan
ALNS-B,Example0,0,2,213.0,0.0,nan
ALNS-B,Example0,0,2,214.0,0.0,nan
ALNS-B,Example0,0,2,215.0,0.0,nan
ALNS-B,Example0,0,2,216.0,0.0,nan
ALNS-B,Example0,0,2,217.0,0.0,nan
ALNS-B,Example0,0,2,218.0,0.0,nan
ALNS-B,Example0,0,2,219.0,0.0,nan
ALNS-B,Example0,0,2,220.0,0.0,nan
ALNS-B,Example0,0,2,221.0,0.0,nan
ALNS-B,Example0,0,2,222.0,0.0,nan
ALNS-B,Example0,0,2,223.0,0.0,nan
ALNS-B,Example0,0,2,224.0,0.0,nan
ALNS-B,Example0,0,2,225.0,0.0,nan
ALNS-B,Example0,0,2,226.0,0.0,nan
ALNS-B,Example0,0,2,227.0,0.0,nan
ALNS-B,Example0,0,2,228.0,0.0,nan
ALNS-B,Example0,0,2,229.0,0.0,nan
ALNS-B,Example0,0,2,230.0,0.0,nan
ALNS-B,Example0,0,2,231.0,0.0,nan
ALNS-B,Example0,0,2,232.0,0.0,nan
ALNS-B,Example0,0,2,233.0,0.0,nan
ALNS-B,Example0,0,2,234.0,0.0,nan
ALNS-B,Example0,0,2,235.0,0.0,nan
ALNS-B,Example0,0,2,236.0,0.0,nan
ALNS-B,Example0,0,2,237.0,0.0,nan
ALNS-B,Example0,0,2,238.0,0.0,nan
ALNS-B,Example0,0,2,239.0,0.0,nan
ALNS-B,Example0,0,2,240.0,0.0,nan
ALNS-B,Example0,0,2,241.0,0.0,nan
ALNS-B,Example0,0,2,242.0,0.0,nan
ALNS-B,Example0,0,2,243.0,0.0,nan
ALNS-B,Example0,0,2,244.0,0.0,nan
ALNS-B,Example0,0,2,245.0,0.0,nan
ALNS-B,Example0,0,2,246.0,0.0,nan
ALNS-B,Example0,0,2,247.0,0.0,nan
ALNS-B,Example0,0,2,248.0,0.0,nan
ALNS-B,Example0,0,2,249.0,0.0,nan
ALNS-B,Example0,0,2,250.0,0.0,nan
ALNS-B,Example0,0,2,251.0,0.0,nan
ALNS-B,Example0,0,2,252.0,0.0,nan
ALNS-B,Example0,0,2,253.0,0.0,nan
ALNS-B,Example0,0,2,254.0,0.0,nan
ALNS-B,Example0,0,2,255.0,0.0,nan
ALNS-B,Example0,0,2,256.0,0.0,nan
ALNS-B,Example0,0,2,257.0,0.0,nan
ALNS-B,Example0,0,2,258.0,0.0,nan
ALNS-B,Example0,0,2,259.0,0.0,nan
ALNS-B,Example0,0,2,260.0,0.0,nan
ALNS-B,Example0,0,2,261.0,0.0,nan
ALNS-B,Example0,0,2,262.0,0.0,nan
ALNS-B,Example0,0,2,263.0,0.0,nan
ALNS-B,Example0,0,2,264.0,0.0,nan
ALNS-B,Example0,0,2,265.0,0.0,nan
ALNS-B,Example0,0,2,266.0,0.0,nan
ALNS-B,Example0,0,2,267.0,0.0,nan
ALNS-B,Example0,0,2,268.0,0.0,nan
ALNS-B,Example0,0,2,269.0,0.0,nan
ALNS-B,Example0,0,2,270.0,0.0,nan
ALNS-B,Example0,0,2,271.0,0.0,nan
ALNS-B,Example0,0,2,272.0,0.0,nan
ALNS-B,Example0,0,2,273.0,0.0,nan
ALNS-B,Example1,1,0,0.0,20.0,nan
ALNS-B,Example1,1,0,1.0,20.0,nan
ALNS-B,Example1,1,0,2.0,20.0,nan
ALNS-B,Example1,1,0,3.0,20.0,nan
ALNS-B,Example1,1,0,4.0,20.0,nan
ALNS-B,Example1,1,0,5.0,20.0,nan
ALNS-B,Example1,1,0,6.0,20.0,nan
ALNS-B,Example1,1,0,7.0,20.0,nan
ALNS-B,Example1,1,0,8.0,20.0,nan
ALNS-B,Example1,1,0,9.0,20.0,nan
ALNS-B,Example1,1,0,10.0,20.0,nan
ALNS-B,Example1,1,0,11.0,20.0,nan
ALNS-B,Example1,1,0,12.0,20.0,nan
ALNS-B,Example1,1,0,13.0,20.0,nan
ALNS-B,Example1,1,0,14.0,20.0,nan
ALNS-B,Example1,1,0,15.0,20.0,nan
ALNS-B,Example1,1,0,16.0,20.0,nan
ALNS-B,Example1,1,0,17.0,20.0,nan
ALNS-B,Example1,1,0,18.0,15.0,nan
ALNS-B,Example1,1,0,19.0,15.0,nan
ALNS-B,Example1,1,0,20.0,15.0,nan
ALNS-B,Example1,1,0,21.0,15.0,nan
ALNS-B,Example1,1,0,22.0,15.0,nan
ALNS-B,Example1,1,0,23.0,12.0,nan
ALNS-B,Example1,1,0,24.0,12.0,nan
ALNS-B,Example1,1,0,25.0,12.0,nan
ALNS-B,Example1,1,0,26.0,12.0,nan
ALNS-B,Example1,1,0,27.0,12.0,nan
ALNS-B,Example1,1,0,28.0,12.0,nan
ALNS-B,Example1,1,0,29.0,12.0,nan
ALNS-B,Example1,1,0,30.0,12.0,nan
ALNS-B,Example1,1,0,31.0,12.0,nan
ALNS-B,Example1,1,0,32.0,12.0,nan
ALNS-B,Example1,1,0,33.0,12.0,nan
ALNS-B,Example1,1,0,34.0,12.0,nan
ALNS-B,Example1,1,0,35.0,12.0,nan
ALNS-B,Example1,1,0,36.0,10.0,nan
ALNS-B,Example1,1,0,37.0,10.0,nan
ALNS-B,Example1,1,0,38.0,10.0,nan
ALNS-B,Example1,1,0,39.0,10.0,nan
ALNS-B,Example1,1,0,40.0,10.0,nan
ALNS-B,Example1,1,0,41.0,10.0,nan
ALNS-B,Example1,1,0,42.0,10.0,nan
ALNS-B,Example1,1,0,43.0,10.0,nan
ALNS-B,Example1,1,0,44.0,10.0,nan
ALNS-B,Example1,1,0,45.0,10.0,nan
ALNS-B,Example1,1,0,46.0,10.0,nan
ALNS-B,Example1,1,0,47.0,10.0,nan
ALNS-B,Example1,1,0,48.0,10.0,nan
ALNS-B,Example1,1,0,49.0,10.0,nan
ALNS-B,Example1,1,0,50.0,10.0,nan
ALNS-B,Example1,1,0,51.0,10.0,nan
ALNS-B,Example1,1,0,52.0,10.0,nan
ALNS-B,Example1,1,0,53.0,10.0,nan
ALNS-B,Example1,1,0,54.0,8.0,nan
ALNS-B,Example1,1,0,55.0,8.0,nan
ALNS-B,Example1,1,0,56.0,8.0,nan
ALNS-B,Example1,1,0,57.0,8.0,nan
ALNS-B,Example1,1,0,58.0,8.0,nan
ALNS-B,Example1,1,0,59.0,8.0,nan
ALNS-B,Example1,1,0,60.0,7.0,nan
ALNS-B,Example1,1,0,61.0,7.0,nan
ALNS-B,Example1,1,0,62.0,7.0,nan
ALNS-B,Example1,1,0,63.0,7.0,nan
ALNS-B,Example1,1,0,64.0,7.0,nan
ALNS-B,Example1,1,0,65.0,7.0,nan
ALNS-B,Example1,1,0,66.0,7.0,nan
ALNS-B,Example1,1,0,67.0,7.0,nan
ALNS-B,Example1,1,0,68.0,7.0,nan
ALNS-B,Example1,1,0,69.0,7.0,nan
ALNS-B,Example1,1,0,70.0,7.0,nan
ALNS-B,Example1,1,0,71.0,7.0,nan
ALNS-B,Example1,1,0,72.0,7.0,nan
ALNS-B,Example1,1,0,73.0,7.0,nan
ALNS-B,Example1,1,0,74.0,7.0,nan
ALNS-B,Example1,1,0,75.0,7.0,nan
ALNS-B,Example1,1,0,76.0,7.0,nan
ALNS-B,Example1,1,0,77.0,7.0,nan
ALNS-B,Example1,1,0,78.0,7.0,nan
ALNS-B,Example1,1,0,79.0,7.0,nan
ALNS-B,Example1,1,0,80.0,7.0,nan
ALNS-B,Example1,1,0,81.0,7.0,nan
ALNS-B,Example1,1,0,82.0,7.0,nan
ALNS-B,Example1,1,0,83.0,7.0,nan
ALNS-B,Example1,1,0,84.0,7.0,nan
ALNS-B,Example1,1,0,85.0,7.0,nan
ALNS-B,Example1,1,0,86.0,7.0,nan
ALNS-B,Example1,1,0,87.0,7.0,nan
ALNS-B,Example1,1,0,88.0,7.0,nan
ALNS-B,Example1,1,0,89.0,7.0,nan
ALNS-B,Example1,1,0,90.0,7.0,nan
ALNS-B,Example1,1,0,91.0,7.0,nan
ALNS-B,Example1,1,0,92.0,7.0,nan
ALNS-B,Example1,1,0,93.0,7.0,nan
ALNS-B,Example1,1,0,94.0,7.0,nan
ALNS-B,Example1,1,0,95.0,7.0,nan
ALNS-B,Example1,1,0,96.0,7.0,nan
ALNS-B,Example1,1,0,97.0,7.0,nan
ALNS-B,Example1,1,0,98.0,7.0,nan
ALNS-B,Example1,1,0,99.0,7.0,nan
ALNS-B,Example1,1,0,100.0,7.0,nan
ALNS-B,Example1,1,0,101.0,7.0,nan
ALNS-B,Example1,1,0,102.0,7.0,nan
ALNS-B,Example1,1,0,103.0,7.0,nan
ALNS-B,Example1,1,0,104.0,7.0,nan
ALNS-B,Example1,1,0,105.0,7.0,nan
ALNS-B,Example1,1,0,106.0,7.0,nan
ALNS-B,Example1,1,0,107.0,7.0,nan
ALNS-B,Example1,1,0,108.0,7.0,nan
ALNS-B,Example1,1,0,109.0,7.0,nan
ALNS-B,Example1,1,0,110.0,7.0,nan
ALNS-B,Example1,1,0,111.0,7.0,nan
ALNS-B,Example1,1,0,112.0,7.0,nan
ALNS-B,Example1,1,0,113.0,7.0,nan
ALNS-B,Example1,1,0,114.0,7.0,nan
ALNS-B,Example1,1,0,115.0,7.0,nan
ALNS-B,Example1,1,0,116.0,7.0,nan
ALNS-B,Example1,1,0,117.0,7.0,nan
ALNS-B,Example1,1,0,118.0,7.0,nan
ALNS-B,Example1,1,0,119.0,7.0,nan
ALNS-B,Example1,1,0,120.0,7.0,nan
ALNS-B,Example1,1,0,121.0,7.0,nan
ALNS-B,Example1,1,0,122.0,7.0,nan
ALNS-B,Example1,1,0,123.0,7.0,nan
ALNS-B,Example1,1,0,124.0,7.0,nan
ALNS-B,Example1,1,0,125.0,7.0,nan
ALNS-B,Example1,1,0,126.0,7.0,nan
ALNS-B,Example1,1,0,127.0,7.0,nan
ALNS-B,Example1,1,0,128.0,7.0,nan
ALNS-B,Example1,1,0,129.0,7.0,nan
ALNS-B,Example1,1,0,130.0,7.0,nan
ALNS-B,Example1,1,0,131.0,7.0,nan
ALNS-B,Example1,1,0,132.0,7.0,nan
ALNS-B,Example1,1,0,133.0,7.0,nan
ALNS-B,Example1,1,0,134.0,7.0,nan
ALNS-B,Example1,1,0,135.0,7.0,nan
ALNS-B,Example1,1,0,136.0,7.0,nan
ALNS-B,Example1,1,0,137.0,7.0,nan
ALNS-B,Example1,1,0,138.0,7.0,nan
ALNS-B,Example1,1,0,139.0,7.0,nan
ALNS-B,Example1,1,0,140.0,5.0,nan
ALNS-B,Example1,1,0,141.0,5.0,nan
ALNS-B,Example1,1,0,142.0,5.0,nan
ALNS-B,Example1,1,0,143.0,5.0,nan
ALNS-B,Example1,1,0,144.0,5.0,nan
ALNS-B,Example1,1,0,145.0,5.0,nan
ALNS-B,Example1,1,0,146.0,5.0,nan
ALNS-B,Example1,1,0,147.0,4.0,nan
ALNS-B,Example1,1,0,148.0,4.0,nan
ALNS-B,Example1,1,0,149.0,4.0,nan
ALNS-B,Example1,1,0,150.0,4.0,nan
ALNS-B,Example1,1,0,151.0,2.0,nan
ALNS-B,Example1,1,0,152.0,2.0,nan
ALNS-B,Example1,1,0,153.0,1.0,nan
ALNS-B,Example1,1,0,154.0,0.0,nan
ALNS-B,Example1,1,0,155.0,0.0,nan
ALNS-B,Example1,1,0,156.0,0.0,nan
ALNS-B,Example1,1,0,157.0,0.0,nan
ALNS-B,Example1,1,0,158.0,0.0,nan
ALNS-B,Example1,1,0,159.0,0.0,nan
ALNS-B,Example1,1,0,160.0,0.0,nan
ALNS-B,Example1,1,0,161.0,0.0,nan
ALNS-B,Example1,1,0,162.0,0.0,nan
ALNS-B,Example1,1,0,163.0,0.0,nan
ALNS-B,Example1,1,0,164.0,0.0,nan
ALNS-B,Example1,1,0,165.0,0.0,nan
ALNS-B,Example1,1,0,166.0,0.0,nan
ALNS-B,Example1,1,0,167.0,0.0,nan
ALNS-B,Example1,1,0,168.0,0.0,nan
ALNS-B,Example1,1,0,169.0,0.0,nan
ALNS-B,Example1,1,0,170.0,0.0,nan
ALNS-B,Example1,1,0,171.0,0.0,nan
ALNS-B,Example1,1,0,172.0,0.0,nan
ALNS-B,Example1,1,0,173.0,0.0,nan
ALNS-B,Example1,1,0,174.0,0.0,nan
ALNS-B,Example1,1,0,175.0,0.0,nan
ALNS-B,Example1,1,0,176.0,0.0,nan
ALNS-B,Example1,1,0,177.0,0.0,nan
ALNS-B,Example1,1,0,178.0,0.0,nan
ALNS-B,Example1,1,0,179.0,0.0,nan
ALNS-B,Example1,1,0,180.0,0.0,nan
ALNS-B,Example1,1,0,181.0,0.0,nan
ALNS-B,Example1,1,0,182.0,0.0,nan
ALNS-B,Example1,1,0,183.0,0.0,nan
ALNS-B,Example1,1,0,184.0,0.0,nan
ALNS-B,Example1,1,0,185.0,0.0,nan
ALNS-B,Example1,1,0,186.0,0.0,nan
ALNS-B,Example1,1,0,187.0,0.0,nan
ALNS-B,Example1,1,0,188.0,0.0,nan
ALNS-B,Example1,1,0,189.0,0.0,nan
ALNS-B,Example1,1,0,190.0,0.0,nan
ALNS-B,Example1,1,0,191.0,0.0,nan
ALNS-B,Example1,1,0,192.0,0.0,nan
ALNS-B,Example1,1,0,193.0,0.0,nan
ALNS-B,Example1,1,0,194.0,0.0,nan
ALNS-B,Example1,1,0,195.0,0.0,nan
ALNS-B,Example1,1,0,196.0,0.0,nan
ALNS-B,Example1,1,0,197.0,0.0,nan
ALNS-B,Example1,1,0,198.0,0.0,nan
ALNS-B,Example1,1,0,199.0,0.0,nan
ALNS-B,Example1,1,0,200.0,0.0,nan
ALNS-B,Example1,1,0,201.0,0.0,nan
ALNS-B,Example1,1,0,202.0,0.0,nan
ALNS-B,Example1,1,0,203.0,0.0,nan
ALNS-B,Example1,1,0,204.0,0.0,nan
ALNS-B,Example1,1,0,205.0,0.0,nan
ALNS-B,Example1,1,0,206.0,0.0,nan
ALNS-B,Example1,1,0,207.0,0.0,nan
ALNS-B,Example1,1,0,208.0,0.0,nan
ALNS-B,Example1,1,0,209.0,0.0,nan
ALNS-B,Example1,1,0,210.0,0.0,nan
ALNS-B,Example1,1,0,211.0,0.0,nan
ALNS-B,Example1,1,0,212.0,0.0,nan
ALNS-B,Example1,1,0,213.0,0.0,nan
ALNS-B,Example1,1,0,214.0,0.0,nan
ALNS-B,Example1,1,0,215.0,0.0,nan
ALNS-B,Example1,1,0,216.0,0.0,nan
ALNS-B,Example1,1,0,217.0,0.0,nan
ALNS-B,Example1,1,0,218.0,0.0,nan
ALNS-B,Example1,1,0,219.0,0.0,nan
ALNS-B,Example1,1,0,220.0,0.0,nan
ALNS-B,Example1,1,0,221.0,0.0,nan
ALNS-B,Example1,1,0,222.0,0.0,nan
ALNS-B,Example1,1,0,223.0,0.0,nan
ALNS-B,Example1,1,0,224.0,0.0,nan
ALNS-B,Example1,1,0,225.0,0.0,nan
ALNS-B,Example1,1,0,226.0,0.0,nan
ALNS-B,Example1,1,0,227.0,0.0,nan
ALNS-B,Example1,1,0,228.0,0.0,nan
ALNS-B,Example1,1,0,229.0,0.0,nan
ALNS-B,Example1,1,0,230.0,0.0,nan
ALNS-B,Example1,1,0,231.0,0.0,nan
ALNS-B,Example1,1,0,232.0,0.0,nan
ALNS-B,Example1,1,0,233.0,0.0,nan
ALNS-B,Example1,1,0,234.0,0.0,nan
ALNS-B,Example1,1,0,235.0,0.0,nan
ALNS-B,Example1,1,0,236.0,0.0,nan
ALNS-B,Example1,1,0,237.0,0.0,nan
ALNS-B,Example1,1,0,238.0,0.0,nan
ALNS-B,Example1,1,0,239.0,0.0,nan
ALNS-B,Example1,1,0,240.0,0.0,nan
ALNS-B,Example1,1,0,241.0,0.0,nan
ALNS-B,Example1,1,0,242.0,0.0,nan
ALNS-B,Example1,1,0,243.0,0.0,nan
ALNS-B,Example1,1,0,244.0,0.0,nan
ALNS-B,Example1,1,0,245.0,0.0,nan
ALNS-B,Example1,1,0,246.0,0.0,nan
ALNS-B,Example1,1,0,247.0,0.0,nan
ALNS-B,Example1,1,0,248.0,0.0,nan
ALNS-B,Example1,1,0,249.0,0.0,nan
ALNS-B,Example1,1,0,250.0,0.0,nan
ALNS-B,Example1,1,0,251.0,0.0,nan
ALNS-B,Example1,1,0,252.0,0.0,nan
ALNS-B,Example1,1,0,253.0,0.0,nan
ALNS-B,Example1,1,0,254.0,0.0,nan
ALNS-B,Example1,1,0,255.0,0.0,nan
ALNS-B,Example1,1,0,256.0,0.0,nan
ALNS-B,Example1,1,0,257.0,0.0,nan
ALNS-B,Example1,1,0,258.0,0.0,nan
ALNS-B,Example1,1,0,259.0,0.0,nan
ALNS-B,Example1,1,0,260.0,0.0,nan
ALNS-B,Example1,1,0,261.0,0.0,nan
ALNS-B,Example1,1,0,262.0,0.0,nan
ALNS-B,Example1,1,0,263.0,0.0,nan
ALNS-B,Example1,1,0,264.0,0.0,nan
ALNS-B,Example1,1,0,265.0,0.0,nan
ALNS-B,Example1,1,0,266.0,0.0,nan
ALNS-B,Example1,1,0,267.0,0.0,nan
ALNS-B,Example1,1,0,268.0,0.0,nan
ALNS-B,Example1,1,0,269.0,0.0,nan
ALNS-B,Example1,1,0,270.0,0.0,nan
ALNS-B,Example1,1,0,271.0,0.0,nan
ALNS-B,Example1,1,0,272.0,0.0,nan
ALNS-B,Example1,1,0,273.0,0.0,nan
ALNS-B,Example1,1,1,0.0,19.0,nan
ALNS-B,Example1,1,1,1.0,19.0,nan
ALNS-B,Example1,1,1,2.0,15.0,nan
ALNS-B,Example1,1,1,3.0,15.0,nan
ALNS-B,Example1,1,1,4.0,15.0,nan
ALNS-B,Example1,1,1,5.0,15.0,nan
ALNS-B,Example1,1,1,6.0,15.0,nan
ALNS-B,Example1,1,1,7.0,15.0,nan
ALNS-B,Example1,1,1,8.0,15.0,nan
ALNS-B,Example1,1,1,9.0,14.0,nan
ALNS-B,Example1,1,1,10.0,12.0,nan
ALNS-B,Example1,1,1,11.0,12.0,nan
ALNS-B,Example1,1,1,12.0,11.0,nan
ALNS-B,Example1,1,1,13.0,11.0,nan
ALNS-B,Example1,1,1,14.0,11.0,nan
ALNS-B,Example1,1,1,15.0,11.0,nan
ALNS-B,Example1,1,1,16.0,11.0,nan
ALNS-B,Example1,1,1,17.0,11.0,nan
ALNS-B,Example1,1,1,18.0,11.0,nan
ALNS-B,Example1,1,1,19.0,10.0,nan
ALNS-B,Example1,1,1,20.0,10.0,nan
ALNS-B,Example1,1,1,21.0,10.0,nan
ALNS-B,Example1,1,1,22.0,10.0,nan
ALNS-B,Example1,1,1,23.0,7.0,nan
ALNS-B,Example1,1,1,24.0,7.0,nan
ALNS-B,Example1,1,1,25.0,7.0,nan
ALNS-B,Example1,1,1,26.0,7.0,nan
ALNS-B,Example1,1,1,27.0,7.0,nan
ALNS-B,Example1,1,1,28.0,7.0,nan
ALNS-B,Example1,1,1,29.0,7.0,nan
ALNS-B,Example1,1,1,30.0,7.0,nan
ALNS-B,Example1,1,1,31.0,7.0,nan
ALNS-B,Example1,1,1,32.0,7.0,nan
ALNS-B,Example1,1,1,33.0,7.0,nan
ALNS-B,Example1,1,1,34.0,7.0,nan
ALNS-B,Example1,1,1,35.0,7.0,nan
ALNS-B,Example1,1,1,36.0,7.0,nan
ALNS-B,Example1,1,1,37.0,7.0,nan
ALNS-B,Example1,1,1,38.0,7.0,nan
ALNS-B,Example1,1,1,39.0,7.0,nan
ALNS-B,Example1,1,1,40.0,7.0,nan
ALNS-B,Example1,1,1,41.0,7.0,nan
ALNS-B,Example1,1,1,42.0,7.0,nan
ALNS-B,Example1,1,1,43.0,7.0,nan
ALNS-B,Example1,1,1,44.0,7.0,nan
ALNS-B,Example1,1,1,45.0,7.0,nan
ALNS-B,Example1,1,1,46.0,7.0,nan
ALNS-B,Example1,1,1,47.0,7.0,nan
ALNS-B,Example1,1,1,48.0,7.0,nan
ALNS-B,Example1,1,1,49.0,7.0,nan
ALNS-B,Example1,1,1,50.0,7.0,nan
ALNS-B,Example1,1,1,51.0,7.0,nan
ALNS-B,Example1,1,1,52.0,7.0,nan
ALNS-B,Example1,1,1,53.0,7.0,nan
ALNS-B,Example1,1,1,54.0,7.0,nan
ALNS-B,Example1,1,1,55.0,5.0,nan
ALNS-B,Example1,1,1,56.0,5.0,nan
ALNS-B,Example1,1,1,57.0,5.0,nan
ALNS-B,Example1,1,1,58.0,5.0,nan
ALNS-B,Example1,1,1,59.0,5.0,nan
ALNS-B,Example1,1,1,60.0,5.0,nan
ALNS-B,Example1,1,1,61.0,5.0,nan
ALNS-B,Example1,1,1,62.0,5.0,nan
ALNS-B,Example1,1,1,63.0,5.0,nan
ALNS-B,Example1,1,1,64.0,5.0,nan
ALNS-B,Example1,1,1,65.0,5.0,nan
ALNS-B,Example1,1,1,66.0,5.0,nan
ALNS-B,Example1,1,1,67.0,5.0,nan
ALNS-B,Example1,1,1,68.0,5.0,nan
ALNS-B,Example1,1,1,69.0,5.0,nan
ALNS-B,Example1,1,1,70.0,5.0,nan
ALNS-B,Example1,1,1,71.0,5.0,nan
ALNS-B,Example1,1,1,72.0,5.0,nan
ALNS-B,Example1,1,1,73.0,5.0,nan
ALNS-B,Example1,1,1,74.0,5.0,nan
ALNS-B,Example1,1,1,75.0,5.0,nan
ALNS-B,Example1,1,1,76.0,5.0,nan
ALNS-B,Example1,1,1,77.0,4.0,nan
ALNS-B,Example1,1,1,78.0,4.0,nan
ALNS-B,Example1,1,1,79.0,4.0,nan
ALNS-B,Example1,1,1,80.0,4.0,nan
ALNS-B,Example1,1,1,81.0,4.0,nan
ALNS-B,Example1,1,1,82.0,4.0,nan
ALNS-B,Example1,1,1,83.0,4.0,nan
ALNS-B,Example1,1,1,84.0,4.0,nan
ALNS-B,Example1,1,1,85.0,4.0,nan
ALNS-B,Example1,1,1,86.0,4.0,nan
ALNS-B,Example1,1,1,87.0,4.0,nan
ALNS-B,Example1,1,1,88.0,4.0,nan
ALNS-B,Example1,1,1,89.0,4.0,nan
ALNS-B,Example1,1,1,90.0,4.0,nan
ALNS-B,Example1,1,1,91.0,4.0,nan
ALNS-B,Example1,1,1,92.0,4.0,nan
ALNS-B,Example1,1,1,93.0,4.0,nan
ALNS-B,Example1,1,1,94.0,4.0,nan
ALNS-B,Example1,1,1,95.0,4.0,nan
ALNS-B,Example1,1,1,96.0,4.0,nan
ALNS-B,Example1,1,1,97.0,4.0,nan
ALNS-B,Example1,1,1,98.0,4.0,nan
ALNS-B,Example1,1,1,99.0,4.0,nan
ALNS-B,Example1,1,1,100.0,4.0,nan
ALNS-B,Example1,1,1,101.0,4.0,nan
ALNS-B,Example1,1,1,102.0,4.0,nan
ALNS-B,Example1,1,1,103.0,4.0,nan
ALNS-B,Example1,1,1,104.0,4.0,nan
ALNS-B,Example1,1,1,105.0,4.0,nan
ALNS-B,Example1,1,1,106.0,4.0,nan
ALNS-B,Example1,1,1,107.0,4.0,nan
ALNS-B,Example1,1,1,108.0,4.0,nan
ALNS-B,Example1,1,1,109.0,4.0,nan
ALNS-B,Example1,1,1,110.0,4.0,nan
ALNS-B,Example1,1,1,111.0,4.0,nan
ALNS-B,Example1,1,1,112.0,4.0,nan
ALNS-B,Example1,1,1,113.0,4.0,nan
ALNS-B,Example1,1,1,114.0,4.0,nan
ALNS-B,Example1,1,1,115.0,4.0,nan
ALNS-B,Example1,1,1,116.0,4.0,nan
ALNS-B,Example1,1,1,117.0,4.0,nan
ALNS-B,Example1,1,1,118.0,4.0,nan
ALNS-B,Example1,1,1,119.0,4.0,nan
ALNS-B,Example1,1,1,120.0,4.0,nan
ALNS-B,Example1,1,1,121.0,4.0,nan
ALNS-B,Example1,1,1,122.0,4.0,nan
ALNS-B,Example1,1,1,123.0,4.0,nan
ALNS-B,Example1,1,1,124.0,4.0,nan
ALNS-B,Example1,1,1,125.0,4.0,nan
ALNS-B,Example1,1,1,126.0,4.0,nan
ALNS-B,Example1,1,1,127.0,4.0,nan
ALNS-B,Example1,1,1,128.0,4.0,nan
ALNS-B,Example1,1,1,129.0,4.0,nan
ALNS-B,Example1,1,1,130.0,4.0,nan
ALNS-B,Example1,1,1,131.0,4.0,nan
ALNS-B,Example1,1,1,132.0,4.0,nan
ALNS-B,Example1,1,1,133.0,4.0,nan
ALNS-B,Example1,1,1,134.0,4.0,nan
ALNS-B,Example1,1,1,135.0,4.0,nan
ALNS-B,Example1,1,1,136.0,4.0,nan
ALNS-B,Example1,1,1,137.0,4.0,nan
ALNS-B,Example1,1,1,138.0,4.0,nan
ALNS-B,Example1,1,1,139.0,4.0,nan
ALNS-B,Example1,1,1,140.0,4.0,nan
ALNS-B,Example1,1,1,141.0,4.0,nan
ALNS-B,Example1,1,1,142.0,4.0,nan
ALNS-B,Example1,1,1,143.0,4.0,nan
ALNS-B,Example1,1,1,144.0,4.0,nan
ALNS-B,Example1,1,1,145.0,4.0,nan
ALNS-B,Example1,1,1,146.0,4.0,nan
ALNS-B,Example1,1,1,147.0,4.0,nan
ALNS-B,Example1,1,1,148.0,4.0,nan
ALNS-B,Example1,1,1,149.0,4.0,nan
ALNS-B,Example1,1,1,150.0,4.0,nan
ALNS-B,Example1,1,1,151.0,4.0,nan
ALNS-B,Example1,1,1,152.0,4.0,nan
ALNS-B,Example1,1,1,153.0,4.0,nan
ALNS-B,Example1,1,1,154.0,4.0,nan
ALNS-B,Example1,1,1,155.0,4.0,nan
ALNS-B,Example1,1,1,156.0,4.0,nan
ALNS-B,Example1,1,1,157.0,4.0,nan
ALNS-B,Example1,1,1,158.0,4.0,nan
ALNS-B,Example1,1,1,159.0,4.0,nan
ALNS-B,Example1,1,1,160.0,4.0,nan
ALNS-B,Example1,1,1,161.0,4.0,nan
ALNS-B,Example1,1,1,162.0,4.0,nan
ALNS-B,Example1,1,1,163.0,4.0,nan
ALNS-B,Example1,1,1,164.0,4.0,nan
ALNS-B,Example1,1,1,165.0,4.0,nan
ALNS-B,Example1,1,1,166.0,4.0,nan
ALNS-B,Example1,1,1,167.0,4.0,nan
ALNS-B,Example1,1,1,168.0,4.0,nan
ALNS-B,Example1,1,1,169.0,4.0,nan
ALNS-B,Example1,1,1,170.0,4.0,nan
ALNS-B,Example1,1,1,171.0,4.0,nan
ALNS-B,Example1,1,1,172.0,4.0,nan
ALNS-B,Example1,1,1,173.0,4.0,nan
ALNS-B,Example1,1,1,174.0,4.0,nan
ALNS-B,Example1,1,1,175.0,4.0,nan
ALNS-B,Example1,1,1,176.0,4.0,nan
ALNS-B,Example1,1,1,177.0,4.0,nan
ALNS-B,Example1,1,1,178.0,4.0,nan
ALNS-B,Example1,1,1,179.0,4.0,nan
ALNS-B,Example1,1,1,180.0,4.0,nan
ALNS-B,Example1,1,1,181.0,4.0,nan
ALNS-B,Example1,1,1,182.0,4.0,nan
ALNS-B,Example1,1,1,183.0,4.0,nan
ALNS-B,Example1,1,1,184.0,4.0,nan
ALNS-B,Example1,1,1,185.0,4.0,nan
ALNS-B,Example1,1,1,186.0,4.0,nan
ALNS-B,Example1,1,1,187.0,4.0,nan
ALNS-B,Example1,1,1,188.0,4.0,nan
ALNS-B,Example1,1,1,189.0,4.0,nan
ALNS-B,Example1,1,1,190.0,4.0,nan
ALNS-B,Example1,1,1,191.0,4.0,nan
ALNS-B,Example1,1,1,192.0,4.0,nan
ALNS-B,Example1,1,1,193.0,4.0,nan
ALNS-B,Example1,1,1,194.0,4.0,nan
ALNS-B,Example1,1,1,195.0,4.0,nan
ALNS-B,Example1,1,1,196.0,4.0,nan
ALNS-B,Example1,1,1,197.0,4.0,nan
ALNS-B,Example1,1,1,198.0,4.0,nan
ALNS-B,Example1,1,1,199.0,4.0,nan
ALNS-B,Example1,1,1,200.0,4.0,nan
ALNS-B,Example1,1,1,201.0,4.0,nan
ALNS-B,Example1,1,1,202.0,4.0,nan
ALNS-B,Example1,1,1,203.0,4.0,nan
ALNS-B,Example1,1,1,204.0,4.0,nan
ALNS-B,Example1,1,1,205.0,4.0,nan
ALNS-B,Example1,1,1,206.0,4.0,nan
ALNS-B,Example1,1,1,207.0,4.0,nan
ALNS-B,Example1,1,1,208.0,4.0,nan
ALNS-B,Example1,1,1,209.0,4.0,nan
ALNS-B,Example1,1,1,210.0,4.0,nan
ALNS-B,Example1,1,1,211.0,4.0,nan
ALNS-B,Example1,1,1,212.0,4.0,nan
ALNS-B,Example1,1,1,213.0,4.0,nan
ALNS-B,Example1,1,1,214.0,4.0,nan
ALNS-B,Example1,1,1,215.0,4.0,nan
ALNS-B,Example1,1,1,216.0,4.0,nan
ALNS-B,Example1,1,1,217.0,4.0,nan
ALNS-B,Example1,1,1,218.0,4.0,nan
ALNS-B,Example1,1,1,219.0,4.0,nan
ALNS-B,Example1,1,1,220.0,4.0,nan
ALNS-B,Example1,1,1,221.0,4.0,nan
ALNS-B,Example1,1,1,222.0,4.0,nan
ALNS-B,Example1,1,1,223.0,4.0,nan
ALNS-B,Example1,1,1,224.0,4.0,nan
ALNS-B,Example1,1,1,225.0,4.0,nan
ALNS-B,Example1,1,1,226.0,4.0,nan
ALNS-B,Example1,1,1,227.0,4.0,nan
ALNS-B,Example1,1,1,228.0,4.0,nan
ALNS-B,Example1,1,1,229.0,4.0,nan
ALNS-B,Example1,1,1,230.0,4.0,nan
ALNS-B,Example1,1,1,231.0,4.0,nan
ALNS-B,Example1,1,1,232.0,4.0,nan
ALNS-B,Example1,1,1,233.0,4.0,nan
ALNS-B,Example1,1,1,234.0,4.0,nan
ALNS-B,Example1,1,1,235.0,4.0,nan
ALNS-B,Example1,1,1,236.0,4.0,nan
ALNS-B,Example1,1,1,237.0,4.0,nan
ALNS-B,Example1,1,1,238.0,4.0,nan
ALNS-B,Example1,1,1,239.0,4.0,nan
ALNS-B,Example1,1,1,240.0,4.0,nan
ALNS-B,Example1,1,1,241.0,4.0,nan
ALNS-B,Example1,1,1,242.0,4.0,nan
ALNS-B,Example1,1,1,243.0,4.0,nan
ALNS-B,Example1,1,1,244.0,4.0,nan
ALNS-B,Example1,1,1,245.0,4.0,nan
ALNS-B,Example1,1,1,246.0,4.0,nan
ALNS-B,Example1,1,1,247.0,4.0,nan
ALNS-B,Example1,1,1,248.0,4.0,nan
ALNS-B,Example1,1,1,249.0,4.0,nan
ALNS-B,Example1,1,1,250.0,4.0,nan
ALNS-B,Example1,1,1,251.0,4.0,nan
ALNS-B,Example1,1,1,252.0,4.0,nan
ALNS-B,Example1,1,1,253.0,4.0,nan
ALNS-B,Example1,1,1,254.0,4.0,nan
ALNS-B,Example1,1,1,255.0,4.0,nan
ALNS-B,Example1,1,1,256.0,4.0,nan
ALNS-B,Example1,1,1,257.0,4.0,nan
ALNS-B,Example1,1,1,258.0,4.0,nan
ALNS-B,Example1,1,1,259.0,4.0,nan
ALNS-B,Example1,1,1,260.0,4.0,nan
ALNS-B,Example1,1,1,261.0,4.0,nan
ALNS-B,Example1,1,1,262.0,4.0,nan
ALNS-B,Example1,1,1,263.0,4.0,nan
ALNS-B,Example1,1,1,264.0,4.0,nan
ALNS-B,Example1,1,1,265.0,4.0,nan
ALNS-B,Example1,1,1,266.0,4.0,nan
ALNS-B,Example1,1,1,267.0,4.0,nan
ALNS-B,Example1,1,1,268.0,4.0,nan
ALNS-B,Example1,1,1,269.0,4.0,nan
ALNS-B,Example1,1,1,270.0,4.0,nan
ALNS-B,Example1,1,1,271.0,4.0,nan
ALNS-B,Example1,1,1,272.0,4.0,nan
ALNS-B,Example1,1,1,273.0,4.0,nan
ALNS-B,Example1,1,2,0.0,21.0,nan
ALNS-B,Example1,1,2,1.0,21.0,nan
ALNS-B,Example1,1,2,2.0,21.0,nan
ALNS-B,Example1,1,2,3.0,21.0,nan
ALNS-B,Example1,1,2,4.0,21.0,nan
ALNS-B,Example1,1,2,5.0,21.0,nan
ALNS-B,Example1,1,2,6.0,21.0,nan
ALNS-B,Example1,1,2,7.0,21.0,nan
ALNS-B,Example1,1,2,8.0,21.0,nan
ALNS-B,Example1,1,2,9.0,21.0,nan
ALNS-B,Example1,1,2,10.0,21.0,nan
ALNS-B,Example1,1,2,11.0,21.0,nan
ALNS-B,Example1,1,2,12.0,21.0,nan
ALNS-B,Example1,1,2,13.0,12.0,nan
ALNS-B,Example1,1,2,14.0,12.0,nan
ALNS-B,Example1,1,2,15.0,9.0,nan
ALNS-B,Example1,1,2,16.0,9.0,nan
ALNS-B,Example1,1,2,17.0,9.0,nan
ALNS-B,Example1,1,2,18.0,9.0,nan
ALNS-B,Example1,1,2,19.0,9.0,nan
ALNS-B,Example1,1,2,20.0,9.0,nan
ALNS-B,Example1,1,2,21.0,9.0,nan
ALNS-B,Example1,1,2,22.0,9.0,nan
ALNS-B,Example1,1,2,23.0,9.0,nan
ALNS-B,Example1,1,2,24.0,9.0,nan
ALNS-B,Example1,1,2,25.0,9.0,nan
ALNS-B,Example1,1,2,26.0,9.0,nan
ALNS-B,Example1,1,2,27.0,9.0,nan
ALNS-B,Example1,1,2,28.0,9.0,nan
ALNS-B,Example1,1,2,29.0,9.0,nan
ALNS-B,Example1,1,2,30.0,9.0,nan
ALNS-B,Example1,1,2,31.0,9.0,nan
ALNS-B,Example1,1,2,32.0,9.0,nan
ALNS-B,Example1,1,2,33.0,9.0,nan
ALNS-B,Example1,1,2,34.0,9.0,nan
ALNS-B,Example1,1,2,35.0,9.0,nan
ALNS-B,Example1,1,2,36.0,9.0,nan
ALNS-B,Example1,1,2,37.0,9.0,nan
ALNS-B,Example1,1,2,38.0,9.0,nan
ALNS-B,Example1,1,2,39.0,9.0,nan
ALNS-B,Example1,1,2,40.0,7.0,nan
ALNS-B,Example1,1,2,41.0,7.0,nan
ALNS-B,Example1,1,2,42.0,6.0,nan
ALNS-B,Example1,1,2,43.0,6.0,nan
ALNS-B,Example1,1,2,44.0,6.0,nan
ALNS-B,Example1,1,2,45.0,6.0,nan
ALNS-B,Example1,1,2,46.0,6.0,nan
ALNS-B,Example1,1,2,47.0,6.0,nan
ALNS-B,Example1,1,2,48.0,6.0,nan
ALNS-B,Example1,1,2,49.0,6.0,nan
ALNS-B,Example1,1,2,50.0,6.0,nan
ALNS-B,Example1,1,2,51.0,6.0,nan
ALNS-B,Example1,1,2,52.0,6.0,nan
ALNS-B,Example1,1,2,53.0,6.0,nan
ALNS-B,Example1,1,2,54.0,6.0,nan
ALNS-B,Example1,1,2,55.0,6.0,nan
ALNS-B,Example1,1,2,56.0,6.0,nan
ALNS-B,Example1,1,2,57.0,6.0,nan
ALNS-B,Example1,1,2,58.0,6.0,nan
ALNS-B,Example1,1,2,59.0,6.0,nan
ALNS-B,Example1,1,2,60.0,6.0,nan
ALNS-B,Example1,1,2,61.0,6.0,nan
ALNS-B,Example1,1,2,62.0,6.0,nan
ALNS-B,Example1,1,2,63.0,6.0,nan
ALNS-B,Example1,1,2,64.0,6.0,nan
ALNS-B,Example1,1,2,65.0,6.0,nan
ALNS-B,Example1,1,2,66.0,6.0,nan
ALNS-B,Example1,1,2,67.0,6.0,nan
ALNS-B,Example1,1,2,68.0,6.0,nan
ALNS-B,Example1,1,2,69.0,6.0,nan
ALNS-B,Example1,1,2,70.0,6.0,nan
ALNS-B,Example1,1,2,71.0,6.0,nan
ALNS-B,Example1,1,2,72.0,6.0,nan
ALNS-B,Example1,1,2,73.0,6.0,nan
ALNS-B,Example1,1,2,74.0,6.0,nan
ALNS-B,Example1,1,2,75.0,6.0,nan
ALNS-B,Example1,1,2,76.0,6.0,nan
ALNS-B,Example1,1,2,77.0,6.0,nan
ALNS-B,Example1,1,2,78.0,6.0,nan
ALNS-B,Example1,1,2,79.0,6.0,nan
ALNS-B,Example1,1,2,80.0,6.0,nan
ALNS-B,Example1,1,2,81.0,6.0,nan
ALNS-B,Example1,1,2,82.0,6.0,nan
ALNS-B,Example1,1,2,83.0,6.0,nan
ALNS-B,Example1,1,2,84.0,6.0,nan
ALNS-B,Example1,1,2,85.0,6.0,nan
ALNS-B,Example1,1,2,86.0,6.0,nan
ALNS-B,Example1,1,2,87.0,6.0,nan
ALNS-B,Example1,1,2,88.0,6.0,nan
ALNS-B,Example1,1,2,89.0,6.0,nan
ALNS-B,Example1,1,2,90.0,6.0,nan
ALNS-B,Example1,1,2,91.0,6.0,nan
ALNS-B,Example1,1,2,92.0,6.0,nan
ALNS-B,Example1,1,2,93.0,6.0,nan
ALNS-B,Example1,1,2,94.0,6.0,nan
ALNS-B,Example1,1,2,95.0,6.0,nan
ALNS-B,Example1,1,2,96.0,6.0,nan
ALNS-B,Example1,1,2,97.0,6.0,nan
ALNS-B,Example1,1,2,98.0,6.0,nan
ALNS-B,Example1,1,2,99.0,6.0,nan
ALNS-B,Example1,1,2,100.0,6.0,nan
ALNS-B,Example1,1,2,101.0,6.0,nan
ALNS-B,Example1,1,2,102.0,6.0,nan
ALNS-B,Example1,1,2,103.0,6.0,nan
ALNS-B,Example1,1,2,104.0,6.0,nan
ALNS-B,Example1,1,2,105.0,6.0,nan
ALNS-B,Example1,1,2,106.0,6.0,nan
ALNS-B,Example1,1,2,107.0,6.0,nan
ALNS-B,Example1,1,2,108.0,6.0,nan
ALNS-B,Example1,1,2,109.0,5.0,nan
ALNS-B,Example1,1,2,110.0,5.0,nan
ALNS-B,Example1,1,2,111.0,5.0,nan
ALNS-B,Example1,1,2,112.0,5.0,nan
ALNS-B,Example1,1,2,113.0,5.0,nan
ALNS-B,Example1,1,2,114.0,5.0,nan
ALNS-B,Example1,1,2,115.0,5.0,nan
ALNS-B,Example1,1,2,116.0,5.0,nan
ALNS-B,Example1,1,2,117.0,5.0,nan
ALNS-B,Example1,1,2,118.0,5.0,nan
ALNS-B,Example1,1,2,119.0,5.0,nan
ALNS-B,Example1,1,2,120.0,5.0,nan
ALNS-B,Example1,1,2,121.0,5.0,nan
ALNS-B,Example1,1,2,122.0,5.0,nan
ALNS-B,Example1,1,2,123.0,5.0,nan
ALNS-B,Example1,1,2,124.0,5.0,nan
ALNS-B,Example1,1,2,125.0,5.0,nan
ALNS-B,Example1,1,2,126.0,5.0,nan
ALNS-B,Example1,1,2,127.0,5.0,nan
ALNS-B,Example1,1,2,128.0,5.0,nan
ALNS-B,Example1,1,2,129.0,5.0,nan
ALNS-B,Example1,1,2,130.0,5.0,nan
ALNS-B,Example1,1,2,131.0,5.0,nan
ALNS-B,Example1,1,2,132.0,5.0,nan
ALNS-B,Example1,1,2,133.0,5.0,nan
ALNS-B,Example1,1,2,134.0,5.0,nan
ALNS-B,Example1,1,2,135.0,5.0,nan
ALNS-B,Example1,1,2,136.0,5.0,nan
ALNS-B,Example1,1,2,137.0,5.0,nan
ALNS-B,Example1,1,2,138.0,5.0,nan
ALNS-B,Example1,1,2,139.0,5.0,nan
ALNS-B,Example1,1,2,140.0,5.0,nan
ALNS-B,Example1,1,2,141.0,5.0,nan
ALNS-B,Example1,1,2,142.0,5.0,nan
ALNS-B,Example1,1,2,143.0,5.0,nan
ALNS-B,Example1,1,2,144.0,5.0,nan
ALNS-B,Example1,1,2,145.0,5.0,nan
ALNS-B,Example1,1,2,146.0,5.0,nan
ALNS-B,Example1,1,2,147.0,5.0,nan
ALNS-B,Example1,1,2,148.0,5.0,nan
ALNS-B,Example1,1,2,149.0,5.0,nan
ALNS-B,Example1,1,2,150.0,5.0,nan
ALNS-B,Example1,1,2,151.0,5.0,nan
ALNS-B,Example1,1,2,152.0,5.0,nan
ALNS-B,Example1,1,2,153.0,5.0,nan
ALNS-B,Example1,1,2,154.0,5.0,nan
ALNS-B,Example1,1,2,155.0,5.0,nan
ALNS-B,Example1,1,2,156.0,5.0,nan
ALNS-B,Example1,1,2,157.0,5.0,nan
ALNS-B,Example1,1,2,158.0,5.0,nan
ALNS-B,Example1,1,2,159.0,5.0,nan
ALNS-B,Example1,1,2,160.0,5.0,nan
ALNS-B,Example1,1,2,161.0,5.0,nan
ALNS-B,Example1,1,2,162.0,5.0,nan
ALNS-B,Example1,1,2,163.0,5.0,nan
ALNS-B,Example1,1,2,164.0,5.0,nan
ALNS-B,Example1,1,2,165.0,5.0,nan
ALNS-B,Example1,1,2,166.0,5.0,nan
ALNS-B,Example1,1,2,167.0,5.0,nan
ALNS-B,Example1,1,2,168.0,5.0,nan
ALNS-B,Example1,1,2,169.0,5.0,nan
ALNS-B,Example1,1,2,170.0,5.0,nan
ALNS-B,Example1,1,2,171.0,5.0,nan
ALNS-B,Example1,1,2,172.0,5.0,nan
ALNS-B,Example1,1,2,173.0,5.0,nan
ALNS-B,Example1,1,2,174.0,5.0,nan
ALNS-B,Example1,1,2,175.0,5.0,nan
ALNS-B,Example1,1,2,176.0,5.0,nan
ALNS-B,Example1,1,2,177.0,5.0,nan
ALNS-B,Example1,1,2,178.0,5.0,nan
ALNS-B,Example1,1,2,179.0,5.0,nan
ALNS-B,Example1,1,2,180.0,5.0,nan
ALNS-B,Example1,1,2,181.0,5.0,nan
ALNS-B,Example1,1,2,182.0,5.0,nan
ALNS-B,Example1,1,2,183.0,5.0,nan
ALNS-B,Example1,1,2,184.0,5.0,nan
ALNS-B,Example1,1,2,185.0,5.0,nan
ALNS-B,Example1,1,2,186.0,5.0,nan
ALNS-B,Example1,1,2,187.0,5.0,nan
ALNS-B,Example1,1,2,188.0,3.0,nan
ALNS-B,Example1,1,2,189.0,3.0,nan
ALNS-B,Example1,1,2,190.0,3.0,nan
ALNS-B,Example1,1,2,191.0,3.0,nan
ALNS-B,Example1,1,2,192.0,3.0,nan
ALNS-B,Example1,1,2,193.0,3.0,nan
ALNS-B,Example1,1,2,194.0,3.0,nan
ALNS-B,Example1,1,2,195.0,3.0,nan
ALNS-B,Example1,1,2,196.0,3.0,nan
ALNS-B,Example1,1,2,197.0,3.0,nan
ALNS-B,Example1,1,2,198.0,3.0,nan
ALNS-B,Example1,1,2,199.0,3.0,nan
ALNS-B,Example1,1,2,200.0,3.0,nan
ALNS-B,Example1,1,2,201.0,3.0,nan
ALNS-B,Example1,1,2,202.0,3.0,nan
ALNS-B,Example1,1,2,203.0,3.0,nan
ALNS-B,Example1,1,2,204.0,3.0,nan
ALNS-B,Example1,1,2,205.0,3.0,nan
ALNS-B,Example1,1,2,206.0,3.0,nan
ALNS-B,Example1,1,2,207.0,3.0,nan
ALNS-B,Example1,1,2,208.0,3.0,nan
ALNS-B,Example1,1,2,209.0,3.0,nan
ALNS-B,Example1,1,2,210.0,3.0,nan
ALNS-B,Example1,1,2,211.0,3.0,nan
ALNS-B,Example1,1,2,212.0,3.0,nan
ALNS-B,Example1,1,2,213.0,3.0,nan
ALNS-B,Example1,1,2,214.0,3.0,nan
ALNS-B,Example1,1,2,215.0,3.0,nan
ALNS-B,Example1,1,2,216.0,3.0,nan
ALNS-B,Example1,1,2,217.0,3.0,nan
ALNS-B,Example1,1,2,218.0,3.0,nan
ALNS-B,Example1,1,2,219.0,3.0,nan
ALNS-B,Example1,1,2,220.0,3.0,nan
ALNS-B,Example1,1,2,221.0,3.0,nan
ALNS-B,Example1,1,2,222.0,3.0,nan
ALNS-B,Example1,1,2,223.0,3.0,nan
ALNS-B,Example1,1,2,224.0,3.0,nan
ALNS-B,Example1,1,2,225.0,3.0,nan
ALNS-B,Example1,1,2,226.0,3.0,nan
ALNS-B,Example1,1,2,227.0,3.0,nan
ALNS-B,Example1,1,2,228.0,3.0,nan
ALNS-B,Example1,1,2,229.0,3.0,nan
ALNS-B,Example1,1,2,230.0,3.0,nan
ALNS-B,Example1,1,2,231.0,3.0,nan
ALNS-B,Example1,1,2,232.0,3.0,nan
ALNS-B,Example1,1,2,233.0,3.0,nan
ALNS-B,Example1,1,2,234.0,3.0,nan
ALNS-B,Example1,1,2,235.0,3.0,nan
ALNS-B,Example1,1,2,236.0,3.0,nan
ALNS-B,Example1,1,2,237.0,3.0,nan
ALNS-B,Example1,1,2,238.0,3.0,nan
ALNS-B,Example1,1,2,239.0,3.0,nan
ALNS-B,Example1,1,2,240.0,3.0,nan
ALNS-B,Example1,1,2,241.0,3.0,nan
ALNS-B,Example1,1,2,242.0,3.0,nan
ALNS-B,Example1,1,2,243.0,3.0,nan
ALNS-B,Example1,1,2,244.0,3.0,nan
ALNS-B,Example1,1,2,245.0,3.0,nan
ALNS-B,Example1,1,2,246.0,3.0,nan
ALNS-B,Example1,1,2,247.0,3.0,nan
ALNS-B,Example1,1,2,248.0,3.0,nan
ALNS-B,Example1,1,2,249.0,3.0,nan
ALNS-B,Example1,1,2,250.0,3.0,nan
ALNS-B,Example1,1,2,251.0,3.0,nan
ALNS-B,Example1,1,2,252.0,3.0,nan
ALNS-B,Example1,1,2,253.0,3.0,nan
ALNS-B,Example1,1,2,254.0,3.0,nan
ALNS-B,Example1,1,2,255.0,3.0,nan
ALNS-B,Example1,1,2,256.0,3.0,nan
ALNS-B,Example1,1,2,257.0,3.0,nan
ALNS-B,Example1,1,2,258.0,3.0,nan
ALNS-B,Example1,1,2,259.0,3.0,nan
ALNS-B,Example1,1,2,260.0,3.0,nan
ALNS-B,Example1,1,2,261.0,3.0,nan
ALNS-B,Example1,1,2,262.0,3.0,nan
ALNS-B,Example1,1,2,263.0,3.0,nan
ALNS-B,Example1,1,2,264.0,3.0,nan
ALNS-B,Example1,1,2,265.0,3.0,nan
ALNS-B,Example1,1,2,266.0,3.0,nan
ALNS-B,Example1,1,2,267.0,3.0,nan
ALNS-B,Example1,1,2,268.0,3.0,nan
ALNS-B,Example1,1,2,269.0,3.0,nan
ALNS-B,Example1,1,2,270.0,3.0,nan
ALNS-B,Example1,1,2,271.0,3.0,nan
ALNS-B,Example1,1,2,272.0,3.0,nan
ALNS-B,Example1,1,2,273.0,3.0,nan
ALNS-B,Example2,2,0,0.0,61.0,nan
ALNS-B,Example2,2,0,1.0,61.0,nan
ALNS-B,Example2,2,0,2.0,61.0,nan
ALNS-B,Example2,2,0,3.0,61.0,nan
ALNS-B,Example2,2,0,4.0,61.0,nan
ALNS-B,Example2,2,0,5.0,61.0,nan
ALNS-B,Example2,2,0,6.0,61.0,nan
ALNS-B,Example2,2,0,7.0,61.0,nan
ALNS-B,Example2,2,0,8.0,61.0,nan
ALNS-B,Example2,2,0,9.0,61.0,nan
ALNS-B,Example2,2,0,10.0,61.0,nan
ALNS-B,Example2,2,0,11.0,61.0,nan
ALNS-B,Example2,2,0,12.0,61.0,nan
ALNS-B,Example2,2,0,13.0,61.0,nan
ALNS-B,Example2,2,0,14.0,61.0,nan
ALNS-B,Example2,2,0,15.0,61.0,nan
ALNS-B,Example2,2,0,16.0,61.0,nan
ALNS-B,Example2,2,0,17.0,60.0,nan
ALNS-B,Example2,2,0,18.0,39.0,nan
ALNS-B,Example2,2,0,19.0,39.0,nan
ALNS-B,Example2,2,0,20.0,39.0,nan
ALNS-B,Example2,2,0,21.0,39.0,nan
ALNS-B,Example2,2,0,22.0,21.0,nan
ALNS-B,Example2,2,0,23.0,21.0,nan
ALNS-B,Example2,2,0,24.0,5.0,nan
ALNS-B,Example2,2,0,25.0,5.0,nan
ALNS-B,Example2,2,0,26.0,5.0,nan
ALNS-B,Example2,2,0,27.0,0.0,nan
ALNS-B,Example2,2,0,28.0,0.0,nan
ALNS-B,Example2,2,0,29.0,0.0,nan
ALNS-B,Example2,2,0,30.0,0.0,nan
ALNS-B,Example2,2,0,31.0,0.0,nan
ALNS-B,Example2,2,0,32.0,0.0,nan
ALNS-B,Example2,2,0,33.0,0.0,nan
ALNS-B,Example2,2,0,34.0,0.0,nan
ALNS-B,Example2,2,0,35.0,0.0,nan
ALNS-B,Example2,2,0,36.0,0.0,nan
ALNS-B,Example2,2,0,37.0,0.0,nan
ALNS-B,Example2,2,0,38.0,0.0,nan
ALNS-B,Example2,2,0,39.0,0.0,nan
ALNS-B,Example2,2,0,40.0,0.0,nan
ALNS-B,Example2,2,0,41.0,0.0,nan
ALNS-B,Example2,2,0,42.0,0.0,nan
ALNS-B,Example2,2,0,43.0,0.0,nan
ALNS-B,Example2,2,0,44.0,0.0,nan
ALNS-B,Example2,2,0,45.0,0.0,nan
ALNS-B,Example2,2,0,46.0,0.0,nan
ALNS-B,Example2,2,0,47.0,0.0,nan
ALNS-B,Example2,2,0,48.0,0.0,nan
ALNS-B,Example2,2,0,49.0,0.0,nan
ALNS-B,Example2,2,0,50.0,0.0,nan
ALNS-B,Example2,2,0,51.0,0.0,nan
ALNS-B,Example2,2,0,52.0,0.0,nan
ALNS-B,Example2,2,0,53.0,0.0,nan
ALNS-B,Example2,2,0,54.0,0.0,nan
ALNS-B,Example2,2,0,55.0,0.0,nan
ALNS-B,Example2,2,0,56.0,0.0,nan
ALNS-B,Example2,2,0,57.0,0.0,nan
ALNS-B,Example2,2,0,58.0,0.0,nan
ALNS-B,Example2,2,0,59.0,0.0,nan
ALNS-B,Example2,2,0,60.0,0.0,nan
ALNS-B,Example2,2,0,61.0,0.0,nan
ALNS-B,Example2,2,0,62.0,0.0,nan
ALNS-B,Example2,2,0,63.0,0.0,nan
ALNS-B,Example2,2,0,64.0,0.0,nan
ALNS-B,Example2,2,0,65.0,0.0,nan
ALNS-B,Example2,2,0,66.0,0.0,nan
ALNS-B,Example2,2,0,67.0,0.0,nan
ALNS-B,Example2,2,0,68.0,0.0,nan
ALNS-B,Example2,2,0,69.0,0.0,nan
ALNS-B,Example2,2,0,70.0,0.0,nan
ALNS-B,Example2,2,0,71.0,0.0,nan
ALNS-B,Example2,2,0,72.0,0.0,nan
ALNS-B,Example2,2,0,73.0,0.0,nan
ALNS-B,Example2,2,0,74.0,0.0,nan
ALNS-B,Example2,2,0,75.0,0.0,nan
ALNS-B,Example2,2,0,76.0,0.0,nan
ALNS-B,Example2,2,0,77.0,0.0,nan
ALNS-B,Example2,2,0,78.0,0.0,nan
ALNS-B,Example2,2,0,79.0,0.0,nan
ALNS-B,Example2,2,0,80.0,0.0,nan
ALNS-B,Example2,2,0,81.0,0.0,nan
ALNS-B,Example2,2,0,82.0,0.0,nan
ALNS-B,Example2,2,0,83.0,0.0,nan
ALNS-B,Example2,2,0,84.0,0.0,nan
ALNS-B,Example2,2,0,85.0,0.0,nan
ALNS-B,Example2,2,0,86.0,0.0,nan
ALNS-B,Example2,2,0,87.0,0.0,nan
ALNS-B,Example2,2,0,88.0,0.0,nan
ALNS-B,Example2,2,0,89.0,0.0,nan
ALNS-B,Example2,2,0,90.0,0.0,nan
ALNS-B,Example2,2,0,91.0,0.0,nan
ALNS-B,Example2,2,0,92.0,0.0,nan
ALNS-B,Example2,2,0,93.0,0.0,nan
ALNS-B,Example2,2,0,94.0,0.0,nan
ALNS-B,Example2,2,0,95.0,0.0,nan
ALNS-B,Example2,2,0,96.0,0.0,nan
ALNS-B,Example2,2,0,97.0,0.0,nan
ALNS-B,Example2,2,0,98.0,0.0,nan
ALNS-B,Example2,2,0,99.0,0.0,nan
ALNS-B,Example2,2,0,100.0,0.0,nan
ALNS-B,Example2,2,0,101.0,0.0,nan
ALNS-B,Example2,2,0,102.0,0.0,nan
ALNS-B,Example2,2,0,103.0,0.0,nan
ALNS-B,Example2,2,0,104.0,0.0,nan
ALNS-B,Example2,2,0,105.0,0.0,nan
ALNS-B,Example2,2,0,106.0,0.0,nan
ALNS-B,Example2,2,0,107.0,0.0,nan
ALNS-B,Example2,2,0,108.0,0.0,nan
ALNS-B,Example2,2,0,109.0,0.0,nan
ALNS-B,Example2,2,0,110.0,0.0,nan
ALNS-B,Example2,2,0,111.0,0.0,nan
ALNS-B,Example2,2,0,112.0,0.0,nan
ALNS-B,Example2,2,0,113.0,0.0,nan
ALNS-B,Example2,2,0,114.0,0.0,nan
ALNS-B,Example2,2,0,115.0,0.0,nan
ALNS-B,Example2,2,0,116.0,0.0,nan
ALNS-B,Example2,2,0,117.0,0.0,nan
ALNS-B,Example2,2,0,118.0,0.0,nan
ALNS-B,Example2,2,0,119.0,0.0,nan
ALNS-B,Example2,2,0,120.0,0.0,nan
ALNS-B,Example2,2,0,121.0,0.0,nan
ALNS-B,Example2,2,0,122.0,0.0,nan
ALNS-B,Example2,2,0,123.0,0.0,nan
ALNS-B,Example2,2,0,124.0,0.0,nan
ALNS-B,Example2,2,0,125.0,0.0,nan
ALNS-B,Example2,2,0,126.0,0.0,nan
ALNS-B,Example2,2,0,127.0,0.0,nan
ALNS-B,Example2,2,0,128.0,0.0,nan
ALNS-B,Example2,2,0,129.0,0.0,nan
ALNS-B,Example2,2,0,130.0,0.0,nan
ALNS-B,Example2,2,0,131.0,0.0,nan
ALNS-B,Example2,2,0,132.0,0.0,nan
ALNS-B,Example2,2,0,133.0,0.0,nan
ALNS-B,Example2,2,0,134.0,0.0,nan
ALNS-B,Example2,2,0,135.0,0.0,nan
ALNS-B,Example2,2,0,136.0,0.0,nan
ALNS-B,Example2,2,0,137.0,0.0,nan
ALNS-B,Example2,2,0,138.0,0.0,nan
ALNS-B,Example2,2,0,139.0,0.0,nan
ALNS-B,Example2,2,0,140.0,0.0,nan
ALNS-B,Example2,2,0,141.0,0.0,nan
ALNS-B,Example2,2,0,142.0,0.0,nan
ALNS-B,Example2,2,0,143.0,0.0,nan
ALNS-B,Example2,2,0,144.0,0.0,nan
ALNS-B,Example2,2,0,145.0,0.0,nan
ALNS-B,Example2,2,0,146.0,0.0,nan
ALNS-B,Example2,2,0,147.0,0.0,nan
ALNS-B,Example2,2,0,148.0,0.0,nan
ALNS-B,Example2,2,0,149.0,0.0,nan
ALNS-B,Example2,2,0,150.0,0.0,nan
ALNS-B,Example2,2,0,151.0,0.0,nan
ALNS-B,Example2,2,0,152.0,0.0,nan
ALNS-B,Example2,2,0,153.0,0.0,nan
ALNS-B,Example2,2,0,154.0,0.0,nan
ALNS-B,Example2,2,0,155.0,0.0,nan
ALNS-B,Example2,2,0,156.0,0.0,nan
ALNS-B,Example2,2,0,157.0,0.0,nan
ALNS-B,Example2,2,0,158.0,0.0,nan
ALNS-B,Example2,2,0,159.0,0.0,nan
ALNS-B,Example2,2,0,160.0,0.0,nan
ALNS-B,Example2,2,0,161.0,0.0,nan
ALNS-B,Example2,2,0,162.0,0.0,nan
ALNS-B,Example2,2,0,163.0,0.0,nan
ALNS-B,Example2,2,0,164.0,0.0,nan
ALNS-B,Example2,2,0,165.0,0.0,nan
ALNS-B,Example2,2,0,166.0,0.0,nan
ALNS-B,Example2,2,0,167.0,0.0,nan
ALNS-B,Example2,2,0,168.0,0.0,nan
ALNS-B,Example2,2,0,169.0,0.0,nan
ALNS-B,Example2,2,0,170.0,0.0,nan
ALNS-B,Example2,2,0,171.0,0.0,nan
ALNS-B,Example2,2,0,172.0,0.0,nan
ALNS-B,Example2,2,0,173.0,0.0,nan
ALNS-B,Example2,2,0,174.0,0.0,nan
ALNS-B,Example2,2,0,175.0,0.0,nan
ALNS-B,Example2,2,0,176.0,0.0,nan
ALNS-B,Example2,2,0,177.0,0.0,nan
ALNS-B,Example2,2,0,178.0,0.0,nan
ALNS-B,Example2,2,0,179.0,0.0,nan
ALNS-B,Example2,2,0,180.0,0.0,nan
ALNS-B,Example2,2,0,181.0,0.0,nan
ALNS-B,Example2,2,0,182.0,0.0,nan
ALNS-B,Example2,2,0,183.0,0.0,nan
ALNS-B,Example2,2,0,184.0,0.0,nan
ALNS-B,Example2,2,0,185.0,0.0,nan
ALNS-B,Example2,2,0,186.0,0.0,nan
ALNS-B,Example2,2,0,187.0,0.0,nan
ALNS-B,Example2,2,0,188.0,0.0,nan
ALNS-B,Example2,2,0,189.0,0.0,nan
ALNS-B,Example2,2,0,190.0,0.0,nan
ALNS-B,Example2,2,0,191.0,0.0,nan
ALNS-B,Example2,2,0,192.0,0.0,nan
ALNS-B,Example2,2,0,193.0,0.0,nan
ALNS-B,Example2,2,0,194.0,0.0,nan
ALNS-B,Example2,2,0,195.0,0.0,nan
ALNS-B,Example2,2,0,196.0,0.0,nan
ALNS-B,Example2,2,0,197.0,0.0,nan
ALNS-B,Example2,2,0,198.0,0.0,nan
ALNS-B,Example2,2,0,199.0,0.0,nan
ALNS-B,Example2,2,0,200.0,0.0,nan
ALNS-B,Example2,2,0,201.0,0.0,nan
ALNS-B,Example2,2,0,202.0,0.0,nan
ALNS-B,Example2,2,0,203.0,0.0,nan
ALNS-B,Example2,2,0,204.0,0.0,nan
ALNS-B,Example2,2,0,205.0,0.0,nan
ALNS-B,Example2,2,0,206.0,0.0,nan
ALNS-B,Example2,2,0,207.0,0.0,nan
ALNS-B,Example2,2,0,208.0,0.0,nan
ALNS-B,Example2,2,0,209.0,0.0,nan
ALNS-B,Example2,2,0,210.0,0.0,nan
ALNS-B,Example2,2,0,211.0,0.0,nan
ALNS-B,Example2,2,0,212.0,0.0,nan
ALNS-B,Example2,2,0,213.0,0.0,nan
ALNS-B,Example2,2,0,214.0,0.0,nan
ALNS-B,Example2,2,0,215.0,0.0,nan
ALNS-B,Example2,2,0,216.0,0.0,nan
ALNS-B,Example2,2,0,217.0,0.0,nan
ALNS-B,Example2,2,0,218.0,0.0,nan
ALNS-B,Example2,2,0,219.0,0.0,nan
ALNS-B,Example2,2,0,220.0,0.0,nan
ALNS-B,Example2,2,0,221.0,0.0,nan
ALNS-B,Example2,2,0,222.0,0.0,nan
ALNS-B,Example2,2,0,223.0,0.0,nan
ALNS-B,Example2,2,0,224.0,0.0,nan
ALNS-B,Example2,2,0,225.0,0.0,nan
ALNS-B,Example2,2,0,226.0,0.0,nan
ALNS-B,Example2,2,0,227.0,0.0,nan
ALNS-B,Example2,2,0,228.0,0.0,nan
ALNS-B,Example2,2,0,229.0,0.0,nan
ALNS-B,Example2,2,0,230.0,0.0,nan
ALNS-B,Example2,2,0,231.0,0.0,nan
ALNS-B,Example2,2,0,232.0,0.0,nan
ALNS-B,Example2,2,0,233.0,0.0,nan
ALNS-B,Example2,2,0,234.0,0.0,nan
ALNS-B,Example2,2,0,235.0,0.0,nan
ALNS-B,Example2,2,0,236.0,0.0,nan
ALNS-B,Example2,2,0,237.0,0.0,nan
ALNS-B,Example2,2,0,238.0,0.0,nan
ALNS-B,Example2,2,0,239.0,0.0,nan
ALNS-B,Example2,2,0,240.0,0.0,nan
ALNS-B,Example2,2,0,241.0,0.0,nan
ALNS-B,Example2,2,0,242.0,0.0,nan
ALNS-B,Example2,2,0,243.0,0.0,nan
ALNS-B,Example2,2,0,244.0,0.0,nan
ALNS-B,Example2,2,0,245.0,0.0,nan
ALNS-B,Example2,2,0,246.0,0.0,nan
ALNS-B,Example2,2,0,247.0,0.0,nan
ALNS-B,Example2,2,0,248.0,0.0,nan
ALNS-B,Example2,2,0,249.0,0.0,nan
ALNS-B,Example2,2,0,250.0,0.0,nan
ALNS-B,Example2,2,0,251.0,0.0,nan
ALNS-B,Example2,2,0,252.0,0.0,nan
ALNS-B,Example2,2,0,253.0,0.0,nan
ALNS-B,Example2,2,0,254.0,0.0,nan
ALNS-B,Example2,2,0,255.0,0.0,nan
ALNS-B,Example2,2,0,256.0,0.0,nan
ALNS-B,Example2,2,0,257.0,0.0,nan
ALNS-B,Example2,2,0,258.0,0.0,nan
ALNS-B,Example2,2,0,259.0,0.0,nan
ALNS-B,Example2,2,0,260.0,0.0,nan
ALNS-B,Example2,2,0,261.0,0.0,nan
ALNS-B,Example2,2,0,262.0,0.0,nan
ALNS-B,Example2,2,0,263.0,0.0,nan
ALNS-B,Example2,2,0,264.0,0.0,nan
ALNS-B,Example2,2,0,265.0,0.0,nan
ALNS-B,Example2,2,0,266.0,0.0,nan
ALNS-B,Example2,2,0,267.0,0.0,nan
ALNS-B,Example2,2,0,268.0,0.0,nan
ALNS-B,Example2,2,0,269.0,0.0,nan
ALNS-B,Example2,2,0,270.0,0.0,nan
ALNS-B,Example2,2,0,271.0,0.0,nan
ALNS-B,Example2,2,0,272.0,0.0,nan
ALNS-B,Example2,2,0,273.0,0.0,nan
ALNS-B,Example2,2,1,0.0,64.0,nan
ALNS-B,Example2,2,1,1.0,64.0,nan
ALNS-B,Example2,2,1,2.0,50.0,nan
ALNS-B,Example2,2,1,3.0,40.0,nan
ALNS-B,Example2,2,1,4.0,40.0,nan
ALNS-B,Example2,2,1,5.0,40.0,nan
ALNS-B,Example2,2,1,6.0,40.0,nan
ALNS-B,Example2,2,1,7.0,40.0,nan
ALNS-B,Example2,2,1,8.0,30.0,nan
ALNS-B,Example2,2,1,9.0,30.0,nan
ALNS-B,Example2,2,1,10.0,30.0,nan
ALNS-B,Example2,2,1,11.0,30.0,nan
ALNS-B,Example2,2,1,12.0,30.0,nan
ALNS-B,Example2,2,1,13.0,30.0,nan
ALNS-B,Example2,2,1,14.0,30.0,nan
ALNS-B,Example2,2,1,15.0,30.0,nan
ALNS-B,Example2,2,1,16.0,30.0,nan
ALNS-B,Example2,2,1,17.0,30.0,nan
ALNS-B,Example2,2,1,18.0,30.0,nan
ALNS-B,Example2,2,1,19.0,30.0,nan
ALNS-B,Example2,2,1,20.0,30.0,nan
ALNS-B,Example2,2,1,21.0,30.0,nan
ALNS-B,Example2,2,1,22.0,30.0,nan
ALNS-B,Example2,2,1,23.0,30.0,nan
ALNS-B,Example2,2,1,24.0,28.0,nan
ALNS-B,Example2,2,1,25.0,28.0,nan
ALNS-B,Example2,2,1,26.0,28.0,nan
ALNS-B,Example2,2,1,27.0,19.0,nan
ALNS-B,Example2,2,1,28.0,19.0,nan
ALNS-B,Example2,2,1,29.0,10.0,nan
ALNS-B,Example2,2,1,30.0,7.0,nan
ALNS-B,Example2,2,1,31.0,7.0,nan
ALNS-B,Example2,2,1,32.0,7.0,nan
ALNS-B,Example2,2,1,33.0,7.0,nan
ALNS-B,Example2,2,1,34.0,0.0,nan
ALNS-B,Example2,2,1,35.0,0.0,nan
ALNS-B,Example2,2,1,36.0,0.0,nan
ALNS-B,Example2,2,1,37.0,0.0,nan
ALNS-B,Example2,2,1,38.0,0.0,nan
ALNS-B,Example2,2,1,39.0,0.0,nan
ALNS-B,Example2,2,1,40.0,0.0,nan
ALNS-B,Example2,2,1,41.0,0.0,nan
ALNS-B,Example2,2,1,42.0,0.0,nan
ALNS-B,Example2,2,1,43.0,0.0,nan
ALNS-B,Example2,2,1,44.0,0.0,nan
ALNS-B,Example2,2,1,45.0,0.0,nan
ALNS-B,Example2,2,1,46.0,0.0,nan
ALNS-B,Example2,2,1,47.0,0.0,nan
ALNS-B,Example2,2,1,48.0,0.0,nan
ALNS-B,Example2,2,1,49.0,0.0,nan
ALNS-B,Example2,2,1,50.0,0.0,nan
ALNS-B,Example2,2,1,51.0,0.0,nan
ALNS-B,Example2,2,1,52.0,0.0,nan
ALNS-B,Example2,2,1,53.0,0.0,nan
ALNS-B,Example2,2,1,54.0,0.0,nan
ALNS-B,Example2,2,1,55.0,0.0,nan
ALNS-B,Example2,2,1,56.0,0.0,nan
ALNS-B,Example2,2,1,57.0,0.0,nan
ALNS-B,Example2,2,1,58.0,0.0,nan
ALNS-B,Example2,2,1,59.0,0.0,nan
ALNS-B,Example2,2,1,60.0,0.0,nan
ALNS-B,Example2,2,1,61.0,0.0,nan
ALNS-B,Example2,2,1,62.0,0.0,nan
ALNS-B,Example2,2,1,63.0,0.0,nan
ALNS-B,Example2,2,1,64.0,0.0,nan
ALNS-B,Example2,2,1,65.0,0.0,nan
ALNS-B,Example2,2,1,66.0,0.0,nan
ALNS-B,Example2,2,1,67.0,0.0,nan
ALNS-B,Example2,2,1,68.0,0.0,nan
ALNS-B,Example2,2,1,69.0,0.0,nan
ALNS-B,Example2,2,1,70.0,0.0,nan
ALNS-B,Example2,2,1,71.0,0.0,nan
ALNS-B,Example2,2,1,72.0,0.0,nan
ALNS-B,Example2,2,1,73.0,0.0,nan
ALNS-B,Example2,2,1,74.0,0.0,nan
ALNS-B,Example2,2,1,75.0,0.0,nan
ALNS-B,Example2,2,1,76.0,0.0,nan
ALNS-B,Example2,2,1,77.0,0.0,nan
ALNS-B,Example2,2,1,78.0,0.0,nan
ALNS-B,Example2,2,1,79.0,0.0,nan
ALNS-B,Example2,2,1,80.0,0.0,nan
ALNS-B,Example2,2,1,81.0,0.0,nan
ALNS-B,Example2,2,1,82.0,0.0,nan
ALNS-B,Example2,2,1,83.0,0.0,nan
ALNS-B,Example2,2,1,84.0,0.0,nan
ALNS-B,Example2,2,1,85.0,0.0,nan
ALNS-B,Example2,2,1,86.0,0.0,nan
ALNS-B,Example2,2,1,87.0,0.0,nan
ALNS-B,Example2,2,1,88.0,0.0,nan
ALNS-B,Example2,2,1,89.0,0.0,nan
ALNS-B,Example2,2,1,90.0,0.0,nan
ALNS-B,Example2,2,1,91.0,0.0,nan
ALNS-B,Example2,2,1,92.0,0.0,nan
ALNS-B,Example2,2,1,93.0,0.0,nan
ALNS-B,Example2,2,1,94.0,0.0,nan
ALNS-B,Example2,2,1,95.0,0.0,nan
ALNS-B,Example2,2,1,96.0,0.0,nan
ALNS-B,Example2,2,1,97.0,0.0,nan
ALNS-B,Example2,2,1,98.0,0.0,nan
ALNS-B,Example2,2,1,99.0,0.0,nan
ALNS-B,Example2,2,1,100.0,0.0,nan
ALNS-B,Example2,2,1,101.0,0.0,nan
ALNS-B,Example2,2,1,102.0,0.0,nan
ALNS-B,Example2,2,1,103.0,0.0,nan
ALNS-B,Example2,2,1,104.0,0.0,nan
ALNS-B,Example2,2,1,105.0,0.0,nan
ALNS-B,Example2,2,1,106.0,0.0,nan
ALNS-B,Example2,2,1,107.0,0.0,nan
ALNS-B,Example2,2,1,108.0,0.0,nan
ALNS-B,Example2,2,1,109.0,0.0,nan
ALNS-B,Example2,2,1,110.0,0.0,nan
ALNS-B,Example2,2,1,111.0,0.0,nan
ALNS-B,Example2,2,1,112.0,0.0,nan
ALNS-B,Example2,2,1,113.0,0.0,nan
ALNS-B,Example2,2,1,114.0,0.0,nan
ALNS-B,Example2,2,1,115.0,0.0,nan
ALNS-B,Example2,2,1,116.0,0.0,nan
ALNS-B,Example2,2,1,117.0,0.0,nan
ALNS-B,Example2,2,1,118.0,0.0,nan
ALNS-B,Example2,2,1,119.0,0.0,nan
ALNS-B,Example2,2,1,120.0,0.0,nan
ALNS-B,Example2,2,1,121.0,0.0,nan
ALNS-B,Example2,2,1,122.0,0.0,nan
ALNS-B,Example2,2,1,123.0,0.0,nan
ALNS-B,Example2,2,1,124.0,0.0,nan
ALNS-B,Example2,2,1,125.0,0.0,nan
ALNS-B,Example2,2,1,126.0,0.0,nan
ALNS-B,Example2,2,1,127.0,0.0,nan
ALNS-B,Example2,2,1,128.0,0.0,nan
ALNS-B,Example2,2,1,129.0,0.0,nan
ALNS-B,Example2,2,1,130.0,0.0,nan
ALNS-B,Example2,2,1,131.0,0.0,nan
ALNS-B,Example2,2,1,132.0,0.0,nan
ALNS-B,Example2,2,1,133.0,0.0,nan
ALNS-B,Example2,2,1,134.0,0.0,nan
ALNS-B,Example2,2,1,135.0,0.0,nan
ALNS-B,Example2,2,1,136.0,0.0,nan
ALNS-B,Example2,2,1,137.0,0.0,nan
ALNS-B,Example2,2,1,138.0,0.0,nan
ALNS-B,Example2,2,1,139.0,0.0,nan
ALNS-B,Example2,2,1,140.0,0.0,nan
ALNS-B,Example2,2,1,141.0,0.0,nan
ALNS-B,Example2,2,1,142.0,0.0,nan
ALNS-B,Example2,2,1,143.0,0.0,nan
ALNS-B,Example2,2,1,144.0,0.0,nan
ALNS-B,Example2,2,1,145.0,0.0,nan
ALNS-B,Example2,2,1,146.0,0.0,nan
ALNS-B,Example2,2,1,147.0,0.0,nan
ALNS-B,Example2,2,1,148.0,0.0,nan
ALNS-B,Example2,2,1,149.0,0.0,nan
ALNS-B,Example2,2,1,150.0,0.0,nan
ALNS-B,Example2,2,1,151.0,0.0,nan
ALNS-B,Example2,2,1,152.0,0.0,nan
ALNS-B,Example2,2,1,153.0,0.0,nan
ALNS-B,Example2,2,1,154.0,0.0,nan
ALNS-B,Example2,2,1,155.0,0.0,nan
ALNS-B,Example2,2,1,156.0,0.0,nan
ALNS-B,Example2,2,1,157.0,0.0,nan
ALNS-B,Example2,2,1,158.0,0.0,nan
ALNS-B,Example2,2,1,159.0,0.0,nan
ALNS-B,Example2,2,1,160.0,0.0,nan
ALNS-B,Example2,2,1,161.0,0.0,nan
ALNS-B,Example2,2,1,162.0,0.0,nan
ALNS-B,Example2,2,1,163.0,0.0,nan
ALNS-B,Example2,2,1,164.0,0.0,nan
ALNS-B,Example2,2,1,165.0,0.0,nan
ALNS-B,Example2,2,1,166.0,0.0,nan
ALNS-B,Example2,2,1,167.0,0.0,nan
ALNS-B,Example2,2,1,168.0,0.0,nan
ALNS-B,Example2,2,1,169.0,0.0,nan
ALNS-B,Example2,2,1,170.0,0.0,nan
ALNS-B,Example2,2,1,171.0,0.0,nan
ALNS-B,Example2,2,1,172.0,0.0,nan
ALNS-B,Example2,2,1,173.0,0.0,nan
ALNS-B,Example2,2,1,174.0,0.0,nan
ALNS-B,Example2,2,1,175.0,0.0,nan
ALNS-B,Example2,2,1,176.0,0.0,nan
ALNS-B,Example2,2,1,177.0,0.0,nan
ALNS-B,Example2,2,1,178.0,0.0,nan
ALNS-B,Example2,2,1,179.0,0.0,nan
ALNS-B,Example2,2,1,180.0,0.0,nan
ALNS-B,Example2,2,1,181.0,0.0,nan
ALNS-B,Example2,2,1,182.0,0.0,nan
ALNS-B,Example2,2,1,183.0,0.0,nan
ALNS-B,Example2,2,1,184.0,0.0,nan
ALNS-B,Example2,2,1,185.0,0.0,nan
ALNS-B,Example2,2,1,186.0,0.0,nan
ALNS-B,Example2,2,1,187.0,0.0,nan
ALNS-B,Example2,2,1,188.0,0.0,nan
ALNS-B,Example2,2,1,189.0,0.0,nan
ALNS-B,Example2,2,1,190.0,0.0,nan
ALNS-B,Example2,2,1,191.0,0.0,nan
ALNS-B,Example2,2,1,192.0,0.0,nan
ALNS-B,Example2,2,1,193.0,0.0,nan
ALNS-B,Example2,2,1,194.0,0.0,nan
ALNS-B,Example2,2,1,195.0,0.0,nan
ALNS-B,Example2,2,1,196.0,0.0,nan
ALNS-B,Example2,2,1,197.0,0.0,nan
ALNS-B,Example2,2,1,198.0,0.0,nan
ALNS-B,Example2,2,1,199.0,0.0,nan
ALNS-B,Example2,2,1,200.0,0.0,nan
ALNS-B,Example2,2,1,201.0,0.0,nan
ALNS-B,Example2,2,1,202.0,0.0,nan
ALNS-B,Example2,2,1,203.0,0.0,nan
ALNS-B,Example2,2,1,204.0,0.0,nan
ALNS-B,Example2,2,1,205.0,0.0,nan
ALNS-B,Example2,2,1,206.0,0.0,nan
ALNS-B,Example2,2,1,207.0,0.0,nan
ALNS-B,Example2,2,1,208.0,0.0,nan
ALNS-B,Example2,2,1,209.0,0.0,nan
ALNS-B,Example2,2,1,210.0,0.0,nan
ALNS-B,Example2,2,1,211.0,0.0,nan
ALNS-B,Example2,2,1,212.0,0.0,nan
ALNS-B,Example2,2,1,213.0,0.0,nan
ALNS-B,Example2,2,1,214.0,0.0,nan
ALNS-B,Example2,2,1,215.0,0.0,nan
ALNS-B,Example2,2,1,216.0,0.0,nan
ALNS-B,Example2,2,1,217.0,0.0,nan
ALNS-B,Example2,2,1,218.0,0.0,nan
ALNS-B,Example2,2,1,219.0,0.0,nan
ALNS-B,Example2,2,1,220.0,0.0,nan
ALNS-B,Example2,2,1,221.0,0.0,nan
ALNS-B,Example2,2,1,222.0,0.0,nan
ALNS-B,Example2,2,1,223.0,0.0,nan
ALNS-B,Example2,2,1,224.0,0.0,nan
ALNS-B,Example2,2,1,225.0,0.0,nan
ALNS-B,Example2,2,1,226.0,0.0,nan
ALNS-B,Example2,2,1,227.0,0.0,nan
ALNS-B,Example2,2,1,228.0,0.0,nan
ALNS-B,Example2,2,1,229.0,0.0,nan
ALNS-B,Example2,2,1,230.0,0.0,nan
ALNS-B,Example2,2,1,231.0,0.0,nan
ALNS-B,Example2,2,1,232.0,0.0,nan
ALNS-B,Example2,2,1,233.0,0.0,nan
ALNS-B,Example2,2,1,234.0,0.0,nan
ALNS-B,Example2,2,1,235.0,0.0,nan
ALNS-B,Example2,2,1,236.0,0.0,nan
ALNS-B,Example2,2,1,237.0,0.0,nan
ALNS-B,Example2,2,1,238.0,0.0,nan
ALNS-B,Example2,2,1,239.0,0.0,nan
ALNS-B,Example2,2,1,240.0,0.0,nan
ALNS-B,Example2,2,1,241.0,0.0,nan
ALNS-B,Example2,2,1,242.0,0.0,nan
ALNS-B,Example2,2,1,243.0,0.0,nan
ALNS-B,Example2,2,1,244.0,0.0,nan
ALNS-B,Example2,2,1,245.0,0.0,nan
ALNS-B,Example2,2,1,246.0,0.0,nan
ALNS-B,Example2,2,1,247.0,0.0,nan
ALNS-B,Example2,2,1,248.0,0.0,nan
ALNS-B,Example2,2,1,249.0,0.0,nan
ALNS-B,Example2,2,1,250.0,0.0,nan
ALNS-B,Example2,2,1,251.0,0.0,nan
ALNS-B,Example2,2,1,252.0,0.0,nan
ALNS-B,Example2,2,1,253.0,0.0,nan
ALNS-B,Example2,2,1,254.0,0.0,nan
ALNS-B,Example2,2,1,255.0,0.0,nan
ALNS-B,Example2,2,1,256.0,0.0,nan
ALNS-B,Example2,2,1,257.0,0.0,nan
ALNS-B,Example2,2,1,258.0,0.0,nan
ALNS-B,Example2,2,1,259.0,0.0,nan
ALNS-B,Example2,2,1,260.0,0.0,nan
ALNS-B,Example2,2,1,261.0,0.0,nan
ALNS-B,Example2,2,1,262.0,0.0,nan
ALNS-B,Example2,2,1,263.0,0.0,nan
ALNS-B,Example2,2,1,264.0,0.0,nan
ALNS-B,Example2,2,1,265.0,0.0,nan
ALNS-B,Example2,2,1,266.0,0.0,nan
ALNS-B,Example2,2,1,267.0,0.0,nan
ALNS-B,Example2,2,1,268.0,0.0,nan
ALNS-B,Example2,2,1,269.0,0.0,nan
ALNS-B,Example2,2,1,270.0,0.0,nan
ALNS-B,Example2,2,1,271.0,0.0,nan
ALNS-B,Example2,2,1,272.0,0.0,nan
ALNS-B,Example2,2,1,273.0,0.0,nan
ALNS-B,Example2,2,2,0.0,63.0,nan
ALNS-B,Example2,2,2,1.0,63.0,nan
ALNS-B,Example2,2,2,2.0,63.0,nan
ALNS-B,Example2,2,2,3.0,63.0,nan
ALNS-B,Example2,2,2,4.0,63.0,nan
ALNS-B,Example2,2,2,5.0,57.0,nan
ALNS-B,Example2,2,2,6.0,47.0,nan
ALNS-B,Example2,2,2,7.0,47.0,nan
ALNS-B,Example2,2,2,8.0,44.0,nan
ALNS-B,Example2,2,2,9.0,26.0,nan
ALNS-B,Example2,2,2,10.0,15.0,nan
ALNS-B,Example2,2,2,11.0,11.0,nan
ALNS-B,Example2,2,2,12.0,11.0,nan
ALNS-B,Example2,2,2,13.0,11.0,nan
ALNS-B,Example2,2,2,14.0,11.0,nan
ALNS-B,Example2,2,2,15.0,11.0,nan
ALNS-B,Example2,2,2,16.0,11.0,nan
ALNS-B,Example2,2,2,17.0,9.0,nan
ALNS-B,Example2,2,2,18.0,9.0,nan
ALNS-B,Example2,2,2,19.0,9.0,nan
ALNS-B,Example2,2,2,20.0,9.0,nan
ALNS-B,Example2,2,2,21.0,9.0,nan
ALNS-B,Example2,2,2,22.0,9.0,nan
ALNS-B,Example2,2,2,23.0,9.0,nan
ALNS-B,Example2,2,2,24.0,9.0,nan
ALNS-B,Example2,2,2,25.0,9.0,nan
ALNS-B,Example2,2,2,26.0,9.0,nan
ALNS-B,Example2,2,2,27.0,9.0,nan
ALNS-B,Example2,2,2,28.0,9.0,nan
ALNS-B,Example2,2,2,29.0,9.0,nan
ALNS-B,Example2,2,2,30.0,9.0,nan
ALNS-B,Example2,2,2,31.0,9.0,nan
ALNS-B,Example2,2,2,32.0,6.0,nan
ALNS-B,Example2,2,2,33.0,6.0,nan
ALNS-B,Example2,2,2,34.0,6.0,nan
ALNS-B,Example2,2,2,35.0,6.0,nan
ALNS-B,Example2,2,2,36.0,6.0,nan
ALNS-B,Example2,2,2,37.0,6.0,nan
ALNS-B,Example2,2,2,38.0,6.0,nan
ALNS-B,Example2,2,2,39.0,6.0,nan
ALNS-B,Example2,2,2,40.0,6.0,nan
ALNS-B,Example2,2,2,41.0,6.0,nan
ALNS-B,Example2,2,2,42.0,6.0,nan
ALNS-B,Example2,2,2,43.0,6.0,nan
ALNS-B,Example2,2,2,44.0,6.0,nan
ALNS-B,Example2,2,2,45.0,6.0,nan
ALNS-B,Example2,2,2,46.0,6.0,nan
ALNS-B,Example2,2,2,47.0,5.0,nan
ALNS-B,Example2,2,2,48.0,5.0,nan
ALNS-B,Example2,2,2,49.0,5.0,nan
ALNS-B,Example2,2,2,50.0,5.0,nan
ALNS-B,Example2,2,2,51.0,5.0,nan
ALNS-B,Example2,2,2,52.0,5.0,nan
ALNS-B,Example2,2,2,53.0,5.0,nan
ALNS-B,Example2,2,2,54.0,5.0,nan
ALNS-B,Example2,2,2,55.0,5.0,nan
ALNS-B,Example2,2,2,56.0,5.0,nan
ALNS-B,Example2,2,2,57.0,5.0,nan
ALNS-B,Example2,2,2,58.0,5.0,nan
ALNS-B,Example2,2,2,59.0,5.0,nan
ALNS-B,Example2,2,2,60.0,5.0,nan
ALNS-B,Example2,2,2,61.0,5.0,nan
ALNS-B,Example2,2,2,62.0,5.0,nan
ALNS-B,Example2,2,2,63.0,5.0,nan
ALNS-B,Example2,2,2,64.0,4.0,nan
ALNS-B,Example2,2,2,65.0,4.0,nan
ALNS-B,Example2,2,2,66.0,4.0,nan
ALNS-B,Example2,2,2,67.0,4.0,nan
ALNS-B,Example2,2,2,68.0,4.0,nan
ALNS-B,Example2,2,2,69.0,4.0,nan
ALNS-B,Example2,2,2,70.0,4.0,nan
ALNS-B,Example2,2,2,71.0,4.0,nan
ALNS-B,Example2,2,2,72.0,4.0,nan
ALNS-B,Example2,2,2,73.0,4.0,nan
ALNS-B,Example2,2,2,74.0,4.0,nan
ALNS-B,Example2,2,2,75.0,4.0,nan
ALNS-B,Example2,2,2,76.0,4.0,nan
ALNS-B,Example2,2,2,77.0,4.0,nan
ALNS-B,Example2,2,2,78.0,4.0,nan
ALNS-B,Example2,2,2,79.0,4.0,nan
ALNS-B,Example2,2,2,80.0,4.0,nan
ALNS-B,Example2,2,2,81.0,4.0,nan
ALNS-B,Example2,2,2,82.0,4.0,nan
ALNS-B,Example2,2,2,83.0,4.0,nan
ALNS-B,Example2,2,2,84.0,4.0,nan
ALNS-B,Example2,2,2,85.0,4.0,nan
ALNS-B,Example2,2,2,86.0,4.0,nan
ALNS-B,Example2,2,2,87.0,4.0,nan
ALNS-B,Example2,2,2,88.0,4.0,nan
ALNS-B,Example2,2,2,89.0,4.0,nan
ALNS-B,Example2,2,2,90.0,4.0,nan
ALNS-B,Example2,2,2,91.0,4.0,nan
ALNS-B,Example2,2,2,92.0,4.0,nan
ALNS-B,Example2,2,2,93.0,4.0,nan
ALNS-B,Example2,2,2,94.0,4.0,nan
ALNS-B,Example2,2,2,95.0,4.0,nan
ALNS-B,Example2,2,2,96.0,4.0,nan
ALNS-B,Example2,2,2,97.0,4.0,nan
ALNS-B,Example2,2,2,98.0,4.0,nan
ALNS-B,Example2,2,2,99.0,2.0,nan
ALNS-B,Example2,2,2,100.0,2.0,nan
ALNS-B,Example2,2,2,101.0,2.0,nan
ALNS-B,Example2,2,2,102.0,2.0,nan
ALNS-B,Example2,2,2,103.0,2.0,nan
ALNS-B,Example2,2,2,104.0,2.0,nan
ALNS-B,Example2,2,2,105.0,2.0,nan
ALNS-B,Example2,2,2,106.0,2.0,nan
ALNS-B,Example2,2,2,107.0,2.0,nan
ALNS-B,Example2,2,2,108.0,2.0,nan
ALNS-B,Example2,2,2,109.0,2.0,nan
ALNS-B,Example2,2,2,110.0,2.0,nan
ALNS-B,Example2,2,2,111.0,2.0,nan
ALNS-B,Example2,2,2,112.0,1.0,nan
ALNS-B,Example2,2,2,113.0,1.0,nan
ALNS-B,Example2,2,2,114.0,1.0,nan
ALNS-B,Example2,2,2,115.0,1.0,nan
ALNS-B,Example2,2,2,116.0,1.0,nan
ALNS-B,Example2,2,2,117.0,1.0,nan
ALNS-B,Example2,2,2,118.0,1.0,nan
ALNS-B,Example2,2,2,119.0,1.0,nan
ALNS-B,Example2,2,2,120.0,1.0,nan
ALNS-B,Example2,2,2,121.0,1.0,nan
ALNS-B,Example2,2,2,122.0,1.0,nan
ALNS-B,Example2,2,2,123.0,1.0,nan
ALNS-B,Example2,2,2,124.0,1.0,nan
ALNS-B,Example2,2,2,125.0,1.0,nan
ALNS-B,Example2,2,2,126.0,1.0,nan
ALNS-B,Example2,2,2,127.0,1.0,nan
ALNS-B,Example2,2,2,128.0,1.0,nan
ALNS-B,Example2,2,2,129.0,1.0,nan
ALNS-B,Example2,2,2,130.0,1.0,nan
ALNS-B,Example2,2,2,131.0,1.0,nan
ALNS-B,Example2,2,2,132.0,1.0,nan
ALNS-B,Example2,2,2,133.0,1.0,nan
ALNS-B,Example2,2,2,134.0,1.0,nan
ALNS-B,Example2,2,2,135.0,1.0,nan
ALNS-B,Example2,2,2,136.0,1.0,nan
ALNS-B,Example2,2,2,137.0,1.0,nan
ALNS-B,Example2,2,2,138.0,1.0,nan
ALNS-B,Example2,2,2,139.0,1.0,nan
ALNS-B,Example2,2,2,140.0,1.0,nan
ALNS-B,Example2,2,2,141.0,1.0,nan
ALNS-B,Example2,2,2,142.0,1.0,nan
ALNS-B,Example2,2,2,143.0,1.0,nan
ALNS-B,Example2,2,2,144.0,1.0,nan
ALNS-B,Example2,2,2,145.0,1.0,nan
ALNS-B,Example2,2,2,146.0,1.0,nan
ALNS-B,Example2,2,2,147.0,1.0,nan
ALNS-B,Example2,2,2,148.0,1.0,nan
ALNS-B,Example2,2,2,149.0,1.0,nan
ALNS-B,Example2,2,2,150.0,1.0,nan
ALNS-B,Example2,2,2,151.0,1.0,nan
ALNS-B,Example2,2,2,152.0,1.0,nan
ALNS-B,Example2,2,2,153.0,1.0,nan
ALNS-B,Example2,2,2,154.0,1.0,nan
ALNS-B,Example2,2,2,155.0,1.0,nan
ALNS-B,Example2,2,2,156.0,1.0,nan
ALNS-B,Example2,2,2,157.0,1.0,nan
ALNS-B,Example2,2,2,158.0,1.0,nan
ALNS-B,Example2,2,2,159.0,1.0,nan
ALNS-B,Example2,2,2,160.0,1.0,nan
ALNS-B,Example2,2,2,161.0,1.0,nan
ALNS-B,Example2,2,2,162.0,1.0,nan
ALNS-B,Example2,2,2,163.0,1.0,nan
ALNS-B,Example2,2,2,164.0,1.0,nan
ALNS-B,Example2,2,2,165.0,1.0,nan
ALNS-B,Example2,2,2,166.0,1.0,nan
ALNS-B,Example2,2,2,167.0,1.0,nan
ALNS-B,Example2,2,2,168.0,1.0,nan
ALNS-B,Example2,2,2,169.0,1.0,nan
ALNS-B,Example2,2,2,170.0,1.0,nan
ALNS-B,Example2,2,2,171.0,1.0,nan
ALNS-B,Example2,2,2,172.0,1.0,nan
ALNS-B,Example2,2,2,173.0,1.0,nan
ALNS-B,Example2,2,2,174.0,1.0,nan
ALNS-B,Example2,2,2,175.0,1.0,nan
ALNS-B,Example2,2,2,176.0,1.0,nan
ALNS-B,Example2,2,2,177.0,1.0,nan
ALNS-B,Example2,2,2,178.0,1.0,nan
ALNS-B,Example2,2,2,179.0,1.0,nan
ALNS-B,Example2,2,2,180.0,1.0,nan
ALNS-B,Example2,2,2,181.0,1.0,nan
ALNS-B,Example2,2,2,182.0,1.0,nan
ALNS-B,Example2,2,2,183.0,1.0,nan
ALNS-B,Example2,2,2,184.0,1.0,nan
ALNS-B,Example2,2,2,185.0,1.0,nan
ALNS-B,Example2,2,2,186.0,1.0,nan
ALNS-B,Example2,2,2,187.0,1.0,nan
ALNS-B,Example2,2,2,188.0,1.0,nan
ALNS-B,Example2,2,2,189.0,1.0,nan
ALNS-B,Example2,2,2,190.0,1.0,nan
ALNS-B,Example2,2,2,191.0,1.0,nan
ALNS-B,Example2,2,2,192.0,1.0,nan
ALNS-B,Example2,2,2,193.0,1.0,nan
ALNS-B,Example2,2,2,194.0,1.0,nan
ALNS-B,Example2,2,2,195.0,1.0,nan
ALNS-B,Example2,2,2,196.0,1.0,nan
ALNS-B,Example2,2,2,197.0,1.0,nan
ALNS-B,Example2,2,2,198.0,1.0,nan
ALNS-B,Example2,2,2,199.0,1.0,nan
ALNS-B,Example2,2,2,200.0,1.0,nan
ALNS-B,Example2,2,2,201.0,1.0,nan
ALNS-B,Example2,2,2,202.0,1.0,nan
ALNS-B,Example2,2,2,203.0,1.0,nan
ALNS-B,Example2,2,2,204.0,1.0,nan
ALNS-B,Example2,2,2,205.0,1.0,nan
ALNS-B,Example2,2,2,206.0,1.0,nan
ALNS-B,Example2,2,2,207.0,1.0,nan
ALNS-B,Example2,2,2,208.0,1.0,nan
ALNS-B,Example2,2,2,209.0,1.0,nan
ALNS-B,Example2,2,2,210.0,1.0,nan
ALNS-B,Example2,2,2,211.0,1.0,nan
ALNS-B,Example2,2,2,212.0,1.0,nan
ALNS-B,Example2,2,2,213.0,1.0,nan
ALNS-B,Example2,2,2,214.0,1.0,nan
ALNS-B,Example2,2,2,215.0,1.0,nan
ALNS-B,Example2,2,2,216.0,1.0,nan
ALNS-B,Example2,2,2,217.0,1.0,nan
ALNS-B,Example2,2,2,218.0,1.0,nan
ALNS-B,Example2,2,2,219.0,1.0,nan
ALNS-B,Example2,2,2,220.0,1.0,nan
ALNS-B,Example2,2,2,221.0,1.0,nan
ALNS-B,Example2,2,2,222.0,1.0,nan
ALNS-B,Example2,2,2,223.0,1.0,nan
ALNS-B,Example2,2,2,224.0,1.0,nan
ALNS-B,Example2,2,2,225.0,1.0,nan
ALNS-B,Example2,2,2,226.0,1.0,nan
ALNS-B,Example2,2,2,227.0,1.0,nan
ALNS-B,Example2,2,2,228.0,1.0,nan
ALNS-B,Example2,2,2,229.0,1.0,nan
ALNS-B,Example2,2,2,230.0,1.0,nan
ALNS-B,Example2,2,2,231.0,1.0,nan
ALNS-B,Example2,2,2,232.0,1.0,nan
ALNS-B,Example2,2,2,233.0,1.0,nan
ALNS-B,Example2,2,2,234.0,1.0,nan
ALNS-B,Example2,2,2,235.0,1.0,nan
ALNS-B,Example2,2,2,236.0,1.0,nan
ALNS-B,Example2,2,2,237.0,1.0,nan
ALNS-B,Example2,2,2,238.0,1.0,nan
ALNS-B,Example2,2,2,239.0,1.0,nan
ALNS-B,Example2,2,2,240.0,1.0,nan
ALNS-B,Example2,2,2,241.0,1.0,nan
ALNS-B,Example2,2,2,242.0,1.0,nan
ALNS-B,Example2,2,2,243.0,1.0,nan
ALNS-B,Example2,2,2,244.0,1.0,nan
ALNS-B,Example2,2,2,245.0,1.0,nan
ALNS-B,Example2,2,2,246.0,1.0,nan
ALNS-B,Example2,2,2,247.0,1.0,nan
ALNS-B,Example2,2,2,248.0,1.0,nan
ALNS-B,Example2,2,2,249.0,1.0,nan
ALNS-B,Example2,2,2,250.0,1.0,nan
ALNS-B,Example2,2,2,251.0,1.0,nan
ALNS-B,Example2,2,2,252.0,1.0,nan
ALNS-B,Example2,2,2,253.0,1.0,nan
ALNS-B,Example2,2,2,254.0,1.0,nan
ALNS-B,Example2,2,2,255.0,1.0,nan
ALNS-B,Example2,2,2,256.0,1.0,nan
ALNS-B,Example2,2,2,257.0,1.0,nan
ALNS-B,Example2,2,2,258.0,1.0,nan
ALNS-B,Example2,2,2,259.0,1.0,nan
ALNS-B,Example2,2,2,260.0,1.0,nan
ALNS-B,Example2,2,2,261.0,1.0,nan
ALNS-B,Example2,2,2,262.0,1.0,nan
ALNS-B,Example2,2,2,263.0,1.0,nan
ALNS-B,Example2,2,2,264.0,1.0,nan
ALNS-B,Example2,2,2,265.0,1.0,nan
ALNS-B,Example2,2,2,266.0,1.0,nan
ALNS-B,Example2,2,2,267.0,1.0,nan
ALNS-B,Example2,2,2,268.0,1.0,nan
ALNS-B,Example2,2,2,269.0,1.0,nan
ALNS-B,Example2,2,2,270.0,1.0,nan
ALNS-B,Example2,2,2,271.0,1.0,nan
ALNS-B,Example2,2,2,272.0,1.0,nan
ALNS-B,Example2,2,2,273.0,1.0,nan
ALNS-B,Example3,3,0,0.0,162.0,nan
ALNS-B,Example3,3,0,1.0,162.0,nan
ALNS-B,Example3,3,0,2.0,162.0,nan
ALNS-B,Example3,3,0,3.0,162.0,nan
ALNS-B,Example3,3,0,4.0,162.0,nan
ALNS-B,Example3,3,0,5.0,41.0,nan
ALNS-B,Example3,3,0,6.0,41.0,nan
ALNS-B,Example3,3,0,7.0,41.0,nan
ALNS-B,Example3,3,0,8.0,41.0,nan
ALNS-B,Example3,3,0,9.0,41.0,nan
ALNS-B,Example3,3,0,10.0,41.0,nan
ALNS-B,Example3,3,0,11.0,41.0,nan
ALNS-B,Example3,3,0,12.0,41.0,nan
ALNS-B,Example3,3,0,13.0,41.0,nan
ALNS-B,Example3,3,0,14.0,41.0,nan
ALNS-B,Example3,3,0,15.0,41.0,nan
ALNS-B,Example3,3,0,16.0,41.0,nan
ALNS-B,Example3,3,0,17.0,41.0,nan
ALNS-B,Example3,3,0,18.0,41.0,nan
ALNS-B,Example3,3,0,19.0,41.0,nan
ALNS-B,Example3,3,0,20.0,41.0,nan
ALNS-B,Example3,3,0,21.0,41.0,nan
ALNS-B,Example3,3,0,22.0,41.0,nan
ALNS-B,Example3,3,0,23.0,41.0,nan
ALNS-B,Example3,3,0,24.0,41.0,nan
ALNS-B,Example3,3,0,25.0,41.0,nan
ALNS-B,Example3,3,0,26.0,41.0,nan
ALNS-B,Example3,3,0,27.0,41.0,nan
ALNS-B,Example3,3,0,28.0,41.0,nan
ALNS-B,Example3,3,0,29.0,41.0,nan
ALNS-B,Example3,3,0,30.0,41.0,nan
ALNS-B,Example3,3,0,31.0,41.0,nan
ALNS-B,Example3,3,0,32.0,41.0,nan
ALNS-B,Example3,3,0,33.0,41.0,nan
ALNS-B,Example3,3,0,34.0,41.0,nan
ALNS-B,Example3,3,0,35.0,41.0,nan
ALNS-B,Example3,3,0,36.0,41.0,nan
ALNS-B,Example3,3,0,37.0,41.0,nan
ALNS-B,Example3,3,0,38.0,41.0,nan
ALNS-B,Example3,3,0,39.0,41.0,nan
ALNS-B,Example3,3,0,40.0,41.0,nan
ALNS-B,Example3,3,0,41.0,41.0,nan
ALNS-B,Example3,3,0,42.0,41.0,nan
ALNS-B,Example3,3,0,43.0,41.0,nan
ALNS-B,Example3,3,0,44.0,41.0,nan
ALNS-B,Example3,3,0,45.0,41.0,nan
ALNS-B,Example3,3,0,46.0,41.0,nan
ALNS-B,Example3,3,0,47.0,41.0,nan
ALNS-B,Example3,3,0,48.0,41.0,nan
ALNS-B,Example3,3,0,49.0,41.0,nan
ALNS-B,Example3,3,0,50.0,41.0,nan
ALNS-B,Example3,3,0,51.0,41.0,nan
ALNS-B,Example3,3,0,52.0,41.0,nan
ALNS-B,Example3,3,0,53.0,41.0,nan
ALNS-B,Example3,3,0,54.0,41.0,nan
ALNS-B,Example3,3,0,55.0,41.0,nan
ALNS-B,Example3,3,0,56.0,41.0,nan
ALNS-B,Example3,3,0,57.0,41.0,nan
ALNS-B,Example3,3,0,58.0,41.0,nan
ALNS-B,Example3,3,0,59.0,41.0,nan
ALNS-B,Example3,3,0,60.0,41.0,nan
ALNS-B,Example3,3,0,61.0,41.0,nan
ALNS-B,Example3,3,0,62.0,41.0,nan
ALNS-B,Example3,3,0,63.0,41.0,nan
ALNS-B,Example3,3,0,64.0,41.0,nan
ALNS-B,Example3,3,0,65.0,41.0,nan
ALNS-B,Example3,3,0,66.0,41.0,nan
ALNS-B,Example3,3,0,67.0,41.0,nan
ALNS-B,Example3,3,0,68.0,41.0,nan
ALNS-B,Example3,3,0,69.0,41.0,nan
ALNS-B,Example3,3,0,70.0,41.0,nan
ALNS-B,Example3,3,0,71.0,41.0,nan
ALNS-B,Example3,3,0,72.0,41.0,nan
ALNS-B,Example3,3,0,73.0,41.0,nan
ALNS-B,Example3,3,0,74.0,41.0,nan
ALNS-B,Example3,3,0,75.0,41.0,nan
ALNS-B,Example3,3,0,76.0,41.0,nan
ALNS-B,Example3,3,0,77.0,41.0,nan
ALNS-B,Example3,3,0,78.0,41.0,nan
ALNS-B,Example3,3,0,79.0,41.0,nan
ALNS-B,Example3,3,0,80.0,41.0,nan
ALNS-B,Example3,3,0,81.0,41.0,nan
ALNS-B,Example3,3,0,82.0,41.0,nan
ALNS-B,Example3,3,0,83.0,41.0,nan
ALNS-B,Example3,3,0,84.0,41.0,nan
ALNS-B,Example3,3,0,85.0,41.0,nan
ALNS-B,Example3,3,0,86.0,41.0,nan
ALNS-B,Example3,3,0,87.0,41.0,nan
ALNS-B,Example3,3,0,88.0,41.0,nan
ALNS-B,Example3,3,0,89.0,41.0,nan
ALNS-B,Example3,3,0,90.0,41.0,nan
ALNS-B,Example3,3,0,91.0,41.0,nan
ALNS-B,Example3,3,0,92.0,41.0,nan
ALNS-B,Example3,3,0,93.0,41.0,nan
ALNS-B,Example3,3,0,94.0,41.0,nan
ALNS-B,Example3,3,0,95.0,41.0,nan
ALNS-B,Example3,3,0,96.0,41.0,nan
ALNS-B,Example3,3,0,97.0,41.0,nan
ALNS-B,Example3,3,0,98.0,41.0,nan
ALNS-B,Example3,3,0,99.0,41.0,nan
ALNS-B,Example3,3,0,100.0,41.0,nan
ALNS-B,Example3,3,0,101.0,41.0,nan
ALNS-B,Example3,3,0,102.0,41.0,nan
ALNS-B,Example3,3,0,103.0,41.0,nan
ALNS-B,Example3,3,0,104.0,41.0,nan
ALNS-B,Example3,3,0,105.0,41.0,nan
ALNS-B,Example3,3,0,106.0,41.0,nan
ALNS-B,Example3,3,0,107.0,41.0,nan
ALNS-B,Example3,3,0,108.0,41.0,nan
ALNS-B,Example3,3,0,109.0,41.0,nan
ALNS-B,Example3,3,0,110.0,41.0,nan
ALNS-B,Example3,3,0,111.0,41.0,nan
ALNS-B,Example3,3,0,112.0,41.0,nan
ALNS-B,Example3,3,0,113.0,41.0,nan
ALNS-B,Example3,3,0,114.0,41.0,nan
ALNS-B,Example3,3,0,115.0,41.0,nan
ALNS-B,Example3,3,0,116.0,41.0,nan
ALNS-B,Example3,3,0,117.0,41.0,nan
ALNS-B,Example3,3,0,118.0,41.0,nan
ALNS-B,Example3,3,0,119.0,41.0,nan
ALNS-B,Example3,3,0,120.0,41.0,nan
ALNS-B,Example3,3,0,121.0,41.0,nan
ALNS-B,Example3,3,0,122.0,41.0,nan
ALNS-B,Example3,3,0,123.0,41.0,nan
ALNS-B,Example3,3,0,124.0,41.0,nan
ALNS-B,Example3,3,0,125.0,41.0,nan
ALNS-B,Example3,3,0,126.0,41.0,nan
ALNS-B,Example3,3,0,127.0,41.0,nan
ALNS-B,Example3,3,0,128.0,41.0,nan
ALNS-B,Example3,3,0,129.0,41.0,nan
ALNS-B,Example3,3,0,130.0,41.0,nan
ALNS-B,Example3,3,0,131.0,41.0,nan
ALNS-B,Example3,3,0,132.0,41.0,nan
ALNS-B,Example3,3,0,133.0,41.0,nan
ALNS-B,Example3,3,0,134.0,41.0,nan
ALNS-B,Example3,3,0,135.0,41.0,nan
ALNS-B,Example3,3,0,136.0,41.0,nan
ALNS-B,Example3,3,0,137.0,41.0,nan
ALNS-B,Example3,3,0,138.0,41.0,nan
ALNS-B,Example3,3,0,139.0,41.0,nan
ALNS-B,Example3,3,0,140.0,41.0,nan
ALNS-B,Example3,3,0,141.0,41.0,nan
ALNS-B,Example3,3,0,142.0,41.0,nan
ALNS-B,Example3,3,0,143.0,41.0,nan
ALNS-B,Example3,3,0,144.0,41.0,nan
ALNS-B,Example3,3,0,145.0,41.0,nan
ALNS-B,Example3,3,0,146.0,41.0,nan
ALNS-B,Example3,3,0,147.0,41.0,nan
ALNS-B,Example3,3,0,148.0,41.0,nan
ALNS-B,Example3,3,0,149.0,41.0,nan
ALNS-B,Example3,3,0,150.0,41.0,nan
ALNS-B,Example3,3,0,151.0,41.0,nan
ALNS-B,Example3,3,0,152.0,41.0,nan
ALNS-B,Example3,3,0,153.0,41.0,nan
ALNS-B,Example3,3,0,154.0,41.0,nan
ALNS-B,Example3,3,0,155.0,41.0,nan
ALNS-B,Example3,3,0,156.0,41.0,nan
ALNS-B,Example3,3,0,157.0,41.0,nan
ALNS-B,Example3,3,0,158.0,41.0,nan
ALNS-B,Example3,3,0,159.0,41.0,nan
ALNS-B,Example3,3,0,160.0,41.0,nan
ALNS-B,Example3,3,0,161.0,41.0,nan
ALNS-B,Example3,3,0,162.0,41.0,nan
ALNS-B,Example3,3,0,163.0,41.0,nan
ALNS-B,Example3,3,0,164.0,41.0,nan
ALNS-B,Example3,3,0,165.0,41.0,nan
ALNS-B,Example3,3,0,166.0,41.0,nan
ALNS-B,Example3,3,0,167.0,41.0,nan
ALNS-B,Example3,3,0,168.0,41.0,nan
ALNS-B,Example3,3,0,169.0,41.0,nan
ALNS-B,Example3,3,0,170.0,41.0,nan
ALNS-B,Example3,3,0,171.0,41.0,nan
ALNS-B,Example3,3,0,172.0,41.0,nan
ALNS-B,Example3,3,0,173.0,41.0,nan
ALNS-B,Example3,3,0,174.0,41.0,nan
ALNS-B,Example3,3,0,175.0,41.0,nan
ALNS-B,Example3,3,0,176.0,41.0,nan
ALNS-B,Example3,3,0,177.0,41.0,nan
ALNS-B,Example3,3,0,178.0,41.0,nan
ALNS-B,Example3,3,0,179.0,41.0,nan
ALNS-B,Example3,3,0,180.0,41.0,nan
ALNS-B,Example3,3,0,181.0,41.0,nan
ALNS-B,Example3,3,0,182.0,41.0,nan
ALNS-B,Example3,3,0,183.0,41.0,nan
ALNS-B,Example3,3,0,184.0,41.0,nan
ALNS-B,Example3,3,0,185.0,41.0,nan
ALNS-B,Example3,3,0,186.0,41.0,nan
ALNS-B,Example3,3,0,187.0,41.0,nan
ALNS-B,Example3,3,0,188.0,41.0,nan
ALNS-B,Example3,3,0,189.0,41.0,nan
ALNS-B,Example3,3,0,190.0,41.0,nan
ALNS-B,Example3,3,0,191.0,41.0,nan
ALNS-B,Example3,3,0,192.0,41.0,nan
ALNS-B,Example3,3,0,193.0,41.0,nan
ALNS-B,Example3,3,0,194.0,41.0,nan
ALNS-B,Example3,3,0,195.0,41.0,nan
ALNS-B,Example3,3,0,196.0,41.0,nan
ALNS-B,Example3,3,0,197.0,41.0,nan
ALNS-B,Example3,3,0,198.0,41.0,nan
ALNS-B,Example3,3,0,199.0,41.0,nan
ALNS-B,Example3,3,0,200.0,41.0,nan
ALNS-B,Example3,3,0,201.0,41.0,nan
ALNS-B,Example3,3,0,202.0,41.0,nan
ALNS-B,Example3,3,0,203.0,41.0,nan
ALNS-B,Example3,3,0,204.0,41.0,nan
ALNS-B,Example3,3,0,205.0,41.0,nan
ALNS-B,Example3,3,0,206.0,41.0,nan
ALNS-B,Example3,3,0,207.0,41.0,nan
ALNS-B,Example3,3,0,208.0,41.0,nan
ALNS-B,Example3,3,0,209.0,41.0,nan
ALNS-B,Example3,3,0,210.0,41.0,nan
ALNS-B,Example3,3,0,211.0,41.0,nan
ALNS-B,Example3,3,0,212.0,41.0,nan
ALNS-B,Example3,3,0,213.0,41.0,nan
ALNS-B,Example3,3,0,214.0,41.0,nan
ALNS-B,Example3,3,0,215.0,41.0,nan
ALNS-B,Example3,3,0,216.0,41.0,nan
ALNS-B,Example3,3,0,217.0,41.0,nan
ALNS-B,Example3,3,0,218.0,41.0,nan
ALNS-B,Example3,3,0,219.0,41.0,nan
ALNS-B,Example3,3,0,220.0,41.0,nan
ALNS-B,Example3,3,0,221.0,41.0,nan
ALNS-B,Example3,3,0,222.0,41.0,nan
ALNS-B,Example3,3,0,223.0,41.0,nan
ALNS-B,Example3,3,0,224.0,41.0,nan
ALNS-B,Example3,3,0,225.0,41.0,nan
ALNS-B,Example3,3,0,226.0,41.0,nan
ALNS-B,Example3,3,0,227.0,41.0,nan
ALNS-B,Example3,3,0,228.0,41.0,nan
ALNS-B,Example3,3,0,229.0,41.0,nan
ALNS-B,Example3,3,0,230.0,41.0,nan
ALNS-B,Example3,3,0,231.0,41.0,nan
ALNS-B,Example3,3,0,232.0,41.0,nan
ALNS-B,Example3,3,0,233.0,41.0,nan
ALNS-B,Example3,3,0,234.0,41.0,nan
ALNS-B,Example3,3,0,235.0,41.0,nan
ALNS-B,Example3,3,0,236.0,41.0,nan
ALNS-B,Example3,3,0,237.0,41.0,nan
ALNS-B,Example3,3,0,238.0,41.0,nan
ALNS-B,Example3,3,0,239.0,41.0,nan
ALNS-B,Example3,3,0,240.0,41.0,nan
ALNS-B,Example3,3,0,241.0,41.0,nan
ALNS-B,Example3,3,0,242.0,41.0,nan
ALNS-B,Example3,3,0,243.0,41.0,nan
ALNS-B,Example3,3,0,244.0,41.0,nan
ALNS-B,Example3,3,0,245.0,41.0,nan
ALNS-B,Example3,3,0,246.0,41.0,nan
ALNS-B,Example3,3,0,247.0,41.0,nan
ALNS-B,Example3,3,0,248.0,41.0,nan
ALNS-B,Example3,3,0,249.0,41.0,nan
ALNS-B,Example3,3,0,250.0,41.0,nan
ALNS-B,Example3,3,0,251.0,41.0,nan
ALNS-B,Example3,3,0,252.0,41.0,nan
ALNS-B,Example3,3,0,253.0,41.0,nan
ALNS-B,Example3,3,0,254.0,41.0,nan
ALNS-B,Example3,3,0,255.0,41.0,nan
ALNS-B,Example3,3,0,256.0,41.0,nan
ALNS-B,Example3,3,0,257.0,41.0,nan
ALNS-B,Example3,3,0,258.0,41.0,nan
ALNS-B,Example3,3,0,259.0,41.0,nan
ALNS-B,Example3,3,0,260.0,41.0,nan
ALNS-B,Example3,3,0,261.0,41.0,nan
ALNS-B,Example3,3,0,262.0,41.0,nan
ALNS-B,Example3,3,0,263.0,41.0,nan
ALNS-B,Example3,3,0,264.0,41.0,nan
ALNS-B,Example3,3,0,265.0,41.0,nan
ALNS-B,Example3,3,0,266.0,41.0,nan
ALNS-B,Example3,3,0,267.0,41.0,nan
ALNS-B,Example3,3,0,268.0,41.0,nan
ALNS-B,Example3,3,0,269.0,41.0,nan
ALNS-B,Example3,3,0,270.0,41.0,nan
ALNS-B,Example3,3,0,271.0,41.0,nan
ALNS-B,Example3,3,0,272.0,41.0,nan
ALNS-B,Example3,3,0,273.0,41.0,nan
ALNS-B,Example3,3,1,0.0,162.0,nan
ALNS-B,Example3,3,1,1.0,162.0,nan
ALNS-B,Example3,3,1,2.0,162.0,nan
ALNS-B,Example3,3,1,3.0,162.0,nan
ALNS-B,Example3,3,1,4.0,162.0,nan
ALNS-B,Example3,3,1,5.0,76.0,nan
ALNS-B,Example3,3,1,6.0,76.0,nan
ALNS-B,Example3,3,1,7.0,76.0,nan
ALNS-B,Example3,3,1,8.0,76.0,nan
ALNS-B,Example3,3,1,9.0,40.0,nan
ALNS-B,Example3,3,1,10.0,26.0,nan
ALNS-B,Example3,3,1,11.0,26.0,nan
ALNS-B,Example3,3,1,12.0,26.0,nan
ALNS-B,Example3,3,1,13.0,26.0,nan
ALNS-B,Example3,3,1,14.0,26.0,nan
ALNS-B,Example3,3,1,15.0,26.0,nan
ALNS-B,Example3,3,1,16.0,26.0,nan
ALNS-B,Example3,3,1,17.0,26.0,nan
ALNS-B,Example3,3,1,18.0,26.0,nan
ALNS-B,Example3,3,1,19.0,26.0,nan
ALNS-B,Example3,3,1,20.0,26.0,nan
ALNS-B,Example3,3,1,21.0,26.0,nan
ALNS-B,Example3,3,1,22.0,26.0,nan
ALNS-B,Example3,3,1,23.0,26.0,nan
ALNS-B,Example3,3,1,24.0,26.0,nan
ALNS-B,Example3,3,1,25.0,26.0,nan
ALNS-B,Example3,3,1,26.0,26.0,nan
ALNS-B,Example3,3,1,27.0,26.0,nan
ALNS-B,Example3,3,1,28.0,26.0,nan
ALNS-B,Example3,3,1,29.0,26.0,nan
ALNS-B,Example3,3,1,30.0,26.0,nan
ALNS-B,Example3,3,1,31.0,26.0,nan
ALNS-B,Example3,3,1,32.0,26.0,nan
ALNS-B,Example3,3,1,33.0,26.0,nan
ALNS-B,Example3,3,1,34.0,26.0,nan
ALNS-B,Example3,3,1,35.0,26.0,nan
ALNS-B,Example3,3,1,36.0,26.0,nan
ALNS-B,Example3,3,1,37.0,26.0,nan
ALNS-B,Example3,3,1,38.0,26.0,nan
ALNS-B,Example3,3,1,39.0,26.0,nan
ALNS-B,Example3,3,1,40.0,26.0,nan
ALNS-B,Example3,3,1,41.0,26.0,nan
ALNS-B,Example3,3,1,42.0,26.0,nan
ALNS-B,Example3,3,1,43.0,26.0,nan
ALNS-B,Example3,3,1,44.0,26.0,nan
ALNS-B,Example3,3,1,45.0,26.0,nan
ALNS-B,Example3,3,1,46.0,26.0,nan
ALNS-B,Example3,3,1,47.0,26.0,nan
ALNS-B,Example3,3,1,48.0,26.0,nan
ALNS-B,Example3,3,1,49.0,26.0,nan
ALNS-B,Example3,3,1,50.0,26.0,nan
ALNS-B,Example3,3,1,51.0,26.0,nan
ALNS-B,Example3,3,1,52.0,26.0,nan
ALNS-B,Example3,3,1,53.0,26.0,nan
ALNS-B,Example3,3,1,54.0,26.0,nan
ALNS-B,Example3,3,1,55.0,26.0,nan
ALNS-B,Example3,3,1,56.0,26.0,nan
ALNS-B,Example3,3,1,57.0,26.0,nan
ALNS-B,Example3,3,1,58.0,26.0,nan
ALNS-B,Example3,3,1,59.0,26.0,nan
ALNS-B,Example3,3,1,60.0,26.0,nan
ALNS-B,Example3,3,1,61.0,26.0,nan
ALNS-B,Example3,3,1,62.0,26.0,nan
ALNS-B,Example3,3,1,63.0,26.0,nan
ALNS-B,Example3,3,1,64.0,26.0,nan
ALNS-B,Example3,3,1,65.0,26.0,nan
ALNS-B,Example3,3,1,66.0,26.0,nan
ALNS-B,Example3,3,1,67.0,26.0,nan
ALNS-B,Example3,3,1,68.0,26.0,nan
ALNS-B,Example3,3,1,69.0,26.0,nan
ALNS-B,Example3,3,1,70.0,26.0,nan
ALNS-B,Example3,3,1,71.0,26.0,nan
ALNS-B,Example3,3,1,72.0,26.0,nan
ALNS-B,Example3,3,1,73.0,26.0,nan
ALNS-B,Example3,3,1,74.0,26.0,nan
ALNS-B,Example3,3,1,75.0,26.0,nan
ALNS-B,Example3,3,1,76.0,26.0,nan
ALNS-B,Example3,3,1,77.0,26.0,nan
ALNS-B,Example3,3,1,78.0,26.0,nan
ALNS-B,Example3,3,1,79.0,26.0,nan
ALNS-B,Example3,3,1,80.0,26.0,nan
ALNS-B,Example3,3,1,81.0,26.0,nan
ALNS-B,Example3,3,1,82.0,26.0,nan
ALNS-B,Example3,3,1,83.0,26.0,nan
ALNS-B,Example3,3,1,84.0,26.0,nan
ALNS-B,Example3,3,1,85.0,26.0,nan
ALNS-B,Example3,3,1,86.0,26.0,nan
ALNS-B,Example3,3,1,87.0,26.0,nan
ALNS-B,Example3,3,1,88.0,26.0,nan
ALNS-B,Example3,3,1,89.0,26.0,nan
ALNS-B,Example3,3,1,90.0,26.0,nan
ALNS-B,Example3,3,1,91.0,26.0,nan
ALNS-B,Example3,3,1,92.0,26.0,nan
ALNS-B,Example3,3,1,93.0,26.0,nan
ALNS-B,Example3,3,1,94.0,26.0,nan
ALNS-B,Example3,3,1,95.0,26.0,nan
ALNS-B,Example3,3,1,96.0,26.0,nan
ALNS-B,Example3,3,1,97.0,26.0,nan
ALNS-B,Example3,3,1,98.0,26.0,nan
ALNS-B,Example3,3,1,99.0,26.0,nan
ALNS-B,Example3,3,1,100.0,26.0,nan
ALNS-B,Example3,3,1,101.0,26.0,nan
ALNS-B,Example3,3,1,102.0,26.0,nan
ALNS-B,Example3,3,1,103.0,26.0,nan
ALNS-B,Example3,3,1,104.0,26.0,nan
ALNS-B,Example3,3,1,105.0,26.0,nan
ALNS-B,Example3,3,1,106.0,26.0,nan
ALNS-B,Example3,3,1,107.0,26.0,nan
ALNS-B,Example3,3,1,108.0,26.0,nan
ALNS-B,Example3,3,1,109.0,26.0,nan
ALNS-B,Example3,3,1,110.0,26.0,nan
ALNS-B,Example3,3,1,111.0,26.0,nan
ALNS-B,Example3,3,1,112.0,26.0,nan
ALNS-B,Example3,3,1,113.0,26.0,nan
ALNS-B,Example3,3,1,114.0,26.0,nan
ALNS-B,Example3,3,1,115.0,26.0,nan
ALNS-B,Example3,3,1,116.0,26.0,nan
ALNS-B,Example3,3,1,117.0,26.0,nan
ALNS-B,Example3,3,1,118.0,26.0,nan
ALNS-B,Example3,3,1,119.0,26.0,nan
ALNS-B,Example3,3,1,120.0,26.0,nan
ALNS-B,Example3,3,1,121.0,26.0,nan
ALNS-B,Example3,3,1,122.0,26.0,nan
ALNS-B,Example3,3,1,123.0,26.0,nan
ALNS-B,Example3,3,1,124.0,26.0,nan
ALNS-B,Example3,3,1,125.0,26.0,nan
ALNS-B,Example3,3,1,126.0,26.0,nan
ALNS-B,Example3,3,1,127.0,26.0,nan
ALNS-B,Example3,3,1,128.0,26.0,nan
ALNS-B,Example3,3,1,129.0,26.0,nan
ALNS-B,Example3,3,1,130.0,26.0,nan
ALNS-B,Example3,3,1,131.0,26.0,nan
ALNS-B,Example3,3,1,132.0,26.0,nan
ALNS-B,Example3,3,1,133.0,26.0,nan
ALNS-B,Example3,3,1,134.0,26.0,nan
ALNS-B,Example3,3,1,135.0,26.0,nan
ALNS-B,Example3,3,1,136.0,26.0,nan
ALNS-B,Example3,3,1,137.0,26.0,nan
ALNS-B,Example3,3,1,138.0,26.0,nan
ALNS-B,Example3,3,1,139.0,26.0,nan
ALNS-B,Example3,3,1,140.0,26.0,nan
ALNS-B,Example3,3,1,141.0,26.0,nan
ALNS-B,Example3,3,1,142.0,26.0,nan
ALNS-B,Example3,3,1,143.0,26.0,nan
ALNS-B,Example3,3,1,144.0,26.0,nan
ALNS-B,Example3,3,1,145.0,26.0,nan
ALNS-B,Example3,3,1,146.0,26.0,nan
ALNS-B,Example3,3,1,147.0,26.0,nan
ALNS-B,Example3,3,1,148.0,26.0,nan
ALNS-B,Example3,3,1,149.0,26.0,nan
ALNS-B,Example3,3,1,150.0,26.0,nan
ALNS-B,Example3,3,1,151.0,26.0,nan
ALNS-B,Example3,3,1,152.0,26.0,nan
ALNS-B,Example3,3,1,153.0,26.0,nan
ALNS-B,Example3,3,1,154.0,26.0,nan
ALNS-B,Example3,3,1,155.0,26.0,nan
ALNS-B,Example3,3,1,156.0,26.0,nan
ALNS-B,Example3,3,1,157.0,26.0,nan
ALNS-B,Example3,3,1,158.0,26.0,nan
ALNS-B,Example3,3,1,159.0,26.0,nan
ALNS-B,Example3,3,1,160.0,26.0,nan
ALNS-B,Example3,3,1,161.0,26.0,nan
ALNS-B,Example3,3,1,162.0,26.0,nan
ALNS-B,Example3,3,1,163.0,26.0,nan
ALNS-B,Example3,3,1,164.0,26.0,nan
ALNS-B,Example3,3,1,165.0,26.0,nan
ALNS-B,Example3,3,1,166.0,26.0,nan
ALNS-B,Example3,3,1,167.0,26.0,nan
ALNS-B,Example3,3,1,168.0,26.0,nan
ALNS-B,Example3,3,1,169.0,26.0,nan
ALNS-B,Example3,3,1,170.0,26.0,nan
ALNS-B,Example3,3,1,171.0,26.0,nan
ALNS-B,Example3,3,1,172.0,26.0,nan
ALNS-B,Example3,3,1,173.0,26.0,nan
ALNS-B,Example3,3,1,174.0,26.0,nan
ALNS-B,Example3,3,1,175.0,26.0,nan
ALNS-B,Example3,3,1,176.0,26.0,nan
ALNS-B,Example3,3,1,177.0,26.0,nan
ALNS-B,Example3,3,1,178.0,26.0,nan
ALNS-B,Example3,3,1,179.0,26.0,nan
ALNS-B,Example3,3,1,180.0,26.0,nan
ALNS-B,Example3,3,1,181.0,26.0,nan
ALNS-B,Example3,3,1,182.0,26.0,nan
ALNS-B,Example3,3,1,183.0,26.0,nan
ALNS-B,Example3,3,1,184.0,26.0,nan
ALNS-B,Example3,3,1,185.0,26.0,nan
ALNS-B,Example3,3,1,186.0,26.0,nan
ALNS-B,Example3,3,1,187.0,26.0,nan
ALNS-B,Example3,3,1,188.0,26.0,nan
ALNS-B,Example3,3,1,189.0,26.0,nan
ALNS-B,Example3,3,1,190.0,26.0,nan
ALNS-B,Example3,3,1,191.0,26.0,nan
ALNS-B,Example3,3,1,192.0,26.0,nan
ALNS-B,Example3,3,1,193.0,26.0,nan
ALNS-B,Example3,3,1,194.0,25.0,nan
ALNS-B,Example3,3,1,195.0,25.0,nan
ALNS-B,Example3,3,1,196.0,25.0,nan
ALNS-B,Example3,3,1,197.0,25.0,nan
ALNS-B,Example3,3,1,198.0,25.0,nan
ALNS-B,Example3,3,1,199.0,25.0,nan
ALNS-B,Example3,3,1,200.0,25.0,nan
ALNS-B,Example3,3,1,201.0,25.0,nan
ALNS-B,Example3,3,1,202.0,25.0,nan
ALNS-B,Example3,3,1,203.0,25.0,nan
ALNS-B,Example3,3,1,204.0,25.0,nan
ALNS-B,Example3,3,1,205.0,25.0,nan
ALNS-B,Example3,3,1,206.0,25.0,nan
ALNS-B,Example3,3,1,207.0,25.0,nan
ALNS-B,Example3,3,1,208.0,25.0,nan
ALNS-B,Example3,3,1,209.0,25.0,nan
ALNS-B,Example3,3,1,210.0,25.0,nan
ALNS-B,Example3,3,1,211.0,25.0,nan
ALNS-B,Example3,3,1,212.0,25.0,nan
ALNS-B,Example3,3,1,213.0,25.0,nan
ALNS-B,Example3,3,1,214.0,25.0,nan
ALNS-B,Example3,3,1,215.0,25.0,nan
ALNS-B,Example3,3,1,216.0,25.0,nan
ALNS-B,Example3,3,1,217.0,25.0,nan
ALNS-B,Example3,3,1,218.0,25.0,nan
ALNS-B,Example3,3,1,219.0,25.0,nan
ALNS-B,Example3,3,1,220.0,25.0,nan
ALNS-B,Example3,3,1,221.0,25.0,nan
ALNS-B,Example3,3,1,222.0,25.0,nan
ALNS-B,Example3,3,1,223.0,25.0,nan
ALNS-B,Example3,3,1,224.0,25.0,nan
ALNS-B,Example3,3,1,225.0,25.0,nan
ALNS-B,Example3,3,1,226.0,25.0,nan
ALNS-B,Example3,3,1,227.0,25.0,nan
ALNS-B,Example3,3,1,228.0,25.0,nan
ALNS-B,Example3,3,1,229.0,25.0,nan
ALNS-B,Example3,3,1,230.0,25.0,nan
ALNS-B,Example3,3,1,231.0,25.0,nan
ALNS-B,Example3,3,1,232.0,25.0,nan
ALNS-B,Example3,3,1,233.0,25.0,nan
ALNS-B,Example3,3,1,234.0,25.0,nan
ALNS-B,Example3,3,1,235.0,25.0,nan
ALNS-B,Example3,3,1,236.0,25.0,nan
ALNS-B,Example3,3,1,237.0,25.0,nan
ALNS-B,Example3,3,1,238.0,25.0,nan
ALNS-B,Example3,3,1,239.0,25.0,nan
ALNS-B,Example3,3,1,240.0,25.0,nan
ALNS-B,Example3,3,1,241.0,25.0,nan
ALNS-B,Example3,3,1,242.0,25.0,nan
ALNS-B,Example3,3,1,243.0,25.0,nan
ALNS-B,Example3,3,1,244.0,25.0,nan
ALNS-B,Example3,3,1,245.0,25.0,nan
ALNS-B,Example3,3,1,246.0,25.0,nan
ALNS-B,Example3,3,1,247.0,25.0,nan
ALNS-B,Example3,3,1,248.0,25.0,nan
ALNS-B,Example3,3,1,249.0,25.0,nan
ALNS-B,Example3,3,1,250.0,25.0,nan
ALNS-B,Example3,3,1,251.0,25.0,nan
ALNS-B,Example3,3,1,252.0,25.0,nan
ALNS-B,Example3,3,1,253.0,25.0,nan
ALNS-B,Example3,3,1,254.0,25.0,nan
ALNS-B,Example3,3,1,255.0,25.0,nan
ALNS-B,Example3,3,1,256.0,25.0,nan
ALNS-B,Example3,3,1,257.0,25.0,nan
ALNS-B,Example3,3,1,258.0,25.0,nan
ALNS-B,Example3,3,1,259.0,25.0,nan
ALNS-B,Example3,3,1,260.0,25.0,nan
ALNS-B,Example3,3,1,261.0,25.0,nan
ALNS-B,Example3,3,1,262.0,25.0,nan
ALNS-B,Example3,3,1,263.0,25.0,nan
ALNS-B,Example3,3,1,264.0,25.0,nan
ALNS-B,Example3,3,1,265.0,25.0,nan
ALNS-B,Example3,3,1,266.0,25.0,nan
ALNS-B,Example3,3,1,267.0,25.0,nan
ALNS-B,Example3,3,1,268.0,25.0,nan
ALNS-B,Example3,3,1,269.0,25.0,nan
ALNS-B,Example3,3,1,270.0,25.0,nan
ALNS-B,Example3,3,1,271.0,25.0,nan
ALNS-B,Example3,3,1,272.0,25.0,nan
ALNS-B,Example3,3,1,273.0,25.0,nan
ALNS-B,Example3,3,2,0.0,163.0,nan
ALNS-B,Example3,3,2,1.0,163.0,nan
ALNS-B,Example3,3,2,2.0,162.0,nan
ALNS-B,Example3,3,2,3.0,162.0,nan
ALNS-B,Example3,3,2,4.0,162.0,nan
ALNS-B,Example3,3,2,5.0,162.0,nan
ALNS-B,Example3,3,2,6.0,38.0,nan
ALNS-B,Example3,3,2,7.0,38.0,nan
ALNS-B,Example3,3,2,8.0,38.0,nan
ALNS-B,Example3,3,2,9.0,36.0,nan
ALNS-B,Example3,3,2,10.0,36.0,nan
ALNS-B,Example3,3,2,11.0,36.0,nan
ALNS-B,Example3,3,2,12.0,36.0,nan
ALNS-B,Example3,3,2,13.0,36.0,nan
ALNS-B,Example3,3,2,14.0,22.0,nan
ALNS-B,Example3,3,2,15.0,22.0,nan
ALNS-B,Example3,3,2,16.0,22.0,nan
ALNS-B,Example3,3,2,17.0,22.0,nan
ALNS-B,Example3,3,2,18.0,22.0,nan
ALNS-B,Example3,3,2,19.0,22.0,nan
ALNS-B,Example3,3,2,20.0,22.0,nan
ALNS-B,Example3,3,2,21.0,22.0,nan
ALNS-B,Example3,3,2,22.0,22.0,nan
ALNS-B,Example3,3,2,23.0,22.0,nan
ALNS-B,Example3,3,2,24.0,22.0,nan
ALNS-B,Example3,3,2,25.0,22.0,nan
ALNS-B,Example3,3,2,26.0,22.0,nan
ALNS-B,Example3,3,2,27.0,22.0,nan
ALNS-B,Example3,3,2,28.0,22.0,nan
ALNS-B,Example3,3,2,29.0,22.0,nan
ALNS-B,Example3,3,2,30.0,22.0,nan
ALNS-B,Example3,3,2,31.0,22.0,nan
ALNS-B,Example3,3,2,32.0,22.0,nan
ALNS-B,Example3,3,2,33.0,22.0,nan
ALNS-B,Example3,3,2,34.0,22.0,nan
ALNS-B,Example3,3,2,35.0,22.0,nan
ALNS-B,Example3,3,2,36.0,22.0,nan
ALNS-B,Example3,3,2,37.0,22.0,nan
ALNS-B,Example3,3,2,38.0,18.0,nan
ALNS-B,Example3,3,2,39.0,18.0,nan
ALNS-B,Example3,3,2,40.0,18.0,nan
ALNS-B,Example3,3,2,41.0,18.0,nan
ALNS-B,Example3,3,2,42.0,18.0,nan
ALNS-B,Example3,3,2,43.0,18.0,nan
ALNS-B,Example3,3,2,44.0,18.0,nan
ALNS-B,Example3,3,2,45.0,18.0,nan
ALNS-B,Example3,3,2,46.0,18.0,nan
ALNS-B,Example3,3,2,47.0,18.0,nan
ALNS-B,Example3,3,2,48.0,18.0,nan
ALNS-B,Example3,3,2,49.0,18.0,nan
ALNS-B,Example3,3,2,50.0,18.0,nan
ALNS-B,Example3,3,2,51.0,15.0,nan
ALNS-B,Example3,3,2,52.0,15.0,nan
ALNS-B,Example3,3,2,53.0,15.0,nan
ALNS-B,Example3,3,2,54.0,15.0,nan
ALNS-B,Example3,3,2,55.0,15.0,nan
ALNS-B,Example3,3,2,56.0,15.0,nan
ALNS-B,Example3,3,2,57.0,15.0,nan
ALNS-B,Example3,3,2,58.0,14.0,nan
ALNS-B,Example3,3,2,59.0,14.0,nan
ALNS-B,Example3,3,2,60.0,14.0,nan
ALNS-B,Example3,3,2,61.0,14.0,nan
ALNS-B,Example3,3,2,62.0,14.0,nan
ALNS-B,Example3,3,2,63.0,14.0,nan
ALNS-B,Example3,3,2,64.0,14.0,nan
ALNS-B,Example3,3,2,65.0,14.0,nan
ALNS-B,Example3,3,2,66.0,14.0,nan
ALNS-B,Example3,3,2,67.0,14.0,nan
ALNS-B,Example3,3,2,68.0,14.0,nan
ALNS-B,Example3,3,2,69.0,14.0,nan
ALNS-B,Example3,3,2,70.0,14.0,nan
ALNS-B,Example3,3,2,71.0,14.0,nan
ALNS-B,Example3,3,2,72.0,14.0,nan
ALNS-B,Example3,3,2,73.0,14.0,nan
ALNS-B,Example3,3,2,74.0,14.0,nan
ALNS-B,Example3,3,2,75.0,14.0,nan
ALNS-B,Example3,3,2,76.0,14.0,nan
ALNS-B,Example3,3,2,77.0,12.0,nan
ALNS-B,Example3,3,2,78.0,12.0,nan
ALNS-B,Example3,3,2,79.0,12.0,nan
ALNS-B,Example3,3,2,80.0,12.0,nan
ALNS-B,Example3,3,2,81.0,12.0,nan
ALNS-B,Example3,3,2,82.0,12.0,nan
ALNS-B,Example3,3,2,83.0,12.0,nan
ALNS-B,Example3,3,2,84.0,12.0,nan
ALNS-B,Example3,3,2,85.0,12.0,nan
ALNS-B,Example3,3,2,86.0,12.0,nan
ALNS-B,Example3,3,2,87.0,12.0,nan
ALNS-B,Example3,3,2,88.0,12.0,nan
ALNS-B,Example3,3,2,89.0,12.0,nan
ALNS-B,Example3,3,2,90.0,12.0,nan
ALNS-B,Example3,3,2,91.0,12.0,nan
ALNS-B,Example3,3,2,92.0,12.0,nan
ALNS-B,Example3,3,2,93.0,12.0,nan
ALNS-B,Example3,3,2,94.0,12.0,nan
ALNS-B,Example3,3,2,95.0,12.0,nan
ALNS-B,Example3,3,2,96.0,12.0,nan
ALNS-B,Example3,3,2,97.0,12.0,nan
ALNS-B,Example3,3,2,98.0,12.0,nan
ALNS-B,Example3,3,2,99.0,12.0,nan
ALNS-B,Example3,3,2,100.0,12.0,nan
ALNS-B,Example3,3,2,101.0,12.0,nan
ALNS-B,Example3,3,2,102.0,12.0,nan
ALNS-B,Example3,3,2,103.0,12.0,nan
ALNS-B,Example3,3,2,104.0,12.0,nan
ALNS-B,Example3,3,2,105.0,12.0,nan
ALNS-B,Example3,3,2,106.0,12.0,nan
ALNS-B,Example3,3,2,107.0,12.0,nan
ALNS-B,Example3,3,2,108.0,12.0,nan
ALNS-B,Example3,3,2,109.0,12.0,nan
ALNS-B,Example3,3,2,110.0,12.0,nan
ALNS-B,Example3,3,2,111.0,12.0,nan
ALNS-B,Example3,3,2,112.0,12.0,nan
ALNS-B,Example3,3,2,113.0,12.0,nan
ALNS-B,Example3,3,2,114.0,12.0,nan
ALNS-B,Example3,3,2,115.0,12.0,nan
ALNS-B,Example3,3,2,116.0,12.0,nan
ALNS-B,Example3,3,2,117.0,12.0,nan
ALNS-B,Example3,3,2,118.0,12.0,nan
ALNS-B,Example3,3,2,119.0,12.0,nan
ALNS-B,Example3,3,2,120.0,12.0,nan
ALNS-B,Example3,3,2,121.0,12.0,nan
ALNS-B,Example3,3,2,122.0,12.0,nan
ALNS-B,Example3,3,2,123.0,12.0,nan
ALNS-B,Example3,3,2,124.0,12.0,nan
ALNS-B,Example3,3,2,125.0,12.0,nan
ALNS-B,Example3,3,2,126.0,12.0,nan
ALNS-B,Example3,3,2,127.0,12.0,nan
ALNS-B,Example3,3,2,128.0,12.0,nan
ALNS-B,Example3,3,2,129.0,12.0,nan
ALNS-B,Example3,3,2,130.0,12.0,nan
ALNS-B,Example3,3,2,131.0,12.0,nan
ALNS-B,Example3,3,2,132.0,12.0,nan
ALNS-B,Example3,3,2,133.0,12.0,nan
ALNS-B,Example3,3,2,134.0,12.0,nan
ALNS-B,Example3,3,2,135.0,12.0,nan
ALNS-B,Example3,3,2,136.0,12.0,nan
ALNS-B,Example3,3,2,137.0,12.0,nan
ALNS-B,Example3,3,2,138.0,12.0,nan
ALNS-B,Example3,3,2,139.0,12.0,nan
ALNS-B,Example3,3,2,140.0,12.0,nan
ALNS-B,Example3,3,2,141.0,12.0,nan
ALNS-B,Example3,3,2,142.0,12.0,nan
ALNS-B,Example3,3,2,143.0,12.0,nan
ALNS-B,Example3,3,2,144.0,12.0,nan
ALNS-B,Example3,3,2,145.0,12.0,nan
ALNS-B,Example3,3,2,146.0,12.0,nan
ALNS-B,Example3,3,2,147.0,12.0,nan
ALNS-B,Example3,3,2,148.0,12.0,nan
ALNS-B,Example3,3,2,149.0,12.0,nan
ALNS-B,Example3,3,2,150.0,12.0,nan
ALNS-B,Example3,3,2,151.0,12.0,nan
ALNS-B,Example3,3,2,152.0,12.0,nan
ALNS-B,Example3,3,2,153.0,12.0,nan
ALNS-B,Example3,3,2,154.0,12.0,nan
ALNS-B,Example3,3,2,155.0,12.0,nan
ALNS-B,Example3,3,2,156.0,12.0,nan
ALNS-B,Example3,3,2,157.0,12.0,nan
ALNS-B,Example3,3,2,158.0,12.0,nan
ALNS-B,Example3,3,2,159.0,12.0,nan
ALNS-B,Example3,3,2,160.0,12.0,nan
ALNS-B,Example3,3,2,161.0,12.0,nan
ALNS-B,Example3,3,2,162.0,12.0,nan
ALNS-B,Example3,3,2,163.0,12.0,nan
ALNS-B,Example3,3,2,164.0,12.0,nan
ALNS-B,Example3,3,2,165.0,12.0,nan
ALNS-B,Example3,3,2,166.0,12.0,nan
ALNS-B,Example3,3,2,167.0,12.0,nan
ALNS-B,Example3,3,2,168.0,12.0,nan
ALNS-B,Example3,3,2,169.0,12.0,nan
ALNS-B,Example3,3,2,170.0,12.0,nan
ALNS-B,Example3,3,2,171.0,12.0,nan
ALNS-B,Example3,3,2,172.0,12.0,nan
ALNS-B,Example3,3,2,173.0,12.0,nan
ALNS-B,Example3,3,2,174.0,12.0,nan
ALNS-B,Example3,3,2,175.0,12.0,nan
ALNS-B,Example3,3,2,176.0,12.0,nan
ALNS-B,Example3,3,2,177.0,12.0,nan
ALNS-B,Example3,3,2,178.0,12.0,nan
ALNS-B,Example3,3,2,179.0,12.0,nan
ALNS-B,Example3,3,2,180.0,12.0,nan
ALNS-B,Example3,3,2,181.0,12.0,nan
ALNS-B,Example3,3,2,182.0,12.0,nan
ALNS-B,Example3,3,2,183.0,12.0,nan
ALNS-B,Example3,3,2,184.0,12.0,nan
ALNS-B,Example3,3,2,185.0,12.0,nan
ALNS-B,Example3,3,2,186.0,12.0,nan
ALNS-B,Example3,3,2,187.0,12.0,nan
ALNS-B,Example3,3,2,188.0,12.0,nan
ALNS-B,Example3,3,2,189.0,12.0,nan
ALNS-B,Example3,3,2,190.0,12.0,nan
ALNS-B,Example3,3,2,191.0,12.0,nan
ALNS-B,Example3,3,2,192.0,12.0,nan
ALNS-B,Example3,3,2,193.0,12.0,nan
ALNS-B,Example3,3,2,194.0,12.0,nan
ALNS-B,Example3,3,2,195.0,12.0,nan
ALNS-B,Example3,3,2,196.0,12.0,nan
ALNS-B,Example3,3,2,197.0,12.0,nan
ALNS-B,Example3,3,2,198.0,12.0,nan
ALNS-B,Example3,3,2,199.0,12.0,nan
ALNS-B,Example3,3,2,200.0,12.0,nan
ALNS-B,Example3,3,2,201.0,12.0,nan
ALNS-B,Example3,3,2,202.0,12.0,nan
ALNS-B,Example3,3,2,203.0,12.0,nan
ALNS-B,Example3,3,2,204.0,12.0,nan
ALNS-B,Example3,3,2,205.0,12.0,nan
ALNS-B,Example3,3,2,206.0,12.0,nan
ALNS-B,Example3,3,2,207.0,12.0,nan
ALNS-B,Example3,3,2,208.0,12.0,nan
ALNS-B,Example3,3,2,209.0,12.0,nan
ALNS-B,Example3,3,2,210.0,12.0,nan
ALNS-B,Example3,3,2,211.0,12.0,nan
ALNS-B,Example3,3,2,212.0,12.0,nan
ALNS-B,Example3,3,2,213.0,12.0,nan
ALNS-B,Example3,3,2,214.0,12.0,nan
ALNS-B,Example3,3,2,215.0,12.0,nan
ALNS-B,Example3,3,2,216.0,12.0,nan
ALNS-B,Example3,3,2,217.0,12.0,nan
ALNS-B,Example3,3,2,218.0,12.0,nan
ALNS-B,Example3,3,2,219.0,12.0,nan
ALNS-B,Example3,3,2,220.0,12.0,nan
ALNS-B,Example3,3,2,221.0,12.0,nan
ALNS-B,Example3,3,2,222.0,12.0,nan
ALNS-B,Example3,3,2,223.0,12.0,nan
ALNS-B,Example3,3,2,224.0,12.0,nan
ALNS-B,Example3,3,2,225.0,12.0,nan
ALNS-B,Example3,3,2,226.0,12.0,nan
ALNS-B,Example3,3,2,227.0,12.0,nan
ALNS-B,Example3,3,2,228.0,12.0,nan
ALNS-B,Example3,3,2,229.0,12.0,nan
ALNS-B,Example3,3,2,230.0,12.0,nan
ALNS-B,Example3,3,2,231.0,12.0,nan
ALNS-B,Example3,3,2,232.0,12.0,nan
ALNS-B,Example3,3,2,233.0,12.0,nan
ALNS-B,Example3,3,2,234.0,12.0,nan
ALNS-B,Example3,3,2,235.0,12.0,nan
ALNS-B,Example3,3,2,236.0,12.0,nan
ALNS-B,Example3,3,2,237.0,12.0,nan
ALNS-B,Example3,3,2,238.0,12.0,nan
ALNS-B,Example3,3,2,239.0,12.0,nan
ALNS-B,Example3,3,2,240.0,12.0,nan
ALNS-B,Example3,3,2,241.0,12.0,nan
ALNS-B,Example3,3,2,242.0,12.0,nan
ALNS-B,Example3,3,2,243.0,12.0,nan
ALNS-B,Example3,3,2,244.0,12.0,nan
ALNS-B,Example3,3,2,245.0,12.0,nan
ALNS-B,Example3,3,2,246.0,12.0,nan
ALNS-B,Example3,3,2,247.0,12.0,nan
ALNS-B,Example3,3,2,248.0,12.0,nan
ALNS-B,Example3,3,2,249.0,12.0,nan
ALNS-B,Example3,3,2,250.0,12.0,nan
ALNS-B,Example3,3,2,251.0,12.0,nan
ALNS-B,Example3,3,2,252.0,12.0,nan
ALNS-B,Example3,3,2,253.0,12.0,nan
ALNS-B,Example3,3,2,254.0,12.0,nan
ALNS-B,Example3,3,2,255.0,12.0,nan
ALNS-B,Example3,3,2,256.0,12.0,nan
ALNS-B,Example3,3,2,257.0,12.0,nan
ALNS-B,Example3,3,2,258.0,12.0,nan
ALNS-B,Example3,3,2,259.0,12.0,nan
ALNS-B,Example3,3,2,260.0,12.0,nan
ALNS-B,Example3,3,2,261.0,12.0,nan
ALNS-B,Example3,3,2,262.0,12.0,nan
ALNS-B,Example3,3,2,263.0,12.0,nan
ALNS-B,Example3,3,2,264.0,12.0,nan
ALNS-B,Example3,3,2,265.0,12.0,nan
ALNS-B,Example3,3,2,266.0,12.0,nan
ALNS-B,Example3,3,2,267.0,12.0,nan
ALNS-B,Example3,3,2,268.0,12.0,nan
ALNS-B,Example3,3,2,269.0,12.0,nan
ALNS-B,Example3,3,2,270.0,12.0,nan
ALNS-B,Example3,3,2,271.0,12.0,nan
ALNS-B,Example3,3,2,272.0,12.0,nan
ALNS-B,Example3,3,2,273.0,12.0,nan
ALNS-B,Example4,4,0,0.0,19.0,nan
ALNS-B,Example4,4,0,1.0,19.0,nan
ALNS-B,Example4,4,0,2.0,19.0,nan
ALNS-B,Example4,4,0,3.0,19.0,nan
ALNS-B,Example4,4,0,4.0,17.0,nan
ALNS-B,Example4,4,0,5.0,17.0,nan
ALNS-B,Example4,4,0,6.0,17.0,nan
ALNS-B,Example4,4,0,7.0,17.0,nan
ALNS-B,Example4,4,0,8.0,17.0,nan
ALNS-B,Example4,4,0,9.0,17.0,nan
ALNS-B,Example4,4,0,10.0,17.0,nan
ALNS-B,Example4,4,0,11.0,17.0,nan
ALNS-B,Example4,4,0,12.0,17.0,nan
ALNS-B,Example4,4,0,13.0,17.0,nan
ALNS-B,Example4,4,0,14.0,17.0,nan
ALNS-B,Example4,4,0,15.0,17.0,nan
ALNS-B,Example4,4,0,16.0,17.0,nan
ALNS-B,Example4,4,0,17.0,17.0,nan
ALNS-B,Example4,4,0,18.0,17.0,nan
ALNS-B,Example4,4,0,19.0,11.0,nan
ALNS-B,Example4,4,0,20.0,11.0,nan
ALNS-B,Example4,4,0,21.0,11.0,nan
ALNS-B,Example4,4,0,22.0,11.0,nan
ALNS-B,Example4,4,0,23.0,11.0,nan
ALNS-B,Example4,4,0,24.0,11.0,nan
ALNS-B,Example4,4,0,25.0,11.0,nan
ALNS-B,Example4,4,0,26.0,11.0,nan
ALNS-B,Example4,4,0,27.0,11.0,nan
ALNS-B,Example4,4,0,28.0,10.0,nan
ALNS-B,Example4,4,0,29.0,8.0,nan
ALNS-B,Example4,4,0,30.0,8.0,nan
ALNS-B,Example4,4,0,31.0,8.0,nan
ALNS-B,Example4,4,0,32.0,8.0,nan
ALNS-B,Example4,4,0,33.0,8.0,nan
ALNS-B,Example4,4,0,34.0,8.0,nan
ALNS-B,Example4,4,0,35.0,8.0,nan
ALNS-B,Example4,4,0,36.0,8.0,nan
ALNS-B,Example4,4,0,37.0,8.0,nan
ALNS-B,Example4,4,0,38.0,8.0,nan
ALNS-B,Example4,4,0,39.0,8.0,nan
ALNS-B,Example4,4,0,40.0,8.0,nan
ALNS-B,Example4,4,0,41.0,8.0,nan
ALNS-B,Example4,4,0,42.0,8.0,nan
ALNS-B,Example4,4,0,43.0,8.0,nan
ALNS-B,Example4,4,0,44.0,8.0,nan
ALNS-B,Example4,4,0,45.0,8.0,nan
ALNS-B,Example4,4,0,46.0,8.0,nan
ALNS-B,Example4,4,0,47.0,8.0,nan
ALNS-B,Example4,4,0,48.0,8.0,nan
ALNS-B,Example4,4,0,49.0,8.0,nan
ALNS-B,Example4,4,0,50.0,6.0,nan
ALNS-B,Example4,4,0,51.0,6.0,nan
ALNS-B,Example4,4,0,52.0,5.0,nan
ALNS-B,Example4,4,0,53.0,5.0,nan
ALNS-B,Example4,4,0,54.0,5.0,nan
ALNS-B,Example4,4,0,55.0,4.0,nan
ALNS-B,Example4,4,0,56.0,4.0,nan
ALNS-B,Example4,4,0,57.0,4.0,nan
ALNS-B,Example4,4,0,58.0,4.0,nan
ALNS-B,Example4,4,0,59.0,4.0,nan
ALNS-B,Example4,4,0,60.0,4.0,nan
ALNS-B,Example4,4,0,61.0,4.0,nan
ALNS-B,Example4,4,0,62.0,4.0,nan
ALNS-B,Example4,4,0,63.0,4.0,nan
ALNS-B,Example4,4,0,64.0,4.0,nan
ALNS-B,Example4,4,0,65.0,4.0,nan
ALNS-B,Example4,4,0,66.0,4.0,nan
ALNS-B,Example4,4,0,67.0,4.0,nan
ALNS-B,Example4,4,0,68.0,4.0,nan
ALNS-B,Example4,4,0,69.0,4.0,nan
ALNS-B,Example4,4,0,70.0,4.0,nan
ALNS-B,Example4,4,0,71.0,4.0,nan
ALNS-B,Example4,4,0,72.0,4.0,nan
ALNS-B,Example4,4,0,73.0,4.0,nan
ALNS-B,Example4,4,0,74.0,4.0,nan
ALNS-B,Example4,4,0,75.0,4.0,nan
ALNS-B,Example4,4,0,76.0,4.0,nan
ALNS-B,Example4,4,0,77.0,4.0,nan
ALNS-B,Example4,4,0,78.0,4.0,nan
ALNS-B,Example4,4,0,79.0,4.0,nan
ALNS-B,Example4,4,0,80.0,4.0,nan
ALNS-B,Example4,4,0,81.0,4.0,nan
ALNS-B,Example4,4,0,82.0,4.0,nan
ALNS-B,Example4,4,0,83.0,4.0,nan
ALNS-B,Example4,4,0,84.0,4.0,nan
ALNS-B,Example4,4,0,85.0,4.0,nan
ALNS-B,Example4,4,0,86.0,4.0,nan
ALNS-B,Example4,4,0,87.0,4.0,nan
ALNS-B,Example4,4,0,88.0,4.0,nan
ALNS-B,Example4,4,0,89.0,4.0,nan
ALNS-B,Example4,4,0,90.0,4.0,nan
ALNS-B,Example4,4,0,91.0,4.0,nan
ALNS-B,Example4,4,0,92.0,4.0,nan
ALNS-B,Example4,4,0,93.0,4.0,nan
ALNS-B,Example4,4,0,94.0,3.0,nan
ALNS-B,Example4,4,0,95.0,3.0,nan
ALNS-B,Example4,4,0,96.0,3.0,nan
ALNS-B,Example4,4,0,97.0,3.0,nan
ALNS-B,Example4,4,0,98.0,3.0,nan
ALNS-B,Example4,4,0,99.0,3.0,nan
ALNS-B,Example4,4,0,100.0,3.0,nan
ALNS-B,Example4,4,0,101.0,3.0,nan
ALNS-B,Example4,4,0,102.0,3.0,nan
ALNS-B,Example4,4,0,103.0,3.0,nan
ALNS-B,Example4,4,0,104.0,3.0,nan
ALNS-B,Example4,4,0,105.0,3.0,nan
ALNS-B,Example4,4,0,106.0,3.0,nan
ALNS-B,Example4,4,0,107.0,3.0,nan
ALNS-B,Example4,4,0,108.0,3.0,nan
ALNS-B,Example4,4,0,109.0,3.0,nan
ALNS-B,Example4,4,0,110.0,3.0,nan
ALNS-B,Example4,4,0,111.0,3.0,nan
ALNS-B,Example4,4,0,112.0,3.0,nan
ALNS-B,Example4,4,0,113.0,3.0,nan
ALNS-B,Example4,4,0,114.0,3.0,nan
ALNS-B,Example4,4,0,115.0,3.0,nan
ALNS-B,Example4,4,0,116.0,3.0,nan
ALNS-B,Example4,4,0,117.0,3.0,nan
ALNS-B,Example4,4,0,118.0,3.0,nan
ALNS-B,Example4,4,0,119.0,3.0,nan
ALNS-B,Example4,4,0,120.0,3.0,nan
ALNS-B,Example4,4,0,121.0,3.0,nan
ALNS-B,Example4,4,0,122.0,3.0,nan
ALNS-B,Example4,4,0,123.0,3.0,nan
ALNS-B,Example4,4,0,124.0,3.0,nan
ALNS-B,Example4,4,0,125.0,3.0,nan
ALNS-B,Example4,4,0,126.0,3.0,nan
ALNS-B,Example4,4,0,127.0,3.0,nan
ALNS-B,Example4,4,0,128.0,3.0,nan
ALNS-B,Example4,4,0,129.0,3.0,nan
ALNS-B,Example4,4,0,130.0,3.0,nan
ALNS-B,Example4,4,0,131.0,3.0,nan
ALNS-B,Example4,4,0,132.0,3.0,nan
ALNS-B,Example4,4,0,133.0,3.0,nan
ALNS-B,Example4,4,0,134.0,3.0,nan
ALNS-B,Example4,4,0,135.0,3.0,nan
ALNS-B,Example4,4,0,136.0,3.0,nan
ALNS-B,Example4,4,0,137.0,3.0,nan
ALNS-B,Example4,4,0,138.0,3.0,nan
ALNS-B,Example4,4,0,139.0,3.0,nan
ALNS-B,Example4,4,0,140.0,3.0,nan
ALNS-B,Example4,4,0,141.0,3.0,nan
ALNS-B,Example4,4,0,142.0,3.0,nan
ALNS-B,Example4,4,0,143.0,3.0,nan
ALNS-B,Example4,4,0,144.0,3.0,nan
ALNS-B,Example4,4,0,145.0,3.0,nan
ALNS-B,Example4,4,0,146.0,3.0,nan
ALNS-B,Example4,4,0,147.0,3.0,nan
ALNS-B,Example4,4,0,148.0,3.0,nan
ALNS-B,Example4,4,0,149.0,3.0,nan
ALNS-B,Example4,4,0,150.0,3.0,nan
ALNS-B,Example4,4,0,151.0,3.0,nan
ALNS-B,Example4,4,0,152.0,3.0,nan
ALNS-B,Example4,4,0,153.0,3.0,nan
ALNS-B,Example4,4,0,154.0,3.0,nan
ALNS-B,Example4,4,0,155.0,3.0,nan
ALNS-B,Example4,4,0,156.0,3.0,nan
ALNS-B,Example4,4,0,157.0,2.0,nan
ALNS-B,Example4,4,0,158.0,2.0,nan
ALNS-B,Example4,4,0,159.0,2.0,nan
ALNS-B,Example4,4,0,160.0,2.0,nan
ALNS-B,Example4,4,0,161.0,2.0,nan
ALNS-B,Example4,4,0,162.0,2.0,nan
ALNS-B,Example4,4,0,163.0,2.0,nan
ALNS-B,Example4,4,0,164.0,2.0,nan
ALNS-B,Example4,4,0,165.0,2.0,nan
ALNS-B,Example4,4,0,166.0,2.0,nan
ALNS-B,Example4,4,0,167.0,2.0,nan
ALNS-B,Example4,4,0,168.0,2.0,nan
ALNS-B,Example4,4,0,169.0,2.0,nan
ALNS-B,Example4,4,0,170.0,2.0,nan
ALNS-B,Example4,4,0,171.0,2.0,nan
ALNS-B,Example4,4,0,172.0,2.0,nan
ALNS-B,Example4,4,0,173.0,2.0,nan
ALNS-B,Example4,4,0,174.0,2.0,nan
ALNS-B,Example4,4,0,175.0,2.0,nan
ALNS-B,Example4,4,0,176.0,2.0,nan
ALNS-B,Example4,4,0,177.0,2.0,nan
ALNS-B,Example4,4,0,178.0,2.0,nan
ALNS-B,Example4,4,0,179.0,2.0,nan
ALNS-B,Example4,4,0,180.0,2.0,nan
ALNS-B,Example4,4,0,181.0,2.0,nan
ALNS-B,Example4,4,0,182.0,2.0,nan
ALNS-B,Example4,4,0,183.0,2.0,nan
ALNS-B,Example4,4,0,184.0,2.0,nan
ALNS-B,Example4,4,0,185.0,2.0,nan
ALNS-B,Example4,4,0,186.0,2.0,nan
ALNS-B,Example4,4,0,187.0,2.0,nan
ALNS-B,Example4,4,0,188.0,2.0,nan
ALNS-B,Example4,4,0,189.0,2.0,nan
ALNS-B,Example4,4,0,190.0,2.0,nan
ALNS-B,Example4,4,0,191.0,2.0,nan
ALNS-B,Example4,4,0,192.0,2.0,nan
ALNS-B,Example4,4,0,193.0,2.0,nan
ALNS-B,Example4,4,0,194.0,2.0,nan
ALNS-B,Example4,4,0,195.0,2.0,nan
ALNS-B,Example4,4,0,196.0,2.0,nan
ALNS-B,Example4,4,0,197.0,2.0,nan
ALNS-B,Example4,4,0,198.0,2.0,nan
ALNS-B,Example4,4,0,199.0,2.0,nan
ALNS-B,Example4,4,0,200.0,2.0,nan
ALNS-B,Example4,4,0,201.0,2.0,nan
ALNS-B,Example4,4,0,202.0,2.0,nan
ALNS-B,Example4,4,0,203.0,2.0,nan
ALNS-B,Example4,4,0,204.0,2.0,nan
ALNS-B,Example4,4,0,205.0,2.0,nan
ALNS-B,Example4,4,0,206.0,2.0,nan
ALNS-B,Example4,4,0,207.0,2.0,nan
ALNS-B,Example4,4,0,208.0,2.0,nan
ALNS-B,Example4,4,0,209.0,2.0,nan
ALNS-B,Example4,4,0,210.0,2.0,nan
ALNS-B,Example4,4,0,211.0,2.0,nan
ALNS-B,Example4,4,0,212.0,2.0,nan
ALNS-B,Example4,4,0,213.0,2.0,nan
ALNS-B,Example4,4,0,214.0,2.0,nan
ALNS-B,Example4,4,0,215.0,2.0,nan
ALNS-B,Example4,4,0,216.0,2.0,nan
ALNS-B,Example4,4,0,217.0,2.0,nan
ALNS-B,Example4,4,0,218.0,2.0,nan
ALNS-B,Example4,4,0,219.0,2.0,nan
ALNS-B,Example4,4,0,220.0,2.0,nan
ALNS-B,Example4,4,0,221.0,2.0,nan
ALNS-B,Example4,4,0,222.0,2.0,nan
ALNS-B,Example4,4,0,223.0,2.0,nan
ALNS-B,Example4,4,0,224.0,2.0,nan
ALNS-B,Example4,4,0,225.0,2.0,nan
ALNS-B,Example4,4,0,226.0,2.0,nan
ALNS-B,Example4,4,0,227.0,2.0,nan
ALNS-B,Example4,4,0,228.0,2.0,nan
ALNS-B,Example4,4,0,229.0,2.0,nan
ALNS-B,Example4,4,0,230.0,2.0,nan
ALNS-B,Example4,4,0,231.0,2.0,nan
ALNS-B,Example4,4,0,232.0,2.0,nan
ALNS-B,Example4,4,0,233.0,2.0,nan
ALNS-B,Example4,4,0,234.0,2.0,nan
ALNS-B,Example4,4,0,235.0,2.0,nan
ALNS-B,Example4,4,0,236.0,2.0,nan
ALNS-B,Example4,4,0,237.0,2.0,nan
ALNS-B,Example4,4,0,238.0,2.0,nan
ALNS-B,Example4,4,0,239.0,2.0,nan
ALNS-B,Example4,4,0,240.0,2.0,nan
ALNS-B,Example4,4,0,241.0,2.0,nan
ALNS-B,Example4,4,0,242.0,2.0,nan
ALNS-B,Example4,4,0,243.0,2.0,nan
ALNS-B,Example4,4,0,244.0,2.0,nan
ALNS-B,Example4,4,0,245.0,2.0,nan
ALNS-B,Example4,4,0,246.0,2.0,nan
ALNS-B,Example4,4,0,247.0,2.0,nan
ALNS-B,Example4,4,0,248.0,2.0,nan
ALNS-B,Example4,4,0,249.0,2.0,nan
ALNS-B,Example4,4,0,250.0,2.0,nan
ALNS-B,Example4,4,0,251.0,2.0,nan
ALNS-B,Example4,4,0,252.0,2.0,nan
ALNS-B,Example4,4,0,253.0,2.0,nan
ALNS-B,Example4,4,0,254.0,2.0,nan
ALNS-B,Example4,4,0,255.0,2.0,nan
ALNS-B,Example4,4,0,256.0,2.0,nan
ALNS-B,Example4,4,0,257.0,2.0,nan
ALNS-B,Example4,4,0,258.0,2.0,nan
ALNS-B,Example4,4,0,259.0,2.0,nan
ALNS-B,Example4,4,0,260.0,2.0,nan
ALNS-B,Example4,4,0,261.0,2.0,nan
ALNS-B,Example4,4,0,262.0,2.0,nan
ALNS-B,Example4,4,0,263.0,2.0,nan
ALNS-B,Example4,4,0,264.0,2.0,nan
ALNS-B,Example4,4,0,265.0,2.0,nan
ALNS-B,Example4,4,0,266.0,2.0,nan
ALNS-B,Example4,4,0,267.0,2.0,nan
ALNS-B,Example4,4,0,268.0,2.0,nan
ALNS-B,Example4,4,0,269.0,2.0,nan
ALNS-B,Example4,4,0,270.0,2.0,nan
ALNS-B,Example4,4,0,271.0,2.0,nan
ALNS-B,Example4,4,0,272.0,2.0,nan
ALNS-B,Example4,4,0,273.0,2.0,nan
ALNS-B,Example4,4,1,0.0,25.0,nan
ALNS-B,Example4,4,1,1.0,25.0,nan
ALNS-B,Example4,4,1,2.0,25.0,nan
ALNS-B,Example4,4,1,3.0,25.0,nan
ALNS-B,Example4,4,1,4.0,25.0,nan
ALNS-B,Example4,4,1,5.0,25.0,nan
ALNS-B,Example4,4,1,6.0,25.0,nan
ALNS-B,Example4,4,1,7.0,25.0,nan
ALNS-B,Example4,4,1,8.0,25.0,nan
ALNS-B,Example4,4,1,9.0,14.0,nan
ALNS-B,Example4,4,1,10.0,14.0,nan
ALNS-B,Example4,4,1,11.0,14.0,nan
ALNS-B,Example4,4,1,12.0,14.0,nan
ALNS-B,Example4,4,1,13.0,14.0,nan
ALNS-B,Example4,4,1,14.0,14.0,nan
ALNS-B,Example4,4,1,15.0,14.0,nan
ALNS-B,Example4,4,1,16.0,14.0,nan
ALNS-B,Example4,4,1,17.0,6.0,nan
ALNS-B,Example4,4,1,18.0,6.0,nan
ALNS-B,Example4,4,1,19.0,6.0,nan
ALNS-B,Example4,4,1,20.0,6.0,nan
ALNS-B,Example4,4,1,21.0,6.0,nan
ALNS-B,Example4,4,1,22.0,6.0,nan
ALNS-B,Example4,4,1,23.0,6.0,nan
ALNS-B,Example4,4,1,24.0,6.0,nan
ALNS-B,Example4,4,1,25.0,6.0,nan
ALNS-B,Example4,4,1,26.0,5.0,nan
ALNS-B,Example4,4,1,27.0,5.0,nan
ALNS-B,Example4,4,1,28.0,5.0,nan
ALNS-B,Example4,4,1,29.0,4.0,nan
ALNS-B,Example4,4,1,30.0,4.0,nan
ALNS-B,Example4,4,1,31.0,4.0,nan
ALNS-B,Example4,4,1,32.0,4.0,nan
ALNS-B,Example4,4,1,33.0,4.0,nan
ALNS-B,Example4,4,1,34.0,4.0,nan
ALNS-B,Example4,4,1,35.0,4.0,nan
ALNS-B,Example4,4,1,36.0,4.0,nan
ALNS-B,Example4,4,1,37.0,4.0,nan
ALNS-B,Example4,4,1,38.0,4.0,nan
ALNS-B,Example4,4,1,39.0,4.0,nan
ALNS-B,Example4,4,1,40.0,4.0,nan
ALNS-B,Example4,4,1,41.0,4.0,nan
ALNS-B,Example4,4,1,42.0,4.0,nan
ALNS-B,Example4,4,1,43.0,4.0,nan
ALNS-B,Example4,4,1,44.0,4.0,nan
ALNS-B,Example4,4,1,45.0,4.0,nan
ALNS-B,Example4,4,1,46.0,4.0,nan
ALNS-B,Example4,4,1,47.0,4.0,nan
ALNS-B,Example4,4,1,48.0,4.0,nan
ALNS-B,Example4,4,1,49.0,4.0,nan
ALNS-B,Example4,4,1,50.0,4.0,nan
ALNS-B,Example4,4,1,51.0,4.0,nan
ALNS-B,Example4,4,1,52.0,4.0,nan
ALNS-B,Example4,4,1,53.0,4.0,nan
ALNS-B,Example4,4,1,54.0,4.0,nan
ALNS-B,Example4,4,1,55.0,4.0,nan
ALNS-B,Example4,4,1,56.0,4.0,nan
ALNS-B,Example4,4,1,57.0,4.0,nan
ALNS-B,Example4,4,1,58.0,4.0,nan
ALNS-B,Example4,4,1,59.0,4.0,nan
ALNS-B,Example4,4,1,60.0,4.0,nan
ALNS-B,Example4,4,1,61.0,4.0,nan
ALNS-B,Example4,4,1,62.0,4.0,nan
ALNS-B,Example4,4,1,63.0,4.0,nan
ALNS-B,Example4,4,1,64.0,4.0,nan
ALNS-B,Example4,4,1,65.0,4.0,nan
ALNS-B,Example4,4,1,66.0,4.0,nan
ALNS-B,Example4,4,1,67.0,4.0,nan
ALNS-B,Example4,4,1,68.0,4.0,nan
ALNS-B,Example4,4,1,69.0,4.0,nan
ALNS-B,Example4,4,1,70.0,4.0,nan
ALNS-B,Example4,4,1,71.0,4.0,nan
ALNS-B,Example4,4,1,72.0,4.0,nan
ALNS-B,Example4,4,1,73.0,4.0,nan
ALNS-B,Example4,4,1,74.0,4.0,nan
ALNS-B,Example4,4,1,75.0,4.0,nan
ALNS-B,Example4,4,1,76.0,4.0,nan
ALNS-B,Example4,4,1,77.0,4.0,nan
ALNS-B,Example4,4,1,78.0,4.0,nan
ALNS-B,Example4,4,1,79.0,4.0,nan
ALNS-B,Example4,4,1,80.0,4.0,nan
ALNS-B,Example4,4,1,81.0,4.0,nan
ALNS-B,Example4,4,1,82.0,4.0,nan
ALNS-B,Example4,4,1,83.0,4.0,nan
ALNS-B,Example4,4,1,84.0,4.0,nan
ALNS-B,Example4,4,1,85.0,4.0,nan
ALNS-B,Example4,4,1,86.0,4.0,nan
ALNS-B,Example4,4,1,87.0,4.0,nan
ALNS-B,Example4,4,1,88.0,4.0,nan
ALNS-B,Example4,4,1,89.0,4.0,nan
ALNS-B,Example4,4,1,90.0,4.0,nan
ALNS-B,Example4,4,1,91.0,4.0,nan
ALNS-B,Example4,4,1,92.0,4.0,nan
ALNS-B,Example4,4,1,93.0,4.0,nan
ALNS-B,Example4,4,1,94.0,4.0,nan
ALNS-B,Example4,4,1,95.0,4.0,nan
ALNS-B,Example4,4,1,96.0,4.0,nan
ALNS-B,Example4,4,1,97.0,4.0,nan
ALNS-B,Example4,4,1,98.0,4.0,nan
ALNS-B,Example4,4,1,99.0,4.0,nan
ALNS-B,Example4,4,1,100.0,4.0,nan
ALNS-B,Example4,4,1,101.0,4.0,nan
ALNS-B,Example4,4,1,102.0,4.0,nan
ALNS-B,Example4,4,1,103.0,4.0,nan
ALNS-B,Example4,4,1,104.0,4.0,nan
ALNS-B,Example4,4,1,105.0,4.0,nan
ALNS-B,Example4,4,1,106.0,4.0,nan
ALNS-B,Example4,4,1,107.0,4.0,nan
ALNS-B,Example4,4,1,108.0,4.0,nan
ALNS-B,Example4,4,1,109.0,4.0,nan
ALNS-B,Example4,4,1,110.0,4.0,nan
ALNS-B,Example4,4,1,111.0,4.0,nan
ALNS-B,Example4,4,1,112.0,4.0,nan
ALNS-B,Example4,4,1,113.0,4.0,nan
ALNS-B,Example4,4,1,114.0,4.0,nan
ALNS-B,Example4,4,1,115.0,4.0,nan
ALNS-B,Example4,4,1,116.0,4.0,nan
ALNS-B,Example4,4,1,117.0,4.0,nan
ALNS-B,Example4,4,1,118.0,4.0,nan
ALNS-B,Example4,4,1,119.0,4.0,nan
ALNS-B,Example4,4,1,120.0,4.0,nan
ALNS-B,Example4,4,1,121.0,4.0,nan
ALNS-B,Example4,4,1,122.0,4.0,nan
ALNS-B,Example4,4,1,123.0,4.0,nan
ALNS-B,Example4,4,1,124.0,4.0,nan
ALNS-B,Example4,4,1,125.0,4.0,nan
ALNS-B,Example4,4,1,126.0,4.0,nan
ALNS-B,Example4,4,1,127.0,4.0,nan
ALNS-B,Example4,4,1,128.0,4.0,nan
ALNS-B,Example4,4,1,129.0,4.0,nan
ALNS-B,Example4,4,1,130.0,4.0,nan
ALNS-B,Example4,4,1,131.0,4.0,nan
ALNS-B,Example4,4,1,132.0,4.0,nan
ALNS-B,Example4,4,1,133.0,4.0,nan
ALNS-B,Example4,4,1,134.0,4.0,nan
ALNS-B,Example4,4,1,135.0,4.0,nan
ALNS-B,Example4,4,1,136.0,4.0,nan
ALNS-B,Example4,4,1,137.0,4.0,nan
ALNS-B,Example4,4,1,138.0,4.0,nan
ALNS-B,Example4,4,1,139.0,4.0,nan
ALNS-B,Example4,4,1,140.0,4.0,nan
ALNS-B,Example4,4,1,141.0,4.0,nan
ALNS-B,Example4,4,1,142.0,4.0,nan
ALNS-B,Example4,4,1,143.0,4.0,nan
ALNS-B,Example4,4,1,144.0,4.0,nan
ALNS-B,Example4,4,1,145.0,4.0,nan
ALNS-B,Example4,4,1,146.0,4.0,nan
ALNS-B,Example4,4,1,147.0,4.0,nan
ALNS-B,Example4,4,1,148.0,4.0,nan
ALNS-B,Example4,4,1,149.0,4.0,nan
ALNS-B,Example4,4,1,150.0,4.0,nan
ALNS-B,Example4,4,1,151.0,4.0,nan
ALNS-B,Example4,4,1,152.0,4.0,nan
ALNS-B,Example4,4,1,153.0,4.0,nan
ALNS-B,Example4,4,1,154.0,4.0,nan
ALNS-B,Example4,4,1,155.0,4.0,nan
ALNS-B,Example4,4,1,156.0,4.0,nan
ALNS-B,Example4,4,1,157.0,4.0,nan
ALNS-B,Example4,4,1,158.0,4.0,nan
ALNS-B,Example4,4,1,159.0,4.0,nan
ALNS-B,Example4,4,1,160.0,4.0,nan
ALNS-B,Example4,4,1,161.0,4.0,nan
ALNS-B,Example4,4,1,162.0,4.0,nan
ALNS-B,Example4,4,1,163.0,4.0,nan
ALNS-B,Example4,4,1,164.0,4.0,nan
ALNS-B,Example4,4,1,165.0,4.0,nan
ALNS-B,Example4,4,1,166.0,4.0,nan
ALNS-B,Example4,4,1,167.0,4.0,nan
ALNS-B,Example4,4,1,168.0,4.0,nan
ALNS-B,Example4,4,1,169.0,4.0,nan
ALNS-B,Example4,4,1,170.0,4.0,nan
ALNS-B,Example4,4,1,171.0,4.0,nan
ALNS-B,Example4,4,1,172.0,4.0,nan
ALNS-B,Example4,4,1,173.0,4.0,nan
ALNS-B,Example4,4,1,174.0,4.0,nan
ALNS-B,Example4,4,1,175.0,4.0,nan
ALNS-B,Example4,4,1,176.0,4.0,nan
ALNS-B,Example4,4,1,177.0,4.0,nan
ALNS-B,Example4,4,1,178.0,4.0,nan
ALNS-B,Example4,4,1,179.0,4.0,nan
ALNS-B,Example4,4,1,180.0,4.0,nan
ALNS-B,Example4,4,1,181.0,4.0,nan
ALNS-B,Example4,4,1,182.0,4.0,nan
ALNS-B,Example4,4,1,183.0,4.0,nan
ALNS-B,Example4,4,1,184.0,4.0,nan
ALNS-B,Example4,4,1,185.0,4.0,nan
ALNS-B,Example4,4,1,186.0,4.0,nan
ALNS-B,Example4,4,1,187.0,4.0,nan
ALNS-B,Example4,4,1,188.0,4.0,nan
ALNS-B,Example4,4,1,189.0,4.0,nan
ALNS-B,Example4,4,1,190.0,4.0,nan
ALNS-B,Example4,4,1,191.0,4.0,nan
ALNS-B,Example4,4,1,192.0,4.0,nan
ALNS-B,Example4,4,1,193.0,4.0,nan
ALNS-B,Example4,4,1,194.0,4.0,nan
ALNS-B,Example4,4,1,195.0,4.0,nan
ALNS-B,Example4,4,1,196.0,4.0,nan
ALNS-B,Example4,4,1,197.0,4.0,nan
ALNS-B,Example4,4,1,198.0,4.0,nan
ALNS-B,Example4,4,1,199.0,4.0,nan
ALNS-B,Example4,4,1,200.0,4.0,nan
ALNS-B,Example4,4,1,201.0,4.0,nan
ALNS-B,Example4,4,1,202.0,4.0,nan
ALNS-B,Example4,4,1,203.0,4.0,nan
ALNS-B,Example4,4,1,204.0,4.0,nan
ALNS-B,Example4,4,1,205.0,4.0,nan
ALNS-B,Example4,4,1,206.0,4.0,nan
ALNS-B,Example4,4,1,207.0,4.0,nan
ALNS-B,Example4,4,1,208.0,4.0,nan
ALNS-B,Example4,4,1,209.0,4.0,nan
ALNS-B,Example4,4,1,210.0,4.0,nan
ALNS-B,Example4,4,1,211.0,4.0,nan
ALNS-B,Example4,4,1,212.0,4.0,nan
ALNS-B,Example4,4,1,213.0,4.0,nan
ALNS-B,Example4,4,1,214.0,4.0,nan
ALNS-B,Example4,4,1,215.0,4.0,nan
ALNS-B,Example4,4,1,216.0,4.0,nan
ALNS-B,Example4,4,1,217.0,4.0,nan
ALNS-B,Example4,4,1,218.0,4.0,nan
ALNS-B,Example4,4,1,219.0,4.0,nan
ALNS-B,Example4,4,1,220.0,4.0,nan
ALNS-B,Example4,4,1,221.0,4.0,nan
ALNS-B,Example4,4,1,222.0,4.0,nan
ALNS-B,Example4,4,1,223.0,4.0,nan
ALNS-B,Example4,4,1,224.0,4.0,nan
ALNS-B,Example4,4,1,225.0,4.0,nan
ALNS-B,Example4,4,1,226.0,4.0,nan
ALNS-B,Example4,4,1,227.0,4.0,nan
ALNS-B,Example4,4,1,228.0,4.0,nan
ALNS-B,Example4,4,1,229.0,4.0,nan
ALNS-B,Example4,4,1,230.0,4.0,nan
ALNS-B,Example4,4,1,231.0,4.0,nan
ALNS-B,Example4,4,1,232.0,4.0,nan
ALNS-B,Example4,4,1,233.0,4.0,nan
ALNS-B,Example4,4,1,234.0,4.0,nan
ALNS-B,Example4,4,1,235.0,4.0,nan
ALNS-B,Example4,4,1,236.0,4.0,nan
ALNS-B,Example4,4,1,237.0,4.0,nan
ALNS-B,Example4,4,1,238.0,4.0,nan
ALNS-B,Example4,4,1,239.0,4.0,nan
ALNS-B,Example4,4,1,240.0,4.0,nan
ALNS-B,Example4,4,1,241.0,4.0,nan
ALNS-B,Example4,4,1,242.0,4.0,nan
ALNS-B,Example4,4,1,243.0,4.0,nan
ALNS-B,Example4,4,1,244.0,4.0,nan
ALNS-B,Example4,4,1,245.0,4.0,nan
ALNS-B,Example4,4,1,246.0,4.0,nan
ALNS-B,Example4,4,1,247.0,4.0,nan
ALNS-B,Example4,4,1,248.0,4.0,nan
ALNS-B,Example4,4,1,249.0,4.0,nan
ALNS-B,Example4,4,1,250.0,4.0,nan
ALNS-B,Example4,4,1,251.0,4.0,nan
ALNS-B,Example4,4,1,252.0,4.0,nan
ALNS-B,Example4,4,1,253.0,4.0,nan
ALNS-B,Example4,4,1,254.0,4.0,nan
ALNS-B,Example4,4,1,255.0,4.0,nan
ALNS-B,Example4,4,1,256.0,4.0,nan
ALNS-B,Example4,4,1,257.0,4.0,nan
ALNS-B,Example4,4,1,258.0,4.0,nan
ALNS-B,Example4,4,1,259.0,4.0,nan
ALNS-B,Example4,4,1,260.0,4.0,nan
ALNS-B,Example4,4,1,261.0,4.0,nan
ALNS-B,Example4,4,1,262.0,4.0,nan
ALNS-B,Example4,4,1,263.0,4.0,nan
ALNS-B,Example4,4,1,264.0,4.0,nan
ALNS-B,Example4,4,1,265.0,4.0,nan
ALNS-B,Example4,4,1,266.0,4.0,nan
ALNS-B,Example4,4,1,267.0,4.0,nan
ALNS-B,Example4,4,1,268.0,4.0,nan
ALNS-B,Example4,4,1,269.0,4.0,nan
ALNS-B,Example4,4,1,270.0,4.0,nan
ALNS-B,Example4,4,1,271.0,4.0,nan
ALNS-B,Example4,4,1,272.0,4.0,nan
ALNS-B,Example4,4,1,273.0,4.0,nan
ALNS-B,Example4,4,2,0.0,18.0,nan
ALNS-B,Example4,4,2,1.0,18.0,nan
ALNS-B,Example4,4,2,2.0,18.0,nan
ALNS-B,Example4,4,2,3.0,18.0,nan
ALNS-B,Example4,4,2,4.0,7.0,nan
ALNS-B,Example4,4,2,5.0,7.0,nan
ALNS-B,Example4,4,2,6.0,7.0,nan
ALNS-B,Example4,4,2,7.0,7.0,nan
ALNS-B,Example4,4,2,8.0,7.0,nan
ALNS-B,Example4,4,2,9.0,7.0,nan
ALNS-B,Example4,4,2,10.0,7.0,nan
ALNS-B,Example4,4,2,11.0,7.0,nan
ALNS-B,Example4,4,2,12.0,7.0,nan
ALNS-B,Example4,4,2,13.0,6.0,nan
ALNS-B,Example4,4,2,14.0,6.0,nan
ALNS-B,Example4,4,2,15.0,6.0,nan
ALNS-B,Example4,4,2,16.0,6.0,nan
ALNS-B,Example4,4,2,17.0,6.0,nan
ALNS-B,Example4,4,2,18.0,6.0,nan
ALNS-B,Example4,4,2,19.0,6.0,nan
ALNS-B,Example4,4,2,20.0,6.0,nan
ALNS-B,Example4,4,2,21.0,6.0,nan
ALNS-B,Example4,4,2,22.0,6.0,nan
ALNS-B,Example4,4,2,23.0,6.0,nan
ALNS-B,Example4,4,2,24.0,6.0,nan
ALNS-B,Example4,4,2,25.0,6.0,nan
ALNS-B,Example4,4,2,26.0,6.0,nan
ALNS-B,Example4,4,2,27.0,6.0,nan
ALNS-B,Example4,4,2,28.0,6.0,nan
ALNS-B,Example4,4,2,29.0,6.0,nan
ALNS-B,Example4,4,2,30.0,6.0,nan
ALNS-B,Example4,4,2,31.0,6.0,nan
ALNS-B,Example4,4,2,32.0,6.0,nan
ALNS-B,Example4,4,2,33.0,6.0,nan
ALNS-B,Example4,4,2,34.0,6.0,nan
ALNS-B,Example4,4,2,35.0,6.0,nan
ALNS-B,Example4,4,2,36.0,6.0,nan
ALNS-B,Example4,4,2,37.0,6.0,nan
ALNS-B,Example4,4,2,38.0,6.0,nan
ALNS-B,Example4,4,2,39.0,6.0,nan
ALNS-B,Example4,4,2,40.0,6.0,nan
ALNS-B,Example4,4,2,41.0,6.0,nan
ALNS-B,Example4,4,2,42.0,6.0,nan
ALNS-B,Example4,4,2,43.0,6.0,nan
ALNS-B,Example4,4,2,44.0,5.0,nan
ALNS-B,Example4,4,2,45.0,5.0,nan
ALNS-B,Example4,4,2,46.0,5.0,nan
ALNS-B,Example4,4,2,47.0,5.0,nan
ALNS-B,Example4,4,2,48.0,5.0,nan
ALNS-B,Example4,4,2,49.0,5.0,nan
ALNS-B,Example4,4,2,50.0,5.0,nan
ALNS-B,Example4,4,2,51.0,5.0,nan
ALNS-B,Example4,4,2,52.0,5.0,nan
ALNS-B,Example4,4,2,53.0,5.0,nan
ALNS-B,Example4,4,2,54.0,5.0,nan
ALNS-B,Example4,4,2,55.0,5.0,nan
ALNS-B,Example4,4,2,56.0,5.0,nan
ALNS-B,Example4,4,2,57.0,5.0,nan
ALNS-B,Example4,4,2,58.0,5.0,nan
ALNS-B,Example4,4,2,59.0,5.0,nan
ALNS-B,Example4,4,2,60.0,5.0,nan
ALNS-B,Example4,4,2,61.0,5.0,nan
ALNS-B,Example4,4,2,62.0,5.0,nan
ALNS-B,Example4,4,2,63.0,5.0,nan
ALNS-B,Example4,4,2,64.0,5.0,nan
ALNS-B,Example4,4,2,65.0,5.0,nan
ALNS-B,Example4,4,2,66.0,5.0,nan
ALNS-B,Example4,4,2,67.0,5.0,nan
ALNS-B,Example4,4,2,68.0,5.0,nan
ALNS-B,Example4,4,2,69.0,5.0,nan
ALNS-B,Example4,4,2,70.0,5.0,nan
ALNS-B,Example4,4,2,71.0,5.0,nan
ALNS-B,Example4,4,2,72.0,5.0,nan
ALNS-B,Example4,4,2,73.0,5.0,nan
ALNS-B,Example4,4,2,74.0,5.0,nan
ALNS-B,Example4,4,2,75.0,5.0,nan
ALNS-B,Example4,4,2,76.0,5.0,nan
ALNS-B,Example4,4,2,77.0,4.0,nan
ALNS-B,Example4,4,2,78.0,3.0,nan
ALNS-B,Example4,4,2,79.0,3.0,nan
ALNS-B,Example4,4,2,80.0,3.0,nan
ALNS-B,Example4,4,2,81.0,3.0,nan
ALNS-B,Example4,4,2,82.0,3.0,nan
ALNS-B,Example4,4,2,83.0,3.0,nan
ALNS-B,Example4,4,2,84.0,3.0,nan
ALNS-B,Example4,4,2,85.0,3.0,nan
ALNS-B,Example4,4,2,86.0,3.0,nan
ALNS-B,Example4,4,2,87.0,3.0,nan
ALNS-B,Example4,4,2,88.0,3.0,nan
ALNS-B,Example4,4,2,89.0,3.0,nan
ALNS-B,Example4,4,2,90.0,3.0,nan
ALNS-B,Example4,4,2,91.0,3.0,nan
ALNS-B,Example4,4,2,92.0,3.0,nan
ALNS-B,Example4,4,2,93.0,3.0,nan
ALNS-B,Example4,4,2,94.0,3.0,nan
ALNS-B,Example4,4,2,95.0,3.0,nan
ALNS-B,Example4,4,2,96.0,3.0,nan
ALNS-B,Example4,4,2,97.0,3.0,nan
ALNS-B,Example4,4,2,98.0,3.0,nan
ALNS-B,Example4,4,2,99.0,3.0,nan
ALNS-B,Example4,4,2,100.0,3.0,nan
ALNS-B,Example4,4,2,101.0,3.0,nan
ALNS-B,Example4,4,2,102.0,3.0,nan
ALNS-B,Example4,4,2,103.0,3.0,nan
ALNS-B,Example4,4,2,104.0,3.0,nan
ALNS-B,Example4,4,2,105.0,3.0,nan
ALNS-B,Example4,4,2,106.0,3.0,nan
ALNS-B,Example4,4,2,107.0,3.0,nan
ALNS-B,Example4,4,2,108.0,3.0,nan
ALNS-B,Example4,4,2,109.0,3.0,nan
ALNS-B,Example4,4,2,110.0,3.0,nan
ALNS-B,Example4,4,2,111.0,3.0,nan
ALNS-B,Example4,4,2,112.0,3.0,nan
ALNS-B,Example4,4,2,113.0,3.0,nan
ALNS-B,Example4,4,2,114.0,3.0,nan
ALNS-B,Example4,4,2,115.0,3.0,nan
ALNS-B,Example4,4,2,116.0,3.0,nan
ALNS-B,Example4,4,2,117.0,3.0,nan
ALNS-B,Example4,4,2,118.0,3.0,nan
ALNS-B,Example4,4,2,119.0,3.0,nan
ALNS-B,Example4,4,2,120.0,3.0,nan
ALNS-B,Example4,4,2,121.0,3.0,nan
ALNS-B,Example4,4,2,122.0,3.0,nan
ALNS-B,Example4,4,2,123.0,3.0,nan
ALNS-B,Example4,4,2,124.0,3.0,nan
ALNS-B,Example4,4,2,125.0,3.0,nan
ALNS-B,Example4,4,2,126.0,3.0,nan
ALNS-B,Example4,4,2,127.0,3.0,nan
ALNS-B,Example4,4,2,128.0,3.0,nan
ALNS-B,Example4,4,2,129.0,3.0,nan
ALNS-B,Example4,4,2,130.0,3.0,nan
ALNS-B,Example4,4,2,131.0,3.0,nan
ALNS-B,Example4,4,2,132.0,3.0,nan
ALNS-B,Example4,4,2,133.0,3.0,nan
ALNS-B,Example4,4,2,134.0,3.0,nan
ALNS-B,Example4,4,2,135.0,3.0,nan
ALNS-B,Example4,4,2,136.0,3.0,nan
ALNS-B,Example4,4,2,137.0,3.0,nan
ALNS-B,Example4,4,2,138.0,3.0,nan
ALNS-B,Example4,4,2,139.0,3.0,nan
ALNS-B,Example4,4,2,140.0,3.0,nan
ALNS-B,Example4,4,2,141.0,3.0,nan
ALNS-B,Example4,4,2,142.0,3.0,nan
ALNS-B,Example4,4,2,143.0,3.0,nan
ALNS-B,Example4,4,2,144.0,3.0,nan
ALNS-B,Example4,4,2,145.0,3.0,nan
ALNS-B,Example4,4,2,146.0,3.0,nan
ALNS-B,Example4,4,2,147.0,3.0,nan
ALNS-B,Example4,4,2,148.0,3.0,nan
ALNS-B,Example4,4,2,149.0,3.0,nan
ALNS-B,Example4,4,2,150.0,3.0,nan
ALNS-B,Example4,4,2,151.0,3.0,nan
ALNS-B,Example4,4,2,152.0,3.0,nan
ALNS-B,Example4,4,2,153.0,3.0,nan
ALNS-B,Example4,4,2,154.0,3.0,nan
ALNS-B,Example4,4,2,155.0,3.0,nan
ALNS-B,Example4,4,2,156.0,3.0,nan
ALNS-B,Example4,4,2,157.0,3.0,nan
ALNS-B,Example4,4,2,158.0,3.0,nan
ALNS-B,Example4,4,2,159.0,3.0,nan
ALNS-B,Example4,4,2,160.0,3.0,nan
ALNS-B,Example4,4,2,161.0,3.0,nan
ALNS-B,Example4,4,2,162.0,3.0,nan
ALNS-B,Example4,4,2,163.0,3.0,nan
ALNS-B,Example4,4,2,164.0,3.0,nan
ALNS-B,Example4,4,2,165.0,3.0,nan
ALNS-B,Example4,4,2,166.0,3.0,nan
ALNS-B,Example4,4,2,167.0,3.0,nan
ALNS-B,Example4,4,2,168.0,3.0,nan
ALNS-B,Example4,4,2,169.0,3.0,nan
ALNS-B,Example4,4,2,170.0,3.0,nan
ALNS-B,Example4,4,2,171.0,3.0,nan
ALNS-B,Example4,4,2,172.0,3.0,nan
ALNS-B,Example4,4,2,173.0,3.0,nan
ALNS-B,Example4,4,2,174.0,3.0,nan
ALNS-B,Example4,4,2,175.0,3.0,nan
ALNS-B,Example4,4,2,176.0,3.0,nan
ALNS-B,Example4,4,2,177.0,3.0,nan
ALNS-B,Example4,4,2,178.0,3.0,nan
ALNS-B,Example4,4,2,179.0,3.0,nan
ALNS-B,Example4,4,2,180.0,3.0,nan
ALNS-B,Example4,4,2,181.0,3.0,nan
ALNS-B,Example4,4,2,182.0,3.0,nan
ALNS-B,Example4,4,2,183.0,3.0,nan
ALNS-B,Example4,4,2,184.0,3.0,nan
ALNS-B,Example4,4,2,185.0,3.0,nan
ALNS-B,Example4,4,2,186.0,3.0,nan
ALNS-B,Example4,4,2,187.0,3.0,nan
ALNS-B,Example4,4,2,188.0,3.0,nan
ALNS-B,Example4,4,2,189.0,3.0,nan
ALNS-B,Example4,4,2,190.0,3.0,nan
ALNS-B,Example4,4,2,191.0,3.0,nan
ALNS-B,Example4,4,2,192.0,3.0,nan
ALNS-B,Example4,4,2,193.0,3.0,nan
ALNS-B,Example4,4,2,194.0,3.0,nan
ALNS-B,Example4,4,2,195.0,3.0,nan
ALNS-B,Example4,4,2,196.0,3.0,nan
ALNS-B,Example4,4,2,197.0,3.0,nan
ALNS-B,Example4,4,2,198.0,3.0,nan
ALNS-B,Example4,4,2,199.0,3.0,nan
ALNS-B,Example4,4,2,200.0,3.0,nan
ALNS-B,Example4,4,2,201.0,3.0,nan
ALNS-B,Example4,4,2,202.0,3.0,nan
ALNS-B,Example4,4,2,203.0,3.0,nan
ALNS-B,Example4,4,2,204.0,3.0,nan
ALNS-B,Example4,4,2,205.0,3.0,nan
ALNS-B,Example4,4,2,206.0,3.0,nan
ALNS-B,Example4,4,2,207.0,3.0,nan
ALNS-B,Example4,4,2,208.0,3.0,nan
ALNS-B,Example4,4,2,209.0,3.0,nan
ALNS-B,Example4,4,2,210.0,3.0,nan
ALNS-B,Example4,4,2,211.0,3.0,nan
ALNS-B,Example4,4,2,212.0,3.0,nan
ALNS-B,Example4,4,2,213.0,3.0,nan
ALNS-B,Example4,4,2,214.0,3.0,nan
ALNS-B,Example4,4,2,215.0,3.0,nan
ALNS-B,Example4,4,2,216.0,3.0,nan
ALNS-B,Example4,4,2,217.0,3.0,nan
ALNS-B,Example4,4,2,218.0,3.0,nan
ALNS-B,Example4,4,2,219.0,3.0,nan
ALNS-B,Example4,4,2,220.0,3.0,nan
ALNS-B,Example4,4,2,221.0,3.0,nan
ALNS-B,Example4,4,2,222.0,3.0,nan
ALNS-B,Example4,4,2,223.0,3.0,nan
ALNS-B,Example4,4,2,224.0,3.0,nan
ALNS-B,Example4,4,2,225.0,3.0,nan
ALNS-B,Example4,4,2,226.0,3.0,nan
ALNS-B,Example4,4,2,227.0,3.0,nan
ALNS-B,Example4,4,2,228.0,3.0,nan
ALNS-B,Example4,4,2,229.0,3.0,nan
ALNS-B,Example4,4,2,230.0,3.0,nan
ALNS-B,Example4,4,2,231.0,3.0,nan
ALNS-B,Example4,4,2,232.0,3.0,nan
ALNS-B,Example4,4,2,233.0,3.0,nan
ALNS-B,Example4,4,2,234.0,3.0,nan
ALNS-B,Example4,4,2,235.0,3.0,nan
ALNS-B,Example4,4,2,236.0,3.0,nan
ALNS-B,Example4,4,2,237.0,3.0,nan
ALNS-B,Example4,4,2,238.0,3.0,nan
ALNS-B,Example4,4,2,239.0,3.0,nan
ALNS-B,Example4,4,2,240.0,3.0,nan
ALNS-B,Example4,4,2,241.0,3.0,nan
ALNS-B,Example4,4,2,242.0,3.0,nan
ALNS-B,Example4,4,2,243.0,3.0,nan
ALNS-B,Example4,4,2,244.0,3.0,nan
ALNS-B,Example4,4,2,245.0,3.0,nan
ALNS-B,Example4,4,2,246.0,3.0,nan
ALNS-B,Example4,4,2,247.0,3.0,nan
ALNS-B,Example4,4,2,248.0,3.0,nan
ALNS-B,Example4,4,2,249.0,3.0,nan
ALNS-B,Example4,4,2,250.0,3.0,nan
ALNS-B,Example4,4,2,251.0,3.0,nan
ALNS-B,Example4,4,2,252.0,3.0,nan
ALNS-B,Example4,4,2,253.0,3.0,nan
ALNS-B,Example4,4,2,254.0,3.0,nan
ALNS-B,Example4,4,2,255.0,3.0,nan
ALNS-B,Example4,4,2,256.0,3.0,nan
ALNS-B,Example4,4,2,257.0,3.0,nan
ALNS-B,Example4,4,2,258.0,3.0,nan
ALNS-B,Example4,4,2,259.0,3.0,nan
ALNS-B,Example4,4,2,260.0,3.0,nan
ALNS-B,Example4,4,2,261.0,3.0,nan
ALNS-B,Example4,4,2,262.0,3.0,nan
ALNS-B,Example4,4,2,263.0,3.0,nan
ALNS-B,Example4,4,2,264.0,3.0,nan
ALNS-B,Example4,4,2,265.0,3.0,nan
ALNS-B,Example4,4,2,266.0,3.0,nan
ALNS-B,Example4,4,2,267.0,3.0,nan
ALNS-B,Example4,4,2,268.0,3.0,nan
ALNS-B,Example4,4,2,269.0,3.0,nan
ALNS-B,Example4,4,2,270.0,3.0,nan
ALNS-B,Example4,4,2,271.0,3.0,nan
ALNS-B,Example4,4,2,272.0,3.0,nan
ALNS-B,Example4,4,2,273.0,3.0,nan
ALNS-B,Example5,5,0,0.0,44.0,nan
ALNS-B,Example5,5,0,1.0,44.0,nan
ALNS-B,Example5,5,0,2.0,25.0,nan
ALNS-B,Example5,5,0,3.0,25.0,nan
ALNS-B,Example5,5,0,4.0,21.0,nan
ALNS-B,Example5,5,0,5.0,21.0,nan
ALNS-B,Example5,5,0,6.0,21.0,nan
ALNS-B,Example5,5,0,7.0,21.0,nan
ALNS-B,Example5,5,0,8.0,21.0,nan
ALNS-B,Example5,5,0,9.0,21.0,nan
ALNS-B,Example5,5,0,10.0,21.0,nan
ALNS-B,Example5,5,0,11.0,21.0,nan
ALNS-B,Example5,5,0,12.0,21.0,nan
ALNS-B,Example5,5,0,13.0,20.0,nan
ALNS-B,Example5,5,0,14.0,20.0,nan
ALNS-B,Example5,5,0,15.0,20.0,nan
ALNS-B,Example5,5,0,16.0,20.0,nan
ALNS-B,Example5,5,0,17.0,20.0,nan
ALNS-B,Example5,5,0,18.0,20.0,nan
ALNS-B,Example5,5,0,19.0,20.0,nan
ALNS-B,Example5,5,0,20.0,20.0,nan
ALNS-B,Example5,5,0,21.0,20.0,nan
ALNS-B,Example5,5,0,22.0,20.0,nan
ALNS-B,Example5,5,0,23.0,20.0,nan
ALNS-B,Example5,5,0,24.0,19.0,nan
ALNS-B,Example5,5,0,25.0,19.0,nan
ALNS-B,Example5,5,0,26.0,19.0,nan
ALNS-B,Example5,5,0,27.0,19.0,nan
ALNS-B,Example5,5,0,28.0,19.0,nan
ALNS-B,Example5,5,0,29.0,19.0,nan
ALNS-B,Example5,5,0,30.0,19.0,nan
ALNS-B,Example5,5,0,31.0,19.0,nan
ALNS-B,Example5,5,0,32.0,19.0,nan
ALNS-B,Example5,5,0,33.0,19.0,nan
ALNS-B,Example5,5,0,34.0,16.0,nan
ALNS-B,Example5,5,0,35.0,16.0,nan
ALNS-B,Example5,5,0,36.0,16.0,nan
ALNS-B,Example5,5,0,37.0,16.0,nan
ALNS-B,Example5,5,0,38.0,16.0,nan
ALNS-B,Example5,5,0,39.0,16.0,nan
ALNS-B,Example5,5,0,40.0,16.0,nan
ALNS-B,Example5,5,0,41.0,16.0,nan
ALNS-B,Example5,5,0,42.0,16.0,nan
ALNS-B,Example5,5,0,43.0,16.0,nan
ALNS-B,Example5,5,0,44.0,16.0,nan
ALNS-B,Example5,5,0,45.0,16.0,nan
ALNS-B,Example5,5,0,46.0,16.0,nan
ALNS-B,Example5,5,0,47.0,16.0,nan
ALNS-B,Example5,5,0,48.0,16.0,nan
ALNS-B,Example5,5,0,49.0,16.0,nan
ALNS-B,Example5,5,0,50.0,16.0,nan
ALNS-B,Example5,5,0,51.0,16.0,nan
ALNS-B,Example5,5,0,52.0,16.0,nan
ALNS-B,Example5,5,0,53.0,16.0,nan
ALNS-B,Example5,5,0,54.0,14.0,nan
ALNS-B,Example5,5,0,55.0,14.0,nan
ALNS-B,Example5,5,0,56.0,14.0,nan
ALNS-B,Example5,5,0,57.0,14.0,nan
ALNS-B,Example5,5,0,58.0,14.0,nan
ALNS-B,Example5,5,0,59.0,14.0,nan
ALNS-B,Example5,5,0,60.0,14.0,nan
ALNS-B,Example5,5,0,61.0,14.0,nan
ALNS-B,Example5,5,0,62.0,13.0,nan
ALNS-B,Example5,5,0,63.0,13.0,nan
ALNS-B,Example5,5,0,64.0,13.0,nan
ALNS-B,Example5,5,0,65.0,13.0,nan
ALNS-B,Example5,5,0,66.0,13.0,nan
ALNS-B,Example5,5,0,67.0,13.0,nan
ALNS-B,Example5,5,0,68.0,13.0,nan
ALNS-B,Example5,5,0,69.0,13.0,nan
ALNS-B,Example5,5,0,70.0,13.0,nan
ALNS-B,Example5,5,0,71.0,9.0,nan
ALNS-B,Example5,5,0,72.0,9.0,nan
ALNS-B,Example5,5,0,73.0,9.0,nan
ALNS-B,Example5,5,0,74.0,9.0,nan
ALNS-B,Example5,5,0,75.0,9.0,nan
ALNS-B,Example5,5,0,76.0,9.0,nan
ALNS-B,Example5,5,0,77.0,9.0,nan
ALNS-B,Example5,5,0,78.0,8.0,nan
ALNS-B,Example5,5,0,79.0,8.0,nan
ALNS-B,Example5,5,0,80.0,8.0,nan
ALNS-B,Example5,5,0,81.0,8.0,nan
ALNS-B,Example5,5,0,82.0,8.0,nan
ALNS-B,Example5,5,0,83.0,8.0,nan
ALNS-B,Example5,5,0,84.0,8.0,nan
ALNS-B,Example5,5,0,85.0,8.0,nan
ALNS-B,Example5,5,0,86.0,8.0,nan
ALNS-B,Example5,5,0,87.0,8.0,nan
ALNS-B,Example5,5,0,88.0,8.0,nan
ALNS-B,Example5,5,0,89.0,8.0,nan
ALNS-B,Example5,5,0,90.0,8.0,nan
ALNS-B,Example5,5,0,91.0,8.0,nan
ALNS-B,Example5,5,0,92.0,8.0,nan
ALNS-B,Example5,5,0,93.0,8.0,nan
ALNS-B,Example5,5,0,94.0,8.0,nan
ALNS-B,Example5,5,0,95.0,8.0,nan
ALNS-B,Example5,5,0,96.0,8.0,nan
ALNS-B,Example5,5,0,97.0,8.0,nan
ALNS-B,Example5,5,0,98.0,8.0,nan
ALNS-B,Example5,5,0,99.0,8.0,nan
ALNS-B,Example5,5,0,100.0,8.0,nan
ALNS-B,Example5,5,0,101.0,8.0,nan
ALNS-B,Example5,5,0,102.0,8.0,nan
ALNS-B,Example5,5,0,103.0,8.0,nan
ALNS-B,Example5,5,0,104.0,8.0,nan
ALNS-B,Example5,5,0,105.0,8.0,nan
ALNS-B,Example5,5,0,106.0,8.0,nan
ALNS-B,Example5,5,0,107.0,8.0,nan
ALNS-B,Example5,5,0,108.0,8.0,nan
ALNS-B,Example5,5,0,109.0,8.0,nan
ALNS-B,Example5,5,0,110.0,8.0,nan
ALNS-B,Example5,5,0,111.0,8.0,nan
ALNS-B,Example5,5,0,112.0,8.0,nan
ALNS-B,Example5,5,0,113.0,8.0,nan
ALNS-B,Example5,5,0,114.0,8.0,nan
ALNS-B,Example5,5,0,115.0,8.0,nan
ALNS-B,Example5,5,0,116.0,8.0,nan
ALNS-B,Example5,5,0,117.0,8.0,nan
ALNS-B,Example5,5,0,118.0,8.0,nan
ALNS-B,Example5,5,0,119.0,8.0,nan
ALNS-B,Example5,5,0,120.0,8.0,nan
ALNS-B,Example5,5,0,121.0,8.0,nan
ALNS-B,Example5,5,0,122.0,8.0,nan
ALNS-B,Example5,5,0,123.0,8.0,nan
ALNS-B,Example5,5,0,124.0,8.0,nan
ALNS-B,Example5,5,0,125.0,8.0,nan
ALNS-B,Example5,5,0,126.0,8.0,nan
ALNS-B,Example5,5,0,127.0,8.0,nan
ALNS-B,Example5,5,0,128.0,8.0,nan
ALNS-B,Example5,5,0,129.0,7.0,nan
ALNS-B,Example5,5,0,130.0,7.0,nan
ALNS-B,Example5,5,0,131.0,7.0,nan
ALNS-B,Example5,5,0,132.0,7.0,nan
ALNS-B,Example5,5,0,133.0,7.0,nan
ALNS-B,Example5,5,0,134.0,7.0,nan
ALNS-B,Example5,5,0,135.0,7.0,nan
ALNS-B,Example5,5,0,136.0,6.0,nan
ALNS-B,Example5,5,0,137.0,6.0,nan
ALNS-B,Example5,5,0,138.0,6.0,nan
ALNS-B,Example5,5,0,139.0,6.0,nan
ALNS-B,Example5,5,0,140.0,6.0,nan
ALNS-B,Example5,5,0,141.0,6.0,nan
ALNS-B,Example5,5,0,142.0,6.0,nan
ALNS-B,Example5,5,0,143.0,6.0,nan
ALNS-B,Example5,5,0,144.0,6.0,nan
ALNS-B,Example5,5,0,145.0,6.0,nan
ALNS-B,Example5,5,0,146.0,6.0,nan
ALNS-B,Example5,5,0,147.0,6.0,nan
ALNS-B,Example5,5,0,148.0,6.0,nan
ALNS-B,Example5,5,0,149.0,6.0,nan
ALNS-B,Example5,5,0,150.0,6.0,nan
ALNS-B,Example5,5,0,151.0,6.0,nan
ALNS-B,Example5,5,0,152.0,6.0,nan
ALNS-B,Example5,5,0,153.0,6.0,nan
ALNS-B,Example5,5,0,154.0,5.0,nan
ALNS-B,Example5,5,0,155.0,5.0,nan
ALNS-B,Example5,5,0,156.0,5.0,nan
ALNS-B,Example5,5,0,157.0,5.0,nan
ALNS-B,Example5,5,0,158.0,5.0,nan
ALNS-B,Example5,5,0,159.0,5.0,nan
ALNS-B,Example5,5,0,160.0,5.0,nan
ALNS-B,Example5,5,0,161.0,5.0,nan
ALNS-B,Example5,5,0,162.0,5.0,nan
ALNS-B,Example5,5,0,163.0,5.0,nan
ALNS-B,Example5,5,0,164.0,5.0,nan
ALNS-B,Example5,5,0,165.0,5.0,nan
ALNS-B,Example5,5,0,166.0,5.0,nan
ALNS-B,Example5,5,0,167.0,5.0,nan
ALNS-B,Example5,5,0,168.0,5.0,nan
ALNS-B,Example5,5,0,169.0,5.0,nan
ALNS-B,Example5,5,0,170.0,5.0,nan
ALNS-B,Example5,5,0,171.0,5.0,nan
ALNS-B,Example5,5,0,172.0,5.0,nan
ALNS-B,Example5,5,0,173.0,5.0,nan
ALNS-B,Example5,5,0,174.0,5.0,nan
ALNS-B,Example5,5,0,175.0,5.0,nan
ALNS-B,Example5,5,0,176.0,5.0,nan
ALNS-B,Example5,5,0,177.0,5.0,nan
ALNS-B,Example5,5,0,178.0,5.0,nan
ALNS-B,Example5,5,0,179.0,5.0,nan
ALNS-B,Example5,5,0,180.0,5.0,nan
ALNS-B,Example5,5,0,181.0,5.0,nan
ALNS-B,Example5,5,0,182.0,5.0,nan
ALNS-B,Example5,5,0,183.0,5.0,nan
ALNS-B,Example5,5,0,184.0,5.0,nan
ALNS-B,Example5,5,0,185.0,5.0,nan
ALNS-B,Example5,5,0,186.0,5.0,nan
ALNS-B,Example5,5,0,187.0,5.0,nan
ALNS-B,Example5,5,0,188.0,5.0,nan
ALNS-B,Example5,5,0,189.0,5.0,nan
ALNS-B,Example5,5,0,190.0,5.0,nan
ALNS-B,Example5,5,0,191.0,5.0,nan
ALNS-B,Example5,5,0,192.0,5.0,nan
ALNS-B,Example5,5,0,193.0,5.0,nan
ALNS-B,Example5,5,0,194.0,5.0,nan
ALNS-B,Example5,5,0,195.0,5.0,nan
ALNS-B,Example5,5,0,196.0,5.0,nan
ALNS-B,Example5,5,0,197.0,5.0,nan
ALNS-B,Example5,5,0,198.0,5.0,nan
ALNS-B,Example5,5,0,199.0,5.0,nan
ALNS-B,Example5,5,0,200.0,5.0,nan
ALNS-B,Example5,5,0,201.0,5.0,nan
ALNS-B,Example5,5,0,202.0,5.0,nan
ALNS-B,Example5,5,0,203.0,5.0,nan
ALNS-B,Example5,5,0,204.0,5.0,nan
ALNS-B,Example5,5,0,205.0,5.0,nan
ALNS-B,Example5,5,0,206.0,5.0,nan
ALNS-B,Example5,5,0,207.0,5.0,nan
ALNS-B,Example5,5,0,208.0,5.0,nan
ALNS-B,Example5,5,0,209.0,5.0,nan
ALNS-B,Example5,5,0,210.0,5.0,nan
ALNS-B,Example5,5,0,211.0,5.0,nan
ALNS-B,Example5,5,0,212.0,5.0,nan
ALNS-B,Example5,5,0,213.0,5.0,nan
ALNS-B,Example5,5,0,214.0,5.0,nan
ALNS-B,Example5,5,0,215.0,5.0,nan
ALNS-B,Example5,5,0,216.0,5.0,nan
ALNS-B,Example5,5,0,217.0,5.0,nan
ALNS-B,Example5,5,0,218.0,5.0,nan
ALNS-B,Example5,5,0,219.0,5.0,nan
ALNS-B,Example5,5,0,220.0,5.0,nan
ALNS-B,Example5,5,0,221.0,5.0,nan
ALNS-B,Example5,5,0,222.0,5.0,nan
ALNS-B,Example5,5,0,223.0,5.0,nan
ALNS-B,Example5,5,0,224.0,5.0,nan
ALNS-B,Example5,5,0,225.0,5.0,nan
ALNS-B,Example5,5,0,226.0,5.0,nan
ALNS-B,Example5,5,0,227.0,5.0,nan
ALNS-B,Example5,5,0,228.0,5.0,nan
ALNS-B,Example5,5,0,229.0,5.0,nan
ALNS-B,Example5,5,0,230.0,5.0,nan
ALNS-B,Example5,5,0,231.0,5.0,nan
ALNS-B,Example5,5,0,232.0,5.0,nan
ALNS-B,Example5,5,0,233.0,5.0,nan
ALNS-B,Example5,5,0,234.0,5.0,nan
ALNS-B,Example5,5,0,235.0,5.0,nan
ALNS-B,Example5,5,0,236.0,5.0,nan
ALNS-B,Example5,5,0,237.0,5.0,nan
ALNS-B,Example5,5,0,238.0,5.0,nan
ALNS-B,Example5,5,0,239.0,5.0,nan
ALNS-B,Example5,5,0,240.0,5.0,nan
ALNS-B,Example5,5,0,241.0,5.0,nan
ALNS-B,Example5,5,0,242.0,5.0,nan
ALNS-B,Example5,5,0,243.0,5.0,nan
ALNS-B,Example5,5,0,244.0,5.0,nan
ALNS-B,Example5,5,0,245.0,5.0,nan
ALNS-B,Example5,5,0,246.0,5.0,nan
ALNS-B,Example5,5,0,247.0,5.0,nan
ALNS-B,Example5,5,0,248.0,5.0,nan
ALNS-B,Example5,5,0,249.0,5.0,nan
ALNS-B,Example5,5,0,250.0,5.0,nan
ALNS-B,Example5,5,0,251.0,5.0,nan
ALNS-B,Example5,5,0,252.0,5.0,nan
ALNS-B,Example5,5,0,253.0,5.0,nan
ALNS-B,Example5,5,0,254.0,5.0,nan
ALNS-B,Example5,5,0,255.0,5.0,nan
ALNS-B,Example5,5,0,256.0,5.0,nan
ALNS-B,Example5,5,0,257.0,5.0,nan
ALNS-B,Example5,5,0,258.0,5.0,nan
ALNS-B,Example5,5,0,259.0,5.0,nan
ALNS-B,Example5,5,0,260.0,5.0,nan
ALNS-B,Example5,5,0,261.0,5.0,nan
ALNS-B,Example5,5,0,262.0,5.0,nan
ALNS-B,Example5,5,0,263.0,5.0,nan
ALNS-B,Example5,5,0,264.0,5.0,nan
ALNS-B,Example5,5,0,265.0,5.0,nan
ALNS-B,Example5,5,0,266.0,5.0,nan
ALNS-B,Example5,5,0,267.0,5.0,nan
ALNS-B,Example5,5,0,268.0,5.0,nan
ALNS-B,Example5,5,0,269.0,5.0,nan
ALNS-B,Example5,5,0,270.0,5.0,nan
ALNS-B,Example5,5,0,271.0,5.0,nan
ALNS-B,Example5,5,0,272.0,5.0,nan
ALNS-B,Example5,5,0,273.0,5.0,nan
ALNS-B,Example5,5,1,0.0,30.0,nan
ALNS-B,Example5,5,1,1.0,30.0,nan
ALNS-B,Example5,5,1,2.0,30.0,nan
ALNS-B,Example5,5,1,3.0,30.0,nan
ALNS-B,Example5,5,1,4.0,30.0,nan
ALNS-B,Example5,5,1,5.0,30.0,nan
ALNS-B,Example5,5,1,6.0,20.0,nan
ALNS-B,Example5,5,1,7.0,14.0,nan
ALNS-B,Example5,5,1,8.0,10.0,nan
ALNS-B,Example5,5,1,9.0,10.0,nan
ALNS-B,Example5,5,1,10.0,10.0,nan
ALNS-B,Example5,5,1,11.0,10.0,nan
ALNS-B,Example5,5,1,12.0,10.0,nan
ALNS-B,Example5,5,1,13.0,10.0,nan
ALNS-B,Example5,5,1,14.0,10.0,nan
ALNS-B,Example5,5,1,15.0,8.0,nan
ALNS-B,Example5,5,1,16.0,8.0,nan
ALNS-B,Example5,5,1,17.0,8.0,nan
ALNS-B,Example5,5,1,18.0,8.0,nan
ALNS-B,Example5,5,1,19.0,8.0,nan
ALNS-B,Example5,5,1,20.0,8.0,nan
ALNS-B,Example5,5,1,21.0,8.0,nan
ALNS-B,Example5,5,1,22.0,8.0,nan
ALNS-B,Example5,5,1,23.0,8.0,nan
ALNS-B,Example5,5,1,24.0,8.0,nan
ALNS-B,Example5,5,1,25.0,8.0,nan
ALNS-B,Example5,5,1,26.0,8.0,nan
ALNS-B,Example5,5,1,27.0,8.0,nan
ALNS-B,Example5,5,1,28.0,8.0,nan
ALNS-B,Example5,5,1,29.0,8.0,nan
ALNS-B,Example5,5,1,30.0,8.0,nan
ALNS-B,Example5,5,1,31.0,8.0,nan
ALNS-B,Example5,5,1,32.0,8.0,nan
ALNS-B,Example5,5,1,33.0,8.0,nan
ALNS-B,Example5,5,1,34.0,8.0,nan
ALNS-B,Example5,5,1,35.0,8.0,nan
ALNS-B,Example5,5,1,36.0,8.0,nan
ALNS-B,Example5,5,1,37.0,8.0,nan
ALNS-B,Example5,5,1,38.0,8.0,nan
ALNS-B,Example5,5,1,39.0,8.0,nan
ALNS-B,Example5,5,1,40.0,8.0,nan
ALNS-B,Example5,5,1,41.0,8.0,nan
ALNS-B,Example5,5,1,42.0,8.0,nan
ALNS-B,Example5,5,1,43.0,8.0,nan
ALNS-B,Example5,5,1,44.0,8.0,nan
ALNS-B,Example5,5,1,45.0,8.0,nan
ALNS-B,Example5,5,1,46.0,8.0,nan
ALNS-B,Example5,5,1,47.0,8.0,nan
ALNS-B,Example5,5,1,48.0,8.0,nan
ALNS-B,Example5,5,1,49.0,8.0,nan
ALNS-B,Example5,5,1,50.0,8.0,nan
ALNS-B,Example5,5,1,51.0,8.0,nan
ALNS-B,Example5,5,1,52.0,8.0,nan
ALNS-B,Example5,5,1,53.0,8.0,nan
ALNS-B,Example5,5,1,54.0,7.0,nan
ALNS-B,Example5,5,1,55.0,7.0,nan
ALNS-B,Example5,5,1,56.0,5.0,nan
ALNS-B,Example5,5,1,57.0,5.0,nan
ALNS-B,Example5,5,1,58.0,5.0,nan
ALNS-B,Example5,5,1,59.0,5.0,nan
ALNS-B,Example5,5,1,60.0,5.0,nan
ALNS-B,Example5,5,1,61.0,5.0,nan
ALNS-B,Example5,5,1,62.0,5.0,nan
ALNS-B,Example5,5,1,63.0,5.0,nan
ALNS-B,Example5,5,1,64.0,5.0,nan
ALNS-B,Example5,5,1,65.0,5.0,nan
ALNS-B,Example5,5,1,66.0,3.0,nan
ALNS-B,Example5,5,1,67.0,3.0,nan
ALNS-B,Example5,5,1,68.0,3.0,nan
ALNS-B,Example5,5,1,69.0,3.0,nan
ALNS-B,Example5,5,1,70.0,3.0,nan
ALNS-B,Example5,5,1,71.0,3.0,nan
ALNS-B,Example5,5,1,72.0,3.0,nan
ALNS-B,Example5,5,1,73.0,3.0,nan
ALNS-B,Example5,5,1,74.0,3.0,nan
ALNS-B,Example5,5,1,75.0,3.0,nan
ALNS-B,Example5,5,1,76.0,3.0,nan
ALNS-B,Example5,5,1,77.0,3.0,nan
ALNS-B,Example5,5,1,78.0,3.0,nan
ALNS-B,Example5,5,1,79.0,3.0,nan
ALNS-B,Example5,5,1,80.0,3.0,nan
ALNS-B,Example5,5,1,81.0,3.0,nan
ALNS-B,Example5,5,1,82.0,3.0,nan
ALNS-B,Example5,5,1,83.0,3.0,nan
ALNS-B,Example5,5,1,84.0,3.0,nan
ALNS-B,Example5,5,1,85.0,3.0,nan
ALNS-B,Example5,5,1,86.0,3.0,nan
ALNS-B,Example5,5,1,87.0,3.0,nan
ALNS-B,Example5,5,1,88.0,3.0,nan
ALNS-B,Example5,5,1,89.0,3.0,nan
ALNS-B,Example5,5,1,90.0,3.0,nan
ALNS-B,Example5,5,1,91.0,3.0,nan
ALNS-B,Example5,5,1,92.0,3.0,nan
ALNS-B,Example5,5,1,93.0,3.0,nan
ALNS-B,Example5,5,1,94.0,3.0,nan
ALNS-B,Example5,5,1,95.0,3.0,nan
ALNS-B,Example5,5,1,96.0,3.0,nan
ALNS-B,Example5,5,1,97.0,3.0,nan
ALNS-B,Example5,5,1,98.0,3.0,nan
ALNS-B,Example5,5,1,99.0,3.0,nan
ALNS-B,Example5,5,1,100.0,3.0,nan
ALNS-B,Example5,5,1,101.0,3.0,nan
ALNS-B,Example5,5,1,102.0,3.0,nan
ALNS-B,Example5,5,1,103.0,3.0,nan
ALNS-B,Example5,5,1,104.0,3.0,nan
ALNS-B,Example5,5,1,105.0,3.0,nan
ALNS-B,Example5,5,1,106.0,3.0,nan
ALNS-B,Example5,5,1,107.0,3.0,nan
ALNS-B,Example5,5,1,108.0,3.0,nan
ALNS-B,Example5,5,1,109.0,3.0,nan
ALNS-B,Example5,5,1,110.0,3.0,nan
ALNS-B,Example5,5,1,111.0,3.0,nan
ALNS-B,Example5,5,1,112.0,3.0,nan
ALNS-B,Example5,5,1,113.0,3.0,nan
ALNS-B,Example5,5,1,114.0,3.0,nan
ALNS-B,Example5,5,1,115.0,3.0,nan
ALNS-B,Example5,5,1,116.0,3.0,nan
ALNS-B,Example5,5,1,117.0,3.0,nan
ALNS-B,Example5,5,1,118.0,3.0,nan
ALNS-B,Example5,5,1,119.0,3.0,nan
ALNS-B,Example5,5,1,120.0,3.0,nan
ALNS-B,Example5,5,1,121.0,3.0,nan
ALNS-B,Example5,5,1,122.0,3.0,nan
ALNS-B,Example5,5,1,123.0,3.0,nan
ALNS-B,Example5,5,1,124.0,3.0,nan
ALNS-B,Example5,5,1,125.0,3.0,nan
ALNS-B,Example5,5,1,126.0,3.0,nan
ALNS-B,Example5,5,1,127.0,3.0,nan
ALNS-B,Example5,5,1,128.0,3.0,nan
ALNS-B,Example5,5,1,129.0,3.0,nan
ALNS-B,Example5,5,1,130.0,3.0,nan
ALNS-B,Example5,5,1,131.0,3.0,nan
ALNS-B,Example5,5,1,132.0,3.0,nan
ALNS-B,Example5,5,1,133.0,3.0,nan
ALNS-B,Example5,5,1,134.0,3.0,nan
ALNS-B,Example5,5,1,135.0,3.0,nan
ALNS-B,Example5,5,1,136.0,3.0,nan
ALNS-B,Example5,5,1,137.0,3.0,nan
ALNS-B,Example5,5,1,138.0,3.0,nan
ALNS-B,Example5,5,1,139.0,3.0,nan
ALNS-B,Example5,5,1,140.0,3.0,nan
ALNS-B,Example5,5,1,141.0,3.0,nan
ALNS-B,Example5,5,1,142.0,3.0,nan
ALNS-B,Example5,5,1,143.0,3.0,nan
ALNS-B,Example5,5,1,144.0,3.0,nan
ALNS-B,Example5,5,1,145.0,3.0,nan
ALNS-B,Example5,5,1,146.0,3.0,nan
ALNS-B,Example5,5,1,147.0,3.0,nan
ALNS-B,Example5,5,1,148.0,3.0,nan
ALNS-B,Example5,5,1,149.0,3.0,nan
ALNS-B,Example5,5,1,150.0,3.0,nan
ALNS-B,Example5,5,1,151.0,3.0,nan
ALNS-B,Example5,5,1,152.0,3.0,nan
ALNS-B,Example5,5,1,153.0,3.0,nan
ALNS-B,Example5,5,1,154.0,3.0,nan
ALNS-B,Example5,5,1,155.0,3.0,nan
ALNS-B,Example5,5,1,156.0,3.0,nan
ALNS-B,Example5,5,1,157.0,3.0,nan
ALNS-B,Example5,5,1,158.0,3.0,nan
ALNS-B,Example5,5,1,159.0,3.0,nan
ALNS-B,Example5,5,1,160.0,3.0,nan
ALNS-B,Example5,5,1,161.0,3.0,nan
ALNS-B,Example5,5,1,162.0,3.0,nan
ALNS-B,Example5,5,1,163.0,3.0,nan
ALNS-B,Example5,5,1,164.0,3.0,nan
ALNS-B,Example5,5,1,165.0,3.0,nan
ALNS-B,Example5,5,1,166.0,3.0,nan
ALNS-B,Example5,5,1,167.0,3.0,nan
ALNS-B,Example5,5,1,168.0,3.0,nan
ALNS-B,Example5,5,1,169.0,3.0,nan
ALNS-B,Example5,5,1,170.0,3.0,nan
ALNS-B,Example5,5,1,171.0,3.0,nan
ALNS-B,Example5,5,1,172.0,3.0,nan
ALNS-B,Example5,5,1,173.0,3.0,nan
ALNS-B,Example5,5,1,174.0,3.0,nan
ALNS-B,Example5,5,1,175.0,3.0,nan
ALNS-B,Example5,5,1,176.0,3.0,nan
ALNS-B,Example5,5,1,177.0,3.0,nan
ALNS-B,Example5,5,1,178.0,3.0,nan
ALNS-B,Example5,5,1,179.0,3.0,nan
ALNS-B,Example5,5,1,180.0,3.0,nan
ALNS-B,Example5,5,1,181.0,3.0,nan
ALNS-B,Example5,5,1,182.0,3.0,nan
ALNS-B,Example5,5,1,183.0,3.0,nan
ALNS-B,Example5,5,1,184.0,3.0,nan
ALNS-B,Example5,5,1,185.0,3.0,nan
ALNS-B,Example5,5,1,186.0,3.0,nan
ALNS-B,Example5,5,1,187.0,3.0,nan
ALNS-B,Example5,5,1,188.0,3.0,nan
ALNS-B,Example5,5,1,189.0,3.0,nan
ALNS-B,Example5,5,1,190.0,3.0,nan
ALNS-B,Example5,5,1,191.0,3.0,nan
ALNS-B,Example5,5,1,192.0,3.0,nan
ALNS-B,Example5,5,1,193.0,3.0,nan
ALNS-B,Example5,5,1,194.0,3.0,nan
ALNS-B,Example5,5,1,195.0,3.0,nan
ALNS-B,Example5,5,1,196.0,3.0,nan
ALNS-B,Example5,5,1,197.0,3.0,nan
ALNS-B,Example5,5,1,198.0,3.0,nan
ALNS-B,Example5,5,1,199.0,3.0,nan
ALNS-B,Example5,5,1,200.0,3.0,nan
ALNS-B,Example5,5,1,201.0,3.0,nan
ALNS-B,Example5,5,1,202.0,3.0,nan
ALNS-B,Example5,5,1,203.0,3.0,nan
ALNS-B,Example5,5,1,204.0,3.0,nan
ALNS-B,Example5,5,1,205.0,3.0,nan
ALNS-B,Example5,5,1,206.0,3.0,nan
ALNS-B,Example5,5,1,207.0,3.0,nan
ALNS-B,Example5,5,1,208.0,3.0,nan
ALNS-B,Example5,5,1,209.0,3.0,nan
ALNS-B,Example5,5,1,210.0,3.0,nan
ALNS-B,Example5,5,1,211.0,3.0,nan
ALNS-B,Example5,5,1,212.0,3.0,nan
ALNS-B,Example5,5,1,213.0,3.0,nan
ALNS-B,Example5,5,1,214.0,3.0,nan
ALNS-B,Example5,5,1,215.0,3.0,nan
ALNS-B,Example5,5,1,216.0,3.0,nan
ALNS-B,Example5,5,1,217.0,3.0,nan
ALNS-B,Example5,5,1,218.0,3.0,nan
ALNS-B,Example5,5,1,219.0,3.0,nan
ALNS-B,Example5,5,1,220.0,3.0,nan
ALNS-B,Example5,5,1,221.0,3.0,nan
ALNS-B,Example5,5,1,222.0,3.0,nan
ALNS-B,Example5,5,1,223.0,3.0,nan
ALNS-B,Example5,5,1,224.0,3.0,nan
ALNS-B,Example5,5,1,225.0,3.0,nan
ALNS-B,Example5,5,1,226.0,3.0,nan
ALNS-B,Example5,5,1,227.0,3.0,nan
ALNS-B,Example5,5,1,228.0,3.0,nan
ALNS-B,Example5,5,1,229.0,3.0,nan
ALNS-B,Example5,5,1,230.0,3.0,nan
ALNS-B,Example5,5,1,231.0,3.0,nan
ALNS-B,Example5,5,1,232.0,3.0,nan
ALNS-B,Example5,5,1,233.0,3.0,nan
ALNS-B,Example5,5,1,234.0,3.0,nan
ALNS-B,Example5,5,1,235.0,3.0,nan
ALNS-B,Example5,5,1,236.0,3.0,nan
ALNS-B,Example5,5,1,237.0,3.0,nan
ALNS-B,Example5,5,1,238.0,3.0,nan
ALNS-B,Example5,5,1,239.0,3.0,nan
ALNS-B,Example5,5,1,240.0,3.0,nan
ALNS-B,Example5,5,1,241.0,3.0,nan
ALNS-B,Example5,5,1,242.0,3.0,nan
ALNS-B,Example5,5,1,243.0,3.0,nan
ALNS-B,Example5,5,1,244.0,3.0,nan
ALNS-B,Example5,5,1,245.0,3.0,nan
ALNS-B,Example5,5,1,246.0,3.0,nan
ALNS-B,Example5,5,1,247.0,3.0,nan
ALNS-B,Example5,5,1,248.0,3.0,nan
ALNS-B,Example5,5,1,249.0,3.0,nan
ALNS-B,Example5,5,1,250.0,3.0,nan
ALNS-B,Example5,5,1,251.0,3.0,nan
ALNS-B,Example5,5,1,252.0,3.0,nan
ALNS-B,Example5,5,1,253.0,3.0,nan
ALNS-B,Example5,5,1,254.0,3.0,nan
ALNS-B,Example5,5,1,255.0,3.0,nan
ALNS-B,Example5,5,1,256.0,3.0,nan
ALNS-B,Example5,5,1,257.0,3.0,nan
ALNS-B,Example5,5,1,258.0,3.0,nan
ALNS-B,Example5,5,1,259.0,3.0,nan
ALNS-B,Example5,5,1,260.0,3.0,nan
ALNS-B,Example5,5,1,261.0,3.0,nan
ALNS-B,Example5,5,1,262.0,3.0,nan
ALNS-B,Example5,5,1,263.0,3.0,nan
ALNS-B,Example5,5,1,264.0,3.0,nan
ALNS-B,Example5,5,1,265.0,3.0,nan
ALNS-B,Example5,5,1,266.0,3.0,nan
ALNS-B,Example5,5,1,267.0,3.0,nan
ALNS-B,Example5,5,1,268.0,3.0,nan
ALNS-B,Example5,5,1,269.0,3.0,nan
ALNS-B,Example5,5,1,270.0,3.0,nan
ALNS-B,Example5,5,1,271.0,3.0,nan
ALNS-B,Example5,5,1,272.0,3.0,nan
ALNS-B,Example5,5,1,273.0,3.0,nan
ALNS-B,Example5,5,2,0.0,43.0,nan
ALNS-B,Example5,5,2,1.0,43.0,nan
ALNS-B,Example5,5,2,2.0,43.0,nan
ALNS-B,Example5,5,2,3.0,43.0,nan
ALNS-B,Example5,5,2,4.0,43.0,nan
ALNS-B,Example5,5,2,5.0,43.0,nan
ALNS-B,Example5,5,2,6.0,32.0,nan
ALNS-B,Example5,5,2,7.0,32.0,nan
ALNS-B,Example5,5,2,8.0,32.0,nan
ALNS-B,Example5,5,2,9.0,24.0,nan
ALNS-B,Example5,5,2,10.0,24.0,nan
ALNS-B,Example5,5,2,11.0,24.0,nan
ALNS-B,Example5,5,2,12.0,24.0,nan
ALNS-B,Example5,5,2,13.0,24.0,nan
ALNS-B,Example5,5,2,14.0,24.0,nan
ALNS-B,Example5,5,2,15.0,24.0,nan
ALNS-B,Example5,5,2,16.0,24.0,nan
ALNS-B,Example5,5,2,17.0,24.0,nan
ALNS-B,Example5,5,2,18.0,24.0,nan
ALNS-B,Example5,5,2,19.0,24.0,nan
ALNS-B,Example5,5,2,20.0,24.0,nan
ALNS-B,Example5,5,2,21.0,24.0,nan
ALNS-B,Example5,5,2,22.0,21.0,nan
ALNS-B,Example5,5,2,23.0,21.0,nan
ALNS-B,Example5,5,2,24.0,21.0,nan
ALNS-B,Example5,5,2,25.0,21.0,nan
ALNS-B,Example5,5,2,26.0,21.0,nan
ALNS-B,Example5,5,2,27.0,21.0,nan
ALNS-B,Example5,5,2,28.0,21.0,nan
ALNS-B,Example5,5,2,29.0,21.0,nan
ALNS-B,Example5,5,2,30.0,21.0,nan
ALNS-B,Example5,5,2,31.0,21.0,nan
ALNS-B,Example5,5,2,32.0,21.0,nan
ALNS-B,Example5,5,2,33.0,21.0,nan
ALNS-B,Example5,5,2,34.0,21.0,nan
ALNS-B,Example5,5,2,35.0,21.0,nan
ALNS-B,Example5,5,2,36.0,21.0,nan
ALNS-B,Example5,5,2,37.0,21.0,nan
ALNS-B,Example5,5,2,38.0,21.0,nan
ALNS-B,Example5,5,2,39.0,21.0,nan
ALNS-B,Example5,5,2,40.0,21.0,nan
ALNS-B,Example5,5,2,41.0,21.0,nan
ALNS-B,Example5,5,2,42.0,21.0,nan
ALNS-B,Example5,5,2,43.0,21.0,nan
ALNS-B,Example5,5,2,44.0,21.0,nan
ALNS-B,Example5,5,2,45.0,21.0,nan
ALNS-B,Example5,5,2,46.0,21.0,nan
ALNS-B,Example5,5,2,47.0,21.0,nan
ALNS-B,Example5,5,2,48.0,20.0,nan
ALNS-B,Example5,5,2,49.0,20.0,nan
ALNS-B,Example5,5,2,50.0,20.0,nan
ALNS-B,Example5,5,2,51.0,20.0,nan
ALNS-B,Example5,5,2,52.0,13.0,nan
ALNS-B,Example5,5,2,53.0,13.0,nan
ALNS-B,Example5,5,2,54.0,13.0,nan
ALNS-B,Example5,5,2,55.0,9.0,nan
ALNS-B,Example5,5,2,56.0,9.0,nan
ALNS-B,Example5,5,2,57.0,9.0,nan
ALNS-B,Example5,5,2,58.0,9.0,nan
ALNS-B,Example5,5,2,59.0,9.0,nan
ALNS-B,Example5,5,2,60.0,9.0,nan
ALNS-B,Example5,5,2,61.0,9.0,nan
ALNS-B,Example5,5,2,62.0,9.0,nan
ALNS-B,Example5,5,2,63.0,9.0,nan
ALNS-B,Example5,5,2,64.0,7.0,nan
ALNS-B,Example5,5,2,65.0,7.0,nan
ALNS-B,Example5,5,2,66.0,7.0,nan
ALNS-B,Example5,5,2,67.0,7.0,nan
ALNS-B,Example5,5,2,68.0,7.0,nan
ALNS-B,Example5,5,2,69.0,7.0,nan
ALNS-B,Example5,5,2,70.0,7.0,nan
ALNS-B,Example5,5,2,71.0,7.0,nan
ALNS-B,Example5,5,2,72.0,7.0,nan
ALNS-B,Example5,5,2,73.0,7.0,nan
ALNS-B,Example5,5,2,74.0,7.0,nan
ALNS-B,Example5,5,2,75.0,7.0,nan
ALNS-B,Example5,5,2,76.0,7.0,nan
ALNS-B,Example5,5,2,77.0,7.0,nan
ALNS-B,Example5,5,2,78.0,7.0,nan
ALNS-B,Example5,5,2,79.0,7.0,nan
ALNS-B,Example5,5,2,80.0,6.0,nan
ALNS-B,Example5,5,2,81.0,6.0,nan
ALNS-B,Example5,5,2,82.0,6.0,nan
ALNS-B,Example5,5,2,83.0,6.0,nan
ALNS-B,Example5,5,2,84.0,6.0,nan
ALNS-B,Example5,5,2,85.0,6.0,nan
ALNS-B,Example5,5,2,86.0,6.0,nan
ALNS-B,Example5,5,2,87.0,6.0,nan
ALNS-B,Example5,5,2,88.0,6.0,nan
ALNS-B,Example5,5,2,89.0,6.0,nan
ALNS-B,Example5,5,2,90.0,6.0,nan
ALNS-B,Example5,5,2,91.0,6.0,nan
ALNS-B,Example5,5,2,92.0,6.0,nan
ALNS-B,Example5,5,2,93.0,6.0,nan
ALNS-B,Example5,5,2,94.0,6.0,nan
ALNS-B,Example5,5,2,95.0,6.0,nan
ALNS-B,Example5,5,2,96.0,6.0,nan
ALNS-B,Example5,5,2,97.0,6.0,nan
ALNS-B,Example5,5,2,98.0,6.0,nan
ALNS-B,Example5,5,2,99.0,6.0,nan
ALNS-B,Example5,5,2,100.0,6.0,nan
ALNS-B,Example5,5,2,101.0,6.0,nan
ALNS-B,Example5,5,2,102.0,6.0,nan
ALNS-B,Example5,5,2,103.0,6.0,nan
ALNS-B,Example5,5,2,104.0,6.0,nan
ALNS-B,Example5,5,2,105.0,6.0,nan
ALNS-B,Example5,5,2,106.0,6.0,nan
ALNS-B,Example5,5,2,107.0,6.0,nan
ALNS-B,Example5,5,2,108.0,6.0,nan
ALNS-B,Example5,5,2,109.0,6.0,nan
ALNS-B,Example5,5,2,110.0,6.0,nan
ALNS-B,Example5,5,2,111.0,6.0,nan
ALNS-B,Example5,5,2,112.0,6.0,nan
ALNS-B,Example5,5,2,113.0,6.0,nan
ALNS-B,Example5,5,2,114.0,6.0,nan
ALNS-B,Example5,5,2,115.0,6.0,nan
ALNS-B,Example5,5,2,116.0,6.0,nan
ALNS-B,Example5,5,2,117.0,6.0,nan
ALNS-B,Example5,5,2,118.0,6.0,nan
ALNS-B,Example5,5,2,119.0,6.0,nan
ALNS-B,Example5,5,2,120.0,6.0,nan
ALNS-B,Example5,5,2,121.0,6.0,nan
ALNS-B,Example5,5,2,122.0,6.0,nan
ALNS-B,Example5,5,2,123.0,6.0,nan
ALNS-B,Example5,5,2,124.0,6.0,nan
ALNS-B,Example5,5,2,125.0,6.0,nan
ALNS-B,Example5,5,2,126.0,6.0,nan
ALNS-B,Example5,5,2,127.0,6.0,nan
ALNS-B,Example5,5,2,128.0,6.0,nan
ALNS-B,Example5,5,2,129.0,6.0,nan
ALNS-B,Example5,5,2,130.0,6.0,nan
ALNS-B,Example5,5,2,131.0,6.0,nan
ALNS-B,Example5,5,2,132.0,6.0,nan
ALNS-B,Example5,5,2,133.0,6.0,nan
ALNS-B,Example5,5,2,134.0,6.0,nan
ALNS-B,Example5,5,2,135.0,6.0,nan
ALNS-B,Example5,5,2,136.0,6.0,nan
ALNS-B,Example5,5,2,137.0,6.0,nan
ALNS-B,Example5,5,2,138.0,6.0,nan
ALNS-B,Example5,5,2,139.0,6.0,nan
ALNS-B,Example5,5,2,140.0,6.0,nan
ALNS-B,Example5,5,2,141.0,6.0,nan
ALNS-B,Example5,5,2,142.0,6.0,nan
ALNS-B,Example5,5,2,143.0,6.0,nan
ALNS-B,Example5,5,2,144.0,6.0,nan
ALNS-B,Example5,5,2,145.0,6.0,nan
ALNS-B,Example5,5,2,146.0,6.0,nan
ALNS-B,Example5,5,2,147.0,6.0,nan
ALNS-B,Example5,5,2,148.0,6.0,nan
ALNS-B,Example5,5,2,149.0,6.0,nan
ALNS-B,Example5,5,2,150.0,6.0,nan
ALNS-B,Example5,5,2,151.0,6.0,nan
ALNS-B,Example5,5,2,152.0,5.0,nan
ALNS-B,Example5,5,2,153.0,5.0,nan
ALNS-B,Example5,5,2,154.0,5.0,nan
ALNS-B,Example5,5,2,155.0,5.0,nan
ALNS-B,Example5,5,2,156.0,5.0,nan
ALNS-B,Example5,5,2,157.0,5.0,nan
ALNS-B,Example5,5,2,158.0,5.0,nan
ALNS-B,Example5,5,2,159.0,5.0,nan
ALNS-B,Example5,5,2,160.0,5.0,nan
ALNS-B,Example5,5,2,161.0,5.0,nan
ALNS-B,Example5,5,2,162.0,5.0,nan
ALNS-B,Example5,5,2,163.0,5.0,nan
ALNS-B,Example5,5,2,164.0,5.0,nan
ALNS-B,Example5,5,2,165.0,5.0,nan
ALNS-B,Example5,5,2,166.0,5.0,nan
ALNS-B,Example5,5,2,167.0,5.0,nan
ALNS-B,Example5,5,2,168.0,5.0,nan
ALNS-B,Example5,5,2,169.0,5.0,nan
ALNS-B,Example5,5,2,170.0,5.0,nan
ALNS-B,Example5,5,2,171.0,5.0,nan
ALNS-B,Example5,5,2,172.0,5.0,nan
ALNS-B,Example5,5,2,173.0,5.0,nan
ALNS-B,Example5,5,2,174.0,5.0,nan
ALNS-B,Example5,5,2,175.0,5.0,nan
ALNS-B,Example5,5,2,176.0,5.0,nan
ALNS-B,Example5,5,2,177.0,5.0,nan
ALNS-B,Example5,5,2,178.0,5.0,nan
ALNS-B,Example5,5,2,179.0,5.0,nan
ALNS-B,Example5,5,2,180.0,5.0,nan
ALNS-B,Example5,5,2,181.0,5.0,nan
ALNS-B,Example5,5,2,182.0,5.0,nan
ALNS-B,Example5,5,2,183.0,5.0,nan
ALNS-B,Example5,5,2,184.0,5.0,nan
ALNS-B,Example5,5,2,185.0,5.0,nan
ALNS-B,Example5,5,2,186.0,5.0,nan
ALNS-B,Example5,5,2,187.0,5.0,nan
ALNS-B,Example5,5,2,188.0,5.0,nan
ALNS-B,Example5,5,2,189.0,5.0,nan
ALNS-B,Example5,5,2,190.0,5.0,nan
ALNS-B,Example5,5,2,191.0,5.0,nan
ALNS-B,Example5,5,2,192.0,5.0,nan
ALNS-B,Example5,5,2,193.0,5.0,nan
ALNS-B,Example5,5,2,194.0,5.0,nan
ALNS-B,Example5,5,2,195.0,5.0,nan
ALNS-B,Example5,5,2,196.0,5.0,nan
ALNS-B,Example5,5,2,197.0,5.0,nan
ALNS-B,Example5,5,2,198.0,5.0,nan
ALNS-B,Example5,5,2,199.0,5.0,nan
ALNS-B,Example5,5,2,200.0,5.0,nan
ALNS-B,Example5,5,2,201.0,5.0,nan
ALNS-B,Example5,5,2,202.0,5.0,nan
ALNS-B,Example5,5,2,203.0,5.0,nan
ALNS-B,Example5,5,2,204.0,5.0,nan
ALNS-B,Example5,5,2,205.0,5.0,nan
ALNS-B,Example5,5,2,206.0,5.0,nan
ALNS-B,Example5,5,2,207.0,5.0,nan
ALNS-B,Example5,5,2,208.0,5.0,nan
ALNS-B,Example5,5,2,209.0,5.0,nan
ALNS-B,Example5,5,2,210.0,5.0,nan
ALNS-B,Example5,5,2,211.0,5.0,nan
ALNS-B,Example5,5,2,212.0,5.0,nan
ALNS-B,Example5,5,2,213.0,5.0,nan
ALNS-B,Example5,5,2,214.0,5.0,nan
ALNS-B,Example5,5,2,215.0,5.0,nan
ALNS-B,Example5,5,2,216.0,5.0,nan
ALNS-B,Example5,5,2,217.0,5.0,nan
ALNS-B,Example5,5,2,218.0,5.0,nan
ALNS-B,Example5,5,2,219.0,5.0,nan
ALNS-B,Example5,5,2,220.0,5.0,nan
ALNS-B,Example5,5,2,221.0,5.0,nan
ALNS-B,Example5,5,2,222.0,5.0,nan
ALNS-B,Example5,5,2,223.0,5.0,nan
ALNS-B,Example5,5,2,224.0,5.0,nan
ALNS-B,Example5,5,2,225.0,5.0,nan
ALNS-B,Example5,5,2,226.0,5.0,nan
ALNS-B,Example5,5,2,227.0,5.0,nan
ALNS-B,Example5,5,2,228.0,5.0,nan
ALNS-B,Example5,5,2,229.0,5.0,nan
ALNS-B,Example5,5,2,230.0,5.0,nan
ALNS-B,Example5,5,2,231.0,5.0,nan
ALNS-B,Example5,5,2,232.0,5.0,nan
ALNS-B,Example5,5,2,233.0,5.0,nan
ALNS-B,Example5,5,2,234.0,5.0,nan
ALNS-B,Example5,5,2,235.0,5.0,nan
ALNS-B,Example5,5,2,236.0,5.0,nan
ALNS-B,Example5,5,2,237.0,5.0,nan
ALNS-B,Example5,5,2,238.0,5.0,nan
ALNS-B,Example5,5,2,239.0,5.0,nan
ALNS-B,Example5,5,2,240.0,5.0,nan
ALNS-B,Example5,5,2,241.0,5.0,nan
ALNS-B,Example5,5,2,242.0,5.0,nan
ALNS-B,Example5,5,2,243.0,5.0,nan
ALNS-B,Example5,5,2,244.0,5.0,nan
ALNS-B,Example5,5,2,245.0,5.0,nan
ALNS-B,Example5,5,2,246.0,5.0,nan
ALNS-B,Example5,5,2,247.0,5.0,nan
ALNS-B,Example5,5,2,248.0,5.0,nan
ALNS-B,Example5,5,2,249.0,5.0,nan
ALNS-B,Example5,5,2,250.0,5.0,nan
ALNS-B,Example5,5,2,251.0,5.0,nan
ALNS-B,Example5,5,2,252.0,5.0,nan
ALNS-B,Example5,5,2,253.0,5.0,nan
ALNS-B,Example5,5,2,254.0,5.0,nan
ALNS-B,Example5,5,2,255.0,5.0,nan
ALNS-B,Example5,5,2,256.0,5.0,nan
ALNS-B,Example5,5,2,257.0,5.0,nan
ALNS-B,Example5,5,2,258.0,5.0,nan
ALNS-B,Example5,5,2,259.0,5.0,nan
ALNS-B,Example5,5,2,260.0,5.0,nan
ALNS-B,Example5,5,2,261.0,5.0,nan
ALNS-B,Example5,5,2,262.0,5.0,nan
ALNS-B,Example5,5,2,263.0,5.0,nan
ALNS-B,Example5,5,2,264.0,5.0,nan
ALNS-B,Example5,5,2,265.0,5.0,nan
ALNS-B,Example5,5,2,266.0,5.0,nan
ALNS-B,Example5,5,2,267.0,5.0,nan
ALNS-B,Example5,5,2,268.0,5.0,nan
ALNS-B,Example5,5,2,269.0,5.0,nan
ALNS-B,Example5,5,2,270.0,5.0,nan
ALNS-B,Example5,5,2,271.0,5.0,nan
ALNS-B,Example5,5,2,272.0,5.0,nan
ALNS-B,Example5,5,2,273.0,5.0,nan
ALNS-B,Example6,6,0,0.0,22.0,nan
ALNS-B,Example6,6,0,1.0,22.0,nan
ALNS-B,Example6,6,0,2.0,22.0,nan
ALNS-B,Example6,6,0,3.0,20.0,nan
ALNS-B,Example6,6,0,4.0,17.0,nan
ALNS-B,Example6,6,0,5.0,14.0,nan
ALNS-B,Example6,6,0,6.0,14.0,nan
ALNS-B,Example6,6,0,7.0,14.0,nan
ALNS-B,Example6,6,0,8.0,14.0,nan
ALNS-B,Example6,6,0,9.0,14.0,nan
ALNS-B,Example6,6,0,10.0,12.0,nan
ALNS-B,Example6,6,0,11.0,12.0,nan
ALNS-B,Example6,6,0,12.0,11.0,nan
ALNS-B,Example6,6,0,13.0,11.0,nan
ALNS-B,Example6,6,0,14.0,11.0,nan
ALNS-B,Example6,6,0,15.0,11.0,nan
ALNS-B,Example6,6,0,16.0,10.0,nan
ALNS-B,Example6,6,0,17.0,10.0,nan
ALNS-B,Example6,6,0,18.0,10.0,nan
ALNS-B,Example6,6,0,19.0,10.0,nan
ALNS-B,Example6,6,0,20.0,10.0,nan
ALNS-B,Example6,6,0,21.0,10.0,nan
ALNS-B,Example6,6,0,22.0,10.0,nan
ALNS-B,Example6,6,0,23.0,10.0,nan
ALNS-B,Example6,6,0,24.0,10.0,nan
ALNS-B,Example6,6,0,25.0,10.0,nan
ALNS-B,Example6,6,0,26.0,10.0,nan
ALNS-B,Example6,6,0,27.0,10.0,nan
ALNS-B,Example6,6,0,28.0,10.0,nan
ALNS-B,Example6,6,0,29.0,10.0,nan
ALNS-B,Example6,6,0,30.0,10.0,nan
ALNS-B,Example6,6,0,31.0,10.0,nan
ALNS-B,Example6,6,0,32.0,10.0,nan
ALNS-B,Example6,6,0,33.0,10.0,nan
ALNS-B,Example6,6,0,34.0,10.0,nan
ALNS-B,Example6,6,0,35.0,10.0,nan
ALNS-B,Example6,6,0,36.0,10.0,nan
ALNS-B,Example6,6,0,37.0,10.0,nan
ALNS-B,Example6,6,0,38.0,10.0,nan
ALNS-B,Example6,6,0,39.0,10.0,nan
ALNS-B,Example6,6,0,40.0,10.0,nan
ALNS-B,Example6,6,0,41.0,10.0,nan
ALNS-B,Example6,6,0,42.0,10.0,nan
ALNS-B,Example6,6,0,43.0,10.0,nan
ALNS-B,Example6,6,0,44.0,10.0,nan
ALNS-B,Example6,6,0,45.0,10.0,nan
ALNS-B,Example6,6,0,46.0,10.0,nan
ALNS-B,Example6,6,0,47.0,10.0,nan
ALNS-B,Example6,6,0,48.0,10.0,nan
ALNS-B,Example6,6,0,49.0,10.0,nan
ALNS-B,Example6,6,0,50.0,10.0,nan
ALNS-B,Example6,6,0,51.0,10.0,nan
ALNS-B,Example6,6,0,52.0,10.0,nan
ALNS-B,Example6,6,0,53.0,10.0,nan
ALNS-B,Example6,6,0,54.0,10.0,nan
ALNS-B,Example6,6,0,55.0,10.0,nan
ALNS-B,Example6,6,0,56.0,10.0,nan
ALNS-B,Example6,6,0,57.0,10.0,nan
ALNS-B,Example6,6,0,58.0,10.0,nan
ALNS-B,Example6,6,0,59.0,10.0,nan
ALNS-B,Example6,6,0,60.0,10.0,nan
ALNS-B,Example6,6,0,61.0,10.0,nan
ALNS-B,Example6,6,0,62.0,10.0,nan
ALNS-B,Example6,6,0,63.0,10.0,nan
ALNS-B,Example6,6,0,64.0,9.0,nan
ALNS-B,Example6,6,0,65.0,7.0,nan
ALNS-B,Example6,6,0,66.0,7.0,nan
ALNS-B,Example6,6,0,67.0,7.0,nan
ALNS-B,Example6,6,0,68.0,7.0,nan
ALNS-B,Example6,6,0,69.0,7.0,nan
ALNS-B,Example6,6,0,70.0,7.0,nan
ALNS-B,Example6,6,0,71.0,7.0,nan
ALNS-B,Example6,6,0,72.0,7.0,nan
ALNS-B,Example6,6,0,73.0,7.0,nan
ALNS-B,Example6,6,0,74.0,7.0,nan
ALNS-B,Example6,6,0,75.0,7.0,nan
ALNS-B,Example6,6,0,76.0,7.0,nan
ALNS-B,Example6,6,0,77.0,7.0,nan
ALNS-B,Example6,6,0,78.0,7.0,nan
ALNS-B,Example6,6,0,79.0,7.0,nan
ALNS-B,Example6,6,0,80.0,7.0,nan
ALNS-B,Example6,6,0,81.0,7.0,nan
ALNS-B,Example6,6,0,82.0,7.0,nan
ALNS-B,Example6,6,0,83.0,7.0,nan
ALNS-B,Example6,6,0,84.0,7.0,nan
ALNS-B,Example6,6,0,85.0,7.0,nan
ALNS-B,Example6,6,0,86.0,7.0,nan
ALNS-B,Example6,6,0,87.0,7.0,nan
ALNS-B,Example6,6,0,88.0,7.0,nan
ALNS-B,Example6,6,0,89.0,7.0,nan
ALNS-B,Example6,6,0,90.0,7.0,nan
ALNS-B,Example6,6,0,91.0,7.0,nan
ALNS-B,Example6,6,0,92.0,7.0,nan
ALNS-B,Example6,6,0,93.0,7.0,nan
ALNS-B,Example6,6,0,94.0,7.0,nan
ALNS-B,Example6,6,0,95.0,7.0,nan
ALNS-B,Example6,6,0,96.0,7.0,nan
ALNS-B,Example6,6,0,97.0,7.0,nan
ALNS-B,Example6,6,0,98.0,7.0,nan
ALNS-B,Example6,6,0,99.0,7.0,nan
ALNS-B,Example6,6,0,100.0,7.0,nan
ALNS-B,Example6,6,0,101.0,7.0,nan
ALNS-B,Example6,6,0,102.0,7.0,nan
ALNS-B,Example6,6,0,103.0,7.0,nan
ALNS-B,Example6,6,0,104.0,7.0,nan
ALNS-B,Example6,6,0,105.0,7.0,nan
ALNS-B,Example6,6,0,106.0,7.0,nan
ALNS-B,Example6,6,0,107.0,7.0,nan
ALNS-B,Example6,6,0,108.0,7.0,nan
ALNS-B,Example6,6,0,109.0,7.0,nan
ALNS-B,Example6,6,0,110.0,7.0,nan
ALNS-B,Example6,6,0,111.0,7.0,nan
ALNS-B,Example6,6,0,112.0,7.0,nan
ALNS-B,Example6,6,0,113.0,7.0,nan
ALNS-B,Example6,6,0,114.0,7.0,nan
ALNS-B,Example6,6,0,115.0,7.0,nan
ALNS-B,Example6,6,0,116.0,7.0,nan
ALNS-B,Example6,6,0,117.0,7.0,nan
ALNS-B,Example6,6,0,118.0,7.0,nan
ALNS-B,Example6,6,0,119.0,7.0,nan
ALNS-B,Example6,6,0,120.0,7.0,nan
ALNS-B,Example6,6,0,121.0,7.0,nan
ALNS-B,Example6,6,0,122.0,7.0,nan
ALNS-B,Example6,6,0,123.0,7.0,nan
ALNS-B,Example6,6,0,124.0,7.0,nan
ALNS-B,Example6,6,0,125.0,7.0,nan
ALNS-B,Example6,6,0,126.0,7.0,nan
ALNS-B,Example6,6,0,127.0,7.0,nan
ALNS-B,Example6,6,0,128.0,7.0,nan
ALNS-B,Example6,6,0,129.0,7.0,nan
ALNS-B,Example6,6,0,130.0,7.0,nan
ALNS-B,Example6,6,0,131.0,7.0,nan
ALNS-B,Example6,6,0,132.0,7.0,nan
ALNS-B,Example6,6,0,133.0,7.0,nan
ALNS-B,Example6,6,0,134.0,7.0,nan
ALNS-B,Example6,6,0,135.0,7.0,nan
ALNS-B,Example6,6,0,136.0,7.0,nan
ALNS-B,Example6,6,0,137.0,7.0,nan
ALNS-B,Example6,6,0,138.0,7.0,nan
ALNS-B,Example6,6,0,139.0,7.0,nan
ALNS-B,Example6,6,0,140.0,7.0,nan
ALNS-B,Example6,6,0,141.0,4.0,nan
ALNS-B,Example6,6,0,142.0,4.0,nan
ALNS-B,Example6,6,0,143.0,4.0,nan
ALNS-B,Example6,6,0,144.0,4.0,nan
ALNS-B,Example6,6,0,145.0,4.0,nan
ALNS-B,Example6,6,0,146.0,4.0,nan
ALNS-B,Example6,6,0,147.0,4.0,nan
ALNS-B,Example6,6,0,148.0,4.0,nan
ALNS-B,Example6,6,0,149.0,4.0,nan
ALNS-B,Example6,6,0,150.0,4.0,nan
ALNS-B,Example6,6,0,151.0,4.0,nan
ALNS-B,Example6,6,0,152.0,4.0,nan
ALNS-B,Example6,6,0,153.0,4.0,nan
ALNS-B,Example6,6,0,154.0,4.0,nan
ALNS-B,Example6,6,0,155.0,4.0,nan
ALNS-B,Example6,6,0,156.0,4.0,nan
ALNS-B,Example6,6,0,157.0,4.0,nan
ALNS-B,Example6,6,0,158.0,4.0,nan
ALNS-B,Example6,6,0,159.0,4.0,nan
ALNS-B,Example6,6,0,160.0,4.0,nan
ALNS-B,Example6,6,0,161.0,4.0,nan
ALNS-B,Example6,6,0,162.0,4.0,nan
ALNS-B,Example6,6,0,163.0,4.0,nan
ALNS-B,Example6,6,0,164.0,4.0,nan
ALNS-B,Example6,6,0,165.0,4.0,nan
ALNS-B,Example6,6,0,166.0,4.0,nan
ALNS-B,Example6,6,0,167.0,4.0,nan
ALNS-B,Example6,6,0,168.0,4.0,nan
ALNS-B,Example6,6,0,169.0,4.0,nan
ALNS-B,Example6,6,0,170.0,4.0,nan
ALNS-B,Example6,6,0,171.0,4.0,nan
ALNS-B,Example6,6,0,172.0,4.0,nan
ALNS-B,Example6,6,0,173.0,4.0,nan
ALNS-B,Example6,6,0,174.0,4.0,nan
ALNS-B,Example6,6,0,175.0,4.0,nan
ALNS-B,Example6,6,0,176.0,4.0,nan
ALNS-B,Example6,6,0,177.0,4.0,nan
ALNS-B,Example6,6,0,178.0,4.0,nan
ALNS-B,Example6,6,0,179.0,4.0,nan
ALNS-B,Example6,6,0,180.0,4.0,nan
ALNS-B,Example6,6,0,181.0,4.0,nan
ALNS-B,Example6,6,0,182.0,4.0,nan
ALNS-B,Example6,6,0,183.0,4.0,nan
ALNS-B,Example6,6,0,184.0,4.0,nan
ALNS-B,Example6,6,0,185.0,4.0,nan
ALNS-B,Example6,6,0,186.0,4.0,nan
ALNS-B,Example6,6,0,187.0,4.0,nan
ALNS-B,Example6,6,0,188.0,4.0,nan
ALNS-B,Example6,6,0,189.0,4.0,nan
ALNS-B,Example6,6,0,190.0,4.0,nan
ALNS-B,Example6,6,0,191.0,4.0,nan
ALNS-B,Example6,6,0,192.0,4.0,nan
ALNS-B,Example6,6,0,193.0,4.0,nan
ALNS-B,Example6,6,0,194.0,4.0,nan
ALNS-B,Example6,6,0,195.0,4.0,nan
ALNS-B,Example6,6,0,196.0,4.0,nan
ALNS-B,Example6,6,0,197.0,4.0,nan
ALNS-B,Example6,6,0,198.0,4.0,nan
ALNS-B,Example6,6,0,199.0,4.0,nan
ALNS-B,Example6,6,0,200.0,4.0,nan
ALNS-B,Example6,6,0,201.0,4.0,nan
ALNS-B,Example6,6,0,202.0,4.0,nan
ALNS-B,Example6,6,0,203.0,4.0,nan
ALNS-B,Example6,6,0,204.0,4.0,nan
ALNS-B,Example6,6,0,205.0,4.0,nan
ALNS-B,Example6,6,0,206.0,4.0,nan
ALNS-B,Example6,6,0,207.0,4.0,nan
ALNS-B,Example6,6,0,208.0,4.0,nan
ALNS-B,Example6,6,0,209.0,4.0,nan
ALNS-B,Example6,6,0,210.0,4.0,nan
ALNS-B,Example6,6,0,211.0,4.0,nan
ALNS-B,Example6,6,0,212.0,4.0,nan
ALNS-B,Example6,6,0,213.0,4.0,nan
ALNS-B,Example6,6,0,214.0,4.0,nan
ALNS-B,Example6,6,0,215.0,4.0,nan
ALNS-B,Example6,6,0,216.0,4.0,nan
ALNS-B,Example6,6,0,217.0,4.0,nan
ALNS-B,Example6,6,0,218.0,4.0,nan
ALNS-B,Example6,6,0,219.0,4.0,nan
ALNS-B,Example6,6,0,220.0,4.0,nan
ALNS-B,Example6,6,0,221.0,4.0,nan
ALNS-B,Example6,6,0,222.0,4.0,nan
ALNS-B,Example6,6,0,223.0,4.0,nan
ALNS-B,Example6,6,0,224.0,4.0,nan
ALNS-B,Example6,6,0,225.0,4.0,nan
ALNS-B,Example6,6,0,226.0,4.0,nan
ALNS-B,Example6,6,0,227.0,4.0,nan
ALNS-B,Example6,6,0,228.0,4.0,nan
ALNS-B,Example6,6,0,229.0,4.0,nan
ALNS-B,Example6,6,0,230.0,4.0,nan
ALNS-B,Example6,6,0,231.0,4.0,nan
ALNS-B,Example6,6,0,232.0,4.0,nan
ALNS-B,Example6,6,0,233.0,4.0,nan
ALNS-B,Example6,6,0,234.0,4.0,nan
ALNS-B,Example6,6,0,235.0,4.0,nan
ALNS-B,Example6,6,0,236.0,4.0,nan
ALNS-B,Example6,6,0,237.0,4.0,nan
ALNS-B,Example6,6,0,238.0,4.0,nan
ALNS-B,Example6,6,0,239.0,4.0,nan
ALNS-B,Example6,6,0,240.0,4.0,nan
ALNS-B,Example6,6,0,241.0,4.0,nan
ALNS-B,Example6,6,0,242.0,4.0,nan
ALNS-B,Example6,6,0,243.0,4.0,nan
ALNS-B,Example6,6,0,244.0,4.0,nan
ALNS-B,Example6,6,0,245.0,4.0,nan
ALNS-B,Example6,6,0,246.0,4.0,nan
ALNS-B,Example6,6,0,247.0,4.0,nan
ALNS-B,Example6,6,0,248.0,4.0,nan
ALNS-B,Example6,6,0,249.0,4.0,nan
ALNS-B,Example6,6,0,250.0,4.0,nan
ALNS-B,Example6,6,0,251.0,4.0,nan
ALNS-B,Example6,6,0,252.0,4.0,nan
ALNS-B,Example6,6,0,253.0,4.0,nan
ALNS-B,Example6,6,0,254.0,4.0,nan
ALNS-B,Example6,6,0,255.0,4.0,nan
ALNS-B,Example6,6,0,256.0,4.0,nan
ALNS-B,Example6,6,0,257.0,4.0,nan
ALNS-B,Example6,6,0,258.0,4.0,nan
ALNS-B,Example6,6,0,259.0,4.0,nan
ALNS-B,Example6,6,0,260.0,4.0,nan
ALNS-B,Example6,6,0,261.0,4.0,nan
ALNS-B,Example6,6,0,262.0,4.0,nan
ALNS-B,Example6,6,0,263.0,4.0,nan
ALNS-B,Example6,6,0,264.0,4.0,nan
ALNS-B,Example6,6,0,265.0,4.0,nan
ALNS-B,Example6,6,0,266.0,4.0,nan
ALNS-B,Example6,6,0,267.0,4.0,nan
ALNS-B,Example6,6,0,268.0,4.0,nan
ALNS-B,Example6,6,0,269.0,4.0,nan
ALNS-B,Example6,6,0,270.0,4.0,nan
ALNS-B,Example6,6,0,271.0,4.0,nan
ALNS-B,Example6,6,0,272.0,4.0,nan
ALNS-B,Example6,6,0,273.0,4.0,nan
ALNS-B,Example6,6,1,0.0,20.0,nan
ALNS-B,Example6,6,1,1.0,20.0,nan
ALNS-B,Example6,6,1,2.0,17.0,nan
ALNS-B,Example6,6,1,3.0,15.0,nan
ALNS-B,Example6,6,1,4.0,13.0,nan
ALNS-B,Example6,6,1,5.0,8.0,nan
ALNS-B,Example6,6,1,6.0,8.0,nan
ALNS-B,Example6,6,1,7.0,8.0,nan
ALNS-B,Example6,6,1,8.0,8.0,nan
ALNS-B,Example6,6,1,9.0,8.0,nan
ALNS-B,Example6,6,1,10.0,8.0,nan
ALNS-B,Example6,6,1,11.0,8.0,nan
ALNS-B,Example6,6,1,12.0,8.0,nan
ALNS-B,Example6,6,1,13.0,8.0,nan
ALNS-B,Example6,6,1,14.0,8.0,nan
ALNS-B,Example6,6,1,15.0,6.0,nan
ALNS-B,Example6,6,1,16.0,5.0,nan
ALNS-B,Example6,6,1,17.0,5.0,nan
ALNS-B,Example6,6,1,18.0,5.0,nan
ALNS-B,Example6,6,1,19.0,5.0,nan
ALNS-B,Example6,6,1,20.0,5.0,nan
ALNS-B,Example6,6,1,21.0,5.0,nan
ALNS-B,Example6,6,1,22.0,5.0,nan
ALNS-B,Example6,6,1,23.0,5.0,nan
ALNS-B,Example6,6,1,24.0,5.0,nan
ALNS-B,Example6,6,1,25.0,5.0,nan
ALNS-B,Example6,6,1,26.0,5.0,nan
ALNS-B,Example6,6,1,27.0,5.0,nan
ALNS-B,Example6,6,1,28.0,5.0,nan
ALNS-B,Example6,6,1,29.0,5.0,nan
ALNS-B,Example6,6,1,30.0,5.0,nan
ALNS-B,Example6,6,1,31.0,5.0,nan
ALNS-B,Example6,6,1,32.0,5.0,nan
ALNS-B,Example6,6,1,33.0,5.0,nan
ALNS-B,Example6,6,1,34.0,5.0,nan
ALNS-B,Example6,6,1,35.0,5.0,nan
ALNS-B,Example6,6,1,36.0,4.0,nan
ALNS-B,Example6,6,1,37.0,4.0,nan
ALNS-B,Example6,6,1,38.0,4.0,nan
ALNS-B,Example6,6,1,39.0,4.0,nan
ALNS-B,Example6,6,1,40.0,4.0,nan
ALNS-B,Example6,6,1,41.0,4.0,nan
ALNS-B,Example6,6,1,42.0,4.0,nan
ALNS-B,Example6,6,1,43.0,4.0,nan
ALNS-B,Example6,6,1,44.0,4.0,nan
ALNS-B,Example6,6,1,45.0,4.0,nan
ALNS-B,Example6,6,1,46.0,4.0,nan
ALNS-B,Example6,6,1,47.0,4.0,nan
ALNS-B,Example6,6,1,48.0,4.0,nan
ALNS-B,Example6,6,1,49.0,4.0,nan
ALNS-B,Example6,6,1,50.0,4.0,nan
ALNS-B,Example6,6,1,51.0,4.0,nan
ALNS-B,Example6,6,1,52.0,4.0,nan
ALNS-B,Example6,6,1,53.0,4.0,nan
ALNS-B,Example6,6,1,54.0,4.0,nan
ALNS-B,Example6,6,1,55.0,4.0,nan
ALNS-B,Example6,6,1,56.0,4.0,nan
ALNS-B,Example6,6,1,57.0,4.0,nan
ALNS-B,Example6,6,1,58.0,4.0,nan
ALNS-B,Example6,6,1,59.0,4.0,nan
ALNS-B,Example6,6,1,60.0,4.0,nan
ALNS-B,Example6,6,1,61.0,4.0,nan
ALNS-B,Example6,6,1,62.0,4.0,nan
ALNS-B,Example6,6,1,63.0,4.0,nan
ALNS-B,Example6,6,1,64.0,4.0,nan
ALNS-B,Example6,6,1,65.0,4.0,nan
ALNS-B,Example6,6,1,66.0,4.0,nan
ALNS-B,Example6,6,1,67.0,4.0,nan
ALNS-B,Example6,6,1,68.0,4.0,nan
ALNS-B,Example6,6,1,69.0,4.0,nan
ALNS-B,Example6,6,1,70.0,4.0,nan
ALNS-B,Example6,6,1,71.0,4.0,nan
ALNS-B,Example6,6,1,72.0,4.0,nan
ALNS-B,Example6,6,1,73.0,4.0,nan
ALNS-B,Example6,6,1,74.0,4.0,nan
ALNS-B,Example6,6,1,75.0,4.0,nan
ALNS-B,Example6,6,1,76.0,4.0,nan
ALNS-B,Example6,6,1,77.0,4.0,nan
ALNS-B,Example6,6,1,78.0,4.0,nan
ALNS-B,Example6,6,1,79.0,4.0,nan
ALNS-B,Example6,6,1,80.0,4.0,nan
ALNS-B,Example6,6,1,81.0,4.0,nan
ALNS-B,Example6,6,1,82.0,4.0,nan
ALNS-B,Example6,6,1,83.0,4.0,nan
ALNS-B,Example6,6,1,84.0,4.0,nan
ALNS-B,Example6,6,1,85.0,4.0,nan
ALNS-B,Example6,6,1,86.0,4.0,nan
ALNS-B,Example6,6,1,87.0,4.0,nan
ALNS-B,Example6,6,1,88.0,4.0,nan
ALNS-B,Example6,6,1,89.0,4.0,nan
ALNS-B,Example6,6,1,90.0,4.0,nan
ALNS-B,Example6,6,1,91.0,4.0,nan
ALNS-B,Example6,6,1,92.0,4.0,nan
ALNS-B,Example6,6,1,93.0,4.0,nan
ALNS-B,Example6,6,1,94.0,4.0,nan
ALNS-B,Example6,6,1,95.0,4.0,nan
ALNS-B,Example6,6,1,96.0,4.0,nan
ALNS-B,Example6,6,1,97.0,4.0,nan
ALNS-B,Example6,6,1,98.0,4.0,nan
ALNS-B,Example6,6,1,99.0,4.0,nan
ALNS-B,Example6,6,1,100.0,4.0,nan
ALNS-B,Example6,6,1,101.0,4.0,nan
ALNS-B,Example6,6,1,102.0,4.0,nan
ALNS-B,Example6,6,1,103.0,4.0,nan
ALNS-B,Example6,6,1,104.0,4.0,nan
ALNS-B,Example6,6,1,105.0,4.0,nan
ALNS-B,Example6,6,1,106.0,4.0,nan
ALNS-B,Example6,6,1,107.0,4.0,nan
ALNS-B,Example6,6,1,108.0,4.0,nan
ALNS-B,Example6,6,1,109.0,4.0,nan
ALNS-B,Example6,6,1,110.0,4.0,nan
ALNS-B,Example6,6,1,111.0,4.0,nan
ALNS-B,Example6,6,1,112.0,4.0,nan
ALNS-B,Example6,6,1,113.0,4.0,nan
ALNS-B,Example6,6,1,114.0,4.0,nan
ALNS-B,Example6,6,1,115.0,4.0,nan
ALNS-B,Example6,6,1,116.0,4.0,nan
ALNS-B,Example6,6,1,117.0,4.0,nan
ALNS-B,Example6,6,1,118.0,4.0,nan
ALNS-B,Example6,6,1,119.0,4.0,nan
ALNS-B,Example6,6,1,120.0,4.0,nan
ALNS-B,Example6,6,1,121.0,4.0,nan
ALNS-B,Example6,6,1,122.0,4.0,nan
ALNS-B,Example6,6,1,123.0,4.0,nan
ALNS-B,Example6,6,1,124.0,4.0,nan
ALNS-B,Example6,6,1,125.0,4.0,nan
ALNS-B,Example6,6,1,126.0,4.0,nan
ALNS-B,Example6,6,1,127.0,4.0,nan
ALNS-B,Example6,6,1,128.0,4.0,nan
ALNS-B,Example6,6,1,129.0,4.0,nan
ALNS-B,Example6,6,1,130.0,4.0,nan
ALNS-B,Example6,6,1,131.0,4.0,nan
ALNS-B,Example6,6,1,132.0,4.0,nan
ALNS-B,Example6,6,1,133.0,4.0,nan
ALNS-B,Example6,6,1,134.0,4.0,nan
ALNS-B,Example6,6,1,135.0,4.0,nan
ALNS-B,Example6,6,1,136.0,4.0,nan
ALNS-B,Example6,6,1,137.0,4.0,nan
ALNS-B,Example6,6,1,138.0,4.0,nan
ALNS-B,Example6,6,1,139.0,4.0,nan
ALNS-B,Example6,6,1,140.0,4.0,nan
ALNS-B,Example6,6,1,141.0,4.0,nan
ALNS-B,Example6,6,1,142.0,4.0,nan
ALNS-B,Example6,6,1,143.0,4.0,nan
ALNS-B,Example6,6,1,144.0,4.0,nan
ALNS-B,Example6,6,1,145.0,4.0,nan
ALNS-B,Example6,6,1,146.0,4.0,nan
ALNS-B,Example6,6,1,147.0,4.0,nan
ALNS-B,Example6,6,1,148.0,4.0,nan
ALNS-B,Example6,6,1,149.0,4.0,nan
ALNS-B,Example6,6,1,150.0,4.0,nan
ALNS-B,Example6,6,1,151.0,4.0,nan
ALNS-B,Example6,6,1,152.0,4.0,nan
ALNS-B,Example6,6,1,153.0,4.0,nan
ALNS-B,Example6,6,1,154.0,4.0,nan
ALNS-B,Example6,6,1,155.0,4.0,nan
ALNS-B,Example6,6,1,156.0,4.0,nan
ALNS-B,Example6,6,1,157.0,4.0,nan
ALNS-B,Example6,6,1,158.0,4.0,nan
ALNS-B,Example6,6,1,159.0,4.0,nan
ALNS-B,Example6,6,1,160.0,4.0,nan
ALNS-B,Example6,6,1,161.0,4.0,nan
ALNS-B,Example6,6,1,162.0,4.0,nan
ALNS-B,Example6,6,1,163.0,4.0,nan
ALNS-B,Example6,6,1,164.0,4.0,nan
ALNS-B,Example6,6,1,165.0,4.0,nan
ALNS-B,Example6,6,1,166.0,4.0,nan
ALNS-B,Example6,6,1,167.0,4.0,nan
ALNS-B,Example6,6,1,168.0,4.0,nan
ALNS-B,Example6,6,1,169.0,4.0,nan
ALNS-B,Example6,6,1,170.0,4.0,nan
ALNS-B,Example6,6,1,171.0,4.0,nan
ALNS-B,Example6,6,1,172.0,4.0,nan
ALNS-B,Example6,6,1,173.0,4.0,nan
ALNS-B,Example6,6,1,174.0,4.0,nan
ALNS-B,Example6,6,1,175.0,4.0,nan
ALNS-B,Example6,6,1,176.0,4.0,nan
ALNS-B,Example6,6,1,177.0,4.0,nan
ALNS-B,Example6,6,1,178.0,4.0,nan
ALNS-B,Example6,6,1,179.0,4.0,nan
ALNS-B,Example6,6,1,180.0,4.0,nan
ALNS-B,Example6,6,1,181.0,4.0,nan
ALNS-B,Example6,6,1,182.0,4.0,nan
ALNS-B,Example6,6,1,183.0,4.0,nan
ALNS-B,Example6,6,1,184.0,4.0,nan
ALNS-B,Example6,6,1,185.0,4.0,nan
ALNS-B,Example6,6,1,186.0,4.0,nan
ALNS-B,Example6,6,1,187.0,4.0,nan
ALNS-B,Example6,6,1,188.0,4.0,nan
ALNS-B,Example6,6,1,189.0,4.0,nan
ALNS-B,Example6,6,1,190.0,4.0,nan
ALNS-B,Example6,6,1,191.0,4.0,nan
ALNS-B,Example6,6,1,192.0,4.0,nan
ALNS-B,Example6,6,1,193.0,4.0,nan
ALNS-B,Example6,6,1,194.0,4.0,nan
ALNS-B,Example6,6,1,195.0,4.0,nan
ALNS-B,Example6,6,1,196.0,4.0,nan
ALNS-B,Example6,6,1,197.0,4.0,nan
ALNS-B,Example6,6,1,198.0,4.0,nan
ALNS-B,Example6,6,1,199.0,4.0,nan
ALNS-B,Example6,6,1,200.0,4.0,nan
ALNS-B,Example6,6,1,201.0,4.0,nan
ALNS-B,Example6,6,1,202.0,4.0,nan
ALNS-B,Example6,6,1,203.0,4.0,nan
ALNS-B,Example6,6,1,204.0,4.0,nan
ALNS-B,Example6,6,1,205.0,4.0,nan
ALNS-B,Example6,6,1,206.0,4.0,nan
ALNS-B,Example6,6,1,207.0,4.0,nan
ALNS-B,Example6,6,1,208.0,4.0,nan
ALNS-B,Example6,6,1,209.0,4.0,nan
ALNS-B,Example6,6,1,210.0,4.0,nan
ALNS-B,Example6,6,1,211.0,4.0,nan
ALNS-B,Example6,6,1,212.0,4.0,nan
ALNS-B,Example6,6,1,213.0,4.0,nan
ALNS-B,Example6,6,1,214.0,4.0,nan
ALNS-B,Example6,6,1,215.0,4.0,nan
ALNS-B,Example6,6,1,216.0,4.0,nan
ALNS-B,Example6,6,1,217.0,4.0,nan
ALNS-B,Example6,6,1,218.0,4.0,nan
ALNS-B,Example6,6,1,219.0,4.0,nan
ALNS-B,Example6,6,1,220.0,4.0,nan
ALNS-B,Example6,6,1,221.0,4.0,nan
ALNS-B,Example6,6,1,222.0,4.0,nan
ALNS-B,Example6,6,1,223.0,4.0,nan
ALNS-B,Example6,6,1,224.0,4.0,nan
ALNS-B,Example6,6,1,225.0,4.0,nan
ALNS-B,Example6,6,1,226.0,4.0,nan
ALNS-B,Example6,6,1,227.0,4.0,nan
ALNS-B,Example6,6,1,228.0,4.0,nan
ALNS-B,Example6,6,1,229.0,4.0,nan
ALNS-B,Example6,6,1,230.0,4.0,nan
ALNS-B,Example6,6,1,231.0,4.0,nan
ALNS-B,Example6,6,1,232.0,4.0,nan
ALNS-B,Example6,6,1,233.0,4.0,nan
ALNS-B,Example6,6,1,234.0,4.0,nan
ALNS-B,Example6,6,1,235.0,4.0,nan
ALNS-B,Example6,6,1,236.0,4.0,nan
ALNS-B,Example6,6,1,237.0,4.0,nan
ALNS-B,Example6,6,1,238.0,4.0,nan
ALNS-B,Example6,6,1,239.0,4.0,nan
ALNS-B,Example6,6,1,240.0,4.0,nan
ALNS-B,Example6,6,1,241.0,4.0,nan
ALNS-B,Example6,6,1,242.0,4.0,nan
ALNS-B,Example6,6,1,243.0,4.0,nan
ALNS-B,Example6,6,1,244.0,4.0,nan
ALNS-B,Example6,6,1,245.0,4.0,nan
ALNS-B,Example6,6,1,246.0,4.0,nan
ALNS-B,Example6,6,1,247.0,4.0,nan
ALNS-B,Example6,6,1,248.0,4.0,nan
ALNS-B,Example6,6,1,249.0,4.0,nan
ALNS-B,Example6,6,1,250.0,4.0,nan
ALNS-B,Example6,6,1,251.0,4.0,nan
ALNS-B,Example6,6,1,252.0,4.0,nan
ALNS-B,Example6,6,1,253.0,4.0,nan
ALNS-B,Example6,6,1,254.0,4.0,nan
ALNS-B,Example6,6,1,255.0,4.0,nan
ALNS-B,Example6,6,1,256.0,4.0,nan
ALNS-B,Example6,6,1,257.0,4.0,nan
ALNS-B,Example6,6,1,258.0,4.0,nan
ALNS-B,Example6,6,1,259.0,4.0,nan
ALNS-B,Example6,6,1,260.0,4.0,nan
ALNS-B,Example6,6,1,261.0,4.0,nan
ALNS-B,Example6,6,1,262.0,4.0,nan
ALNS-B,Example6,6,1,263.0,4.0,nan
ALNS-B,Example6,6,1,264.0,4.0,nan
ALNS-B,Example6,6,1,265.0,4.0,nan
ALNS-B,Example6,6,1,266.0,4.0,nan
ALNS-B,Example6,6,1,267.0,4.0,nan
ALNS-B,Example6,6,1,268.0,4.0,nan
ALNS-B,Example6,6,1,269.0,4.0,nan
ALNS-B,Example6,6,1,270.0,4.0,nan
ALNS-B,Example6,6,1,271.0,4.0,nan
ALNS-B,Example6,6,1,272.0,4.0,nan
ALNS-B,Example6,6,1,273.0,4.0,nan
ALNS-B,Example6,6,2,0.0,23.0,nan
ALNS-B,Example6,6,2,1.0,23.0,nan
ALNS-B,Example6,6,2,2.0,23.0,nan
ALNS-B,Example6,6,2,3.0,23.0,nan
ALNS-B,Example6,6,2,4.0,23.0,nan
ALNS-B,Example6,6,2,5.0,23.0,nan
ALNS-B,Example6,6,2,6.0,23.0,nan
ALNS-B,Example6,6,2,7.0,23.0,nan
ALNS-B,Example6,6,2,8.0,23.0,nan
ALNS-B,Example6,6,2,9.0,23.0,nan
ALNS-B,Example6,6,2,10.0,23.0,nan
ALNS-B,Example6,6,2,11.0,23.0,nan
ALNS-B,Example6,6,2,12.0,23.0,nan
ALNS-B,Example6,6,2,13.0,23.0,nan
ALNS-B,Example6,6,2,14.0,23.0,nan
ALNS-B,Example6,6,2,15.0,20.0,nan
ALNS-B,Example6,6,2,16.0,12.0,nan
ALNS-B,Example6,6,2,17.0,12.0,nan
ALNS-B,Example6,6,2,18.0,10.0,nan
ALNS-B,Example6,6,2,19.0,7.0,nan
ALNS-B,Example6,6,2,20.0,6.0,nan
ALNS-B,Example6,6,2,21.0,6.0,nan
ALNS-B,Example6,6,2,22.0,4.0,nan
ALNS-B,Example6,6,2,23.0,2.0,nan
ALNS-B,Example6,6,2,24.0,2.0,nan
ALNS-B,Example6,6,2,25.0,2.0,nan
ALNS-B,Example6,6,2,26.0,2.0,nan
ALNS-B,Example6,6,2,27.0,2.0,nan
ALNS-B,Example6,6,2,28.0,2.0,nan
ALNS-B,Example6,6,2,29.0,2.0,nan
ALNS-B,Example6,6,2,30.0,2.0,nan
ALNS-B,Example6,6,2,31.0,2.0,nan
ALNS-B,Example6,6,2,32.0,2.0,nan
ALNS-B,Example6,6,2,33.0,2.0,nan
ALNS-B,Example6,6,2,34.0,2.0,nan
ALNS-B,Example6,6,2,35.0,2.0,nan
ALNS-B,Example6,6,2,36.0,1.0,nan
ALNS-B,Example6,6,2,37.0,1.0,nan
ALNS-B,Example6,6,2,38.0,1.0,nan
ALNS-B,Example6,6,2,39.0,1.0,nan
ALNS-B,Example6,6,2,40.0,1.0,nan
ALNS-B,Example6,6,2,41.0,1.0,nan
ALNS-B,Example6,6,2,42.0,1.0,nan
ALNS-B,Example6,6,2,43.0,1.0,nan
ALNS-B,Example6,6,2,44.0,1.0,nan
ALNS-B,Example6,6,2,45.0,1.0,nan
ALNS-B,Example6,6,2,46.0,1.0,nan
ALNS-B,Example6,6,2,47.0,1.0,nan
ALNS-B,Example6,6,2,48.0,1.0,nan
ALNS-B,Example6,6,2,49.0,1.0,nan
ALNS-B,Example6,6,2,50.0,1.0,nan
ALNS-B,Example6,6,2,51.0,1.0,nan
ALNS-B,Example6,6,2,52.0,1.0,nan
ALNS-B,Example6,6,2,53.0,1.0,nan
ALNS-B,Example6,6,2,54.0,1.0,nan
ALNS-B,Example6,6,2,55.0,1.0,nan
ALNS-B,Example6,6,2,56.0,1.0,nan
ALNS-B,Example6,6,2,57.0,1.0,nan
ALNS-B,Example6,6,2,58.0,1.0,nan
ALNS-B,Example6,6,2,59.0,1.0,nan
ALNS-B,Example6,6,2,60.0,1.0,nan
ALNS-B,Example6,6,2,61.0,1.0,nan
ALNS-B,Example6,6,2,62.0,1.0,nan
ALNS-B,Example6,6,2,63.0,1.0,nan
ALNS-B,Example6,6,2,64.0,1.0,nan
ALNS-B,Example6,6,2,65.0,1.0,nan
ALNS-B,Example6,6,2,66.0,1.0,nan
ALNS-B,Example6,6,2,67.0,1.0,nan
ALNS-B,Example6,6,2,68.0,1.0,nan
ALNS-B,Example6,6,2,69.0,1.0,nan
ALNS-B,Example6,6,2,70.0,1.0,nan
ALNS-B,Example6,6,2,71.0,1.0,nan
ALNS-B,Example6,6,2,72.0,1.0,nan
ALNS-B,Example6,6,2,73.0,1.0,nan
ALNS-B,Example6,6,2,74.0,1.0,nan
ALNS-B,Example6,6,2,75.0,1.0,nan
ALNS-B,Example6,6,2,76.0,1.0,nan
ALNS-B,Example6,6,2,77.0,1.0,nan
ALNS-B,Example6,6,2,78.0,1.0,nan
ALNS-B,Example6,6,2,79.0,1.0,nan
ALNS-B,Example6,6,2,80.0,1.0,nan
ALNS-B,Example6,6,2,81.0,1.0,nan
ALNS-B,Example6,6,2,82.0,1.0,nan
ALNS-B,Example6,6,2,83.0,1.0,nan
ALNS-B,Example6,6,2,84.0,1.0,nan
ALNS-B,Example6,6,2,85.0,1.0,nan
ALNS-B,Example6,6,2,86.0,1.0,nan
ALNS-B,Example6,6,2,87.0,1.0,nan
ALNS-B,Example6,6,2,88.0,1.0,nan
ALNS-B,Example6,6,2,89.0,1.0,nan
ALNS-B,Example6,6,2,90.0,1.0,nan
ALNS-B,Example6,6,2,91.0,1.0,nan
ALNS-B,Example6,6,2,92.0,1.0,nan
ALNS-B,Example6,6,2,93.0,1.0,nan
ALNS-B,Example6,6,2,94.0,1.0,nan
ALNS-B,Example6,6,2,95.0,1.0,nan
ALNS-B,Example6,6,2,96.0,1.0,nan
ALNS-B,Example6,6,2,97.0,1.0,nan
ALNS-B,Example6,6,2,98.0,1.0,nan
ALNS-B,Example6,6,2,99.0,1.0,nan
ALNS-B,Example6,6,2,100.0,1.0,nan
ALNS-B,Example6,6,2,101.0,1.0,nan
ALNS-B,Example6,6,2,102.0,1.0,nan
ALNS-B,Example6,6,2,103.0,1.0,nan
ALNS-B,Example6,6,2,104.0,1.0,nan
ALNS-B,Example6,6,2,105.0,1.0,nan
ALNS-B,Example6,6,2,106.0,1.0,nan
ALNS-B,Example6,6,2,107.0,1.0,nan
ALNS-B,Example6,6,2,108.0,1.0,nan
ALNS-B,Example6,6,2,109.0,1.0,nan
ALNS-B,Example6,6,2,110.0,1.0,nan
ALNS-B,Example6,6,2,111.0,1.0,nan
ALNS-B,Example6,6,2,112.0,1.0,nan
ALNS-B,Example6,6,2,113.0,1.0,nan
ALNS-B,Example6,6,2,114.0,1.0,nan
ALNS-B,Example6,6,2,115.0,1.0,nan
ALNS-B,Example6,6,2,116.0,1.0,nan
ALNS-B,Example6,6,2,117.0,1.0,nan
ALNS-B,Example6,6,2,118.0,1.0,nan
ALNS-B,Example6,6,2,119.0,1.0,nan
ALNS-B,Example6,6,2,120.0,1.0,nan
ALNS-B,Example6,6,2,121.0,1.0,nan
ALNS-B,Example6,6,2,122.0,1.0,nan
ALNS-B,Example6,6,2,123.0,1.0,nan
ALNS-B,Example6,6,2,124.0,1.0,nan
ALNS-B,Example6,6,2,125.0,1.0,nan
ALNS-B,Example6,6,2,126.0,1.0,nan
ALNS-B,Example6,6,2,127.0,1.0,nan
ALNS-B,Example6,6,2,128.0,1.0,nan
ALNS-B,Example6,6,2,129.0,1.0,nan
ALNS-B,Example6,6,2,130.0,1.0,nan
ALNS-B,Example6,6,2,131.0,1.0,nan
ALNS-B,Example6,6,2,132.0,1.0,nan
ALNS-B,Example6,6,2,133.0,1.0,nan
ALNS-B,Example6,6,2,134.0,1.0,nan
ALNS-B,Example6,6,2,135.0,1.0,nan
ALNS-B,Example6,6,2,136.0,1.0,nan
ALNS-B,Example6,6,2,137.0,1.0,nan
ALNS-B,Example6,6,2,138.0,1.0,nan
ALNS-B,Example6,6,2,139.0,1.0,nan
ALNS-B,Example6,6,2,140.0,1.0,nan
ALNS-B,Example6,6,2,141.0,1.0,nan
ALNS-B,Example6,6,2,142.0,1.0,nan
ALNS-B,Example6,6,2,143.0,1.0,nan
ALNS-B,Example6,6,2,144.0,1.0,nan
ALNS-B,Example6,6,2,145.0,1.0,nan
ALNS-B,Example6,6,2,146.0,1.0,nan
ALNS-B,Example6,6,2,147.0,1.0,nan
ALNS-B,Example6,6,2,148.0,1.0,nan
ALNS-B,Example6,6,2,149.0,1.0,nan
ALNS-B,Example6,6,2,150.0,1.0,nan
ALNS-B,Example6,6,2,151.0,1.0,nan
ALNS-B,Example6,6,2,152.0,1.0,nan
ALNS-B,Example6,6,2,153.0,1.0,nan
ALNS-B,Example6,6,2,154.0,1.0,nan
ALNS-B,Example6,6,2,155.0,1.0,nan
ALNS-B,Example6,6,2,156.0,1.0,nan
ALNS-B,Example6,6,2,157.0,1.0,nan
ALNS-B,Example6,6,2,158.0,1.0,nan
ALNS-B,Example6,6,2,159.0,1.0,nan
ALNS-B,Example6,6,2,160.0,1.0,nan
ALNS-B,Example6,6,2,161.0,1.0,nan
ALNS-B,Example6,6,2,162.0,1.0,nan
ALNS-B,Example6,6,2,163.0,1.0,nan
ALNS-B,Example6,6,2,164.0,1.0,nan
ALNS-B,Example6,6,2,165.0,1.0,nan
ALNS-B,Example6,6,2,166.0,1.0,nan
ALNS-B,Example6,6,2,167.0,1.0,nan
ALNS-B,Example6,6,2,168.0,1.0,nan
ALNS-B,Example6,6,2,169.0,1.0,nan
ALNS-B,Example6,6,2,170.0,1.0,nan
ALNS-B,Example6,6,2,171.0,1.0,nan
ALNS-B,Example6,6,2,172.0,1.0,nan
ALNS-B,Example6,6,2,173.0,1.0,nan
ALNS-B,Example6,6,2,174.0,1.0,nan
ALNS-B,Example6,6,2,175.0,1.0,nan
ALNS-B,Example6,6,2,176.0,1.0,nan
ALNS-B,Example6,6,2,177.0,1.0,nan
ALNS-B,Example6,6,2,178.0,1.0,nan
ALNS-B,Example6,6,2,179.0,1.0,nan
ALNS-B,Example6,6,2,180.0,1.0,nan
ALNS-B,Example6,6,2,181.0,1.0,nan
ALNS-B,Example6,6,2,182.0,1.0,nan
ALNS-B,Example6,6,2,183.0,1.0,nan
ALNS-B,Example6,6,2,184.0,1.0,nan
ALNS-B,Example6,6,2,185.0,1.0,nan
ALNS-B,Example6,6,2,186.0,1.0,nan
ALNS-B,Example6,6,2,187.0,1.0,nan
ALNS-B,Example6,6,2,188.0,1.0,nan
ALNS-B,Example6,6,2,189.0,1.0,nan
ALNS-B,Example6,6,2,190.0,1.0,nan
ALNS-B,Example6,6,2,191.0,1.0,nan
ALNS-B,Example6,6,2,192.0,1.0,nan
ALNS-B,Example6,6,2,193.0,1.0,nan
ALNS-B,Example6,6,2,194.0,1.0,nan
ALNS-B,Example6,6,2,195.0,1.0,nan
ALNS-B,Example6,6,2,196.0,1.0,nan
ALNS-B,Example6,6,2,197.0,1.0,nan
ALNS-B,Example6,6,2,198.0,1.0,nan
ALNS-B,Example6,6,2,199.0,1.0,nan
ALNS-B,Example6,6,2,200.0,1.0,nan
ALNS-B,Example6,6,2,201.0,1.0,nan
ALNS-B,Example6,6,2,202.0,1.0,nan
ALNS-B,Example6,6,2,203.0,1.0,nan
ALNS-B,Example6,6,2,204.0,1.0,nan
ALNS-B,Example6,6,2,205.0,1.0,nan
ALNS-B,Example6,6,2,206.0,1.0,nan
ALNS-B,Example6,6,2,207.0,1.0,nan
ALNS-B,Example6,6,2,208.0,1.0,nan
ALNS-B,Example6,6,2,209.0,1.0,nan
ALNS-B,Example6,6,2,210.0,1.0,nan
ALNS-B,Example6,6,2,211.0,1.0,nan
ALNS-B,Example6,6,2,212.0,1.0,nan
ALNS-B,Example6,6,2,213.0,1.0,nan
ALNS-B,Example6,6,2,214.0,1.0,nan
ALNS-B,Example6,6,2,215.0,1.0,nan
ALNS-B,Example6,6,2,216.0,1.0,nan
ALNS-B,Example6,6,2,217.0,1.0,nan
ALNS-B,Example6,6,2,218.0,1.0,nan
ALNS-B,Example6,6,2,219.0,1.0,nan
ALNS-B,Example6,6,2,220.0,1.0,nan
ALNS-B,Example6,6,2,221.0,1.0,nan
ALNS-B,Example6,6,2,222.0,1.0,nan
ALNS-B,Example6,6,2,223.0,1.0,nan
ALNS-B,Example6,6,2,224.0,1.0,nan
ALNS-B,Example6,6,2,225.0,1.0,nan
ALNS-B,Example6,6,2,226.0,1.0,nan
ALNS-B,Example6,6,2,227.0,1.0,nan
ALNS-B,Example6,6,2,228.0,1.0,nan
ALNS-B,Example6,6,2,229.0,1.0,nan
ALNS-B,Example6,6,2,230.0,1.0,nan
ALNS-B,Example6,6,2,231.0,1.0,nan
ALNS-B,Example6,6,2,232.0,1.0,nan
ALNS-B,Example6,6,2,233.0,1.0,nan
ALNS-B,Example6,6,2,234.0,1.0,nan
ALNS-B,Example6,6,2,235.0,1.0,nan
ALNS-B,Example6,6,2,236.0,1.0,nan
ALNS-B,Example6,6,2,237.0,1.0,nan
ALNS-B,Example6,6,2,238.0,1.0,nan
ALNS-B,Example6,6,2,239.0,1.0,nan
ALNS-B,Example6,6,2,240.0,1.0,nan
ALNS-B,Example6,6,2,241.0,1.0,nan
ALNS-B,Example6,6,2,242.0,1.0,nan
ALNS-B,Example6,6,2,243.0,1.0,nan
ALNS-B,Example6,6,2,244.0,1.0,nan
ALNS-B,Example6,6,2,245.0,1.0,nan
ALNS-B,Example6,6,2,246.0,1.0,nan
ALNS-B,Example6,6,2,247.0,1.0,nan
ALNS-B,Example6,6,2,248.0,1.0,nan
ALNS-B,Example6,6,2,249.0,1.0,nan
ALNS-B,Example6,6,2,250.0,1.0,nan
ALNS-B,Example6,6,2,251.0,1.0,nan
ALNS-B,Example6,6,2,252.0,1.0,nan
ALNS-B,Example6,6,2,253.0,1.0,nan
ALNS-B,Example6,6,2,254.0,1.0,nan
ALNS-B,Example6,6,2,255.0,1.0,nan
ALNS-B,Example6,6,2,256.0,1.0,nan
ALNS-B,Example6,6,2,257.0,1.0,nan
ALNS-B,Example6,6,2,258.0,1.0,nan
ALNS-B,Example6,6,2,259.0,1.0,nan
ALNS-B,Example6,6,2,260.0,1.0,nan
ALNS-B,Example6,6,2,261.0,1.0,nan
ALNS-B,Example6,6,2,262.0,1.0,nan
ALNS-B,Example6,6,2,263.0,1.0,nan
ALNS-B,Example6,6,2,264.0,1.0,nan
ALNS-B,Example6,6,2,265.0,1.0,nan
ALNS-B,Example6,6,2,266.0,1.0,nan
ALNS-B,Example6,6,2,267.0,1.0,nan
ALNS-B,Example6,6,2,268.0,1.0,nan
ALNS-B,Example6,6,2,269.0,1.0,nan
ALNS-B,Example6,6,2,270.0,1.0,nan
ALNS-B,Example6,6,2,271.0,1.0,nan
ALNS-B,Example6,6,2,272.0,1.0,nan
ALNS-B,Example6,6,2,273.0,1.0,nan
ALNS-B,Example7,7,0,0.0,416.0,nan
ALNS-B,Example7,7,0,1.0,416.0,nan
ALNS-B,Example7,7,0,2.0,416.0,nan
ALNS-B,Example7,7,0,3.0,416.0,nan
ALNS-B,Example7,7,0,4.0,416.0,nan
ALNS-B,Example7,7,0,5.0,416.0,nan
ALNS-B,Example7,7,0,6.0,416.0,nan
ALNS-B,Example7,7,0,7.0,416.0,nan
ALNS-B,Example7,7,0,8.0,416.0,nan
ALNS-B,Example7,7,0,9.0,416.0,nan
ALNS-B,Example7,7,0,10.0,416.0,nan
ALNS-B,Example7,7,0,11.0,416.0,nan
ALNS-B,Example7,7,0,12.0,416.0,nan
ALNS-B,Example7,7,0,13.0,416.0,nan
ALNS-B,Example7,7,0,14.0,416.0,nan
ALNS-B,Example7,7,0,15.0,416.0,nan
ALNS-B,Example7,7,0,16.0,416.0,nan
ALNS-B,Example7,7,0,17.0,416.0,nan
ALNS-B,Example7,7,0,18.0,416.0,nan
ALNS-B,Example7,7,0,19.0,416.0,nan
ALNS-B,Example7,7,0,20.0,416.0,nan
ALNS-B,Example7,7,0,21.0,164.0,nan
ALNS-B,Example7,7,0,22.0,164.0,nan
ALNS-B,Example7,7,0,23.0,164.0,nan
ALNS-B,Example7,7,0,24.0,164.0,nan
ALNS-B,Example7,7,0,25.0,164.0,nan
ALNS-B,Example7,7,0,26.0,164.0,nan
ALNS-B,Example7,7,0,27.0,164.0,nan
ALNS-B,Example7,7,0,28.0,164.0,nan
ALNS-B,Example7,7,0,29.0,164.0,nan
ALNS-B,Example7,7,0,30.0,164.0,nan
ALNS-B,Example7,7,0,31.0,164.0,nan
ALNS-B,Example7,7,0,32.0,164.0,nan
ALNS-B,Example7,7,0,33.0,164.0,nan
ALNS-B,Example7,7,0,34.0,164.0,nan
ALNS-B,Example7,7,0,35.0,164.0,nan
ALNS-B,Example7,7,0,36.0,164.0,nan
ALNS-B,Example7,7,0,37.0,164.0,nan
ALNS-B,Example7,7,0,38.0,164.0,nan
ALNS-B,Example7,7,0,39.0,164.0,nan
ALNS-B,Example7,7,0,40.0,164.0,nan
ALNS-B,Example7,7,0,41.0,164.0,nan
ALNS-B,Example7,7,0,42.0,164.0,nan
ALNS-B,Example7,7,0,43.0,164.0,nan
ALNS-B,Example7,7,0,44.0,164.0,nan
ALNS-B,Example7,7,0,45.0,164.0,nan
ALNS-B,Example7,7,0,46.0,164.0,nan
ALNS-B,Example7,7,0,47.0,164.0,nan
ALNS-B,Example7,7,0,48.0,164.0,nan
ALNS-B,Example7,7,0,49.0,164.0,nan
ALNS-B,Example7,7,0,50.0,121.0,nan
ALNS-B,Example7,7,0,51.0,121.0,nan
ALNS-B,Example7,7,0,52.0,121.0,nan
ALNS-B,Example7,7,0,53.0,121.0,nan
ALNS-B,Example7,7,0,54.0,121.0,nan
ALNS-B,Example7,7,0,55.0,121.0,nan
ALNS-B,Example7,7,0,56.0,121.0,nan
ALNS-B,Example7,7,0,57.0,121.0,nan
ALNS-B,Example7,7,0,58.0,121.0,nan
ALNS-B,Example7,7,0,59.0,121.0,nan
ALNS-B,Example7,7,0,60.0,121.0,nan
ALNS-B,Example7,7,0,61.0,121.0,nan
ALNS-B,Example7,7,0,62.0,121.0,nan
ALNS-B,Example7,7,0,63.0,121.0,nan
ALNS-B,Example7,7,0,64.0,121.0,nan
ALNS-B,Example7,7,0,65.0,121.0,nan
ALNS-B,Example7,7,0,66.0,121.0,nan
ALNS-B,Example7,7,0,67.0,121.0,nan
ALNS-B,Example7,7,0,68.0,121.0,nan
ALNS-B,Example7,7,0,69.0,121.0,nan
ALNS-B,Example7,7,0,70.0,121.0,nan
ALNS-B,Example7,7,0,71.0,121.0,nan
ALNS-B,Example7,7,0,72.0,121.0,nan
ALNS-B,Example7,7,0,73.0,121.0,nan
ALNS-B,Example7,7,0,74.0,120.0,nan
ALNS-B,Example7,7,0,75.0,120.0,nan
ALNS-B,Example7,7,0,76.0,120.0,nan
ALNS-B,Example7,7,0,77.0,120.0,nan
ALNS-B,Example7,7,0,78.0,120.0,nan
ALNS-B,Example7,7,0,79.0,120.0,nan
ALNS-B,Example7,7,0,80.0,120.0,nan
ALNS-B,Example7,7,0,81.0,120.0,nan
ALNS-B,Example7,7,0,82.0,120.0,nan
ALNS-B,Example7,7,0,83.0,120.0,nan
ALNS-B,Example7,7,0,84.0,120.0,nan
ALNS-B,Example7,7,0,85.0,120.0,nan
ALNS-B,Example7,7,0,86.0,120.0,nan
ALNS-B,Example7,7,0,87.0,120.0,nan
ALNS-B,Example7,7,0,88.0,120.0,nan
ALNS-B,Example7,7,0,89.0,120.0,nan
ALNS-B,Example7,7,0,90.0,120.0,nan
ALNS-B,Example7,7,0,91.0,120.0,nan
ALNS-B,Example7,7,0,92.0,120.0,nan
ALNS-B,Example7,7,0,93.0,120.0,nan
ALNS-B,Example7,7,0,94.0,120.0,nan
ALNS-B,Example7,7,0,95.0,120.0,nan
ALNS-B,Example7,7,0,96.0,120.0,nan
ALNS-B,Example7,7,0,97.0,120.0,nan
ALNS-B,Example7,7,0,98.0,83.0,nan
ALNS-B,Example7,7,0,99.0,83.0,nan
ALNS-B,Example7,7,0,100.0,83.0,nan
ALNS-B,Example7,7,0,101.0,83.0,nan
ALNS-B,Example7,7,0,102.0,83.0,nan
ALNS-B,Example7,7,0,103.0,83.0,nan
ALNS-B,Example7,7,0,104.0,83.0,nan
ALNS-B,Example7,7,0,105.0,83.0,nan
ALNS-B,Example7,7,0,106.0,83.0,nan
ALNS-B,Example7,7,0,107.0,83.0,nan
ALNS-B,Example7,7,0,108.0,83.0,nan
ALNS-B,Example7,7,0,109.0,83.0,nan
ALNS-B,Example7,7,0,110.0,83.0,nan
ALNS-B,Example7,7,0,111.0,83.0,nan
ALNS-B,Example7,7,0,112.0,83.0,nan
ALNS-B,Example7,7,0,113.0,83.0,nan
ALNS-B,Example7,7,0,114.0,83.0,nan
ALNS-B,Example7,7,0,115.0,83.0,nan
ALNS-B,Example7,7,0,116.0,83.0,nan
ALNS-B,Example7,7,0,117.0,83.0,nan
ALNS-B,Example7,7,0,118.0,83.0,nan
ALNS-B,Example7,7,0,119.0,83.0,nan
ALNS-B,Example7,7,0,120.0,83.0,nan
ALNS-B,Example7,7,0,121.0,83.0,nan
ALNS-B,Example7,7,0,122.0,83.0,nan
ALNS-B,Example7,7,0,123.0,83.0,nan
ALNS-B,Example7,7,0,124.0,83.0,nan
ALNS-B,Example7,7,0,125.0,83.0,nan
ALNS-B,Example7,7,0,126.0,83.0,nan
ALNS-B,Example7,7,0,127.0,83.0,nan
ALNS-B,Example7,7,0,128.0,83.0,nan
ALNS-B,Example7,7,0,129.0,83.0,nan
ALNS-B,Example7,7,0,130.0,83.0,nan
ALNS-B,Example7,7,0,131.0,83.0,nan
ALNS-B,Example7,7,0,132.0,83.0,nan
ALNS-B,Example7,7,0,133.0,83.0,nan
ALNS-B,Example7,7,0,134.0,83.0,nan
ALNS-B,Example7,7,0,135.0,83.0,nan
ALNS-B,Example7,7,0,136.0,83.0,nan
ALNS-B,Example7,7,0,137.0,83.0,nan
ALNS-B,Example7,7,0,138.0,83.0,nan
ALNS-B,Example7,7,0,139.0,83.0,nan
ALNS-B,Example7,7,0,140.0,83.0,nan
ALNS-B,Example7,7,0,141.0,83.0,nan
ALNS-B,Example7,7,0,142.0,83.0,nan
ALNS-B,Example7,7,0,143.0,83.0,nan
ALNS-B,Example7,7,0,144.0,83.0,nan
ALNS-B,Example7,7,0,145.0,83.0,nan
ALNS-B,Example7,7,0,146.0,83.0,nan
ALNS-B,Example7,7,0,147.0,83.0,nan
ALNS-B,Example7,7,0,148.0,83.0,nan
ALNS-B,Example7,7,0,149.0,83.0,nan
ALNS-B,Example7,7,0,150.0,83.0,nan
ALNS-B,Example7,7,0,151.0,83.0,nan
ALNS-B,Example7,7,0,152.0,83.0,nan
ALNS-B,Example7,7,0,153.0,83.0,nan
ALNS-B,Example7,7,0,154.0,83.0,nan
ALNS-B,Example7,7,0,155.0,83.0,nan
ALNS-B,Example7,7,0,156.0,83.0,nan
ALNS-B,Example7,7,0,157.0,83.0,nan
ALNS-B,Example7,7,0,158.0,83.0,nan
ALNS-B,Example7,7,0,159.0,83.0,nan
ALNS-B,Example7,7,0,160.0,83.0,nan
ALNS-B,Example7,7,0,161.0,83.0,nan
ALNS-B,Example7,7,0,162.0,83.0,nan
ALNS-B,Example7,7,0,163.0,83.0,nan
ALNS-B,Example7,7,0,164.0,83.0,nan
ALNS-B,Example7,7,0,165.0,83.0,nan
ALNS-B,Example7,7,0,166.0,83.0,nan
ALNS-B,Example7,7,0,167.0,83.0,nan
ALNS-B,Example7,7,0,168.0,83.0,nan
ALNS-B,Example7,7,0,169.0,83.0,nan
ALNS-B,Example7,7,0,170.0,83.0,nan
ALNS-B,Example7,7,0,171.0,83.0,nan
ALNS-B,Example7,7,0,172.0,83.0,nan
ALNS-B,Example7,7,0,173.0,83.0,nan
ALNS-B,Example7,7,0,174.0,83.0,nan
ALNS-B,Example7,7,0,175.0,83.0,nan
ALNS-B,Example7,7,0,176.0,83.0,nan
ALNS-B,Example7,7,0,177.0,83.0,nan
ALNS-B,Example7,7,0,178.0,83.0,nan
ALNS-B,Example7,7,0,179.0,83.0,nan
ALNS-B,Example7,7,0,180.0,83.0,nan
ALNS-B,Example7,7,0,181.0,83.0,nan
ALNS-B,Example7,7,0,182.0,83.0,nan
ALNS-B,Example7,7,0,183.0,83.0,nan
ALNS-B,Example7,7,0,184.0,83.0,nan
ALNS-B,Example7,7,0,185.0,83.0,nan
ALNS-B,Example7,7,0,186.0,83.0,nan
ALNS-B,Example7,7,0,187.0,83.0,nan
ALNS-B,Example7,7,0,188.0,83.0,nan
ALNS-B,Example7,7,0,189.0,83.0,nan
ALNS-B,Example7,7,0,190.0,83.0,nan
ALNS-B,Example7,7,0,191.0,83.0,nan
ALNS-B,Example7,7,0,192.0,83.0,nan
ALNS-B,Example7,7,0,193.0,83.0,nan
ALNS-B,Example7,7,0,194.0,83.0,nan
ALNS-B,Example7,7,0,195.0,83.0,nan
ALNS-B,Example7,7,0,196.0,83.0,nan
ALNS-B,Example7,7,0,197.0,83.0,nan
ALNS-B,Example7,7,0,198.0,83.0,nan
ALNS-B,Example7,7,0,199.0,83.0,nan
ALNS-B,Example7,7,0,200.0,83.0,nan
ALNS-B,Example7,7,0,201.0,83.0,nan
ALNS-B,Example7,7,0,202.0,83.0,nan
ALNS-B,Example7,7,0,203.0,83.0,nan
ALNS-B,Example7,7,0,204.0,83.0,nan
ALNS-B,Example7,7,0,205.0,83.0,nan
ALNS-B,Example7,7,0,206.0,83.0,nan
ALNS-B,Example7,7,0,207.0,83.0,nan
ALNS-B,Example7,7,0,208.0,83.0,nan
ALNS-B,Example7,7,0,209.0,83.0,nan
ALNS-B,Example7,7,0,210.0,83.0,nan
ALNS-B,Example7,7,0,211.0,83.0,nan
ALNS-B,Example7,7,0,212.0,83.0,nan
ALNS-B,Example7,7,0,213.0,83.0,nan
ALNS-B,Example7,7,0,214.0,83.0,nan
ALNS-B,Example7,7,0,215.0,83.0,nan
ALNS-B,Example7,7,0,216.0,83.0,nan
ALNS-B,Example7,7,0,217.0,83.0,nan
ALNS-B,Example7,7,0,218.0,83.0,nan
ALNS-B,Example7,7,0,219.0,83.0,nan
ALNS-B,Example7,7,0,220.0,83.0,nan
ALNS-B,Example7,7,0,221.0,83.0,nan
ALNS-B,Example7,7,0,222.0,83.0,nan
ALNS-B,Example7,7,0,223.0,83.0,nan
ALNS-B,Example7,7,0,224.0,83.0,nan
ALNS-B,Example7,7,0,225.0,83.0,nan
ALNS-B,Example7,7,0,226.0,83.0,nan
ALNS-B,Example7,7,0,227.0,83.0,nan
ALNS-B,Example7,7,0,228.0,83.0,nan
ALNS-B,Example7,7,0,229.0,83.0,nan
ALNS-B,Example7,7,0,230.0,83.0,nan
ALNS-B,Example7,7,0,231.0,83.0,nan
ALNS-B,Example7,7,0,232.0,83.0,nan
ALNS-B,Example7,7,0,233.0,83.0,nan
ALNS-B,Example7,7,0,234.0,83.0,nan
ALNS-B,Example7,7,0,235.0,83.0,nan
ALNS-B,Example7,7,0,236.0,83.0,nan
ALNS-B,Example7,7,0,237.0,83.0,nan
ALNS-B,Example7,7,0,238.0,83.0,nan
ALNS-B,Example7,7,0,239.0,83.0,nan
ALNS-B,Example7,7,0,240.0,83.0,nan
ALNS-B,Example7,7,0,241.0,83.0,nan
ALNS-B,Example7,7,0,242.0,83.0,nan
ALNS-B,Example7,7,0,243.0,83.0,nan
ALNS-B,Example7,7,0,244.0,83.0,nan
ALNS-B,Example7,7,0,245.0,83.0,nan
ALNS-B,Example7,7,0,246.0,83.0,nan
ALNS-B,Example7,7,0,247.0,83.0,nan
ALNS-B,Example7,7,0,248.0,83.0,nan
ALNS-B,Example7,7,0,249.0,83.0,nan
ALNS-B,Example7,7,0,250.0,83.0,nan
ALNS-B,Example7,7,0,251.0,83.0,nan
ALNS-B,Example7,7,0,252.0,83.0,nan
ALNS-B,Example7,7,0,253.0,83.0,nan
ALNS-B,Example7,7,0,254.0,83.0,nan
ALNS-B,Example7,7,0,255.0,83.0,nan
ALNS-B,Example7,7,0,256.0,83.0,nan
ALNS-B,Example7,7,0,257.0,83.0,nan
ALNS-B,Example7,7,0,258.0,83.0,nan
ALNS-B,Example7,7,0,259.0,83.0,nan
ALNS-B,Example7,7,0,260.0,83.0,nan
ALNS-B,Example7,7,0,261.0,83.0,nan
ALNS-B,Example7,7,0,262.0,83.0,nan
ALNS-B,Example7,7,0,263.0,83.0,nan
ALNS-B,Example7,7,0,264.0,83.0,nan
ALNS-B,Example7,7,0,265.0,83.0,nan
ALNS-B,Example7,7,0,266.0,83.0,nan
ALNS-B,Example7,7,0,267.0,83.0,nan
ALNS-B,Example7,7,0,268.0,83.0,nan
ALNS-B,Example7,7,0,269.0,83.0,nan
ALNS-B,Example7,7,0,270.0,83.0,nan
ALNS-B,Example7,7,0,271.0,83.0,nan
ALNS-B,Example7,7,0,272.0,83.0,nan
ALNS-B,Example7,7,0,273.0,83.0,nan
ALNS-B,Example7,7,1,0.0,420.0,nan
ALNS-B,Example7,7,1,1.0,420.0,nan
ALNS-B,Example7,7,1,2.0,420.0,nan
ALNS-B,Example7,7,1,3.0,420.0,nan
ALNS-B,Example7,7,1,4.0,420.0,nan
ALNS-B,Example7,7,1,5.0,420.0,nan
ALNS-B,Example7,7,1,6.0,420.0,nan
ALNS-B,Example7,7,1,7.0,420.0,nan
ALNS-B,Example7,7,1,8.0,420.0,nan
ALNS-B,Example7,7,1,9.0,420.0,nan
ALNS-B,Example7,7,1,10.0,420.0,nan
ALNS-B,Example7,7,1,11.0,322.0,nan
ALNS-B,Example7,7,1,12.0,322.0,nan
ALNS-B,Example7,7,1,13.0,322.0,nan
ALNS-B,Example7,7,1,14.0,322.0,nan
ALNS-B,Example7,7,1,15.0,305.0,nan
ALNS-B,Example7,7,1,16.0,305.0,nan
ALNS-B,Example7,7,1,17.0,305.0,nan
ALNS-B,Example7,7,1,18.0,305.0,nan
ALNS-B,Example7,7,1,19.0,305.0,nan
ALNS-B,Example7,7,1,20.0,305.0,nan
ALNS-B,Example7,7,1,21.0,305.0,nan
ALNS-B,Example7,7,1,22.0,305.0,nan
ALNS-B,Example7,7,1,23.0,305.0,nan
ALNS-B,Example7,7,1,24.0,272.0,nan
ALNS-B,Example7,7,1,25.0,272.0,nan
ALNS-B,Example7,7,1,26.0,272.0,nan
ALNS-B,Example7,7,1,27.0,272.0,nan
ALNS-B,Example7,7,1,28.0,272.0,nan
ALNS-B,Example7,7,1,29.0,269.0,nan
ALNS-B,Example7,7,1,30.0,269.0,nan
ALNS-B,Example7,7,1,31.0,269.0,nan
ALNS-B,Example7,7,1,32.0,269.0,nan
ALNS-B,Example7,7,1,33.0,269.0,nan
ALNS-B,Example7,7,1,34.0,269.0,nan
ALNS-B,Example7,7,1,35.0,269.0,nan
ALNS-B,Example7,7,1,36.0,269.0,nan
ALNS-B,Example7,7,1,37.0,269.0,nan
ALNS-B,Example7,7,1,38.0,269.0,nan
ALNS-B,Example7,7,1,39.0,269.0,nan
ALNS-B,Example7,7,1,40.0,269.0,nan
ALNS-B,Example7,7,1,41.0,261.0,nan
ALNS-B,Example7,7,1,42.0,261.0,nan
ALNS-B,Example7,7,1,43.0,261.0,nan
ALNS-B,Example7,7,1,44.0,261.0,nan
ALNS-B,Example7,7,1,45.0,261.0,nan
ALNS-B,Example7,7,1,46.0,248.0,nan
ALNS-B,Example7,7,1,47.0,248.0,nan
ALNS-B,Example7,7,1,48.0,248.0,nan
ALNS-B,Example7,7,1,49.0,248.0,nan
ALNS-B,Example7,7,1,50.0,248.0,nan
ALNS-B,Example7,7,1,51.0,248.0,nan
ALNS-B,Example7,7,1,52.0,248.0,nan
ALNS-B,Example7,7,1,53.0,248.0,nan
ALNS-B,Example7,7,1,54.0,248.0,nan
ALNS-B,Example7,7,1,55.0,248.0,nan
ALNS-B,Example7,7,1,56.0,248.0,nan
ALNS-B,Example7,7,1,57.0,248.0,nan
ALNS-B,Example7,7,1,58.0,248.0,nan
ALNS-B,Example7,7,1,59.0,248.0,nan
ALNS-B,Example7,7,1,60.0,248.0,nan
ALNS-B,Example7,7,1,61.0,248.0,nan
ALNS-B,Example7,7,1,62.0,248.0,nan
ALNS-B,Example7,7,1,63.0,248.0,nan
ALNS-B,Example7,7,1,64.0,248.0,nan
ALNS-B,Example7,7,1,65.0,248.0,nan
ALNS-B,Example7,7,1,66.0,248.0,nan
ALNS-B,Example7,7,1,67.0,248.0,nan
ALNS-B,Example7,7,1,68.0,248.0,nan
ALNS-B,Example7,7,1,69.0,248.0,nan
ALNS-B,Example7,7,1,70.0,248.0,nan
ALNS-B,Example7,7,1,71.0,248.0,nan
ALNS-B,Example7,7,1,72.0,248.0,nan
ALNS-B,Example7,7,1,73.0,248.0,nan
ALNS-B,Example7,7,1,74.0,248.0,nan
ALNS-B,Example7,7,1,75.0,248.0,nan
ALNS-B,Example7,7,1,76.0,248.0,nan
ALNS-B,Example7,7,1,77.0,248.0,nan
ALNS-B,Example7,7,1,78.0,248.0,nan
ALNS-B,Example7,7,1,79.0,248.0,nan
ALNS-B,Example7,7,1,80.0,248.0,nan
ALNS-B,Example7,7,1,81.0,248.0,nan
ALNS-B,Example7,7,1,82.0,248.0,nan
ALNS-B,Example7,7,1,83.0,248.0,nan
ALNS-B,Example7,7,1,84.0,248.0,nan
ALNS-B,Example7,7,1,85.0,248.0,nan
ALNS-B,Example7,7,1,86.0,248.0,nan
ALNS-B,Example7,7,1,87.0,248.0,nan
ALNS-B,Example7,7,1,88.0,248.0,nan
ALNS-B,Example7,7,1,89.0,248.0,nan
ALNS-B,Example7,7,1,90.0,248.0,nan
ALNS-B,Example7,7,1,91.0,248.0,nan
ALNS-B,Example7,7,1,92.0,248.0,nan
ALNS-B,Example7,7,1,93.0,248.0,nan
ALNS-B,Example7,7,1,94.0,248.0,nan
ALNS-B,Example7,7,1,95.0,248.0,nan
ALNS-B,Example7,7,1,96.0,248.0,nan
ALNS-B,Example7,7,1,97.0,248.0,nan
ALNS-B,Example7,7,1,98.0,248.0,nan
ALNS-B,Example7,7,1,99.0,240.0,nan
ALNS-B,Example7,7,1,100.0,240.0,nan
ALNS-B,Example7,7,1,101.0,240.0,nan
ALNS-B,Example7,7,1,102.0,240.0,nan
ALNS-B,Example7,7,1,103.0,240.0,nan
ALNS-B,Example7,7,1,104.0,240.0,nan
ALNS-B,Example7,7,1,105.0,240.0,nan
ALNS-B,Example7,7,1,106.0,240.0,nan
ALNS-B,Example7,7,1,107.0,240.0,nan
ALNS-B,Example7,7,1,108.0,240.0,nan
ALNS-B,Example7,7,1,109.0,240.0,nan
ALNS-B,Example7,7,1,110.0,240.0,nan
ALNS-B,Example7,7,1,111.0,240.0,nan
ALNS-B,Example7,7,1,112.0,240.0,nan
ALNS-B,Example7,7,1,113.0,240.0,nan
ALNS-B,Example7,7,1,114.0,240.0,nan
ALNS-B,Example7,7,1,115.0,240.0,nan
ALNS-B,Example7,7,1,116.0,240.0,nan
ALNS-B,Example7,7,1,117.0,240.0,nan
ALNS-B,Example7,7,1,118.0,227.0,nan
ALNS-B,Example7,7,1,119.0,227.0,nan
ALNS-B,Example7,7,1,120.0,227.0,nan
ALNS-B,Example7,7,1,121.0,227.0,nan
ALNS-B,Example7,7,1,122.0,227.0,nan
ALNS-B,Example7,7,1,123.0,227.0,nan
ALNS-B,Example7,7,1,124.0,227.0,nan
ALNS-B,Example7,7,1,125.0,227.0,nan
ALNS-B,Example7,7,1,126.0,227.0,nan
ALNS-B,Example7,7,1,127.0,227.0,nan
ALNS-B,Example7,7,1,128.0,227.0,nan
ALNS-B,Example7,7,1,129.0,227.0,nan
ALNS-B,Example7,7,1,130.0,227.0,nan
ALNS-B,Example7,7,1,131.0,227.0,nan
ALNS-B,Example7,7,1,132.0,227.0,nan
ALNS-B,Example7,7,1,133.0,227.0,nan
ALNS-B,Example7,7,1,134.0,227.0,nan
ALNS-B,Example7,7,1,135.0,227.0,nan
ALNS-B,Example7,7,1,136.0,227.0,nan
ALNS-B,Example7,7,1,137.0,227.0,nan
ALNS-B,Example7,7,1,138.0,227.0,nan
ALNS-B,Example7,7,1,139.0,227.0,nan
ALNS-B,Example7,7,1,140.0,227.0,nan
ALNS-B,Example7,7,1,141.0,227.0,nan
ALNS-B,Example7,7,1,142.0,227.0,nan
ALNS-B,Example7,7,1,143.0,227.0,nan
ALNS-B,Example7,7,1,144.0,227.0,nan
ALNS-B,Example7,7,1,145.0,227.0,nan
ALNS-B,Example7,7,1,146.0,227.0,nan
ALNS-B,Example7,7,1,147.0,227.0,nan
ALNS-B,Example7,7,1,148.0,227.0,nan
ALNS-B,Example7,7,1,149.0,227.0,nan
ALNS-B,Example7,7,1,150.0,227.0,nan
ALNS-B,Example7,7,1,151.0,227.0,nan
ALNS-B,Example7,7,1,152.0,227.0,nan
ALNS-B,Example7,7,1,153.0,227.0,nan
ALNS-B,Example7,7,1,154.0,227.0,nan
ALNS-B,Example7,7,1,155.0,227.0,nan
ALNS-B,Example7,7,1,156.0,227.0,nan
ALNS-B,Example7,7,1,157.0,227.0,nan
ALNS-B,Example7,7,1,158.0,227.0,nan
ALNS-B,Example7,7,1,159.0,227.0,nan
ALNS-B,Example7,7,1,160.0,227.0,nan
ALNS-B,Example7,7,1,161.0,227.0,nan
ALNS-B,Example7,7,1,162.0,227.0,nan
ALNS-B,Example7,7,1,163.0,227.0,nan
ALNS-B,Example7,7,1,164.0,227.0,nan
ALNS-B,Example7,7,1,165.0,202.0,nan
ALNS-B,Example7,7,1,166.0,202.0,nan
ALNS-B,Example7,7,1,167.0,202.0,nan
ALNS-B,Example7,7,1,168.0,202.0,nan
ALNS-B,Example7,7,1,169.0,202.0,nan
ALNS-B,Example7,7,1,170.0,202.0,nan
ALNS-B,Example7,7,1,171.0,202.0,nan
ALNS-B,Example7,7,1,172.0,202.0,nan
ALNS-B,Example7,7,1,173.0,202.0,nan
ALNS-B,Example7,7,1,174.0,202.0,nan
ALNS-B,Example7,7,1,175.0,202.0,nan
ALNS-B,Example7,7,1,176.0,202.0,nan
ALNS-B,Example7,7,1,177.0,202.0,nan
ALNS-B,Example7,7,1,178.0,202.0,nan
ALNS-B,Example7,7,1,179.0,202.0,nan
ALNS-B,Example7,7,1,180.0,202.0,nan
ALNS-B,Example7,7,1,181.0,202.0,nan
ALNS-B,Example7,7,1,182.0,202.0,nan
ALNS-B,Example7,7,1,183.0,202.0,nan
ALNS-B,Example7,7,1,184.0,202.0,nan
ALNS-B,Example7,7,1,185.0,202.0,nan
ALNS-B,Example7,7,1,186.0,202.0,nan
ALNS-B,Example7,7,1,187.0,202.0,nan
ALNS-B,Example7,7,1,188.0,202.0,nan
ALNS-B,Example7,7,1,189.0,202.0,nan
ALNS-B,Example7,7,1,190.0,202.0,nan
ALNS-B,Example7,7,1,191.0,202.0,nan
ALNS-B,Example7,7,1,192.0,202.0,nan
ALNS-B,Example7,7,1,193.0,202.0,nan
ALNS-B,Example7,7,1,194.0,202.0,nan
ALNS-B,Example7,7,1,195.0,202.0,nan
ALNS-B,Example7,7,1,196.0,202.0,nan
ALNS-B,Example7,7,1,197.0,202.0,nan
ALNS-B,Example7,7,1,198.0,202.0,nan
ALNS-B,Example7,7,1,199.0,202.0,nan
ALNS-B,Example7,7,1,200.0,202.0,nan
ALNS-B,Example7,7,1,201.0,202.0,nan
ALNS-B,Example7,7,1,202.0,202.0,nan
ALNS-B,Example7,7,1,203.0,202.0,nan
ALNS-B,Example7,7,1,204.0,202.0,nan
ALNS-B,Example7,7,1,205.0,202.0,nan
ALNS-B,Example7,7,1,206.0,202.0,nan
ALNS-B,Example7,7,1,207.0,202.0,nan
ALNS-B,Example7,7,1,208.0,202.0,nan
ALNS-B,Example7,7,1,209.0,202.0,nan
ALNS-B,Example7,7,1,210.0,202.0,nan
ALNS-B,Example7,7,1,211.0,202.0,nan
ALNS-B,Example7,7,1,212.0,202.0,nan
ALNS-B,Example7,7,1,213.0,202.0,nan
ALNS-B,Example7,7,1,214.0,202.0,nan
ALNS-B,Example7,7,1,215.0,202.0,nan
ALNS-B,Example7,7,1,216.0,202.0,nan
ALNS-B,Example7,7,1,217.0,202.0,nan
ALNS-B,Example7,7,1,218.0,202.0,nan
ALNS-B,Example7,7,1,219.0,202.0,nan
ALNS-B,Example7,7,1,220.0,202.0,nan
ALNS-B,Example7,7,1,221.0,202.0,nan
ALNS-B,Example7,7,1,222.0,202.0,nan
ALNS-B,Example7,7,1,223.0,202.0,nan
ALNS-B,Example7,7,1,224.0,202.0,nan
ALNS-B,Example7,7,1,225.0,202.0,nan
ALNS-B,Example7,7,1,226.0,202.0,nan
ALNS-B,Example7,7,1,227.0,202.0,nan
ALNS-B,Example7,7,1,228.0,202.0,nan
ALNS-B,Example7,7,1,229.0,202.0,nan
ALNS-B,Example7,7,1,230.0,202.0,nan
ALNS-B,Example7,7,1,231.0,202.0,nan
ALNS-B,Example7,7,1,232.0,202.0,nan
ALNS-B,Example7,7,1,233.0,202.0,nan
ALNS-B,Example7,7,1,234.0,202.0,nan
ALNS-B,Example7,7,1,235.0,202.0,nan
ALNS-B,Example7,7,1,236.0,202.0,nan
ALNS-B,Example7,7,1,237.0,202.0,nan
ALNS-B,Example7,7,1,238.0,202.0,nan
ALNS-B,Example7,7,1,239.0,202.0,nan
ALNS-B,Example7,7,1,240.0,202.0,nan
ALNS-B,Example7,7,1,241.0,202.0,nan
ALNS-B,Example7,7,1,242.0,202.0,nan
ALNS-B,Example7,7,1,243.0,202.0,nan
ALNS-B,Example7,7,1,244.0,202.0,nan
ALNS-B,Example7,7,1,245.0,202.0,nan
ALNS-B,Example7,7,1,246.0,202.0,nan
ALNS-B,Example7,7,1,247.0,202.0,nan
ALNS-B,Example7,7,1,248.0,202.0,nan
ALNS-B,Example7,7,1,249.0,202.0,nan
ALNS-B,Example7,7,1,250.0,202.0,nan
ALNS-B,Example7,7,1,251.0,202.0,nan
ALNS-B,Example7,7,1,252.0,202.0,nan
ALNS-B,Example7,7,1,253.0,202.0,nan
ALNS-B,Example7,7,1,254.0,202.0,nan
ALNS-B,Example7,7,1,255.0,202.0,nan
ALNS-B,Example7,7,1,256.0,202.0,nan
ALNS-B,Example7,7,1,257.0,202.0,nan
ALNS-B,Example7,7,1,258.0,202.0,nan
ALNS-B,Example7,7,1,259.0,202.0,nan
ALNS-B,Example7,7,1,260.0,202.0,nan
ALNS-B,Example7,7,1,261.0,202.0,nan
ALNS-B,Example7,7,1,262.0,202.0,nan
ALNS-B,Example7,7,1,263.0,202.0,nan
ALNS-B,Example7,7,1,264.0,202.0,nan
ALNS-B,Example7,7,1,265.0,202.0,nan
ALNS-B,Example7,7,1,266.0,202.0,nan
ALNS-B,Example7,7,1,267.0,202.0,nan
ALNS-B,Example7,7,1,268.0,202.0,nan
ALNS-B,Example7,7,1,269.0,202.0,nan
ALNS-B,Example7,7,1,270.0,202.0,nan
ALNS-B,Example7,7,1,271.0,202.0,nan
ALNS-B,Example7,7,1,272.0,202.0,nan
ALNS-B,Example7,7,1,273.0,202.0,nan
ALNS-B,Example7,7,2,0.0,506.0,nan
ALNS-B,Example7,7,2,1.0,506.0,nan
ALNS-B,Example7,7,2,2.0,506.0,nan
ALNS-B,Example7,7,2,3.0,506.0,nan
ALNS-B,Example7,7,2,4.0,506.0,nan
ALNS-B,Example7,7,2,5.0,506.0,nan
ALNS-B,Example7,7,2,6.0,506.0,nan
ALNS-B,Example7,7,2,7.0,506.0,nan
ALNS-B,Example7,7,2,8.0,415.0,nan
ALNS-B,Example7,7,2,9.0,415.0,nan
ALNS-B,Example7,7,2,10.0,415.0,nan
ALNS-B,Example7,7,2,11.0,415.0,nan
ALNS-B,Example7,7,2,12.0,171.0,nan
ALNS-B,Example7,7,2,13.0,171.0,nan
ALNS-B,Example7,7,2,14.0,171.0,nan
ALNS-B,Example7,7,2,15.0,171.0,nan
ALNS-B,Example7,7,2,16.0,171.0,nan
ALNS-B,Example7,7,2,17.0,171.0,nan
ALNS-B,Example7,7,2,18.0,171.0,nan
ALNS-B,Example7,7,2,19.0,171.0,nan
ALNS-B,Example7,7,2,20.0,171.0,nan
ALNS-B,Example7,7,2,21.0,171.0,nan
ALNS-B,Example7,7,2,22.0,171.0,nan
ALNS-B,Example7,7,2,23.0,171.0,nan
ALNS-B,Example7,7,2,24.0,171.0,nan
ALNS-B,Example7,7,2,25.0,171.0,nan
ALNS-B,Example7,7,2,26.0,171.0,nan
ALNS-B,Example7,7,2,27.0,171.0,nan
ALNS-B,Example7,7,2,28.0,171.0,nan
ALNS-B,Example7,7,2,29.0,171.0,nan
ALNS-B,Example7,7,2,30.0,171.0,nan
ALNS-B,Example7,7,2,31.0,171.0,nan
ALNS-B,Example7,7,2,32.0,171.0,nan
ALNS-B,Example7,7,2,33.0,171.0,nan
ALNS-B,Example7,7,2,34.0,171.0,nan
ALNS-B,Example7,7,2,35.0,171.0,nan
ALNS-B,Example7,7,2,36.0,171.0,nan
ALNS-B,Example7,7,2,37.0,171.0,nan
ALNS-B,Example7,7,2,38.0,140.0,nan
ALNS-B,Example7,7,2,39.0,140.0,nan
ALNS-B,Example7,7,2,40.0,140.0,nan
ALNS-B,Example7,7,2,41.0,140.0,nan
ALNS-B,Example7,7,2,42.0,140.0,nan
ALNS-B,Example7,7,2,43.0,140.0,nan
ALNS-B,Example7,7,2,44.0,140.0,nan
ALNS-B,Example7,7,2,45.0,140.0,nan
ALNS-B,Example7,7,2,46.0,140.0,nan
ALNS-B,Example7,7,2,47.0,140.0,nan
ALNS-B,Example7,7,2,48.0,140.0,nan
ALNS-B,Example7,7,2,49.0,140.0,nan
ALNS-B,Example7,7,2,50.0,140.0,nan
ALNS-B,Example7,7,2,51.0,140.0,nan
ALNS-B,Example7,7,2,52.0,140.0,nan
ALNS-B,Example7,7,2,53.0,140.0,nan
ALNS-B,Example7,7,2,54.0,140.0,nan
ALNS-B,Example7,7,2,55.0,140.0,nan
ALNS-B,Example7,7,2,56.0,140.0,nan
ALNS-B,Example7,7,2,57.0,140.0,nan
ALNS-B,Example7,7,2,58.0,140.0,nan
ALNS-B,Example7,7,2,59.0,140.0,nan
ALNS-B,Example7,7,2,60.0,140.0,nan
ALNS-B,Example7,7,2,61.0,140.0,nan
ALNS-B,Example7,7,2,62.0,140.0,nan
ALNS-B,Example7,7,2,63.0,140.0,nan
ALNS-B,Example7,7,2,64.0,140.0,nan
ALNS-B,Example7,7,2,65.0,140.0,nan
ALNS-B,Example7,7,2,66.0,140.0,nan
ALNS-B,Example7,7,2,67.0,140.0,nan
ALNS-B,Example7,7,2,68.0,140.0,nan
ALNS-B,Example7,7,2,69.0,140.0,nan
ALNS-B,Example7,7,2,70.0,140.0,nan
ALNS-B,Example7,7,2,71.0,140.0,nan
ALNS-B,Example7,7,2,72.0,140.0,nan
ALNS-B,Example7,7,2,73.0,140.0,nan
ALNS-B,Example7,7,2,74.0,140.0,nan
ALNS-B,Example7,7,2,75.0,140.0,nan
ALNS-B,Example7,7,2,76.0,140.0,nan
ALNS-B,Example7,7,2,77.0,140.0,nan
ALNS-B,Example7,7,2,78.0,138.0,nan
ALNS-B,Example7,7,2,79.0,138.0,nan
ALNS-B,Example7,7,2,80.0,138.0,nan
ALNS-B,Example7,7,2,81.0,138.0,nan
ALNS-B,Example7,7,2,82.0,138.0,nan
ALNS-B,Example7,7,2,83.0,138.0,nan
ALNS-B,Example7,7,2,84.0,138.0,nan
ALNS-B,Example7,7,2,85.0,138.0,nan
ALNS-B,Example7,7,2,86.0,138.0,nan
ALNS-B,Example7,7,2,87.0,118.0,nan
ALNS-B,Example7,7,2,88.0,118.0,nan
ALNS-B,Example7,7,2,89.0,118.0,nan
ALNS-B,Example7,7,2,90.0,118.0,nan
ALNS-B,Example7,7,2,91.0,118.0,nan
ALNS-B,Example7,7,2,92.0,118.0,nan
ALNS-B,Example7,7,2,93.0,118.0,nan
ALNS-B,Example7,7,2,94.0,118.0,nan
ALNS-B,Example7,7,2,95.0,118.0,nan
ALNS-B,Example7,7,2,96.0,118.0,nan
ALNS-B,Example7,7,2,97.0,118.0,nan
ALNS-B,Example7,7,2,98.0,118.0,nan
ALNS-B,Example7,7,2,99.0,118.0,nan
ALNS-B,Example7,7,2,100.0,118.0,nan
ALNS-B,Example7,7,2,101.0,118.0,nan
ALNS-B,Example7,7,2,102.0,118.0,nan
ALNS-B,Example7,7,2,103.0,118.0,nan
ALNS-B,Example7,7,2,104.0,118.0,nan
ALNS-B,Example7,7,2,105.0,118.0,nan
ALNS-B,Example7,7,2,106.0,118.0,nan
ALNS-B,Example7,7,2,107.0,118.0,nan
ALNS-B,Example7,7,2,108.0,118.0,nan
ALNS-B,Example7,7,2,109.0,118.0,nan
ALNS-B,Example7,7,2,110.0,118.0,nan
ALNS-B,Example7,7,2,111.0,118.0,nan
ALNS-B,Example7,7,2,112.0,118.0,nan
ALNS-B,Example7,7,2,113.0,118.0,nan
ALNS-B,Example7,7,2,114.0,118.0,nan
ALNS-B,Example7,7,2,115.0,118.0,nan
ALNS-B,Example7,7,2,116.0,118.0,nan
ALNS-B,Example7,7,2,117.0,118.0,nan
ALNS-B,Example7,7,2,118.0,118.0,nan
ALNS-B,Example7,7,2,119.0,118.0,nan
ALNS-B,Example7,7,2,120.0,118.0,nan
ALNS-B,Example7,7,2,121.0,118.0,nan
ALNS-B,Example7,7,2,122.0,118.0,nan
ALNS-B,Example7,7,2,123.0,118.0,nan
ALNS-B,Example7,7,2,124.0,118.0,nan
ALNS-B,Example7,7,2,125.0,118.0,nan
ALNS-B,Example7,7,2,126.0,118.0,nan
ALNS-B,Example7,7,2,127.0,118.0,nan
ALNS-B,Example7,7,2,128.0,118.0,nan
ALNS-B,Example7,7,2,129.0,118.0,nan
ALNS-B,Example7,7,2,130.0,118.0,nan
ALNS-B,Example7,7,2,131.0,118.0,nan
ALNS-B,Example7,7,2,132.0,118.0,nan
ALNS-B,Example7,7,2,133.0,118.0,nan
ALNS-B,Example7,7,2,134.0,118.0,nan
ALNS-B,Example7,7,2,135.0,118.0,nan
ALNS-B,Example7,7,2,136.0,118.0,nan
ALNS-B,Example7,7,2,137.0,118.0,nan
ALNS-B,Example7,7,2,138.0,118.0,nan
ALNS-B,Example7,7,2,139.0,118.0,nan
ALNS-B,Example7,7,2,140.0,118.0,nan
ALNS-B,Example7,7,2,141.0,118.0,nan
ALNS-B,Example7,7,2,142.0,118.0,nan
ALNS-B,Example7,7,2,143.0,118.0,nan
ALNS-B,Example7,7,2,144.0,118.0,nan
ALNS-B,Example7,7,2,145.0,118.0,nan
ALNS-B,Example7,7,2,146.0,118.0,nan
ALNS-B,Example7,7,2,147.0,118.0,nan
ALNS-B,Example7,7,2,148.0,118.0,nan
ALNS-B,Example7,7,2,149.0,118.0,nan
ALNS-B,Example7,7,2,150.0,114.0,nan
ALNS-B,Example7,7,2,151.0,114.0,nan
ALNS-B,Example7,7,2,152.0,114.0,nan
ALNS-B,Example7,7,2,153.0,114.0,nan
ALNS-B,Example7,7,2,154.0,114.0,nan
ALNS-B,Example7,7,2,155.0,114.0,nan
ALNS-B,Example7,7,2,156.0,114.0,nan
ALNS-B,Example7,7,2,157.0,114.0,nan
ALNS-B,Example7,7,2,158.0,114.0,nan
ALNS-B,Example7,7,2,159.0,114.0,nan
ALNS-B,Example7,7,2,160.0,114.0,nan
ALNS-B,Example7,7,2,161.0,114.0,nan
ALNS-B,Example7,7,2,162.0,114.0,nan
ALNS-B,Example7,7,2,163.0,114.0,nan
ALNS-B,Example7,7,2,164.0,114.0,nan
ALNS-B,Example7,7,2,165.0,114.0,nan
ALNS-B,Example7,7,2,166.0,114.0,nan
ALNS-B,Example7,7,2,167.0,114.0,nan
ALNS-B,Example7,7,2,168.0,114.0,nan
ALNS-B,Example7,7,2,169.0,114.0,nan
ALNS-B,Example7,7,2,170.0,114.0,nan
ALNS-B,Example7,7,2,171.0,114.0,nan
ALNS-B,Example7,7,2,172.0,114.0,nan
ALNS-B,Example7,7,2,173.0,114.0,nan
ALNS-B,Example7,7,2,174.0,114.0,nan
ALNS-B,Example7,7,2,175.0,114.0,nan
ALNS-B,Example7,7,2,176.0,114.0,nan
ALNS-B,Example7,7,2,177.0,114.0,nan
ALNS-B,Example7,7,2,178.0,114.0,nan
ALNS-B,Example7,7,2,179.0,114.0,nan
ALNS-B,Example7,7,2,180.0,114.0,nan
ALNS-B,Example7,7,2,181.0,114.0,nan
ALNS-B,Example7,7,2,182.0,114.0,nan
ALNS-B,Example7,7,2,183.0,86.0,nan
ALNS-B,Example7,7,2,184.0,86.0,nan
ALNS-B,Example7,7,2,185.0,86.0,nan
ALNS-B,Example7,7,2,186.0,86.0,nan
ALNS-B,Example7,7,2,187.0,86.0,nan
ALNS-B,Example7,7,2,188.0,86.0,nan
ALNS-B,Example7,7,2,189.0,86.0,nan
ALNS-B,Example7,7,2,190.0,86.0,nan
ALNS-B,Example7,7,2,191.0,86.0,nan
ALNS-B,Example7,7,2,192.0,86.0,nan
ALNS-B,Example7,7,2,193.0,86.0,nan
ALNS-B,Example7,7,2,194.0,86.0,nan
ALNS-B,Example7,7,2,195.0,86.0,nan
ALNS-B,Example7,7,2,196.0,86.0,nan
ALNS-B,Example7,7,2,197.0,86.0,nan
ALNS-B,Example7,7,2,198.0,86.0,nan
ALNS-B,Example7,7,2,199.0,86.0,nan
ALNS-B,Example7,7,2,200.0,86.0,nan
ALNS-B,Example7,7,2,201.0,86.0,nan
ALNS-B,Example7,7,2,202.0,86.0,nan
ALNS-B,Example7,7,2,203.0,86.0,nan
ALNS-B,Example7,7,2,204.0,86.0,nan
ALNS-B,Example7,7,2,205.0,86.0,nan
ALNS-B,Example7,7,2,206.0,86.0,nan
ALNS-B,Example7,7,2,207.0,86.0,nan
ALNS-B,Example7,7,2,208.0,86.0,nan
ALNS-B,Example7,7,2,209.0,86.0,nan
ALNS-B,Example7,7,2,210.0,86.0,nan
ALNS-B,Example7,7,2,211.0,86.0,nan
ALNS-B,Example7,7,2,212.0,86.0,nan
ALNS-B,Example7,7,2,213.0,86.0,nan
ALNS-B,Example7,7,2,214.0,86.0,nan
ALNS-B,Example7,7,2,215.0,86.0,nan
ALNS-B,Example7,7,2,216.0,86.0,nan
ALNS-B,Example7,7,2,217.0,86.0,nan
ALNS-B,Example7,7,2,218.0,86.0,nan
ALNS-B,Example7,7,2,219.0,86.0,nan
ALNS-B,Example7,7,2,220.0,86.0,nan
ALNS-B,Example7,7,2,221.0,86.0,nan
ALNS-B,Example7,7,2,222.0,86.0,nan
ALNS-B,Example7,7,2,223.0,86.0,nan
ALNS-B,Example7,7,2,224.0,86.0,nan
ALNS-B,Example7,7,2,225.0,86.0,nan
ALNS-B,Example7,7,2,226.0,86.0,nan
ALNS-B,Example7,7,2,227.0,86.0,nan
ALNS-B,Example7,7,2,228.0,86.0,nan
ALNS-B,Example7,7,2,229.0,86.0,nan
ALNS-B,Example7,7,2,230.0,86.0,nan
ALNS-B,Example7,7,2,231.0,86.0,nan
ALNS-B,Example7,7,2,232.0,86.0,nan
ALNS-B,Example7,7,2,233.0,86.0,nan
ALNS-B,Example7,7,2,234.0,86.0,nan
ALNS-B,Example7,7,2,235.0,86.0,nan
ALNS-B,Example7,7,2,236.0,86.0,nan
ALNS-B,Example7,7,2,237.0,86.0,nan
ALNS-B,Example7,7,2,238.0,86.0,nan
ALNS-B,Example7,7,2,239.0,86.0,nan
ALNS-B,Example7,7,2,240.0,86.0,nan
ALNS-B,Example7,7,2,241.0,86.0,nan
ALNS-B,Example7,7,2,242.0,86.0,nan
ALNS-B,Example7,7,2,243.0,86.0,nan
ALNS-B,Example7,7,2,244.0,86.0,nan
ALNS-B,Example7,7,2,245.0,86.0,nan
ALNS-B,Example7,7,2,246.0,86.0,nan
ALNS-B,Example7,7,2,247.0,86.0,nan
ALNS-B,Example7,7,2,248.0,86.0,nan
ALNS-B,Example7,7,2,249.0,86.0,nan
ALNS-B,Example7,7,2,250.0,86.0,nan
ALNS-B,Example7,7,2,251.0,86.0,nan
ALNS-B,Example7,7,2,252.0,86.0,nan
ALNS-B,Example7,7,2,253.0,86.0,nan
ALNS-B,Example7,7,2,254.0,86.0,nan
ALNS-B,Example7,7,2,255.0,86.0,nan
ALNS-B,Example7,7,2,256.0,86.0,nan
ALNS-B,Example7,7,2,257.0,86.0,nan
ALNS-B,Example7,7,2,258.0,86.0,nan
ALNS-B,Example7,7,2,259.0,86.0,nan
ALNS-B,Example7,7,2,260.0,86.0,nan
ALNS-B,Example7,7,2,261.0,86.0,nan
ALNS-B,Example7,7,2,262.0,86.0,nan
ALNS-B,Example7,7,2,263.0,86.0,nan
ALNS-B,Example7,7,2,264.0,86.0,nan
ALNS-B,Example7,7,2,265.0,86.0,nan
ALNS-B,Example7,7,2,266.0,86.0,nan
ALNS-B,Example7,7,2,267.0,86.0,nan
ALNS-B,Example7,7,2,268.0,86.0,nan
ALNS-B,Example7,7,2,269.0,86.0,nan
ALNS-B,Example7,7,2,270.0,86.0,nan
ALNS-B,Example7,7,2,271.0,86.0,nan
ALNS-B,Example7,7,2,272.0,86.0,nan
ALNS-B,Example7,7,2,273.0,86.0,nan
ALNS-B,Example8,8,0,0.0,65.0,nan
ALNS-B,Example8,8,0,1.0,65.0,nan
ALNS-B,Example8,8,0,2.0,65.0,nan
ALNS-B,Example8,8,0,3.0,65.0,nan
ALNS-B,Example8,8,0,4.0,65.0,nan
ALNS-B,Example8,8,0,5.0,65.0,nan
ALNS-B,Example8,8,0,6.0,59.0,nan
ALNS-B,Example8,8,0,7.0,59.0,nan
ALNS-B,Example8,8,0,8.0,59.0,nan
ALNS-B,Example8,8,0,9.0,59.0,nan
ALNS-B,Example8,8,0,10.0,59.0,nan
ALNS-B,Example8,8,0,11.0,59.0,nan
ALNS-B,Example8,8,0,12.0,59.0,nan
ALNS-B,Example8,8,0,13.0,59.0,nan
ALNS-B,Example8,8,0,14.0,59.0,nan
ALNS-B,Example8,8,0,15.0,59.0,nan
ALNS-B,Example8,8,0,16.0,59.0,nan
ALNS-B,Example8,8,0,17.0,59.0,nan
ALNS-B,Example8,8,0,18.0,59.0,nan
ALNS-B,Example8,8,0,19.0,59.0,nan
ALNS-B,Example8,8,0,20.0,59.0,nan
ALNS-B,Example8,8,0,21.0,59.0,nan
ALNS-B,Example8,8,0,22.0,59.0,nan
ALNS-B,Example8,8,0,23.0,59.0,nan
ALNS-B,Example8,8,0,24.0,59.0,nan
ALNS-B,Example8,8,0,25.0,59.0,nan
ALNS-B,Example8,8,0,26.0,59.0,nan
ALNS-B,Example8,8,0,27.0,59.0,nan
ALNS-B,Example8,8,0,28.0,59.0,nan
ALNS-B,Example8,8,0,29.0,28.0,nan
ALNS-B,Example8,8,0,30.0,28.0,nan
ALNS-B,Example8,8,0,31.0,28.0,nan
ALNS-B,Example8,8,0,32.0,28.0,nan
ALNS-B,Example8,8,0,33.0,19.0,nan
ALNS-B,Example8,8,0,34.0,19.0,nan
ALNS-B,Example8,8,0,35.0,19.0,nan
ALNS-B,Example8,8,0,36.0,19.0,nan
ALNS-B,Example8,8,0,37.0,19.0,nan
ALNS-B,Example8,8,0,38.0,19.0,nan
ALNS-B,Example8,8,0,39.0,19.0,nan
ALNS-B,Example8,8,0,40.0,19.0,nan
ALNS-B,Example8,8,0,41.0,19.0,nan
ALNS-B,Example8,8,0,42.0,19.0,nan
ALNS-B,Example8,8,0,43.0,19.0,nan
ALNS-B,Example8,8,0,44.0,19.0,nan
ALNS-B,Example8,8,0,45.0,19.0,nan
ALNS-B,Example8,8,0,46.0,19.0,nan
ALNS-B,Example8,8,0,47.0,19.0,nan
ALNS-B,Example8,8,0,48.0,19.0,nan
ALNS-B,Example8,8,0,49.0,19.0,nan
ALNS-B,Example8,8,0,50.0,19.0,nan
ALNS-B,Example8,8,0,51.0,19.0,nan
ALNS-B,Example8,8,0,52.0,19.0,nan
ALNS-B,Example8,8,0,53.0,19.0,nan
ALNS-B,Example8,8,0,54.0,19.0,nan
ALNS-B,Example8,8,0,55.0,19.0,nan
ALNS-B,Example8,8,0,56.0,19.0,nan
ALNS-B,Example8,8,0,57.0,19.0,nan
ALNS-B,Example8,8,0,58.0,19.0,nan
ALNS-B,Example8,8,0,59.0,19.0,nan
ALNS-B,Example8,8,0,60.0,19.0,nan
ALNS-B,Example8,8,0,61.0,19.0,nan
ALNS-B,Example8,8,0,62.0,19.0,nan
ALNS-B,Example8,8,0,63.0,19.0,nan
ALNS-B,Example8,8,0,64.0,19.0,nan
ALNS-B,Example8,8,0,65.0,19.0,nan
ALNS-B,Example8,8,0,66.0,19.0,nan
ALNS-B,Example8,8,0,67.0,19.0,nan
ALNS-B,Example8,8,0,68.0,19.0,nan
ALNS-B,Example8,8,0,69.0,19.0,nan
ALNS-B,Example8,8,0,70.0,19.0,nan
ALNS-B,Example8,8,0,71.0,19.0,nan
ALNS-B,Example8,8,0,72.0,19.0,nan
ALNS-B,Example8,8,0,73.0,19.0,nan
ALNS-B,Example8,8,0,74.0,19.0,nan
ALNS-B,Example8,8,0,75.0,19.0,nan
ALNS-B,Example8,8,0,76.0,19.0,nan
ALNS-B,Example8,8,0,77.0,19.0,nan
ALNS-B,Example8,8,0,78.0,19.0,nan
ALNS-B,Example8,8,0,79.0,19.0,nan
ALNS-B,Example8,8,0,80.0,19.0,nan
ALNS-B,Example8,8,0,81.0,19.0,nan
ALNS-B,Example8,8,0,82.0,19.0,nan
ALNS-B,Example8,8,0,83.0,19.0,nan
ALNS-B,Example8,8,0,84.0,19.0,nan
ALNS-B,Example8,8,0,85.0,19.0,nan
ALNS-B,Example8,8,0,86.0,19.0,nan
ALNS-B,Example8,8,0,87.0,19.0,nan
ALNS-B,Example8,8,0,88.0,19.0,nan
ALNS-B,Example8,8,0,89.0,19.0,nan
ALNS-B,Example8,8,0,90.0,19.0,nan
ALNS-B,Example8,8,0,91.0,19.0,nan
ALNS-B,Example8,8,0,92.0,19.0,nan
ALNS-B,Example8,8,0,93.0,19.0,nan
ALNS-B,Example8,8,0,94.0,19.0,nan
ALNS-B,Example8,8,0,95.0,17.0,nan
ALNS-B,Example8,8,0,96.0,17.0,nan
ALNS-B,Example8,8,0,97.0,15.0,nan
ALNS-B,Example8,8,0,98.0,13.0,nan
ALNS-B,Example8,8,0,99.0,11.0,nan
ALNS-B,Example8,8,0,100.0,11.0,nan
ALNS-B,Example8,8,0,101.0,11.0,nan
ALNS-B,Example8,8,0,102.0,8.0,nan
ALNS-B,Example8,8,0,103.0,8.0,nan
ALNS-B,Example8,8,0,104.0,8.0,nan
ALNS-B,Example8,8,0,105.0,8.0,nan
ALNS-B,Example8,8,0,106.0,8.0,nan
ALNS-B,Example8,8,0,107.0,8.0,nan
ALNS-B,Example8,8,0,108.0,8.0,nan
ALNS-B,Example8,8,0,109.0,8.0,nan
ALNS-B,Example8,8,0,110.0,8.0,nan
ALNS-B,Example8,8,0,111.0,8.0,nan
ALNS-B,Example8,8,0,112.0,8.0,nan
ALNS-B,Example8,8,0,113.0,8.0,nan
ALNS-B,Example8,8,0,114.0,8.0,nan
ALNS-B,Example8,8,0,115.0,8.0,nan
ALNS-B,Example8,8,0,116.0,8.0,nan
ALNS-B,Example8,8,0,117.0,8.0,nan
ALNS-B,Example8,8,0,118.0,8.0,nan
ALNS-B,Example8,8,0,119.0,8.0,nan
ALNS-B,Example8,8,0,120.0,8.0,nan
ALNS-B,Example8,8,0,121.0,8.0,nan
ALNS-B,Example8,8,0,122.0,8.0,nan
ALNS-B,Example8,8,0,123.0,8.0,nan
ALNS-B,Example8,8,0,124.0,8.0,nan
ALNS-B,Example8,8,0,125.0,8.0,nan
ALNS-B,Example8,8,0,126.0,8.0,nan
ALNS-B,Example8,8,0,127.0,8.0,nan
ALNS-B,Example8,8,0,128.0,8.0,nan
ALNS-B,Example8,8,0,129.0,8.0,nan
ALNS-B,Example8,8,0,130.0,6.0,nan
ALNS-B,Example8,8,0,131.0,6.0,nan
ALNS-B,Example8,8,0,132.0,4.0,nan
ALNS-B,Example8,8,0,133.0,4.0,nan
ALNS-B,Example8,8,0,134.0,4.0,nan
ALNS-B,Example8,8,0,135.0,4.0,nan
ALNS-B,Example8,8,0,136.0,4.0,nan
ALNS-B,Example8,8,0,137.0,4.0,nan
ALNS-B,Example8,8,0,138.0,4.0,nan
ALNS-B,Example8,8,0,139.0,4.0,nan
ALNS-B,Example8,8,0,140.0,3.0,nan
ALNS-B,Example8,8,0,141.0,3.0,nan
ALNS-B,Example8,8,0,142.0,3.0,nan
ALNS-B,Example8,8,0,143.0,3.0,nan
ALNS-B,Example8,8,0,144.0,3.0,nan
ALNS-B,Example8,8,0,145.0,3.0,nan
ALNS-B,Example8,8,0,146.0,3.0,nan
ALNS-B,Example8,8,0,147.0,3.0,nan
ALNS-B,Example8,8,0,148.0,3.0,nan
ALNS-B,Example8,8,0,149.0,3.0,nan
ALNS-B,Example8,8,0,150.0,3.0,nan
ALNS-B,Example8,8,0,151.0,3.0,nan
ALNS-B,Example8,8,0,152.0,3.0,nan
ALNS-B,Example8,8,0,153.0,3.0,nan
ALNS-B,Example8,8,0,154.0,3.0,nan
ALNS-B,Example8,8,0,155.0,3.0,nan
ALNS-B,Example8,8,0,156.0,3.0,nan
ALNS-B,Example8,8,0,157.0,2.0,nan
ALNS-B,Example8,8,0,158.0,2.0,nan
ALNS-B,Example8,8,0,159.0,2.0,nan
ALNS-B,Example8,8,0,160.0,2.0,nan
ALNS-B,Example8,8,0,161.0,2.0,nan
ALNS-B,Example8,8,0,162.0,2.0,nan
ALNS-B,Example8,8,0,163.0,2.0,nan
ALNS-B,Example8,8,0,164.0,2.0,nan
ALNS-B,Example8,8,0,165.0,2.0,nan
ALNS-B,Example8,8,0,166.0,2.0,nan
ALNS-B,Example8,8,0,167.0,2.0,nan
ALNS-B,Example8,8,0,168.0,2.0,nan
ALNS-B,Example8,8,0,169.0,2.0,nan
ALNS-B,Example8,8,0,170.0,2.0,nan
ALNS-B,Example8,8,0,171.0,2.0,nan
ALNS-B,Example8,8,0,172.0,2.0,nan
ALNS-B,Example8,8,0,173.0,2.0,nan
ALNS-B,Example8,8,0,174.0,2.0,nan
ALNS-B,Example8,8,0,175.0,2.0,nan
ALNS-B,Example8,8,0,176.0,2.0,nan
ALNS-B,Example8,8,0,177.0,2.0,nan
ALNS-B,Example8,8,0,178.0,2.0,nan
ALNS-B,Example8,8,0,179.0,2.0,nan
ALNS-B,Example8,8,0,180.0,2.0,nan
ALNS-B,Example8,8,0,181.0,2.0,nan
ALNS-B,Example8,8,0,182.0,2.0,nan
ALNS-B,Example8,8,0,183.0,2.0,nan
ALNS-B,Example8,8,0,184.0,2.0,nan
ALNS-B,Example8,8,0,185.0,2.0,nan
ALNS-B,Example8,8,0,186.0,2.0,nan
ALNS-B,Example8,8,0,187.0,2.0,nan
ALNS-B,Example8,8,0,188.0,2.0,nan
ALNS-B,Example8,8,0,189.0,2.0,nan
ALNS-B,Example8,8,0,190.0,2.0,nan
ALNS-B,Example8,8,0,191.0,2.0,nan
ALNS-B,Example8,8,0,192.0,2.0,nan
ALNS-B,Example8,8,0,193.0,2.0,nan
ALNS-B,Example8,8,0,194.0,2.0,nan
ALNS-B,Example8,8,0,195.0,2.0,nan
ALNS-B,Example8,8,0,196.0,2.0,nan
ALNS-B,Example8,8,0,197.0,2.0,nan
ALNS-B,Example8,8,0,198.0,2.0,nan
ALNS-B,Example8,8,0,199.0,2.0,nan
ALNS-B,Example8,8,0,200.0,2.0,nan
ALNS-B,Example8,8,0,201.0,2.0,nan
ALNS-B,Example8,8,0,202.0,2.0,nan
ALNS-B,Example8,8,0,203.0,2.0,nan
ALNS-B,Example8,8,0,204.0,2.0,nan
ALNS-B,Example8,8,0,205.0,2.0,nan
ALNS-B,Example8,8,0,206.0,2.0,nan
ALNS-B,Example8,8,0,207.0,2.0,nan
ALNS-B,Example8,8,0,208.0,2.0,nan
ALNS-B,Example8,8,0,209.0,2.0,nan
ALNS-B,Example8,8,0,210.0,2.0,nan
ALNS-B,Example8,8,0,211.0,2.0,nan
ALNS-B,Example8,8,0,212.0,2.0,nan
ALNS-B,Example8,8,0,213.0,2.0,nan
ALNS-B,Example8,8,0,214.0,2.0,nan
ALNS-B,Example8,8,0,215.0,2.0,nan
ALNS-B,Example8,8,0,216.0,2.0,nan
ALNS-B,Example8,8,0,217.0,2.0,nan
ALNS-B,Example8,8,0,218.0,2.0,nan
ALNS-B,Example8,8,0,219.0,2.0,nan
ALNS-B,Example8,8,0,220.0,2.0,nan
ALNS-B,Example8,8,0,221.0,2.0,nan
ALNS-B,Example8,8,0,222.0,2.0,nan
ALNS-B,Example8,8,0,223.0,2.0,nan
ALNS-B,Example8,8,0,224.0,2.0,nan
ALNS-B,Example8,8,0,225.0,2.0,nan
ALNS-B,Example8,8,0,226.0,2.0,nan
ALNS-B,Example8,8,0,227.0,2.0,nan
ALNS-B,Example8,8,0,228.0,2.0,nan
ALNS-B,Example8,8,0,229.0,2.0,nan
ALNS-B,Example8,8,0,230.0,2.0,nan
ALNS-B,Example8,8,0,231.0,2.0,nan
ALNS-B,Example8,8,0,232.0,2.0,nan
ALNS-B,Example8,8,0,233.0,2.0,nan
ALNS-B,Example8,8,0,234.0,2.0,nan
ALNS-B,Example8,8,0,235.0,2.0,nan
ALNS-B,Example8,8,0,236.0,2.0,nan
ALNS-B,Example8,8,0,237.0,2.0,nan
ALNS-B,Example8,8,0,238.0,2.0,nan
ALNS-B,Example8,8,0,239.0,2.0,nan
ALNS-B,Example8,8,0,240.0,2.0,nan
ALNS-B,Example8,8,0,241.0,2.0,nan
ALNS-B,Example8,8,0,242.0,2.0,nan
ALNS-B,Example8,8,0,243.0,2.0,nan
ALNS-B,Example8,8,0,244.0,2.0,nan
ALNS-B,Example8,8,0,245.0,2.0,nan
ALNS-B,Example8,8,0,246.0,2.0,nan
ALNS-B,Example8,8,0,247.0,2.0,nan
ALNS-B,Example8,8,0,248.0,2.0,nan
ALNS-B,Example8,8,0,249.0,2.0,nan
ALNS-B,Example8,8,0,250.0,2.0,nan
ALNS-B,Example8,8,0,251.0,2.0,nan
ALNS-B,Example8,8,0,252.0,2.0,nan
ALNS-B,Example8,8,0,253.0,2.0,nan
ALNS-B,Example8,8,0,254.0,2.0,nan
ALNS-B,Example8,8,0,255.0,2.0,nan
ALNS-B,Example8,8,0,256.0,2.0,nan
ALNS-B,Example8,8,0,257.0,2.0,nan
ALNS-B,Example8,8,0,258.0,2.0,nan
ALNS-B,Example8,8,0,259.0,2.0,nan
ALNS-B,Example8,8,0,260.0,2.0,nan
ALNS-B,Example8,8,0,261.0,2.0,nan
ALNS-B,Example8,8,0,262.0,2.0,nan
ALNS-B,Example8,8,0,263.0,2.0,nan
ALNS-B,Example8,8,0,264.0,2.0,nan
ALNS-B,Example8,8,0,265.0,2.0,nan
ALNS-B,Example8,8,0,266.0,2.0,nan
ALNS-B,Example8,8,0,267.0,2.0,nan
ALNS-B,Example8,8,0,268.0,2.0,nan
ALNS-B,Example8,8,0,269.0,2.0,nan
ALNS-B,Example8,8,0,270.0,2.0,nan
ALNS-B,Example8,8,0,271.0,2.0,nan
ALNS-B,Example8,8,0,272.0,2.0,nan
ALNS-B,Example8,8,0,273.0,2.0,nan
ALNS-B,Example8,8,1,0.0,65.0,nan
ALNS-B,Example8,8,1,1.0,65.0,nan
ALNS-B,Example8,8,1,2.0,65.0,nan
ALNS-B,Example8,8,1,3.0,65.0,nan
ALNS-B,Example8,8,1,4.0,65.0,nan
ALNS-B,Example8,8,1,5.0,58.0,nan
ALNS-B,Example8,8,1,6.0,58.0,nan
ALNS-B,Example8,8,1,7.0,58.0,nan
ALNS-B,Example8,8,1,8.0,58.0,nan
ALNS-B,Example8,8,1,9.0,53.0,nan
ALNS-B,Example8,8,1,10.0,53.0,nan
ALNS-B,Example8,8,1,11.0,39.0,nan
ALNS-B,Example8,8,1,12.0,39.0,nan
ALNS-B,Example8,8,1,13.0,20.0,nan
ALNS-B,Example8,8,1,14.0,20.0,nan
ALNS-B,Example8,8,1,15.0,19.0,nan
ALNS-B,Example8,8,1,16.0,19.0,nan
ALNS-B,Example8,8,1,17.0,19.0,nan
ALNS-B,Example8,8,1,18.0,19.0,nan
ALNS-B,Example8,8,1,19.0,19.0,nan
ALNS-B,Example8,8,1,20.0,19.0,nan
ALNS-B,Example8,8,1,21.0,15.0,nan
ALNS-B,Example8,8,1,22.0,14.0,nan
ALNS-B,Example8,8,1,23.0,14.0,nan
ALNS-B,Example8,8,1,24.0,14.0,nan
ALNS-B,Example8,8,1,25.0,14.0,nan
ALNS-B,Example8,8,1,26.0,14.0,nan
ALNS-B,Example8,8,1,27.0,14.0,nan
ALNS-B,Example8,8,1,28.0,14.0,nan
ALNS-B,Example8,8,1,29.0,14.0,nan
ALNS-B,Example8,8,1,30.0,14.0,nan
ALNS-B,Example8,8,1,31.0,14.0,nan
ALNS-B,Example8,8,1,32.0,14.0,nan
ALNS-B,Example8,8,1,33.0,14.0,nan
ALNS-B,Example8,8,1,34.0,14.0,nan
ALNS-B,Example8,8,1,35.0,14.0,nan
ALNS-B,Example8,8,1,36.0,14.0,nan
ALNS-B,Example8,8,1,37.0,14.0,nan
ALNS-B,Example8,8,1,38.0,14.0,nan
ALNS-B,Example8,8,1,39.0,14.0,nan
ALNS-B,Example8,8,1,40.0,14.0,nan
ALNS-B,Example8,8,1,41.0,14.0,nan
ALNS-B,Example8,8,1,42.0,14.0,nan
ALNS-B,Example8,8,1,43.0,14.0,nan
ALNS-B,Example8,8,1,44.0,14.0,nan
ALNS-B,Example8,8,1,45.0,14.0,nan
ALNS-B,Example8,8,1,46.0,14.0,nan
ALNS-B,Example8,8,1,47.0,14.0,nan
ALNS-B,Example8,8,1,48.0,14.0,nan
ALNS-B,Example8,8,1,49.0,14.0,nan
ALNS-B,Example8,8,1,50.0,14.0,nan
ALNS-B,Example8,8,1,51.0,14.0,nan
ALNS-B,Example8,8,1,52.0,14.0,nan
ALNS-B,Example8,8,1,53.0,14.0,nan
ALNS-B,Example8,8,1,54.0,14.0,nan
ALNS-B,Example8,8,1,55.0,14.0,nan
ALNS-B,Example8,8,1,56.0,14.0,nan
ALNS-B,Example8,8,1,57.0,14.0,nan
ALNS-B,Example8,8,1,58.0,14.0,nan
ALNS-B,Example8,8,1,59.0,14.0,nan
ALNS-B,Example8,8,1,60.0,14.0,nan
ALNS-B,Example8,8,1,61.0,14.0,nan
ALNS-B,Example8,8,1,62.0,14.0,nan
ALNS-B,Example8,8,1,63.0,14.0,nan
ALNS-B,Example8,8,1,64.0,14.0,nan
ALNS-B,Example8,8,1,65.0,14.0,nan
ALNS-B,Example8,8,1,66.0,14.0,nan
ALNS-B,Example8,8,1,67.0,14.0,nan
ALNS-B,Example8,8,1,68.0,14.0,nan
ALNS-B,Example8,8,1,69.0,14.0,nan
ALNS-B,Example8,8,1,70.0,14.0,nan
ALNS-B,Example8,8,1,71.0,14.0,nan
ALNS-B,Example8,8,1,72.0,14.0,nan
ALNS-B,Example8,8,1,73.0,14.0,nan
ALNS-B,Example8,8,1,74.0,14.0,nan
ALNS-B,Example8,8,1,75.0,14.0,nan
ALNS-B,Example8,8,1,76.0,14.0,nan
ALNS-B,Example8,8,1,77.0,14.0,nan
ALNS-B,Example8,8,1,78.0,14.0,nan
ALNS-B,Example8,8,1,79.0,14.0,nan
ALNS-B,Example8,8,1,80.0,14.0,nan
ALNS-B,Example8,8,1,81.0,14.0,nan
ALNS-B,Example8,8,1,82.0,14.0,nan
ALNS-B,Example8,8,1,83.0,14.0,nan
ALNS-B,Example8,8,1,84.0,14.0,nan
ALNS-B,Example8,8,1,85.0,14.0,nan
ALNS-B,Example8,8,1,86.0,14.0,nan
ALNS-B,Example8,8,1,87.0,14.0,nan
ALNS-B,Example8,8,1,88.0,14.0,nan
ALNS-B,Example8,8,1,89.0,14.0,nan
ALNS-B,Example8,8,1,90.0,14.0,nan
ALNS-B,Example8,8,1,91.0,14.0,nan
ALNS-B,Example8,8,1,92.0,13.0,nan
ALNS-B,Example8,8,1,93.0,10.0,nan
ALNS-B,Example8,8,1,94.0,10.0,nan
ALNS-B,Example8,8,1,95.0,10.0,nan
ALNS-B,Example8,8,1,96.0,10.0,nan
ALNS-B,Example8,8,1,97.0,10.0,nan
ALNS-B,Example8,8,1,98.0,10.0,nan
ALNS-B,Example8,8,1,99.0,10.0,nan
ALNS-B,Example8,8,1,100.0,10.0,nan
ALNS-B,Example8,8,1,101.0,10.0,nan
ALNS-B,Example8,8,1,102.0,10.0,nan
ALNS-B,Example8,8,1,103.0,10.0,nan
ALNS-B,Example8,8,1,104.0,10.0,nan
ALNS-B,Example8,8,1,105.0,10.0,nan
ALNS-B,Example8,8,1,106.0,10.0,nan
ALNS-B,Example8,8,1,107.0,10.0,nan
ALNS-B,Example8,8,1,108.0,10.0,nan
ALNS-B,Example8,8,1,109.0,8.0,nan
ALNS-B,Example8,8,1,110.0,7.0,nan
ALNS-B,Example8,8,1,111.0,7.0,nan
ALNS-B,Example8,8,1,112.0,7.0,nan
ALNS-B,Example8,8,1,113.0,7.0,nan
ALNS-B,Example8,8,1,114.0,7.0,nan
ALNS-B,Example8,8,1,115.0,7.0,nan
ALNS-B,Example8,8,1,116.0,7.0,nan
ALNS-B,Example8,8,1,117.0,7.0,nan
ALNS-B,Example8,8,1,118.0,7.0,nan
ALNS-B,Example8,8,1,119.0,7.0,nan
ALNS-B,Example8,8,1,120.0,7.0,nan
ALNS-B,Example8,8,1,121.0,7.0,nan
ALNS-B,Example8,8,1,122.0,7.0,nan
ALNS-B,Example8,8,1,123.0,7.0,nan
ALNS-B,Example8,8,1,124.0,7.0,nan
ALNS-B,Example8,8,1,125.0,7.0,nan
ALNS-B,Example8,8,1,126.0,7.0,nan
ALNS-B,Example8,8,1,127.0,7.0,nan
ALNS-B,Example8,8,1,128.0,7.0,nan
ALNS-B,Example8,8,1,129.0,7.0,nan
ALNS-B,Example8,8,1,130.0,7.0,nan
ALNS-B,Example8,8,1,131.0,7.0,nan
ALNS-B,Example8,8,1,132.0,7.0,nan
ALNS-B,Example8,8,1,133.0,7.0,nan
ALNS-B,Example8,8,1,134.0,7.0,nan
ALNS-B,Example8,8,1,135.0,7.0,nan
ALNS-B,Example8,8,1,136.0,7.0,nan
ALNS-B,Example8,8,1,137.0,7.0,nan
ALNS-B,Example8,8,1,138.0,7.0,nan
ALNS-B,Example8,8,1,139.0,7.0,nan
ALNS-B,Example8,8,1,140.0,7.0,nan
ALNS-B,Example8,8,1,141.0,7.0,nan
ALNS-B,Example8,8,1,142.0,7.0,nan
ALNS-B,Example8,8,1,143.0,7.0,nan
ALNS-B,Example8,8,1,144.0,7.0,nan
ALNS-B,Example8,8,1,145.0,7.0,nan
ALNS-B,Example8,8,1,146.0,7.0,nan
ALNS-B,Example8,8,1,147.0,7.0,nan
ALNS-B,Example8,8,1,148.0,7.0,nan
ALNS-B,Example8,8,1,149.0,7.0,nan
ALNS-B,Example8,8,1,150.0,7.0,nan
ALNS-B,Example8,8,1,151.0,7.0,nan
ALNS-B,Example8,8,1,152.0,7.0,nan
ALNS-B,Example8,8,1,153.0,7.0,nan
ALNS-B,Example8,8,1,154.0,7.0,nan
ALNS-B,Example8,8,1,155.0,7.0,nan
ALNS-B,Example8,8,1,156.0,7.0,nan
ALNS-B,Example8,8,1,157.0,7.0,nan
ALNS-B,Example8,8,1,158.0,7.0,nan
ALNS-B,Example8,8,1,159.0,7.0,nan
ALNS-B,Example8,8,1,160.0,7.0,nan
ALNS-B,Example8,8,1,161.0,7.0,nan
ALNS-B,Example8,8,1,162.0,7.0,nan
ALNS-B,Example8,8,1,163.0,7.0,nan
ALNS-B,Example8,8,1,164.0,7.0,nan
ALNS-B,Example8,8,1,165.0,7.0,nan
ALNS-B,Example8,8,1,166.0,7.0,nan
ALNS-B,Example8,8,1,167.0,7.0,nan
ALNS-B,Example8,8,1,168.0,7.0,nan
ALNS-B,Example8,8,1,169.0,7.0,nan
ALNS-B,Example8,8,1,170.0,7.0,nan
ALNS-B,Example8,8,1,171.0,7.0,nan
ALNS-B,Example8,8,1,172.0,7.0,nan
ALNS-B,Example8,8,1,173.0,7.0,nan
ALNS-B,Example8,8,1,174.0,7.0,nan
ALNS-B,Example8,8,1,175.0,7.0,nan
ALNS-B,Example8,8,1,176.0,7.0,nan
ALNS-B,Example8,8,1,177.0,7.0,nan
ALNS-B,Example8,8,1,178.0,7.0,nan
ALNS-B,Example8,8,1,179.0,7.0,nan
ALNS-B,Example8,8,1,180.0,7.0,nan
ALNS-B,Example8,8,1,181.0,7.0,nan
ALNS-B,Example8,8,1,182.0,7.0,nan
ALNS-B,Example8,8,1,183.0,7.0,nan
ALNS-B,Example8,8,1,184.0,7.0,nan
ALNS-B,Example8,8,1,185.0,7.0,nan
ALNS-B,Example8,8,1,186.0,7.0,nan
ALNS-B,Example8,8,1,187.0,7.0,nan
ALNS-B,Example8,8,1,188.0,7.0,nan
ALNS-B,Example8,8,1,189.0,7.0,nan
ALNS-B,Example8,8,1,190.0,7.0,nan
ALNS-B,Example8,8,1,191.0,7.0,nan
ALNS-B,Example8,8,1,192.0,7.0,nan
ALNS-B,Example8,8,1,193.0,7.0,nan
ALNS-B,Example8,8,1,194.0,7.0,nan
ALNS-B,Example8,8,1,195.0,7.0,nan
ALNS-B,Example8,8,1,196.0,7.0,nan
ALNS-B,Example8,8,1,197.0,7.0,nan
ALNS-B,Example8,8,1,198.0,7.0,nan
ALNS-B,Example8,8,1,199.0,7.0,nan
ALNS-B,Example8,8,1,200.0,7.0,nan
ALNS-B,Example8,8,1,201.0,7.0,nan
ALNS-B,Example8,8,1,202.0,7.0,nan
ALNS-B,Example8,8,1,203.0,7.0,nan
ALNS-B,Example8,8,1,204.0,7.0,nan
ALNS-B,Example8,8,1,205.0,7.0,nan
ALNS-B,Example8,8,1,206.0,7.0,nan
ALNS-B,Example8,8,1,207.0,7.0,nan
ALNS-B,Example8,8,1,208.0,7.0,nan
ALNS-B,Example8,8,1,209.0,7.0,nan
ALNS-B,Example8,8,1,210.0,7.0,nan
ALNS-B,Example8,8,1,211.0,7.0,nan
ALNS-B,Example8,8,1,212.0,7.0,nan
ALNS-B,Example8,8,1,213.0,7.0,nan
ALNS-B,Example8,8,1,214.0,7.0,nan
ALNS-B,Example8,8,1,215.0,7.0,nan
ALNS-B,Example8,8,1,216.0,7.0,nan
ALNS-B,Example8,8,1,217.0,7.0,nan
ALNS-B,Example8,8,1,218.0,7.0,nan
ALNS-B,Example8,8,1,219.0,7.0,nan
ALNS-B,Example8,8,1,220.0,7.0,nan
ALNS-B,Example8,8,1,221.0,7.0,nan
ALNS-B,Example8,8,1,222.0,7.0,nan
ALNS-B,Example8,8,1,223.0,7.0,nan
ALNS-B,Example8,8,1,224.0,7.0,nan
ALNS-B,Example8,8,1,225.0,7.0,nan
ALNS-B,Example8,8,1,226.0,7.0,nan
ALNS-B,Example8,8,1,227.0,7.0,nan
ALNS-B,Example8,8,1,228.0,7.0,nan
ALNS-B,Example8,8,1,229.0,7.0,nan
ALNS-B,Example8,8,1,230.0,7.0,nan
ALNS-B,Example8,8,1,231.0,7.0,nan
ALNS-B,Example8,8,1,232.0,7.0,nan
ALNS-B,Example8,8,1,233.0,7.0,nan
ALNS-B,Example8,8,1,234.0,7.0,nan
ALNS-B,Example8,8,1,235.0,7.0,nan
ALNS-B,Example8,8,1,236.0,7.0,nan
ALNS-B,Example8,8,1,237.0,7.0,nan
ALNS-B,Example8,8,1,238.0,7.0,nan
ALNS-B,Example8,8,1,239.0,7.0,nan
ALNS-B,Example8,8,1,240.0,7.0,nan
ALNS-B,Example8,8,1,241.0,7.0,nan
ALNS-B,Example8,8,1,242.0,7.0,nan
ALNS-B,Example8,8,1,243.0,7.0,nan
ALNS-B,Example8,8,1,244.0,7.0,nan
ALNS-B,Example8,8,1,245.0,7.0,nan
ALNS-B,Example8,8,1,246.0,7.0,nan
ALNS-B,Example8,8,1,247.0,7.0,nan
ALNS-B,Example8,8,1,248.0,7.0,nan
ALNS-B,Example8,8,1,249.0,7.0,nan
ALNS-B,Example8,8,1,250.0,7.0,nan
ALNS-B,Example8,8,1,251.0,7.0,nan
ALNS-B,Example8,8,1,252.0,7.0,nan
ALNS-B,Example8,8,1,253.0,7.0,nan
ALNS-B,Example8,8,1,254.0,7.0,nan
ALNS-B,Example8,8,1,255.0,7.0,nan
ALNS-B,Example8,8,1,256.0,7.0,nan
ALNS-B,Example8,8,1,257.0,7.0,nan
ALNS-B,Example8,8,1,258.0,7.0,nan
ALNS-B,Example8,8,1,259.0,7.0,nan
ALNS-B,Example8,8,1,260.0,7.0,nan
ALNS-B,Example8,8,1,261.0,7.0,nan
ALNS-B,Example8,8,1,262.0,7.0,nan
ALNS-B,Example8,8,1,263.0,7.0,nan
ALNS-B,Example8,8,1,264.0,7.0,nan
ALNS-B,Example8,8,1,265.0,7.0,nan
ALNS-B,Example8,8,1,266.0,7.0,nan
ALNS-B,Example8,8,1,267.0,7.0,nan
ALNS-B,Example8,8,1,268.0,7.0,nan
ALNS-B,Example8,8,1,269.0,7.0,nan
ALNS-B,Example8,8,1,270.0,7.0,nan
ALNS-B,Example8,8,1,271.0,7.0,nan
ALNS-B,Example8,8,1,272.0,7.0,nan
ALNS-B,Example8,8,1,273.0,7.0,nan
ALNS-B,Example8,8,2,0.0,66.0,nan
ALNS-B,Example8,8,2,1.0,66.0,nan
ALNS-B,Example8,8,2,2.0,65.0,nan
ALNS-B,Example8,8,2,3.0,65.0,nan
ALNS-B,Example8,8,2,4.0,65.0,nan
ALNS-B,Example8,8,2,5.0,65.0,nan
ALNS-B,Example8,8,2,6.0,20.0,nan
ALNS-B,Example8,8,2,7.0,20.0,nan
ALNS-B,Example8,8,2,8.0,20.0,nan
ALNS-B,Example8,8,2,9.0,20.0,nan
ALNS-B,Example8,8,2,10.0,20.0,nan
ALNS-B,Example8,8,2,11.0,20.0,nan
ALNS-B,Example8,8,2,12.0,20.0,nan
ALNS-B,Example8,8,2,13.0,20.0,nan
ALNS-B,Example8,8,2,14.0,20.0,nan
ALNS-B,Example8,8,2,15.0,20.0,nan
ALNS-B,Example8,8,2,16.0,20.0,nan
ALNS-B,Example8,8,2,17.0,20.0,nan
ALNS-B,Example8,8,2,18.0,20.0,nan
ALNS-B,Example8,8,2,19.0,20.0,nan
ALNS-B,Example8,8,2,20.0,20.0,nan
ALNS-B,Example8,8,2,21.0,20.0,nan
ALNS-B,Example8,8,2,22.0,20.0,nan
ALNS-B,Example8,8,2,23.0,14.0,nan
ALNS-B,Example8,8,2,24.0,14.0,nan
ALNS-B,Example8,8,2,25.0,14.0,nan
ALNS-B,Example8,8,2,26.0,14.0,nan
ALNS-B,Example8,8,2,27.0,14.0,nan
ALNS-B,Example8,8,2,28.0,14.0,nan
ALNS-B,Example8,8,2,29.0,14.0,nan
ALNS-B,Example8,8,2,30.0,14.0,nan
ALNS-B,Example8,8,2,31.0,14.0,nan
ALNS-B,Example8,8,2,32.0,14.0,nan
ALNS-B,Example8,8,2,33.0,14.0,nan
ALNS-B,Example8,8,2,34.0,14.0,nan
ALNS-B,Example8,8,2,35.0,14.0,nan
ALNS-B,Example8,8,2,36.0,14.0,nan
ALNS-B,Example8,8,2,37.0,14.0,nan
ALNS-B,Example8,8,2,38.0,14.0,nan
ALNS-B,Example8,8,2,39.0,14.0,nan
ALNS-B,Example8,8,2,40.0,14.0,nan
ALNS-B,Example8,8,2,41.0,14.0,nan
ALNS-B,Example8,8,2,42.0,14.0,nan
ALNS-B,Example8,8,2,43.0,14.0,nan
ALNS-B,Example8,8,2,44.0,14.0,nan
ALNS-B,Example8,8,2,45.0,14.0,nan
ALNS-B,Example8,8,2,46.0,14.0,nan
ALNS-B,Example8,8,2,47.0,14.0,nan
ALNS-B,Example8,8,2,48.0,14.0,nan
ALNS-B,Example8,8,2,49.0,14.0,nan
ALNS-B,Example8,8,2,50.0,14.0,nan
ALNS-B,Example8,8,2,51.0,14.0,nan
ALNS-B,Example8,8,2,52.0,14.0,nan
ALNS-B,Example8,8,2,53.0,14.0,nan
ALNS-B,Example8,8,2,54.0,14.0,nan
ALNS-B,Example8,8,2,55.0,14.0,nan
ALNS-B,Example8,8,2,56.0,14.0,nan
ALNS-B,Example8,8,2,57.0,14.0,nan
ALNS-B,Example8,8,2,58.0,14.0,nan
ALNS-B,Example8,8,2,59.0,14.0,nan
ALNS-B,Example8,8,2,60.0,14.0,nan
ALNS-B,Example8,8,2,61.0,14.0,nan
ALNS-B,Example8,8,2,62.0,14.0,nan
ALNS-B,Example8,8,2,63.0,11.0,nan
ALNS-B,Example8,8,2,64.0,11.0,nan
ALNS-B,Example8,8,2,65.0,11.0,nan
ALNS-B,Example8,8,2,66.0,11.0,nan
ALNS-B,Example8,8,2,67.0,11.0,nan
ALNS-B,Example8,8,2,68.0,11.0,nan
ALNS-B,Example8,8,2,69.0,11.0,nan
ALNS-B,Example8,8,2,70.0,11.0,nan
ALNS-B,Example8,8,2,71.0,11.0,nan
ALNS-B,Example8,8,2,72.0,11.0,nan
ALNS-B,Example8,8,2,73.0,11.0,nan
ALNS-B,Example8,8,2,74.0,11.0,nan
ALNS-B,Example8,8,2,75.0,11.0,nan
ALNS-B,Example8,8,2,76.0,11.0,nan
ALNS-B,Example8,8,2,77.0,11.0,nan
ALNS-B,Example8,8,2,78.0,11.0,nan
ALNS-B,Example8,8,2,79.0,11.0,nan
ALNS-B,Example8,8,2,80.0,11.0,nan
ALNS-B,Example8,8,2,81.0,11.0,nan
ALNS-B,Example8,8,2,82.0,11.0,nan
ALNS-B,Example8,8,2,83.0,11.0,nan
ALNS-B,Example8,8,2,84.0,11.0,nan
ALNS-B,Example8,8,2,85.0,11.0,nan
ALNS-B,Example8,8,2,86.0,11.0,nan
ALNS-B,Example8,8,2,87.0,11.0,nan
ALNS-B,Example8,8,2,88.0,11.0,nan
ALNS-B,Example8,8,2,89.0,11.0,nan
ALNS-B,Example8,8,2,90.0,11.0,nan
ALNS-B,Example8,8,2,91.0,11.0,nan
ALNS-B,Example8,8,2,92.0,11.0,nan
ALNS-B,Example8,8,2,93.0,11.0,nan
ALNS-B,Example8,8,2,94.0,11.0,nan
ALNS-B,Example8,8,2,95.0,11.0,nan
ALNS-B,Example8,8,2,96.0,11.0,nan
ALNS-B,Example8,8,2,97.0,11.0,nan
ALNS-B,Example8,8,2,98.0,11.0,nan
ALNS-B,Example8,8,2,99.0,11.0,nan
ALNS-B,Example8,8,2,100.0,11.0,nan
ALNS-B,Example8,8,2,101.0,11.0,nan
ALNS-B,Example8,8,2,102.0,11.0,nan
ALNS-B,Example8,8,2,103.0,11.0,nan
ALNS-B,Example8,8,2,104.0,11.0,nan
ALNS-B,Example8,8,2,105.0,11.0,nan
ALNS-B,Example8,8,2,106.0,11.0,nan
ALNS-B,Example8,8,2,107.0,11.0,nan
ALNS-B,Example8,8,2,108.0,11.0,nan
ALNS-B,Example8,8,2,109.0,11.0,nan
ALNS-B,Example8,8,2,110.0,11.0,nan
ALNS-B,Example8,8,2,111.0,11.0,nan
ALNS-B,Example8,8,2,112.0,11.0,nan
ALNS-B,Example8,8,2,113.0,11.0,nan
ALNS-B,Example8,8,2,114.0,11.0,nan
ALNS-B,Example8,8,2,115.0,11.0,nan
ALNS-B,Example8,8,2,116.0,11.0,nan
ALNS-B,Example8,8,2,117.0,11.0,nan
ALNS-B,Example8,8,2,118.0,11.0,nan
ALNS-B,Example8,8,2,119.0,11.0,nan
ALNS-B,Example8,8,2,120.0,11.0,nan
ALNS-B,Example8,8,2,121.0,11.0,nan
ALNS-B,Example8,8,2,122.0,11.0,nan
ALNS-B,Example8,8,2,123.0,11.0,nan
ALNS-B,Example8,8,2,124.0,11.0,nan
ALNS-B,Example8,8,2,125.0,11.0,nan
ALNS-B,Example8,8,2,126.0,11.0,nan
ALNS-B,Example8,8,2,127.0,11.0,nan
ALNS-B,Example8,8,2,128.0,10.0,nan
ALNS-B,Example8,8,2,129.0,10.0,nan
ALNS-B,Example8,8,2,130.0,10.0,nan
ALNS-B,Example8,8,2,131.0,10.0,nan
ALNS-B,Example8,8,2,132.0,10.0,nan
ALNS-B,Example8,8,2,133.0,10.0,nan
ALNS-B,Example8,8,2,134.0,10.0,nan
ALNS-B,Example8,8,2,135.0,10.0,nan
ALNS-B,Example8,8,2,136.0,10.0,nan
ALNS-B,Example8,8,2,137.0,10.0,nan
ALNS-B,Example8,8,2,138.0,10.0,nan
ALNS-B,Example8,8,2,139.0,10.0,nan
ALNS-B,Example8,8,2,140.0,10.0,nan
ALNS-B,Example8,8,2,141.0,10.0,nan
ALNS-B,Example8,8,2,142.0,10.0,nan
ALNS-B,Example8,8,2,143.0,10.0,nan
ALNS-B,Example8,8,2,144.0,10.0,nan
ALNS-B,Example8,8,2,145.0,10.0,nan
ALNS-B,Example8,8,2,146.0,10.0,nan
ALNS-B,Example8,8,2,147.0,10.0,nan
ALNS-B,Example8,8,2,148.0,10.0,nan
ALNS-B,Example8,8,2,149.0,10.0,nan
ALNS-B,Example8,8,2,150.0,10.0,nan
ALNS-B,Example8,8,2,151.0,10.0,nan
ALNS-B,Example8,8,2,152.0,10.0,nan
ALNS-B,Example8,8,2,153.0,10.0,nan
ALNS-B,Example8,8,2,154.0,10.0,nan
ALNS-B,Example8,8,2,155.0,10.0,nan
ALNS-B,Example8,8,2,156.0,10.0,nan
ALNS-B,Example8,8,2,157.0,10.0,nan
ALNS-B,Example8,8,2,158.0,10.0,nan
ALNS-B,Example8,8,2,159.0,10.0,nan
ALNS-B,Example8,8,2,160.0,10.0,nan
ALNS-B,Example8,8,2,161.0,10.0,nan
ALNS-B,Example8,8,2,162.0,10.0,nan
ALNS-B,Example8,8,2,163.0,10.0,nan
ALNS-B,Example8,8,2,164.0,10.0,nan
ALNS-B,Example8,8,2,165.0,10.0,nan
ALNS-B,Example8,8,2,166.0,10.0,nan
ALNS-B,Example8,8,2,167.0,10.0,nan
ALNS-B,Example8,8,2,168.0,10.0,nan
ALNS-B,Example8,8,2,169.0,10.0,nan
ALNS-B,Example8,8,2,170.0,10.0,nan
ALNS-B,Example8,8,2,171.0,10.0,nan
ALNS-B,Example8,8,2,172.0,10.0,nan
ALNS-B,Example8,8,2,173.0,10.0,nan
ALNS-B,Example8,8,2,174.0,10.0,nan
ALNS-B,Example8,8,2,175.0,10.0,nan
ALNS-B,Example8,8,2,176.0,10.0,nan
ALNS-B,Example8,8,2,177.0,10.0,nan
ALNS-B,Example8,8,2,178.0,10.0,nan
ALNS-B,Example8,8,2,179.0,10.0,nan
ALNS-B,Example8,8,2,180.0,10.0,nan
ALNS-B,Example8,8,2,181.0,10.0,nan
ALNS-B,Example8,8,2,182.0,10.0,nan
ALNS-B,Example8,8,2,183.0,10.0,nan
ALNS-B,Example8,8,2,184.0,10.0,nan
ALNS-B,Example8,8,2,185.0,10.0,nan
ALNS-B,Example8,8,2,186.0,10.0,nan
ALNS-B,Example8,8,2,187.0,10.0,nan
ALNS-B,Example8,8,2,188.0,10.0,nan
ALNS-B,Example8,8,2,189.0,10.0,nan
ALNS-B,Example8,8,2,190.0,10.0,nan
ALNS-B,Example8,8,2,191.0,10.0,nan
ALNS-B,Example8,8,2,192.0,10.0,nan
ALNS-B,Example8,8,2,193.0,10.0,nan
ALNS-B,Example8,8,2,194.0,10.0,nan
ALNS-B,Example8,8,2,195.0,10.0,nan
ALNS-B,Example8,8,2,196.0,10.0,nan
ALNS-B,Example8,8,2,197.0,10.0,nan
ALNS-B,Example8,8,2,198.0,10.0,nan
ALNS-B,Example8,8,2,199.0,10.0,nan
ALNS-B,Example8,8,2,200.0,10.0,nan
ALNS-B,Example8,8,2,201.0,10.0,nan
ALNS-B,Example8,8,2,202.0,10.0,nan
ALNS-B,Example8,8,2,203.0,10.0,nan
ALNS-B,Example8,8,2,204.0,10.0,nan
ALNS-B,Example8,8,2,205.0,10.0,nan
ALNS-B,Example8,8,2,206.0,10.0,nan
ALNS-B,Example8,8,2,207.0,10.0,nan
ALNS-B,Example8,8,2,208.0,10.0,nan
ALNS-B,Example8,8,2,209.0,10.0,nan
ALNS-B,Example8,8,2,210.0,10.0,nan
ALNS-B,Example8,8,2,211.0,10.0,nan
ALNS-B,Example8,8,2,212.0,10.0,nan
ALNS-B,Example8,8,2,213.0,10.0,nan
ALNS-B,Example8,8,2,214.0,10.0,nan
ALNS-B,Example8,8,2,215.0,10.0,nan
ALNS-B,Example8,8,2,216.0,10.0,nan
ALNS-B,Example8,8,2,217.0,10.0,nan
ALNS-B,Example8,8,2,218.0,10.0,nan
ALNS-B,Example8,8,2,219.0,10.0,nan
ALNS-B,Example8,8,2,220.0,10.0,nan
ALNS-B,Example8,8,2,221.0,10.0,nan
ALNS-B,Example8,8,2,222.0,10.0,nan
ALNS-B,Example8,8,2,223.0,10.0,nan
ALNS-B,Example8,8,2,224.0,10.0,nan
ALNS-B,Example8,8,2,225.0,10.0,nan
ALNS-B,Example8,8,2,226.0,10.0,nan
ALNS-B,Example8,8,2,227.0,10.0,nan
ALNS-B,Example8,8,2,228.0,10.0,nan
ALNS-B,Example8,8,2,229.0,10.0,nan
ALNS-B,Example8,8,2,230.0,10.0,nan
ALNS-B,Example8,8,2,231.0,10.0,nan
ALNS-B,Example8,8,2,232.0,10.0,nan
ALNS-B,Example8,8,2,233.0,10.0,nan
ALNS-B,Example8,8,2,234.0,10.0,nan
ALNS-B,Example8,8,2,235.0,10.0,nan
ALNS-B,Example8,8,2,236.0,10.0,nan
ALNS-B,Example8,8,2,237.0,10.0,nan
ALNS-B,Example8,8,2,238.0,10.0,nan
ALNS-B,Example8,8,2,239.0,10.0,nan
ALNS-B,Example8,8,2,240.0,10.0,nan
ALNS-B,Example8,8,2,241.0,10.0,nan
ALNS-B,Example8,8,2,242.0,10.0,nan
ALNS-B,Example8,8,2,243.0,10.0,nan
ALNS-B,Example8,8,2,244.0,10.0,nan
ALNS-B,Example8,8,2,245.0,10.0,nan
ALNS-B,Example8,8,2,246.0,10.0,nan
ALNS-B,Example8,8,2,247.0,10.0,nan
ALNS-B,Example8,8,2,248.0,10.0,nan
ALNS-B,Example8,8,2,249.0,10.0,nan
ALNS-B,Example8,8,2,250.0,10.0,nan
ALNS-B,Example8,8,2,251.0,10.0,nan
ALNS-B,Example8,8,2,252.0,10.0,nan
ALNS-B,Example8,8,2,253.0,10.0,nan
ALNS-B,Example8,8,2,254.0,10.0,nan
ALNS-B,Example8,8,2,255.0,10.0,nan
ALNS-B,Example8,8,2,256.0,10.0,nan
ALNS-B,Example8,8,2,257.0,10.0,nan
ALNS-B,Example8,8,2,258.0,10.0,nan
ALNS-B,Example8,8,2,259.0,10.0,nan
ALNS-B,Example8,8,2,260.0,10.0,nan
ALNS-B,Example8,8,2,261.0,10.0,nan
ALNS-B,Example8,8,2,262.0,10.0,nan
ALNS-B,Example8,8,2,263.0,10.0,nan
ALNS-B,Example8,8,2,264.0,10.0,nan
ALNS-B,Example8,8,2,265.0,10.0,nan
ALNS-B,Example8,8,2,266.0,10.0,nan
ALNS-B,Example8,8,2,267.0,10.0,nan
ALNS-B,Example8,8,2,268.0,10.0,nan
ALNS-B,Example8,8,2,269.0,10.0,nan
ALNS-B,Example8,8,2,270.0,10.0,nan
ALNS-B,Example8,8,2,271.0,10.0,nan
ALNS-B,Example8,8,2,272.0,10.0,nan
ALNS-B,Example8,8,2,273.0,10.0,nan
ALNS-B,Example9,9,0,0.0,401.0,nan
ALNS-B,Example9,9,0,1.0,401.0,nan
ALNS-B,Example9,9,0,2.0,401.0,nan
ALNS-B,Example9,9,0,3.0,401.0,nan
ALNS-B,Example9,9,0,4.0,401.0,nan
ALNS-B,Example9,9,0,5.0,401.0,nan
ALNS-B,Example9,9,0,6.0,401.0,nan
ALNS-B,Example9,9,0,7.0,401.0,nan
ALNS-B,Example9,9,0,8.0,401.0,nan
ALNS-B,Example9,9,0,9.0,401.0,nan
ALNS-B,Example9,9,0,10.0,401.0,nan
ALNS-B,Example9,9,0,11.0,401.0,nan
ALNS-B,Example9,9,0,12.0,401.0,nan
ALNS-B,Example9,9,0,13.0,401.0,nan
ALNS-B,Example9,9,0,14.0,401.0,nan
ALNS-B,Example9,9,0,15.0,401.0,nan
ALNS-B,Example9,9,0,16.0,401.0,nan
ALNS-B,Example9,9,0,17.0,401.0,nan
ALNS-B,Example9,9,0,18.0,401.0,nan
ALNS-B,Example9,9,0,19.0,401.0,nan
ALNS-B,Example9,9,0,20.0,401.0,nan
ALNS-B,Example9,9,0,21.0,198.0,nan
ALNS-B,Example9,9,0,22.0,198.0,nan
ALNS-B,Example9,9,0,23.0,198.0,nan
ALNS-B,Example9,9,0,24.0,198.0,nan
ALNS-B,Example9,9,0,25.0,178.0,nan
ALNS-B,Example9,9,0,26.0,178.0,nan
ALNS-B,Example9,9,0,27.0,178.0,nan
ALNS-B,Example9,9,0,28.0,178.0,nan
ALNS-B,Example9,9,0,29.0,178.0,nan
ALNS-B,Example9,9,0,30.0,178.0,nan
ALNS-B,Example9,9,0,31.0,178.0,nan
ALNS-B,Example9,9,0,32.0,178.0,nan
ALNS-B,Example9,9,0,33.0,178.0,nan
ALNS-B,Example9,9,0,34.0,178.0,nan
ALNS-B,Example9,9,0,35.0,178.0,nan
ALNS-B,Example9,9,0,36.0,178.0,nan
ALNS-B,Example9,9,0,37.0,178.0,nan
ALNS-B,Example9,9,0,38.0,178.0,nan
ALNS-B,Example9,9,0,39.0,178.0,nan
ALNS-B,Example9,9,0,40.0,178.0,nan
ALNS-B,Example9,9,0,41.0,178.0,nan
ALNS-B,Example9,9,0,42.0,178.0,nan
ALNS-B,Example9,9,0,43.0,178.0,nan
ALNS-B,Example9,9,0,44.0,178.0,nan
ALNS-B,Example9,9,0,45.0,178.0,nan
ALNS-B,Example9,9,0,46.0,178.0,nan
ALNS-B,Example9,9,0,47.0,178.0,nan
ALNS-B,Example9,9,0,48.0,178.0,nan
ALNS-B,Example9,9,0,49.0,178.0,nan
ALNS-B,Example9,9,0,50.0,178.0,nan
ALNS-B,Example9,9,0,51.0,178.0,nan
ALNS-B,Example9,9,0,52.0,178.0,nan
ALNS-B,Example9,9,0,53.0,178.0,nan
ALNS-B,Example9,9,0,54.0,178.0,nan
ALNS-B,Example9,9,0,55.0,178.0,nan
ALNS-B,Example9,9,0,56.0,178.0,nan
ALNS-B,Example9,9,0,57.0,178.0,nan
ALNS-B,Example9,9,0,58.0,178.0,nan
ALNS-B,Example9,9,0,59.0,178.0,nan
ALNS-B,Example9,9,0,60.0,178.0,nan
ALNS-B,Example9,9,0,61.0,178.0,nan
ALNS-B,Example9,9,0,62.0,178.0,nan
ALNS-B,Example9,9,0,63.0,178.0,nan
ALNS-B,Example9,9,0,64.0,178.0,nan
ALNS-B,Example9,9,0,65.0,178.0,nan
ALNS-B,Example9,9,0,66.0,178.0,nan
ALNS-B,Example9,9,0,67.0,178.0,nan
ALNS-B,Example9,9,0,68.0,178.0,nan
ALNS-B,Example9,9,0,69.0,178.0,nan
ALNS-B,Example9,9,0,70.0,178.0,nan
ALNS-B,Example9,9,0,71.0,178.0,nan
ALNS-B,Example9,9,0,72.0,178.0,nan
ALNS-B,Example9,9,0,73.0,178.0,nan
ALNS-B,Example9,9,0,74.0,178.0,nan
ALNS-B,Example9,9,0,75.0,178.0,nan
ALNS-B,Example9,9,0,76.0,178.0,nan
ALNS-B,Example9,9,0,77.0,178.0,nan
ALNS-B,Example9,9,0,78.0,178.0,nan
ALNS-B,Example9,9,0,79.0,178.0,nan
ALNS-B,Example9,9,0,80.0,178.0,nan
ALNS-B,Example9,9,0,81.0,178.0,nan
ALNS-B,Example9,9,0,82.0,178.0,nan
ALNS-B,Example9,9,0,83.0,178.0,nan
ALNS-B,Example9,9,0,84.0,178.0,nan
ALNS-B,Example9,9,0,85.0,178.0,nan
ALNS-B,Example9,9,0,86.0,178.0,nan
ALNS-B,Example9,9,0,87.0,156.0,nan
ALNS-B,Example9,9,0,88.0,156.0,nan
ALNS-B,Example9,9,0,89.0,156.0,nan
ALNS-B,Example9,9,0,90.0,156.0,nan
ALNS-B,Example9,9,0,91.0,156.0,nan
ALNS-B,Example9,9,0,92.0,156.0,nan
ALNS-B,Example9,9,0,93.0,156.0,nan
ALNS-B,Example9,9,0,94.0,156.0,nan
ALNS-B,Example9,9,0,95.0,156.0,nan
ALNS-B,Example9,9,0,96.0,156.0,nan
ALNS-B,Example9,9,0,97.0,156.0,nan
ALNS-B,Example9,9,0,98.0,156.0,nan
ALNS-B,Example9,9,0,99.0,156.0,nan
ALNS-B,Example9,9,0,100.0,156.0,nan
ALNS-B,Example9,9,0,101.0,156.0,nan
ALNS-B,Example9,9,0,102.0,156.0,nan
ALNS-B,Example9,9,0,103.0,156.0,nan
ALNS-B,Example9,9,0,104.0,156.0,nan
ALNS-B,Example9,9,0,105.0,156.0,nan
ALNS-B,Example9,9,0,106.0,156.0,nan
ALNS-B,Example9,9,0,107.0,156.0,nan
ALNS-B,Example9,9,0,108.0,156.0,nan
ALNS-B,Example9,9,0,109.0,156.0,nan
ALNS-B,Example9,9,0,110.0,156.0,nan
ALNS-B,Example9,9,0,111.0,156.0,nan
ALNS-B,Example9,9,0,112.0,156.0,nan
ALNS-B,Example9,9,0,113.0,156.0,nan
ALNS-B,Example9,9,0,114.0,156.0,nan
ALNS-B,Example9,9,0,115.0,156.0,nan
ALNS-B,Example9,9,0,116.0,156.0,nan
ALNS-B,Example9,9,0,117.0,156.0,nan
ALNS-B,Example9,9,0,118.0,156.0,nan
ALNS-B,Example9,9,0,119.0,156.0,nan
ALNS-B,Example9,9,0,120.0,156.0,nan
ALNS-B,Example9,9,0,121.0,156.0,nan
ALNS-B,Example9,9,0,122.0,156.0,nan
ALNS-B,Example9,9,0,123.0,156.0,nan
ALNS-B,Example9,9,0,124.0,156.0,nan
ALNS-B,Example9,9,0,125.0,156.0,nan
ALNS-B,Example9,9,0,126.0,156.0,nan
ALNS-B,Example9,9,0,127.0,156.0,nan
ALNS-B,Example9,9,0,128.0,156.0,nan
ALNS-B,Example9,9,0,129.0,156.0,nan
ALNS-B,Example9,9,0,130.0,156.0,nan
ALNS-B,Example9,9,0,131.0,156.0,nan
ALNS-B,Example9,9,0,132.0,156.0,nan
ALNS-B,Example9,9,0,133.0,156.0,nan
ALNS-B,Example9,9,0,134.0,156.0,nan
ALNS-B,Example9,9,0,135.0,156.0,nan
ALNS-B,Example9,9,0,136.0,156.0,nan
ALNS-B,Example9,9,0,137.0,156.0,nan
ALNS-B,Example9,9,0,138.0,156.0,nan
ALNS-B,Example9,9,0,139.0,156.0,nan
ALNS-B,Example9,9,0,140.0,156.0,nan
ALNS-B,Example9,9,0,141.0,156.0,nan
ALNS-B,Example9,9,0,142.0,156.0,nan
ALNS-B,Example9,9,0,143.0,156.0,nan
ALNS-B,Example9,9,0,144.0,156.0,nan
ALNS-B,Example9,9,0,145.0,156.0,nan
ALNS-B,Example9,9,0,146.0,156.0,nan
ALNS-B,Example9,9,0,147.0,156.0,nan
ALNS-B,Example9,9,0,148.0,156.0,nan
ALNS-B,Example9,9,0,149.0,156.0,nan
ALNS-B,Example9,9,0,150.0,156.0,nan
ALNS-B,Example9,9,0,151.0,156.0,nan
ALNS-B,Example9,9,0,152.0,156.0,nan
ALNS-B,Example9,9,0,153.0,156.0,nan
ALNS-B,Example9,9,0,154.0,156.0,nan
ALNS-B,Example9,9,0,155.0,156.0,nan
ALNS-B,Example9,9,0,156.0,156.0,nan
ALNS-B,Example9,9,0,157.0,156.0,nan
ALNS-B,Example9,9,0,158.0,156.0,nan
ALNS-B,Example9,9,0,159.0,156.0,nan
ALNS-B,Example9,9,0,160.0,156.0,nan
ALNS-B,Example9,9,0,161.0,156.0,nan
ALNS-B,Example9,9,0,162.0,156.0,nan
ALNS-B,Example9,9,0,163.0,156.0,nan
ALNS-B,Example9,9,0,164.0,156.0,nan
ALNS-B,Example9,9,0,165.0,156.0,nan
ALNS-B,Example9,9,0,166.0,156.0,nan
ALNS-B,Example9,9,0,167.0,156.0,nan
ALNS-B,Example9,9,0,168.0,156.0,nan
ALNS-B,Example9,9,0,169.0,156.0,nan
ALNS-B,Example9,9,0,170.0,156.0,nan
ALNS-B,Example9,9,0,171.0,156.0,nan
ALNS-B,Example9,9,0,172.0,156.0,nan
ALNS-B,Example9,9,0,173.0,156.0,nan
ALNS-B,Example9,9,0,174.0,156.0,nan
ALNS-B,Example9,9,0,175.0,156.0,nan
ALNS-B,Example9,9,0,176.0,156.0,nan
ALNS-B,Example9,9,0,177.0,156.0,nan
ALNS-B,Example9,9,0,178.0,156.0,nan
ALNS-B,Example9,9,0,179.0,156.0,nan
ALNS-B,Example9,9,0,180.0,156.0,nan
ALNS-B,Example9,9,0,181.0,156.0,nan
ALNS-B,Example9,9,0,182.0,156.0,nan
ALNS-B,Example9,9,0,183.0,156.0,nan
ALNS-B,Example9,9,0,184.0,156.0,nan
ALNS-B,Example9,9,0,185.0,156.0,nan
ALNS-B,Example9,9,0,186.0,156.0,nan
ALNS-B,Example9,9,0,187.0,156.0,nan
ALNS-B,Example9,9,0,188.0,156.0,nan
ALNS-B,Example9,9,0,189.0,156.0,nan
ALNS-B,Example9,9,0,190.0,156.0,nan
ALNS-B,Example9,9,0,191.0,156.0,nan
ALNS-B,Example9,9,0,192.0,156.0,nan
ALNS-B,Example9,9,0,193.0,156.0,nan
ALNS-B,Example9,9,0,194.0,156.0,nan
ALNS-B,Example9,9,0,195.0,156.0,nan
ALNS-B,Example9,9,0,196.0,156.0,nan
ALNS-B,Example9,9,0,197.0,156.0,nan
ALNS-B,Example9,9,0,198.0,156.0,nan
ALNS-B,Example9,9,0,199.0,156.0,nan
ALNS-B,Example9,9,0,200.0,156.0,nan
ALNS-B,Example9,9,0,201.0,156.0,nan
ALNS-B,Example9,9,0,202.0,156.0,nan
ALNS-B,Example9,9,0,203.0,156.0,nan
ALNS-B,Example9,9,0,204.0,156.0,nan
ALNS-B,Example9,9,0,205.0,156.0,nan
ALNS-B,Example9,9,0,206.0,156.0,nan
ALNS-B,Example9,9,0,207.0,156.0,nan
ALNS-B,Example9,9,0,208.0,156.0,nan
ALNS-B,Example9,9,0,209.0,156.0,nan
ALNS-B,Example9,9,0,210.0,156.0,nan
ALNS-B,Example9,9,0,211.0,156.0,nan
ALNS-B,Example9,9,0,212.0,156.0,nan
ALNS-B,Example9,9,0,213.0,156.0,nan
ALNS-B,Example9,9,0,214.0,156.0,nan
ALNS-B,Example9,9,0,215.0,156.0,nan
ALNS-B,Example9,9,0,216.0,156.0,nan
ALNS-B,Example9,9,0,217.0,156.0,nan
ALNS-B,Example9,9,0,218.0,156.0,nan
ALNS-B,Example9,9,0,219.0,156.0,nan
ALNS-B,Example9,9,0,220.0,156.0,nan
ALNS-B,Example9,9,0,221.0,156.0,nan
ALNS-B,Example9,9,0,222.0,156.0,nan
ALNS-B,Example9,9,0,223.0,156.0,nan
ALNS-B,Example9,9,0,224.0,156.0,nan
ALNS-B,Example9,9,0,225.0,156.0,nan
ALNS-B,Example9,9,0,226.0,156.0,nan
ALNS-B,Example9,9,0,227.0,156.0,nan
ALNS-B,Example9,9,0,228.0,156.0,nan
ALNS-B,Example9,9,0,229.0,156.0,nan
ALNS-B,Example9,9,0,230.0,156.0,nan
ALNS-B,Example9,9,0,231.0,156.0,nan
ALNS-B,Example9,9,0,232.0,156.0,nan
ALNS-B,Example9,9,0,233.0,156.0,nan
ALNS-B,Example9,9,0,234.0,156.0,nan
ALNS-B,Example9,9,0,235.0,156.0,nan
ALNS-B,Example9,9,0,236.0,156.0,nan
ALNS-B,Example9,9,0,237.0,156.0,nan
ALNS-B,Example9,9,0,238.0,156.0,nan
ALNS-B,Example9,9,0,239.0,156.0,nan
ALNS-B,Example9,9,0,240.0,156.0,nan
ALNS-B,Example9,9,0,241.0,156.0,nan
ALNS-B,Example9,9,0,242.0,156.0,nan
ALNS-B,Example9,9,0,243.0,156.0,nan
ALNS-B,Example9,9,0,244.0,156.0,nan
ALNS-B,Example9,9,0,245.0,156.0,nan
ALNS-B,Example9,9,0,246.0,156.0,nan
ALNS-B,Example9,9,0,247.0,156.0,nan
ALNS-B,Example9,9,0,248.0,156.0,nan
ALNS-B,Example9,9,0,249.0,156.0,nan
ALNS-B,Example9,9,0,250.0,156.0,nan
ALNS-B,Example9,9,0,251.0,156.0,nan
ALNS-B,Example9,9,0,252.0,156.0,nan
ALNS-B,Example9,9,0,253.0,156.0,nan
ALNS-B,Example9,9,0,254.0,156.0,nan
ALNS-B,Example9,9,0,255.0,156.0,nan
ALNS-B,Example9,9,0,256.0,156.0,nan
ALNS-B,Example9,9,0,257.0,156.0,nan
ALNS-B,Example9,9,0,258.0,156.0,nan
ALNS-B,Example9,9,0,259.0,156.0,nan
ALNS-B,Example9,9,0,260.0,156.0,nan
ALNS-B,Example9,9,0,261.0,156.0,nan
ALNS-B,Example9,9,0,262.0,156.0,nan
ALNS-B,Example9,9,0,263.0,156.0,nan
ALNS-B,Example9,9,0,264.0,156.0,nan
ALNS-B,Example9,9,0,265.0,156.0,nan
ALNS-B,Example9,9,0,266.0,156.0,nan
ALNS-B,Example9,9,0,267.0,156.0,nan
ALNS-B,Example9,9,0,268.0,156.0,nan
ALNS-B,Example9,9,0,269.0,156.0,nan
ALNS-B,Example9,9,0,270.0,156.0,nan
ALNS-B,Example9,9,0,271.0,156.0,nan
ALNS-B,Example9,9,0,272.0,156.0,nan
ALNS-B,Example9,9,0,273.0,156.0,nan
ALNS-B,Example9,9,1,0.0,404.0,nan
ALNS-B,Example9,9,1,1.0,404.0,nan
ALNS-B,Example9,9,1,2.0,404.0,nan
ALNS-B,Example9,9,1,3.0,404.0,nan
ALNS-B,Example9,9,1,4.0,404.0,nan
ALNS-B,Example9,9,1,5.0,404.0,nan
ALNS-B,Example9,9,1,6.0,404.0,nan
ALNS-B,Example9,9,1,7.0,404.0,nan
ALNS-B,Example9,9,1,8.0,404.0,nan
ALNS-B,Example9,9,1,9.0,404.0,nan
ALNS-B,Example9,9,1,10.0,404.0,nan
ALNS-B,Example9,9,1,11.0,404.0,nan
ALNS-B,Example9,9,1,12.0,404.0,nan
ALNS-B,Example9,9,1,13.0,404.0,nan
ALNS-B,Example9,9,1,14.0,404.0,nan
ALNS-B,Example9,9,1,15.0,176.0,nan
ALNS-B,Example9,9,1,16.0,176.0,nan
ALNS-B,Example9,9,1,17.0,176.0,nan
ALNS-B,Example9,9,1,18.0,176.0,nan
ALNS-B,Example9,9,1,19.0,176.0,nan
ALNS-B,Example9,9,1,20.0,176.0,nan
ALNS-B,Example9,9,1,21.0,176.0,nan
ALNS-B,Example9,9,1,22.0,176.0,nan
ALNS-B,Example9,9,1,23.0,176.0,nan
ALNS-B,Example9,9,1,24.0,176.0,nan
ALNS-B,Example9,9,1,25.0,176.0,nan
ALNS-B,Example9,9,1,26.0,176.0,nan
ALNS-B,Example9,9,1,27.0,176.0,nan
ALNS-B,Example9,9,1,28.0,176.0,nan
ALNS-B,Example9,9,1,29.0,176.0,nan
ALNS-B,Example9,9,1,30.0,176.0,nan
ALNS-B,Example9,9,1,31.0,176.0,nan
ALNS-B,Example9,9,1,32.0,148.0,nan
ALNS-B,Example9,9,1,33.0,148.0,nan
ALNS-B,Example9,9,1,34.0,148.0,nan
ALNS-B,Example9,9,1,35.0,148.0,nan
ALNS-B,Example9,9,1,36.0,148.0,nan
ALNS-B,Example9,9,1,37.0,148.0,nan
ALNS-B,Example9,9,1,38.0,148.0,nan
ALNS-B,Example9,9,1,39.0,148.0,nan
ALNS-B,Example9,9,1,40.0,148.0,nan
ALNS-B,Example9,9,1,41.0,148.0,nan
ALNS-B,Example9,9,1,42.0,148.0,nan
ALNS-B,Example9,9,1,43.0,148.0,nan
ALNS-B,Example9,9,1,44.0,148.0,nan
ALNS-B,Example9,9,1,45.0,148.0,nan
ALNS-B,Example9,9,1,46.0,148.0,nan
ALNS-B,Example9,9,1,47.0,148.0,nan
ALNS-B,Example9,9,1,48.0,148.0,nan
ALNS-B,Example9,9,1,49.0,148.0,nan
ALNS-B,Example9,9,1,50.0,148.0,nan
ALNS-B,Example9,9,1,51.0,148.0,nan
ALNS-B,Example9,9,1,52.0,148.0,nan
ALNS-B,Example9,9,1,53.0,148.0,nan
ALNS-B,Example9,9,1,54.0,148.0,nan
ALNS-B,Example9,9,1,55.0,148.0,nan
ALNS-B,Example9,9,1,56.0,148.0,nan
ALNS-B,Example9,9,1,57.0,148.0,nan
ALNS-B,Example9,9,1,58.0,148.0,nan
ALNS-B,Example9,9,1,59.0,148.0,nan
ALNS-B,Example9,9,1,60.0,148.0,nan
ALNS-B,Example9,9,1,61.0,148.0,nan
ALNS-B,Example9,9,1,62.0,148.0,nan
ALNS-B,Example9,9,1,63.0,148.0,nan
ALNS-B,Example9,9,1,64.0,148.0,nan
ALNS-B,Example9,9,1,65.0,148.0,nan
ALNS-B,Example9,9,1,66.0,148.0,nan
ALNS-B,Example9,9,1,67.0,148.0,nan
ALNS-B,Example9,9,1,68.0,148.0,nan
ALNS-B,Example9,9,1,69.0,148.0,nan
ALNS-B,Example9,9,1,70.0,148.0,nan
ALNS-B,Example9,9,1,71.0,148.0,nan
ALNS-B,Example9,9,1,72.0,148.0,nan
ALNS-B,Example9,9,1,73.0,148.0,nan
ALNS-B,Example9,9,1,74.0,148.0,nan
ALNS-B,Example9,9,1,75.0,148.0,nan
ALNS-B,Example9,9,1,76.0,148.0,nan
ALNS-B,Example9,9,1,77.0,148.0,nan
ALNS-B,Example9,9,1,78.0,148.0,nan
ALNS-B,Example9,9,1,79.0,148.0,nan
ALNS-B,Example9,9,1,80.0,148.0,nan
ALNS-B,Example9,9,1,81.0,148.0,nan
ALNS-B,Example9,9,1,82.0,148.0,nan
ALNS-B,Example9,9,1,83.0,148.0,nan
ALNS-B,Example9,9,1,84.0,148.0,nan
ALNS-B,Example9,9,1,85.0,148.0,nan
ALNS-B,Example9,9,1,86.0,148.0,nan
ALNS-B,Example9,9,1,87.0,148.0,nan
ALNS-B,Example9,9,1,88.0,148.0,nan
ALNS-B,Example9,9,1,89.0,148.0,nan
ALNS-B,Example9,9,1,90.0,148.0,nan
ALNS-B,Example9,9,1,91.0,148.0,nan
ALNS-B,Example9,9,1,92.0,148.0,nan
ALNS-B,Example9,9,1,93.0,148.0,nan
ALNS-B,Example9,9,1,94.0,148.0,nan
ALNS-B,Example9,9,1,95.0,148.0,nan
ALNS-B,Example9,9,1,96.0,148.0,nan
ALNS-B,Example9,9,1,97.0,148.0,nan
ALNS-B,Example9,9,1,98.0,148.0,nan
ALNS-B,Example9,9,1,99.0,148.0,nan
ALNS-B,Example9,9,1,100.0,148.0,nan
ALNS-B,Example9,9,1,101.0,148.0,nan
ALNS-B,Example9,9,1,102.0,148.0,nan
ALNS-B,Example9,9,1,103.0,148.0,nan
ALNS-B,Example9,9,1,104.0,148.0,nan
ALNS-B,Example9,9,1,105.0,148.0,nan
ALNS-B,Example9,9,1,106.0,148.0,nan
ALNS-B,Example9,9,1,107.0,148.0,nan
ALNS-B,Example9,9,1,108.0,148.0,nan
ALNS-B,Example9,9,1,109.0,148.0,nan
ALNS-B,Example9,9,1,110.0,148.0,nan
ALNS-B,Example9,9,1,111.0,148.0,nan
ALNS-B,Example9,9,1,112.0,148.0,nan
ALNS-B,Example9,9,1,113.0,148.0,nan
ALNS-B,Example9,9,1,114.0,148.0,nan
ALNS-B,Example9,9,1,115.0,148.0,nan
ALNS-B,Example9,9,1,116.0,148.0,nan
ALNS-B,Example9,9,1,117.0,148.0,nan
ALNS-B,Example9,9,1,118.0,148.0,nan
ALNS-B,Example9,9,1,119.0,148.0,nan
ALNS-B,Example9,9,1,120.0,148.0,nan
ALNS-B,Example9,9,1,121.0,148.0,nan
ALNS-B,Example9,9,1,122.0,148.0,nan
ALNS-B,Example9,9,1,123.0,148.0,nan
ALNS-B,Example9,9,1,124.0,148.0,nan
ALNS-B,Example9,9,1,125.0,148.0,nan
ALNS-B,Example9,9,1,126.0,148.0,nan
ALNS-B,Example9,9,1,127.0,148.0,nan
ALNS-B,Example9,9,1,128.0,148.0,nan
ALNS-B,Example9,9,1,129.0,148.0,nan
ALNS-B,Example9,9,1,130.0,148.0,nan
ALNS-B,Example9,9,1,131.0,148.0,nan
ALNS-B,Example9,9,1,132.0,148.0,nan
ALNS-B,Example9,9,1,133.0,148.0,nan
ALNS-B,Example9,9,1,134.0,148.0,nan
ALNS-B,Example9,9,1,135.0,148.0,nan
ALNS-B,Example9,9,1,136.0,148.0,nan
ALNS-B,Example9,9,1,137.0,148.0,nan
ALNS-B,Example9,9,1,138.0,148.0,nan
ALNS-B,Example9,9,1,139.0,148.0,nan
ALNS-B,Example9,9,1,140.0,148.0,nan
ALNS-B,Example9,9,1,141.0,148.0,nan
ALNS-B,Example9,9,1,142.0,148.0,nan
ALNS-B,Example9,9,1,143.0,148.0,nan
ALNS-B,Example9,9,1,144.0,148.0,nan
ALNS-B,Example9,9,1,145.0,148.0,nan
ALNS-B,Example9,9,1,146.0,148.0,nan
ALNS-B,Example9,9,1,147.0,148.0,nan
ALNS-B,Example9,9,1,148.0,148.0,nan
ALNS-B,Example9,9,1,149.0,148.0,nan
ALNS-B,Example9,9,1,150.0,148.0,nan
ALNS-B,Example9,9,1,151.0,148.0,nan
ALNS-B,Example9,9,1,152.0,148.0,nan
ALNS-B,Example9,9,1,153.0,148.0,nan
ALNS-B,Example9,9,1,154.0,148.0,nan
ALNS-B,Example9,9,1,155.0,148.0,nan
ALNS-B,Example9,9,1,156.0,148.0,nan
ALNS-B,Example9,9,1,157.0,148.0,nan
ALNS-B,Example9,9,1,158.0,148.0,nan
ALNS-B,Example9,9,1,159.0,119.0,nan
ALNS-B,Example9,9,1,160.0,119.0,nan
ALNS-B,Example9,9,1,161.0,119.0,nan
ALNS-B,Example9,9,1,162.0,119.0,nan
ALNS-B,Example9,9,1,163.0,119.0,nan
ALNS-B,Example9,9,1,164.0,119.0,nan
ALNS-B,Example9,9,1,165.0,119.0,nan
ALNS-B,Example9,9,1,166.0,119.0,nan
ALNS-B,Example9,9,1,167.0,119.0,nan
ALNS-B,Example9,9,1,168.0,119.0,nan
ALNS-B,Example9,9,1,169.0,119.0,nan
ALNS-B,Example9,9,1,170.0,119.0,nan
ALNS-B,Example9,9,1,171.0,119.0,nan
ALNS-B,Example9,9,1,172.0,119.0,nan
ALNS-B,Example9,9,1,173.0,119.0,nan
ALNS-B,Example9,9,1,174.0,119.0,nan
ALNS-B,Example9,9,1,175.0,119.0,nan
ALNS-B,Example9,9,1,176.0,119.0,nan
ALNS-B,Example9,9,1,177.0,119.0,nan
ALNS-B,Example9,9,1,178.0,119.0,nan
ALNS-B,Example9,9,1,179.0,119.0,nan
ALNS-B,Example9,9,1,180.0,119.0,nan
ALNS-B,Example9,9,1,181.0,119.0,nan
ALNS-B,Example9,9,1,182.0,119.0,nan
ALNS-B,Example9,9,1,183.0,119.0,nan
ALNS-B,Example9,9,1,184.0,119.0,nan
ALNS-B,Example9,9,1,185.0,119.0,nan
ALNS-B,Example9,9,1,186.0,119.0,nan
ALNS-B,Example9,9,1,187.0,119.0,nan
ALNS-B,Example9,9,1,188.0,119.0,nan
ALNS-B,Example9,9,1,189.0,119.0,nan
ALNS-B,Example9,9,1,190.0,119.0,nan
ALNS-B,Example9,9,1,191.0,119.0,nan
ALNS-B,Example9,9,1,192.0,119.0,nan
ALNS-B,Example9,9,1,193.0,119.0,nan
ALNS-B,Example9,9,1,194.0,119.0,nan
ALNS-B,Example9,9,1,195.0,119.0,nan
ALNS-B,Example9,9,1,196.0,119.0,nan
ALNS-B,Example9,9,1,197.0,119.0,nan
ALNS-B,Example9,9,1,198.0,119.0,nan
ALNS-B,Example9,9,1,199.0,119.0,nan
ALNS-B,Example9,9,1,200.0,119.0,nan
ALNS-B,Example9,9,1,201.0,119.0,nan
ALNS-B,Example9,9,1,202.0,119.0,nan
ALNS-B,Example9,9,1,203.0,119.0,nan
ALNS-B,Example9,9,1,204.0,119.0,nan
ALNS-B,Example9,9,1,205.0,119.0,nan
ALNS-B,Example9,9,1,206.0,119.0,nan
ALNS-B,Example9,9,1,207.0,119.0,nan
ALNS-B,Example9,9,1,208.0,119.0,nan
ALNS-B,Example9,9,1,209.0,119.0,nan
ALNS-B,Example9,9,1,210.0,119.0,nan
ALNS-B,Example9,9,1,211.0,119.0,nan
ALNS-B,Example9,9,1,212.0,119.0,nan
ALNS-B,Example9,9,1,213.0,119.0,nan
ALNS-B,Example9,9,1,214.0,119.0,nan
ALNS-B,Example9,9,1,215.0,119.0,nan
ALNS-B,Example9,9,1,216.0,119.0,nan
ALNS-B,Example9,9,1,217.0,119.0,nan
ALNS-B,Example9,9,1,218.0,119.0,nan
ALNS-B,Example9,9,1,219.0,119.0,nan
ALNS-B,Example9,9,1,220.0,119.0,nan
ALNS-B,Example9,9,1,221.0,119.0,nan
ALNS-B,Example9,9,1,222.0,119.0,nan
ALNS-B,Example9,9,1,223.0,119.0,nan
ALNS-B,Example9,9,1,224.0,119.0,nan
ALNS-B,Example9,9,1,225.0,119.0,nan
ALNS-B,Example9,9,1,226.0,119.0,nan
ALNS-B,Example9,9,1,227.0,119.0,nan
ALNS-B,Example9,9,1,228.0,119.0,nan
ALNS-B,Example9,9,1,229.0,119.0,nan
ALNS-B,Example9,9,1,230.0,119.0,nan
ALNS-B,Example9,9,1,231.0,119.0,nan
ALNS-B,Example9,9,1,232.0,119.0,nan
ALNS-B,Example9,9,1,233.0,119.0,nan
ALNS-B,Example9,9,1,234.0,119.0,nan
ALNS-B,Example9,9,1,235.0,119.0,nan
ALNS-B,Example9,9,1,236.0,119.0,nan
ALNS-B,Example9,9,1,237.0,119.0,nan
ALNS-B,Example9,9,1,238.0,119.0,nan
ALNS-B,Example9,9,1,239.0,119.0,nan
ALNS-B,Example9,9,1,240.0,119.0,nan
ALNS-B,Example9,9,1,241.0,119.0,nan
ALNS-B,Example9,9,1,242.0,119.0,nan
ALNS-B,Example9,9,1,243.0,119.0,nan
ALNS-B,Example9,9,1,244.0,119.0,nan
ALNS-B,Example9,9,1,245.0,119.0,nan
ALNS-B,Example9,9,1,246.0,119.0,nan
ALNS-B,Example9,9,1,247.0,119.0,nan
ALNS-B,Example9,9,1,248.0,119.0,nan
ALNS-B,Example9,9,1,249.0,119.0,nan
ALNS-B,Example9,9,1,250.0,119.0,nan
ALNS-B,Example9,9,1,251.0,119.0,nan
ALNS-B,Example9,9,1,252.0,119.0,nan
ALNS-B,Example9,9,1,253.0,119.0,nan
ALNS-B,Example9,9,1,254.0,119.0,nan
ALNS-B,Example9,9,1,255.0,119.0,nan
ALNS-B,Example9,9,1,256.0,119.0,nan
ALNS-B,Example9,9,1,257.0,119.0,nan
ALNS-B,Example9,9,1,258.0,119.0,nan
ALNS-B,Example9,9,1,259.0,119.0,nan
ALNS-B,Example9,9,1,260.0,119.0,nan
ALNS-B,Example9,9,1,261.0,119.0,nan
ALNS-B,Example9,9,1,262.0,119.0,nan
ALNS-B,Example9,9,1,263.0,119.0,nan
ALNS-B,Example9,9,1,264.0,119.0,nan
ALNS-B,Example9,9,1,265.0,119.0,nan
ALNS-B,Example9,9,1,266.0,119.0,nan
ALNS-B,Example9,9,1,267.0,119.0,nan
ALNS-B,Example9,9,1,268.0,119.0,nan
ALNS-B,Example9,9,1,269.0,119.0,nan
ALNS-B,Example9,9,1,270.0,119.0,nan
ALNS-B,Example9,9,1,271.0,119.0,nan
ALNS-B,Example9,9,1,272.0,119.0,nan
ALNS-B,Example9,9,1,273.0,119.0,nan
ALNS-B,Example9,9,2,0.0,256.0,nan
ALNS-B,Example9,9,2,1.0,256.0,nan
ALNS-B,Example9,9,2,2.0,256.0,nan
ALNS-B,Example9,9,2,3.0,256.0,nan
ALNS-B,Example9,9,2,4.0,256.0,nan
ALNS-B,Example9,9,2,5.0,256.0,nan
ALNS-B,Example9,9,2,6.0,256.0,nan
ALNS-B,Example9,9,2,7.0,256.0,nan
ALNS-B,Example9,9,2,8.0,256.0,nan
ALNS-B,Example9,9,2,9.0,256.0,nan
ALNS-B,Example9,9,2,10.0,256.0,nan
ALNS-B,Example9,9,2,11.0,256.0,nan
ALNS-B,Example9,9,2,12.0,256.0,nan
ALNS-B,Example9,9,2,13.0,256.0,nan
ALNS-B,Example9,9,2,14.0,256.0,nan
ALNS-B,Example9,9,2,15.0,256.0,nan
ALNS-B,Example9,9,2,16.0,256.0,nan
ALNS-B,Example9,9,2,17.0,256.0,nan
ALNS-B,Example9,9,2,18.0,256.0,nan
ALNS-B,Example9,9,2,19.0,256.0,nan
ALNS-B,Example9,9,2,20.0,256.0,nan
ALNS-B,Example9,9,2,21.0,178.0,nan
ALNS-B,Example9,9,2,22.0,178.0,nan
ALNS-B,Example9,9,2,23.0,178.0,nan
ALNS-B,Example9,9,2,24.0,178.0,nan
ALNS-B,Example9,9,2,25.0,106.0,nan
ALNS-B,Example9,9,2,26.0,106.0,nan
ALNS-B,Example9,9,2,27.0,106.0,nan
ALNS-B,Example9,9,2,28.0,106.0,nan
ALNS-B,Example9,9,2,29.0,106.0,nan
ALNS-B,Example9,9,2,30.0,106.0,nan
ALNS-B,Example9,9,2,31.0,106.0,nan
ALNS-B,Example9,9,2,32.0,106.0,nan
ALNS-B,Example9,9,2,33.0,106.0,nan
ALNS-B,Example9,9,2,34.0,106.0,nan
ALNS-B,Example9,9,2,35.0,106.0,nan
ALNS-B,Example9,9,2,36.0,106.0,nan
ALNS-B,Example9,9,2,37.0,106.0,nan
ALNS-B,Example9,9,2,38.0,106.0,nan
ALNS-B,Example9,9,2,39.0,106.0,nan
ALNS-B,Example9,9,2,40.0,106.0,nan
ALNS-B,Example9,9,2,41.0,106.0,nan
ALNS-B,Example9,9,2,42.0,106.0,nan
ALNS-B,Example9,9,2,43.0,106.0,nan
ALNS-B,Example9,9,2,44.0,106.0,nan
ALNS-B,Example9,9,2,45.0,106.0,nan
ALNS-B,Example9,9,2,46.0,106.0,nan
ALNS-B,Example9,9,2,47.0,106.0,nan
ALNS-B,Example9,9,2,48.0,106.0,nan
ALNS-B,Example9,9,2,49.0,106.0,nan
ALNS-B,Example9,9,2,50.0,106.0,nan
ALNS-B,Example9,9,2,51.0,106.0,nan
ALNS-B,Example9,9,2,52.0,106.0,nan
ALNS-B,Example9,9,2,53.0,106.0,nan
ALNS-B,Example9,9,2,54.0,106.0,nan
ALNS-B,Example9,9,2,55.0,106.0,nan
ALNS-B,Example9,9,2,56.0,106.0,nan
ALNS-B,Example9,9,2,57.0,106.0,nan
ALNS-B,Example9,9,2,58.0,106.0,nan
ALNS-B,Example9,9,2,59.0,106.0,nan
ALNS-B,Example9,9,2,60.0,106.0,nan
ALNS-B,Example9,9,2,61.0,106.0,nan
ALNS-B,Example9,9,2,62.0,106.0,nan
ALNS-B,Example9,9,2,63.0,106.0,nan
ALNS-B,Example9,9,2,64.0,106.0,nan
ALNS-B,Example9,9,2,65.0,106.0,nan
ALNS-B,Example9,9,2,66.0,106.0,nan
ALNS-B,Example9,9,2,67.0,106.0,nan
ALNS-B,Example9,9,2,68.0,106.0,nan
ALNS-B,Example9,9,2,69.0,106.0,nan
ALNS-B,Example9,9,2,70.0,106.0,nan
ALNS-B,Example9,9,2,71.0,106.0,nan
ALNS-B,Example9,9,2,72.0,106.0,nan
ALNS-B,Example9,9,2,73.0,106.0,nan
ALNS-B,Example9,9,2,74.0,106.0,nan
ALNS-B,Example9,9,2,75.0,106.0,nan
ALNS-B,Example9,9,2,76.0,106.0,nan
ALNS-B,Example9,9,2,77.0,106.0,nan
ALNS-B,Example9,9,2,78.0,106.0,nan
ALNS-B,Example9,9,2,79.0,106.0,nan
ALNS-B,Example9,9,2,80.0,106.0,nan
ALNS-B,Example9,9,2,81.0,106.0,nan
ALNS-B,Example9,9,2,82.0,106.0,nan
ALNS-B,Example9,9,2,83.0,106.0,nan
ALNS-B,Example9,9,2,84.0,106.0,nan
ALNS-B,Example9,9,2,85.0,106.0,nan
ALNS-B,Example9,9,2,86.0,106.0,nan
ALNS-B,Example9,9,2,87.0,106.0,nan
ALNS-B,Example9,9,2,88.0,106.0,nan
ALNS-B,Example9,9,2,89.0,106.0,nan
ALNS-B,Example9,9,2,90.0,106.0,nan
ALNS-B,Example9,9,2,91.0,106.0,nan
ALNS-B,Example9,9,2,92.0,106.0,nan
ALNS-B,Example9,9,2,93.0,106.0,nan
ALNS-B,Example9,9,2,94.0,106.0,nan
ALNS-B,Example9,9,2,95.0,106.0,nan
ALNS-B,Example9,9,2,96.0,106.0,nan
ALNS-B,Example9,9,2,97.0,106.0,nan
ALNS-B,Example9,9,2,98.0,106.0,nan
ALNS-B,Example9,9,2,99.0,106.0,nan
ALNS-B,Example9,9,2,100.0,106.0,nan
ALNS-B,Example9,9,2,101.0,106.0,nan
ALNS-B,Example9,9,2,102.0,106.0,nan
ALNS-B,Example9,9,2,103.0,106.0,nan
ALNS-B,Example9,9,2,104.0,106.0,nan
ALNS-B,Example9,9,2,105.0,106.0,nan
ALNS-B,Example9,9,2,106.0,106.0,nan
ALNS-B,Example9,9,2,107.0,106.0,nan
ALNS-B,Example9,9,2,108.0,106.0,nan
ALNS-B,Example9,9,2,109.0,106.0,nan
ALNS-B,Example9,9,2,110.0,106.0,nan
ALNS-B,Example9,9,2,111.0,106.0,nan
ALNS-B,Example9,9,2,112.0,106.0,nan
ALNS-B,Example9,9,2,113.0,106.0,nan
ALNS-B,Example9,9,2,114.0,106.0,nan
ALNS-B,Example9,9,2,115.0,106.0,nan
ALNS-B,Example9,9,2,116.0,106.0,nan
ALNS-B,Example9,9,2,117.0,106.0,nan
ALNS-B,Example9,9,2,118.0,106.0,nan
ALNS-B,Example9,9,2,119.0,106.0,nan
ALNS-B,Example9,9,2,120.0,106.0,nan
ALNS-B,Example9,9,2,121.0,106.0,nan
ALNS-B,Example9,9,2,122.0,106.0,nan
ALNS-B,Example9,9,2,123.0,106.0,nan
ALNS-B,Example9,9,2,124.0,106.0,nan
ALNS-B,Example9,9,2,125.0,106.0,nan
ALNS-B,Example9,9,2,126.0,106.0,nan
ALNS-B,Example9,9,2,127.0,106.0,nan
ALNS-B,Example9,9,2,128.0,106.0,nan
ALNS-B,Example9,9,2,129.0,106.0,nan
ALNS-B,Example9,9,2,130.0,106.0,nan
ALNS-B,Example9,9,2,131.0,106.0,nan
ALNS-B,Example9,9,2,132.0,106.0,nan
ALNS-B,Example9,9,2,133.0,106.0,nan
ALNS-B,Example9,9,2,134.0,106.0,nan
ALNS-B,Example9,9,2,135.0,106.0,nan
ALNS-B,Example9,9,2,136.0,106.0,nan
ALNS-B,Example9,9,2,137.0,106.0,nan
ALNS-B,Example9,9,2,138.0,106.0,nan
ALNS-B,Example9,9,2,139.0,106.0,nan
ALNS-B,Example9,9,2,140.0,106.0,nan
ALNS-B,Example9,9,2,141.0,106.0,nan
ALNS-B,Example9,9,2,142.0,106.0,nan
ALNS-B,Example9,9,2,143.0,106.0,nan
ALNS-B,Example9,9,2,144.0,106.0,nan
ALNS-B,Example9,9,2,145.0,106.0,nan
ALNS-B,Example9,9,2,146.0,106.0,nan
ALNS-B,Example9,9,2,147.0,106.0,nan
ALNS-B,Example9,9,2,148.0,106.0,nan
ALNS-B,Example9,9,2,149.0,106.0,nan
ALNS-B,Example9,9,2,150.0,106.0,nan
ALNS-B,Example9,9,2,151.0,106.0,nan
ALNS-B,Example9,9,2,152.0,106.0,nan
ALNS-B,Example9,9,2,153.0,106.0,nan
ALNS-B,Example9,9,2,154.0,106.0,nan
ALNS-B,Example9,9,2,155.0,106.0,nan
ALNS-B,Example9,9,2,156.0,106.0,nan
ALNS-B,Example9,9,2,157.0,106.0,nan
ALNS-B,Example9,9,2,158.0,106.0,nan
ALNS-B,Example9,9,2,159.0,106.0,nan
ALNS-B,Example9,9,2,160.0,106.0,nan
ALNS-B,Example9,9,2,161.0,106.0,nan
ALNS-B,Example9,9,2,162.0,106.0,nan
ALNS-B,Example9,9,2,163.0,106.0,nan
ALNS-B,Example9,9,2,164.0,106.0,nan
ALNS-B,Example9,9,2,165.0,106.0,nan
ALNS-B,Example9,9,2,166.0,106.0,nan
ALNS-B,Example9,9,2,167.0,106.0,nan
ALNS-B,Example9,9,2,168.0,106.0,nan
ALNS-B,Example9,9,2,169.0,106.0,nan
ALNS-B,Example9,9,2,170.0,106.0,nan
ALNS-B,Example9,9,2,171.0,106.0,nan
ALNS-B,Example9,9,2,172.0,106.0,nan
ALNS-B,Example9,9,2,173.0,106.0,nan
ALNS-B,Example9,9,2,174.0,106.0,nan
ALNS-B,Example9,9,2,175.0,106.0,nan
ALNS-B,Example9,9,2,176.0,106.0,nan
ALNS-B,Example9,9,2,177.0,106.0,nan
ALNS-B,Example9,9,2,178.0,106.0,nan
ALNS-B,Example9,9,2,179.0,106.0,nan
ALNS-B,Example9,9,2,180.0,106.0,nan
ALNS-B,Example9,9,2,181.0,106.0,nan
ALNS-B,Example9,9,2,182.0,106.0,nan
ALNS-B,Example9,9,2,183.0,106.0,nan
ALNS-B,Example9,9,2,184.0,106.0,nan
ALNS-B,Example9,9,2,185.0,106.0,nan
ALNS-B,Example9,9,2,186.0,106.0,nan
ALNS-B,Example9,9,2,187.0,106.0,nan
ALNS-B,Example9,9,2,188.0,106.0,nan
ALNS-B,Example9,9,2,189.0,106.0,nan
ALNS-B,Example9,9,2,190.0,106.0,nan
ALNS-B,Example9,9,2,191.0,106.0,nan
ALNS-B,Example9,9,2,192.0,106.0,nan
ALNS-B,Example9,9,2,193.0,106.0,nan
ALNS-B,Example9,9,2,194.0,106.0,nan
ALNS-B,Example9,9,2,195.0,106.0,nan
ALNS-B,Example9,9,2,196.0,106.0,nan
ALNS-B,Example9,9,2,197.0,106.0,nan
ALNS-B,Example9,9,2,198.0,106.0,nan
ALNS-B,Example9,9,2,199.0,106.0,nan
ALNS-B,Example9,9,2,200.0,106.0,nan
ALNS-B,Example9,9,2,201.0,106.0,nan
ALNS-B,Example9,9,2,202.0,106.0,nan
ALNS-B,Example9,9,2,203.0,106.0,nan
ALNS-B,Example9,9,2,204.0,106.0,nan
ALNS-B,Example9,9,2,205.0,106.0,nan
ALNS-B,Example9,9,2,206.0,106.0,nan
ALNS-B,Example9,9,2,207.0,106.0,nan
ALNS-B,Example9,9,2,208.0,106.0,nan
ALNS-B,Example9,9,2,209.0,106.0,nan
ALNS-B,Example9,9,2,210.0,106.0,nan
ALNS-B,Example9,9,2,211.0,106.0,nan
ALNS-B,Example9,9,2,212.0,106.0,nan
ALNS-B,Example9,9,2,213.0,106.0,nan
ALNS-B,Example9,9,2,214.0,106.0,nan
ALNS-B,Example9,9,2,215.0,106.0,nan
ALNS-B,Example9,9,2,216.0,106.0,nan
ALNS-B,Example9,9,2,217.0,106.0,nan
ALNS-B,Example9,9,2,218.0,106.0,nan
ALNS-B,Example9,9,2,219.0,106.0,nan
ALNS-B,Example9,9,2,220.0,106.0,nan
ALNS-B,Example9,9,2,221.0,106.0,nan
ALNS-B,Example9,9,2,222.0,106.0,nan
ALNS-B,Example9,9,2,223.0,106.0,nan
ALNS-B,Example9,9,2,224.0,106.0,nan
ALNS-B,Example9,9,2,225.0,106.0,nan
ALNS-B,Example9,9,2,226.0,106.0,nan
ALNS-B,Example9,9,2,227.0,106.0,nan
ALNS-B,Example9,9,2,228.0,106.0,nan
ALNS-B,Example9,9,2,229.0,106.0,nan
ALNS-B,Example9,9,2,230.0,106.0,nan
ALNS-B,Example9,9,2,231.0,106.0,nan
ALNS-B,Example9,9,2,232.0,106.0,nan
ALNS-B,Example9,9,2,233.0,106.0,nan
ALNS-B,Example9,9,2,234.0,106.0,nan
ALNS-B,Example9,9,2,235.0,106.0,nan
ALNS-B,Example9,9,2,236.0,106.0,nan
ALNS-B,Example9,9,2,237.0,106.0,nan
ALNS-B,Example9,9,2,238.0,106.0,nan
ALNS-B,Example9,9,2,239.0,106.0,nan
ALNS-B,Example9,9,2,240.0,106.0,nan
ALNS-B,Example9,9,2,241.0,106.0,nan
ALNS-B,Example9,9,2,242.0,106.0,nan
ALNS-B,Example9,9,2,243.0,106.0,nan
ALNS-B,Example9,9,2,244.0,106.0,nan
ALNS-B,Example9,9,2,245.0,106.0,nan
ALNS-B,Example9,9,2,246.0,106.0,nan
ALNS-B,Example9,9,2,247.0,106.0,nan
ALNS-B,Example9,9,2,248.0,106.0,nan
ALNS-B,Example9,9,2,249.0,106.0,nan
ALNS-B,Example9,9,2,250.0,106.0,nan
ALNS-B,Example9,9,2,251.0,106.0,nan
ALNS-B,Example9,9,2,252.0,106.0,nan
ALNS-B,Example9,9,2,253.0,106.0,nan
ALNS-B,Example9,9,2,254.0,106.0,nan
ALNS-B,Example9,9,2,255.0,106.0,nan
ALNS-B,Example9,9,2,256.0,106.0,nan
ALNS-B,Example9,9,2,257.0,106.0,nan
ALNS-B,Example9,9,2,258.0,106.0,nan
ALNS-B,Example9,9,2,259.0,106.0,nan
ALNS-B,Example9,9,2,260.0,106.0,nan
ALNS-B,Example9,9,2,261.0,106.0,nan
ALNS-B,Example9,9,2,262.0,106.0,nan
ALNS-B,Example9,9,2,263.0,106.0,nan
ALNS-B,Example9,9,2,264.0,106.0,nan
ALNS-B,Example9,9,2,265.0,106.0,nan
ALNS-B,Example9,9,2,266.0,106.0,nan
ALNS-B,Example9,9,2,267.0,106.0,nan
ALNS-B,Example9,9,2,268.0,106.0,nan
ALNS-B,Example9,9,2,269.0,106.0,nan
ALNS-B,Example9,9,2,270.0,106.0,nan
ALNS-B,Example9,9,2,271.0,106.0,nan
ALNS-B,Example9,9,2,272.0,106.0,nan
ALNS-B,Example9,9,2,273.0,106.0,nan
ALNS-B,Example10,10,0,0.0,531.0,nan
ALNS-B,Example10,10,0,1.0,531.0,nan
ALNS-B,Example10,10,0,2.0,531.0,nan
ALNS-B,Example10,10,0,3.0,531.0,nan
ALNS-B,Example10,10,0,4.0,531.0,nan
ALNS-B,Example10,10,0,5.0,531.0,nan
ALNS-B,Example10,10,0,6.0,531.0,nan
ALNS-B,Example10,10,0,7.0,531.0,nan
ALNS-B,Example10,10,0,8.0,531.0,nan
ALNS-B,Example10,10,0,9.0,531.0,nan
ALNS-B,Example10,10,0,10.0,531.0,nan
ALNS-B,Example10,10,0,11.0,531.0,nan
ALNS-B,Example10,10,0,12.0,531.0,nan
ALNS-B,Example10,10,0,13.0,531.0,nan
ALNS-B,Example10,10,0,14.0,531.0,nan
ALNS-B,Example10,10,0,15.0,531.0,nan
ALNS-B,Example10,10,0,16.0,531.0,nan
ALNS-B,Example10,10,0,17.0,531.0,nan
ALNS-B,Example10,10,0,18.0,531.0,nan
ALNS-B,Example10,10,0,19.0,531.0,nan
ALNS-B,Example10,10,0,20.0,183.0,nan
ALNS-B,Example10,10,0,21.0,183.0,nan
ALNS-B,Example10,10,0,22.0,183.0,nan
ALNS-B,Example10,10,0,23.0,183.0,nan
ALNS-B,Example10,10,0,24.0,156.0,nan
ALNS-B,Example10,10,0,25.0,149.0,nan
ALNS-B,Example10,10,0,26.0,149.0,nan
ALNS-B,Example10,10,0,27.0,149.0,nan
ALNS-B,Example10,10,0,28.0,149.0,nan
ALNS-B,Example10,10,0,29.0,149.0,nan
ALNS-B,Example10,10,0,30.0,149.0,nan
ALNS-B,Example10,10,0,31.0,149.0,nan
ALNS-B,Example10,10,0,32.0,149.0,nan
ALNS-B,Example10,10,0,33.0,149.0,nan
ALNS-B,Example10,10,0,34.0,149.0,nan
ALNS-B,Example10,10,0,35.0,149.0,nan
ALNS-B,Example10,10,0,36.0,149.0,nan
ALNS-B,Example10,10,0,37.0,149.0,nan
ALNS-B,Example10,10,0,38.0,149.0,nan
ALNS-B,Example10,10,0,39.0,149.0,nan
ALNS-B,Example10,10,0,40.0,149.0,nan
ALNS-B,Example10,10,0,41.0,149.0,nan
ALNS-B,Example10,10,0,42.0,149.0,nan
ALNS-B,Example10,10,0,43.0,149.0,nan
ALNS-B,Example10,10,0,44.0,149.0,nan
ALNS-B,Example10,10,0,45.0,149.0,nan
ALNS-B,Example10,10,0,46.0,149.0,nan
ALNS-B,Example10,10,0,47.0,149.0,nan
ALNS-B,Example10,10,0,48.0,134.0,nan
ALNS-B,Example10,10,0,49.0,134.0,nan
ALNS-B,Example10,10,0,50.0,134.0,nan
ALNS-B,Example10,10,0,51.0,134.0,nan
ALNS-B,Example10,10,0,52.0,134.0,nan
ALNS-B,Example10,10,0,53.0,134.0,nan
ALNS-B,Example10,10,0,54.0,134.0,nan
ALNS-B,Example10,10,0,55.0,134.0,nan
ALNS-B,Example10,10,0,56.0,134.0,nan
ALNS-B,Example10,10,0,57.0,134.0,nan
ALNS-B,Example10,10,0,58.0,134.0,nan
ALNS-B,Example10,10,0,59.0,134.0,nan
ALNS-B,Example10,10,0,60.0,134.0,nan
ALNS-B,Example10,10,0,61.0,134.0,nan
ALNS-B,Example10,10,0,62.0,134.0,nan
ALNS-B,Example10,10,0,63.0,134.0,nan
ALNS-B,Example10,10,0,64.0,134.0,nan
ALNS-B,Example10,10,0,65.0,134.0,nan
ALNS-B,Example10,10,0,66.0,134.0,nan
ALNS-B,Example10,10,0,67.0,134.0,nan
ALNS-B,Example10,10,0,68.0,134.0,nan
ALNS-B,Example10,10,0,69.0,134.0,nan
ALNS-B,Example10,10,0,70.0,134.0,nan
ALNS-B,Example10,10,0,71.0,134.0,nan
ALNS-B,Example10,10,0,72.0,134.0,nan
ALNS-B,Example10,10,0,73.0,134.0,nan
ALNS-B,Example10,10,0,74.0,134.0,nan
ALNS-B,Example10,10,0,75.0,134.0,nan
ALNS-B,Example10,10,0,76.0,134.0,nan
ALNS-B,Example10,10,0,77.0,134.0,nan
ALNS-B,Example10,10,0,78.0,134.0,nan
ALNS-B,Example10,10,0,79.0,134.0,nan
ALNS-B,Example10,10,0,80.0,134.0,nan
ALNS-B,Example10,10,0,81.0,134.0,nan
ALNS-B,Example10,10,0,82.0,134.0,nan
ALNS-B,Example10,10,0,83.0,134.0,nan
ALNS-B,Example10,10,0,84.0,134.0,nan
ALNS-B,Example10,10,0,85.0,134.0,nan
ALNS-B,Example10,10,0,86.0,134.0,nan
ALNS-B,Example10,10,0,87.0,134.0,nan
ALNS-B,Example10,10,0,88.0,119.0,nan
ALNS-B,Example10,10,0,89.0,119.0,nan
ALNS-B,Example10,10,0,90.0,119.0,nan
ALNS-B,Example10,10,0,91.0,119.0,nan
ALNS-B,Example10,10,0,92.0,119.0,nan
ALNS-B,Example10,10,0,93.0,119.0,nan
ALNS-B,Example10,10,0,94.0,119.0,nan
ALNS-B,Example10,10,0,95.0,119.0,nan
ALNS-B,Example10,10,0,96.0,119.0,nan
ALNS-B,Example10,10,0,97.0,119.0,nan
ALNS-B,Example10,10,0,98.0,119.0,nan
ALNS-B,Example10,10,0,99.0,119.0,nan
ALNS-B,Example10,10,0,100.0,119.0,nan
ALNS-B,Example10,10,0,101.0,119.0,nan
ALNS-B,Example10,10,0,102.0,119.0,nan
ALNS-B,Example10,10,0,103.0,119.0,nan
ALNS-B,Example10,10,0,104.0,119.0,nan
ALNS-B,Example10,10,0,105.0,119.0,nan
ALNS-B,Example10,10,0,106.0,119.0,nan
ALNS-B,Example10,10,0,107.0,119.0,nan
ALNS-B,Example10,10,0,108.0,119.0,nan
ALNS-B,Example10,10,0,109.0,119.0,nan
ALNS-B,Example10,10,0,110.0,119.0,nan
ALNS-B,Example10,10,0,111.0,119.0,nan
ALNS-B,Example10,10,0,112.0,119.0,nan
ALNS-B,Example10,10,0,113.0,119.0,nan
ALNS-B,Example10,10,0,114.0,119.0,nan
ALNS-B,Example10,10,0,115.0,119.0,nan
ALNS-B,Example10,10,0,116.0,119.0,nan
ALNS-B,Example10,10,0,117.0,119.0,nan
ALNS-B,Example10,10,0,118.0,119.0,nan
ALNS-B,Example10,10,0,119.0,119.0,nan
ALNS-B,Example10,10,0,120.0,119.0,nan
ALNS-B,Example10,10,0,121.0,119.0,nan
ALNS-B,Example10,10,0,122.0,119.0,nan
ALNS-B,Example10,10,0,123.0,119.0,nan
ALNS-B,Example10,10,0,124.0,119.0,nan
ALNS-B,Example10,10,0,125.0,119.0,nan
ALNS-B,Example10,10,0,126.0,119.0,nan
ALNS-B,Example10,10,0,127.0,119.0,nan
ALNS-B,Example10,10,0,128.0,119.0,nan
ALNS-B,Example10,10,0,129.0,119.0,nan
ALNS-B,Example10,10,0,130.0,119.0,nan
ALNS-B,Example10,10,0,131.0,119.0,nan
ALNS-B,Example10,10,0,132.0,119.0,nan
ALNS-B,Example10,10,0,133.0,119.0,nan
ALNS-B,Example10,10,0,134.0,119.0,nan
ALNS-B,Example10,10,0,135.0,119.0,nan
ALNS-B,Example10,10,0,136.0,119.0,nan
ALNS-B,Example10,10,0,137.0,119.0,nan
ALNS-B,Example10,10,0,138.0,119.0,nan
ALNS-B,Example10,10,0,139.0,119.0,nan
ALNS-B,Example10,10,0,140.0,119.0,nan
ALNS-B,Example10,10,0,141.0,119.0,nan
ALNS-B,Example10,10,0,142.0,119.0,nan
ALNS-B,Example10,10,0,143.0,119.0,nan
ALNS-B,Example10,10,0,144.0,119.0,nan
ALNS-B,Example10,10,0,145.0,119.0,nan
ALNS-B,Example10,10,0,146.0,119.0,nan
ALNS-B,Example10,10,0,147.0,119.0,nan
ALNS-B,Example10,10,0,148.0,119.0,nan
ALNS-B,Example10,10,0,149.0,119.0,nan
ALNS-B,Example10,10,0,150.0,119.0,nan
ALNS-B,Example10,10,0,151.0,119.0,nan
ALNS-B,Example10,10,0,152.0,119.0,nan
ALNS-B,Example10,10,0,153.0,119.0,nan
ALNS-B,Example10,10,0,154.0,119.0,nan
ALNS-B,Example10,10,0,155.0,119.0,nan
ALNS-B,Example10,10,0,156.0,119.0,nan
ALNS-B,Example10,10,0,157.0,119.0,nan
ALNS-B,Example10,10,0,158.0,119.0,nan
ALNS-B,Example10,10,0,159.0,119.0,nan
ALNS-B,Example10,10,0,160.0,119.0,nan
ALNS-B,Example10,10,0,161.0,119.0,nan
ALNS-B,Example10,10,0,162.0,119.0,nan
ALNS-B,Example10,10,0,163.0,119.0,nan
ALNS-B,Example10,10,0,164.0,119.0,nan
ALNS-B,Example10,10,0,165.0,119.0,nan
ALNS-B,Example10,10,0,166.0,119.0,nan
ALNS-B,Example10,10,0,167.0,119.0,nan
ALNS-B,Example10,10,0,168.0,119.0,nan
ALNS-B,Example10,10,0,169.0,119.0,nan
ALNS-B,Example10,10,0,170.0,119.0,nan
ALNS-B,Example10,10,0,171.0,119.0,nan
ALNS-B,Example10,10,0,172.0,119.0,nan
ALNS-B,Example10,10,0,173.0,119.0,nan
ALNS-B,Example10,10,0,174.0,119.0,nan
ALNS-B,Example10,10,0,175.0,119.0,nan
ALNS-B,Example10,10,0,176.0,119.0,nan
ALNS-B,Example10,10,0,177.0,119.0,nan
ALNS-B,Example10,10,0,178.0,119.0,nan
ALNS-B,Example10,10,0,179.0,119.0,nan
ALNS-B,Example10,10,0,180.0,119.0,nan
ALNS-B,Example10,10,0,181.0,119.0,nan
ALNS-B,Example10,10,0,182.0,119.0,nan
ALNS-B,Example10,10,0,183.0,119.0,nan
ALNS-B,Example10,10,0,184.0,119.0,nan
ALNS-B,Example10,10,0,185.0,119.0,nan
ALNS-B,Example10,10,0,186.0,119.0,nan
ALNS-B,Example10,10,0,187.0,119.0,nan
ALNS-B,Example10,10,0,188.0,119.0,nan
ALNS-B,Example10,10,0,189.0,119.0,nan
ALNS-B,Example10,10,0,190.0,119.0,nan
ALNS-B,Example10,10,0,191.0,119.0,nan
ALNS-B,Example10,10,0,192.0,119.0,nan
ALNS-B,Example10,10,0,193.0,119.0,nan
ALNS-B,Example10,10,0,194.0,119.0,nan
ALNS-B,Example10,10,0,195.0,119.0,nan
ALNS-B,Example10,10,0,196.0,119.0,nan
ALNS-B,Example10,10,0,197.0,119.0,nan
ALNS-B,Example10,10,0,198.0,119.0,nan
ALNS-B,Example10,10,0,199.0,119.0,nan
ALNS-B,Example10,10,0,200.0,119.0,nan
ALNS-B,Example10,10,0,201.0,119.0,nan
ALNS-B,Example10,10,0,202.0,119.0,nan
ALNS-B,Example10,10,0,203.0,119.0,nan
ALNS-B,Example10,10,0,204.0,119.0,nan
ALNS-B,Example10,10,0,205.0,119.0,nan
ALNS-B,Example10,10,0,206.0,119.0,nan
ALNS-B,Example10,10,0,207.0,119.0,nan
ALNS-B,Example10,10,0,208.0,119.0,nan
ALNS-B,Example10,10,0,209.0,119.0,nan
ALNS-B,Example10,10,0,210.0,119.0,nan
ALNS-B,Example10,10,0,211.0,119.0,nan
ALNS-B,Example10,10,0,212.0,119.0,nan
ALNS-B,Example10,10,0,213.0,119.0,nan
ALNS-B,Example10,10,0,214.0,119.0,nan
ALNS-B,Example10,10,0,215.0,119.0,nan
ALNS-B,Example10,10,0,216.0,119.0,nan
ALNS-B,Example10,10,0,217.0,119.0,nan
ALNS-B,Example10,10,0,218.0,119.0,nan
ALNS-B,Example10,10,0,219.0,119.0,nan
ALNS-B,Example10,10,0,220.0,119.0,nan
ALNS-B,Example10,10,0,221.0,119.0,nan
ALNS-B,Example10,10,0,222.0,119.0,nan
ALNS-B,Example10,10,0,223.0,119.0,nan
ALNS-B,Example10,10,0,224.0,119.0,nan
ALNS-B,Example10,10,0,225.0,119.0,nan
ALNS-B,Example10,10,0,226.0,119.0,nan
ALNS-B,Example10,10,0,227.0,119.0,nan
ALNS-B,Example10,10,0,228.0,119.0,nan
ALNS-B,Example10,10,0,229.0,119.0,nan
ALNS-B,Example10,10,0,230.0,119.0,nan
ALNS-B,Example10,10,0,231.0,119.0,nan
ALNS-B,Example10,10,0,232.0,119.0,nan
ALNS-B,Example10,10,0,233.0,119.0,nan
ALNS-B,Example10,10,0,234.0,119.0,nan
ALNS-B,Example10,10,0,235.0,119.0,nan
ALNS-B,Example10,10,0,236.0,119.0,nan
ALNS-B,Example10,10,0,237.0,119.0,nan
ALNS-B,Example10,10,0,238.0,119.0,nan
ALNS-B,Example10,10,0,239.0,119.0,nan
ALNS-B,Example10,10,0,240.0,119.0,nan
ALNS-B,Example10,10,0,241.0,119.0,nan
ALNS-B,Example10,10,0,242.0,119.0,nan
ALNS-B,Example10,10,0,243.0,119.0,nan
ALNS-B,Example10,10,0,244.0,119.0,nan
ALNS-B,Example10,10,0,245.0,119.0,nan
ALNS-B,Example10,10,0,246.0,119.0,nan
ALNS-B,Example10,10,0,247.0,119.0,nan
ALNS-B,Example10,10,0,248.0,119.0,nan
ALNS-B,Example10,10,0,249.0,119.0,nan
ALNS-B,Example10,10,0,250.0,119.0,nan
ALNS-B,Example10,10,0,251.0,119.0,nan
ALNS-B,Example10,10,0,252.0,119.0,nan
ALNS-B,Example10,10,0,253.0,119.0,nan
ALNS-B,Example10,10,0,254.0,119.0,nan
ALNS-B,Example10,10,0,255.0,119.0,nan
ALNS-B,Example10,10,0,256.0,119.0,nan
ALNS-B,Example10,10,0,257.0,119.0,nan
ALNS-B,Example10,10,0,258.0,119.0,nan
ALNS-B,Example10,10,0,259.0,119.0,nan
ALNS-B,Example10,10,0,260.0,119.0,nan
ALNS-B,Example10,10,0,261.0,119.0,nan
ALNS-B,Example10,10,0,262.0,119.0,nan
ALNS-B,Example10,10,0,263.0,119.0,nan
ALNS-B,Example10,10,0,264.0,119.0,nan
ALNS-B,Example10,10,0,265.0,119.0,nan
ALNS-B,Example10,10,0,266.0,119.0,nan
ALNS-B,Example10,10,0,267.0,119.0,nan
ALNS-B,Example10,10,0,268.0,119.0,nan
ALNS-B,Example10,10,0,269.0,119.0,nan
ALNS-B,Example10,10,0,270.0,119.0,nan
ALNS-B,Example10,10,0,271.0,119.0,nan
ALNS-B,Example10,10,0,272.0,119.0,nan
ALNS-B,Example10,10,0,273.0,119.0,nan
ALNS-B,Example10,10,1,0.0,534.0,nan
ALNS-B,Example10,10,1,1.0,534.0,nan
ALNS-B,Example10,10,1,2.0,534.0,nan
ALNS-B,Example10,10,1,3.0,534.0,nan
ALNS-B,Example10,10,1,4.0,534.0,nan
ALNS-B,Example10,10,1,5.0,534.0,nan
ALNS-B,Example10,10,1,6.0,534.0,nan
ALNS-B,Example10,10,1,7.0,534.0,nan
ALNS-B,Example10,10,1,8.0,534.0,nan
ALNS-B,Example10,10,1,9.0,241.0,nan
ALNS-B,Example10,10,1,10.0,241.0,nan
ALNS-B,Example10,10,1,11.0,241.0,nan
ALNS-B,Example10,10,1,12.0,241.0,nan
ALNS-B,Example10,10,1,13.0,199.0,nan
ALNS-B,Example10,10,1,14.0,199.0,nan
ALNS-B,Example10,10,1,15.0,199.0,nan
ALNS-B,Example10,10,1,16.0,199.0,nan
ALNS-B,Example10,10,1,17.0,199.0,nan
ALNS-B,Example10,10,1,18.0,199.0,nan
ALNS-B,Example10,10,1,19.0,199.0,nan
ALNS-B,Example10,10,1,20.0,199.0,nan
ALNS-B,Example10,10,1,21.0,199.0,nan
ALNS-B,Example10,10,1,22.0,150.0,nan
ALNS-B,Example10,10,1,23.0,150.0,nan
ALNS-B,Example10,10,1,24.0,150.0,nan
ALNS-B,Example10,10,1,25.0,150.0,nan
ALNS-B,Example10,10,1,26.0,150.0,nan
ALNS-B,Example10,10,1,27.0,144.0,nan
ALNS-B,Example10,10,1,28.0,144.0,nan
ALNS-B,Example10,10,1,29.0,144.0,nan
ALNS-B,Example10,10,1,30.0,144.0,nan
ALNS-B,Example10,10,1,31.0,144.0,nan
ALNS-B,Example10,10,1,32.0,144.0,nan
ALNS-B,Example10,10,1,33.0,144.0,nan
ALNS-B,Example10,10,1,34.0,144.0,nan
ALNS-B,Example10,10,1,35.0,143.0,nan
ALNS-B,Example10,10,1,36.0,143.0,nan
ALNS-B,Example10,10,1,37.0,143.0,nan
ALNS-B,Example10,10,1,38.0,143.0,nan
ALNS-B,Example10,10,1,39.0,143.0,nan
ALNS-B,Example10,10,1,40.0,143.0,nan
ALNS-B,Example10,10,1,41.0,143.0,nan
ALNS-B,Example10,10,1,42.0,143.0,nan
ALNS-B,Example10,10,1,43.0,143.0,nan
ALNS-B,Example10,10,1,44.0,143.0,nan
ALNS-B,Example10,10,1,45.0,143.0,nan
ALNS-B,Example10,10,1,46.0,143.0,nan
ALNS-B,Example10,10,1,47.0,143.0,nan
ALNS-B,Example10,10,1,48.0,143.0,nan
ALNS-B,Example10,10,1,49.0,143.0,nan
ALNS-B,Example10,10,1,50.0,143.0,nan
ALNS-B,Example10,10,1,51.0,143.0,nan
ALNS-B,Example10,10,1,52.0,143.0,nan
ALNS-B,Example10,10,1,53.0,143.0,nan
ALNS-B,Example10,10,1,54.0,143.0,nan
ALNS-B,Example10,10,1,55.0,143.0,nan
ALNS-B,Example10,10,1,56.0,143.0,nan
ALNS-B,Example10,10,1,57.0,143.0,nan
ALNS-B,Example10,10,1,58.0,143.0,nan
ALNS-B,Example10,10,1,59.0,143.0,nan
ALNS-B,Example10,10,1,60.0,143.0,nan
ALNS-B,Example10,10,1,61.0,143.0,nan
ALNS-B,Example10,10,1,62.0,143.0,nan
ALNS-B,Example10,10,1,63.0,143.0,nan
ALNS-B,Example10,10,1,64.0,143.0,nan
ALNS-B,Example10,10,1,65.0,143.0,nan
ALNS-B,Example10,10,1,66.0,143.0,nan
ALNS-B,Example10,10,1,67.0,143.0,nan
ALNS-B,Example10,10,1,68.0,143.0,nan
ALNS-B,Example10,10,1,69.0,143.0,nan
ALNS-B,Example10,10,1,70.0,143.0,nan
ALNS-B,Example10,10,1,71.0,93.0,nan
ALNS-B,Example10,10,1,72.0,93.0,nan
ALNS-B,Example10,10,1,73.0,93.0,nan
ALNS-B,Example10,10,1,74.0,93.0,nan
ALNS-B,Example10,10,1,75.0,93.0,nan
ALNS-B,Example10,10,1,76.0,93.0,nan
ALNS-B,Example10,10,1,77.0,93.0,nan
ALNS-B,Example10,10,1,78.0,93.0,nan
ALNS-B,Example10,10,1,79.0,93.0,nan
ALNS-B,Example10,10,1,80.0,93.0,nan
ALNS-B,Example10,10,1,81.0,93.0,nan
ALNS-B,Example10,10,1,82.0,93.0,nan
ALNS-B,Example10,10,1,83.0,93.0,nan
ALNS-B,Example10,10,1,84.0,93.0,nan
ALNS-B,Example10,10,1,85.0,93.0,nan
ALNS-B,Example10,10,1,86.0,93.0,nan
ALNS-B,Example10,10,1,87.0,93.0,nan
ALNS-B,Example10,10,1,88.0,93.0,nan
ALNS-B,Example10,10,1,89.0,93.0,nan
ALNS-B,Example10,10,1,90.0,93.0,nan
ALNS-B,Example10,10,1,91.0,93.0,nan
ALNS-B,Example10,10,1,92.0,93.0,nan
ALNS-B,Example10,10,1,93.0,93.0,nan
ALNS-B,Example10,10,1,94.0,93.0,nan
ALNS-B,Example10,10,1,95.0,93.0,nan
ALNS-B,Example10,10,1,96.0,93.0,nan
ALNS-B,Example10,10,1,97.0,93.0,nan
ALNS-B,Example10,10,1,98.0,93.0,nan
ALNS-B,Example10,10,1,99.0,93.0,nan
ALNS-B,Example10,10,1,100.0,93.0,nan
ALNS-B,Example10,10,1,101.0,93.0,nan
ALNS-B,Example10,10,1,102.0,93.0,nan
ALNS-B,Example10,10,1,103.0,93.0,nan
ALNS-B,Example10,10,1,104.0,93.0,nan
ALNS-B,Example10,10,1,105.0,93.0,nan
ALNS-B,Example10,10,1,106.0,93.0,nan
ALNS-B,Example10,10,1,107.0,93.0,nan
ALNS-B,Example10,10,1,108.0,93.0,nan
ALNS-B,Example10,10,1,109.0,93.0,nan
ALNS-B,Example10,10,1,110.0,93.0,nan
ALNS-B,Example10,10,1,111.0,93.0,nan
ALNS-B,Example10,10,1,112.0,93.0,nan
ALNS-B,Example10,10,1,113.0,93.0,nan
ALNS-B,Example10,10,1,114.0,93.0,nan
ALNS-B,Example10,10,1,115.0,93.0,nan
ALNS-B,Example10,10,1,116.0,93.0,nan
ALNS-B,Example10,10,1,117.0,93.0,nan
ALNS-B,Example10,10,1,118.0,93.0,nan
ALNS-B,Example10,10,1,119.0,93.0,nan
ALNS-B,Example10,10,1,120.0,93.0,nan
ALNS-B,Example10,10,1,121.0,93.0,nan
ALNS-B,Example10,10,1,122.0,93.0,nan
ALNS-B,Example10,10,1,123.0,93.0,nan
ALNS-B,Example10,10,1,124.0,93.0,nan
ALNS-B,Example10,10,1,125.0,93.0,nan
ALNS-B,Example10,10,1,126.0,93.0,nan
ALNS-B,Example10,10,1,127.0,93.0,nan
ALNS-B,Example10,10,1,128.0,93.0,nan
ALNS-B,Example10,10,1,129.0,93.0,nan
ALNS-B,Example10,10,1,130.0,93.0,nan
ALNS-B,Example10,10,1,131.0,93.0,nan
ALNS-B,Example10,10,1,132.0,93.0,nan
ALNS-B,Example10,10,1,133.0,93.0,nan
ALNS-B,Example10,10,1,134.0,93.0,nan
ALNS-B,Example10,10,1,135.0,93.0,nan
ALNS-B,Example10,10,1,136.0,93.0,nan
ALNS-B,Example10,10,1,137.0,93.0,nan
ALNS-B,Example10,10,1,138.0,93.0,nan
ALNS-B,Example10,10,1,139.0,93.0,nan
ALNS-B,Example10,10,1,140.0,93.0,nan
ALNS-B,Example10,10,1,141.0,93.0,nan
ALNS-B,Example10,10,1,142.0,93.0,nan
ALNS-B,Example10,10,1,143.0,93.0,nan
ALNS-B,Example10,10,1,144.0,93.0,nan
ALNS-B,Example10,10,1,145.0,93.0,nan
ALNS-B,Example10,10,1,146.0,93.0,nan
ALNS-B,Example10,10,1,147.0,93.0,nan
ALNS-B,Example10,10,1,148.0,93.0,nan
ALNS-B,Example10,10,1,149.0,93.0,nan
ALNS-B,Example10,10,1,150.0,93.0,nan
ALNS-B,Example10,10,1,151.0,93.0,nan
ALNS-B,Example10,10,1,152.0,93.0,nan
ALNS-B,Example10,10,1,153.0,93.0,nan
ALNS-B,Example10,10,1,154.0,93.0,nan
ALNS-B,Example10,10,1,155.0,93.0,nan
ALNS-B,Example10,10,1,156.0,93.0,nan
ALNS-B,Example10,10,1,157.0,93.0,nan
ALNS-B,Example10,10,1,158.0,93.0,nan
ALNS-B,Example10,10,1,159.0,93.0,nan
ALNS-B,Example10,10,1,160.0,93.0,nan
ALNS-B,Example10,10,1,161.0,93.0,nan
ALNS-B,Example10,10,1,162.0,93.0,nan
ALNS-B,Example10,10,1,163.0,93.0,nan
ALNS-B,Example10,10,1,164.0,93.0,nan
ALNS-B,Example10,10,1,165.0,93.0,nan
ALNS-B,Example10,10,1,166.0,93.0,nan
ALNS-B,Example10,10,1,167.0,93.0,nan
ALNS-B,Example10,10,1,168.0,93.0,nan
ALNS-B,Example10,10,1,169.0,93.0,nan
ALNS-B,Example10,10,1,170.0,93.0,nan
ALNS-B,Example10,10,1,171.0,93.0,nan
ALNS-B,Example10,10,1,172.0,93.0,nan
ALNS-B,Example10,10,1,173.0,93.0,nan
ALNS-B,Example10,10,1,174.0,93.0,nan
ALNS-B,Example10,10,1,175.0,93.0,nan
ALNS-B,Example10,10,1,176.0,93.0,nan
ALNS-B,Example10,10,1,177.0,93.0,nan
ALNS-B,Example10,10,1,178.0,93.0,nan
ALNS-B,Example10,10,1,179.0,93.0,nan
ALNS-B,Example10,10,1,180.0,93.0,nan
ALNS-B,Example10,10,1,181.0,93.0,nan
ALNS-B,Example10,10,1,182.0,93.0,nan
ALNS-B,Example10,10,1,183.0,93.0,nan
ALNS-B,Example10,10,1,184.0,93.0,nan
ALNS-B,Example10,10,1,185.0,93.0,nan
ALNS-B,Example10,10,1,186.0,93.0,nan
ALNS-B,Example10,10,1,187.0,93.0,nan
ALNS-B,Example10,10,1,188.0,93.0,nan
ALNS-B,Example10,10,1,189.0,93.0,nan
ALNS-B,Example10,10,1,190.0,93.0,nan
ALNS-B,Example10,10,1,191.0,93.0,nan
ALNS-B,Example10,10,1,192.0,93.0,nan
ALNS-B,Example10,10,1,193.0,93.0,nan
ALNS-B,Example10,10,1,194.0,93.0,nan
ALNS-B,Example10,10,1,195.0,93.0,nan
ALNS-B,Example10,10,1,196.0,93.0,nan
ALNS-B,Example10,10,1,197.0,93.0,nan
ALNS-B,Example10,10,1,198.0,93.0,nan
ALNS-B,Example10,10,1,199.0,93.0,nan
ALNS-B,Example10,10,1,200.0,93.0,nan
ALNS-B,Example10,10,1,201.0,93.0,nan
ALNS-B,Example10,10,1,202.0,93.0,nan
ALNS-B,Example10,10,1,203.0,93.0,nan
ALNS-B,Example10,10,1,204.0,93.0,nan
ALNS-B,Example10,10,1,205.0,93.0,nan
ALNS-B,Example10,10,1,206.0,93.0,nan
ALNS-B,Example10,10,1,207.0,93.0,nan
ALNS-B,Example10,10,1,208.0,93.0,nan
ALNS-B,Example10,10,1,209.0,93.0,nan
ALNS-B,Example10,10,1,210.0,93.0,nan
ALNS-B,Example10,10,1,211.0,93.0,nan
ALNS-B,Example10,10,1,212.0,93.0,nan
ALNS-B,Example10,10,1,213.0,93.0,nan
ALNS-B,Example10,10,1,214.0,93.0,nan
ALNS-B,Example10,10,1,215.0,93.0,nan
ALNS-B,Example10,10,1,216.0,93.0,nan
ALNS-B,Example10,10,1,217.0,93.0,nan
ALNS-B,Example10,10,1,218.0,93.0,nan
ALNS-B,Example10,10,1,219.0,93.0,nan
ALNS-B,Example10,10,1,220.0,93.0,nan
ALNS-B,Example10,10,1,221.0,93.0,nan
ALNS-B,Example10,10,1,222.0,93.0,nan
ALNS-B,Example10,10,1,223.0,93.0,nan
ALNS-B,Example10,10,1,224.0,93.0,nan
ALNS-B,Example10,10,1,225.0,93.0,nan
ALNS-B,Example10,10,1,226.0,93.0,nan
ALNS-B,Example10,10,1,227.0,93.0,nan
ALNS-B,Example10,10,1,228.0,93.0,nan
ALNS-B,Example10,10,1,229.0,93.0,nan
ALNS-B,Example10,10,1,230.0,93.0,nan
ALNS-B,Example10,10,1,231.0,93.0,nan
ALNS-B,Example10,10,1,232.0,93.0,nan
ALNS-B,Example10,10,1,233.0,93.0,nan
ALNS-B,Example10,10,1,234.0,93.0,nan
ALNS-B,Example10,10,1,235.0,93.0,nan
ALNS-B,Example10,10,1,236.0,93.0,nan
ALNS-B,Example10,10,1,237.0,93.0,nan
ALNS-B,Example10,10,1,238.0,93.0,nan
ALNS-B,Example10,10,1,239.0,93.0,nan
ALNS-B,Example10,10,1,240.0,93.0,nan
ALNS-B,Example10,10,1,241.0,93.0,nan
ALNS-B,Example10,10,1,242.0,93.0,nan
ALNS-B,Example10,10,1,243.0,93.0,nan
ALNS-B,Example10,10,1,244.0,93.0,nan
ALNS-B,Example10,10,1,245.0,93.0,nan
ALNS-B,Example10,10,1,246.0,93.0,nan
ALNS-B,Example10,10,1,247.0,93.0,nan
ALNS-B,Example10,10,1,248.0,93.0,nan
ALNS-B,Example10,10,1,249.0,93.0,nan
ALNS-B,Example10,10,1,250.0,93.0,nan
ALNS-B,Example10,10,1,251.0,93.0,nan
ALNS-B,Example10,10,1,252.0,93.0,nan
ALNS-B,Example10,10,1,253.0,93.0,nan
ALNS-B,Example10,10,1,254.0,93.0,nan
ALNS-B,Example10,10,1,255.0,93.0,nan
ALNS-B,Example10,10,1,256.0,93.0,nan
ALNS-B,Example10,10,1,257.0,93.0,nan
ALNS-B,Example10,10,1,258.0,93.0,nan
ALNS-B,Example10,10,1,259.0,93.0,nan
ALNS-B,Example10,10,1,260.0,93.0,nan
ALNS-B,Example10,10,1,261.0,93.0,nan
ALNS-B,Example10,10,1,262.0,93.0,nan
ALNS-B,Example10,10,1,263.0,93.0,nan
ALNS-B,Example10,10,1,264.0,93.0,nan
ALNS-B,Example10,10,1,265.0,93.0,nan
ALNS-B,Example10,10,1,266.0,93.0,nan
ALNS-B,Example10,10,1,267.0,93.0,nan
ALNS-B,Example10,10,1,268.0,93.0,nan
ALNS-B,Example10,10,1,269.0,93.0,nan
ALNS-B,Example10,10,1,270.0,93.0,nan
ALNS-B,Example10,10,1,271.0,93.0,nan
ALNS-B,Example10,10,1,272.0,93.0,nan
ALNS-B,Example10,10,1,273.0,93.0,nan
ALNS-B,Example10,10,2,0.0,543.0,nan
ALNS-B,Example10,10,2,1.0,543.0,nan
ALNS-B,Example10,10,2,2.0,543.0,nan
ALNS-B,Example10,10,2,3.0,543.0,nan
ALNS-B,Example10,10,2,4.0,543.0,nan
ALNS-B,Example10,10,2,5.0,543.0,nan
ALNS-B,Example10,10,2,6.0,543.0,nan
ALNS-B,Example10,10,2,7.0,531.0,nan
ALNS-B,Example10,10,2,8.0,531.0,nan
ALNS-B,Example10,10,2,9.0,531.0,nan
ALNS-B,Example10,10,2,10.0,531.0,nan
ALNS-B,Example10,10,2,11.0,92.0,nan
ALNS-B,Example10,10,2,12.0,44.0,nan
ALNS-B,Example10,10,2,13.0,44.0,nan
ALNS-B,Example10,10,2,14.0,44.0,nan
ALNS-B,Example10,10,2,15.0,44.0,nan
ALNS-B,Example10,10,2,16.0,44.0,nan
ALNS-B,Example10,10,2,17.0,44.0,nan
ALNS-B,Example10,10,2,18.0,44.0,nan
ALNS-B,Example10,10,2,19.0,44.0,nan
ALNS-B,Example10,10,2,20.0,44.0,nan
ALNS-B,Example10,10,2,21.0,44.0,nan
ALNS-B,Example10,10,2,22.0,44.0,nan
ALNS-B,Example10,10,2,23.0,44.0,nan
ALNS-B,Example10,10,2,24.0,44.0,nan
ALNS-B,Example10,10,2,25.0,44.0,nan
ALNS-B,Example10,10,2,26.0,44.0,nan
ALNS-B,Example10,10,2,27.0,44.0,nan
ALNS-B,Example10,10,2,28.0,44.0,nan
ALNS-B,Example10,10,2,29.0,44.0,nan
ALNS-B,Example10,10,2,30.0,44.0,nan
ALNS-B,Example10,10,2,31.0,43.0,nan
ALNS-B,Example10,10,2,32.0,29.0,nan
ALNS-B,Example10,10,2,33.0,29.0,nan
ALNS-B,Example10,10,2,34.0,29.0,nan
ALNS-B,Example10,10,2,35.0,29.0,nan
ALNS-B,Example10,10,2,36.0,27.0,nan
ALNS-B,Example10,10,2,37.0,27.0,nan
ALNS-B,Example10,10,2,38.0,27.0,nan
ALNS-B,Example10,10,2,39.0,27.0,nan
ALNS-B,Example10,10,2,40.0,27.0,nan
ALNS-B,Example10,10,2,41.0,27.0,nan
ALNS-B,Example10,10,2,42.0,27.0,nan
ALNS-B,Example10,10,2,43.0,27.0,nan
ALNS-B,Example10,10,2,44.0,27.0,nan
ALNS-B,Example10,10,2,45.0,27.0,nan
ALNS-B,Example10,10,2,46.0,27.0,nan
ALNS-B,Example10,10,2,47.0,27.0,nan
ALNS-B,Example10,10,2,48.0,27.0,nan
ALNS-B,Example10,10,2,49.0,27.0,nan
ALNS-B,Example10,10,2,50.0,27.0,nan
ALNS-B,Example10,10,2,51.0,27.0,nan
ALNS-B,Example10,10,2,52.0,27.0,nan
ALNS-B,Example10,10,2,53.0,27.0,nan
ALNS-B,Example10,10,2,54.0,27.0,nan
ALNS-B,Example10,10,2,55.0,27.0,nan
ALNS-B,Example10,10,2,56.0,27.0,nan
ALNS-B,Example10,10,2,57.0,27.0,nan
ALNS-B,Example10,10,2,58.0,27.0,nan
ALNS-B,Example10,10,2,59.0,27.0,nan
ALNS-B,Example10,10,2,60.0,27.0,nan
ALNS-B,Example10,10,2,61.0,27.0,nan
ALNS-B,Example10,10,2,62.0,27.0,nan
ALNS-B,Example10,10,2,63.0,27.0,nan
ALNS-B,Example10,10,2,64.0,27.0,nan
ALNS-B,Example10,10,2,65.0,27.0,nan
ALNS-B,Example10,10,2,66.0,27.0,nan
ALNS-B,Example10,10,2,67.0,27.0,nan
ALNS-B,Example10,10,2,68.0,27.0,nan
ALNS-B,Example10,10,2,69.0,27.0,nan
ALNS-B,Example10,10,2,70.0,27.0,nan
ALNS-B,Example10,10,2,71.0,27.0,nan
ALNS-B,Example10,10,2,72.0,27.0,nan
ALNS-B,Example10,10,2,73.0,27.0,nan
ALNS-B,Example10,10,2,74.0,27.0,nan
ALNS-B,Example10,10,2,75.0,27.0,nan
ALNS-B,Example10,10,2,76.0,27.0,nan
ALNS-B,Example10,10,2,77.0,27.0,nan
ALNS-B,Example10,10,2,78.0,27.0,nan
ALNS-B,Example10,10,2,79.0,27.0,nan
ALNS-B,Example10,10,2,80.0,27.0,nan
ALNS-B,Example10,10,2,81.0,27.0,nan
ALNS-B,Example10,10,2,82.0,27.0,nan
ALNS-B,Example10,10,2,83.0,27.0,nan
ALNS-B,Example10,10,2,84.0,27.0,nan
ALNS-B,Example10,10,2,85.0,27.0,nan
ALNS-B,Example10,10,2,86.0,27.0,nan
ALNS-B,Example10,10,2,87.0,27.0,nan
ALNS-B,Example10,10,2,88.0,27.0,nan
ALNS-B,Example10,10,2,89.0,27.0,nan
ALNS-B,Example10,10,2,90.0,27.0,nan
ALNS-B,Example10,10,2,91.0,27.0,nan
ALNS-B,Example10,10,2,92.0,27.0,nan
ALNS-B,Example10,10,2,93.0,27.0,nan
ALNS-B,Example10,10,2,94.0,27.0,nan
ALNS-B,Example10,10,2,95.0,27.0,nan
ALNS-B,Example10,10,2,96.0,27.0,nan
ALNS-B,Example10,10,2,97.0,27.0,nan
ALNS-B,Example10,10,2,98.0,27.0,nan
ALNS-B,Example10,10,2,99.0,27.0,nan
ALNS-B,Example10,10,2,100.0,27.0,nan
ALNS-B,Example10,10,2,101.0,27.0,nan
ALNS-B,Example10,10,2,102.0,27.0,nan
ALNS-B,Example10,10,2,103.0,27.0,nan
ALNS-B,Example10,10,2,104.0,27.0,nan
ALNS-B,Example10,10,2,105.0,27.0,nan
ALNS-B,Example10,10,2,106.0,27.0,nan
ALNS-B,Example10,10,2,107.0,27.0,nan
ALNS-B,Example10,10,2,108.0,27.0,nan
ALNS-B,Example10,10,2,109.0,27.0,nan
ALNS-B,Example10,10,2,110.0,27.0,nan
ALNS-B,Example10,10,2,111.0,27.0,nan
ALNS-B,Example10,10,2,112.0,27.0,nan
ALNS-B,Example10,10,2,113.0,27.0,nan
ALNS-B,Example10,10,2,114.0,27.0,nan
ALNS-B,Example10,10,2,115.0,27.0,nan
ALNS-B,Example10,10,2,116.0,27.0,nan
ALNS-B,Example10,10,2,117.0,27.0,nan
ALNS-B,Example10,10,2,118.0,27.0,nan
ALNS-B,Example10,10,2,119.0,27.0,nan
ALNS-B,Example10,10,2,120.0,27.0,nan
ALNS-B,Example10,10,2,121.0,27.0,nan
ALNS-B,Example10,10,2,122.0,27.0,nan
ALNS-B,Example10,10,2,123.0,27.0,nan
ALNS-B,Example10,10,2,124.0,27.0,nan
ALNS-B,Example10,10,2,125.0,27.0,nan
ALNS-B,Example10,10,2,126.0,27.0,nan
ALNS-B,Example10,10,2,127.0,27.0,nan
ALNS-B,Example10,10,2,128.0,27.0,nan
ALNS-B,Example10,10,2,129.0,27.0,nan
ALNS-B,Example10,10,2,130.0,27.0,nan
ALNS-B,Example10,10,2,131.0,27.0,nan
ALNS-B,Example10,10,2,132.0,27.0,nan
ALNS-B,Example10,10,2,133.0,27.0,nan
ALNS-B,Example10,10,2,134.0,27.0,nan
ALNS-B,Example10,10,2,135.0,27.0,nan
ALNS-B,Example10,10,2,136.0,27.0,nan
ALNS-B,Example10,10,2,137.0,27.0,nan
ALNS-B,Example10,10,2,138.0,27.0,nan
ALNS-B,Example10,10,2,139.0,27.0,nan
ALNS-B,Example10,10,2,140.0,27.0,nan
ALNS-B,Example10,10,2,141.0,27.0,nan
ALNS-B,Example10,10,2,142.0,27.0,nan
ALNS-B,Example10,10,2,143.0,27.0,nan
ALNS-B,Example10,10,2,144.0,27.0,nan
ALNS-B,Example10,10,2,145.0,27.0,nan
ALNS-B,Example10,10,2,146.0,27.0,nan
ALNS-B,Example10,10,2,147.0,27.0,nan
ALNS-B,Example10,10,2,148.0,27.0,nan
ALNS-B,Example10,10,2,149.0,27.0,nan
ALNS-B,Example10,10,2,150.0,27.0,nan
ALNS-B,Example10,10,2,151.0,27.0,nan
ALNS-B,Example10,10,2,152.0,27.0,nan
ALNS-B,Example10,10,2,153.0,27.0,nan
ALNS-B,Example10,10,2,154.0,27.0,nan
ALNS-B,Example10,10,2,155.0,27.0,nan
ALNS-B,Example10,10,2,156.0,27.0,nan
ALNS-B,Example10,10,2,157.0,27.0,nan
ALNS-B,Example10,10,2,158.0,27.0,nan
ALNS-B,Example10,10,2,159.0,27.0,nan
ALNS-B,Example10,10,2,160.0,27.0,nan
ALNS-B,Example10,10,2,161.0,27.0,nan
ALNS-B,Example10,10,2,162.0,27.0,nan
ALNS-B,Example10,10,2,163.0,27.0,nan
ALNS-B,Example10,10,2,164.0,27.0,nan
ALNS-B,Example10,10,2,165.0,27.0,nan
ALNS-B,Example10,10,2,166.0,27.0,nan
ALNS-B,Example10,10,2,167.0,27.0,nan
ALNS-B,Example10,10,2,168.0,27.0,nan
ALNS-B,Example10,10,2,169.0,27.0,nan
ALNS-B,Example10,10,2,170.0,27.0,nan
ALNS-B,Example10,10,2,171.0,27.0,nan
ALNS-B,Example10,10,2,172.0,27.0,nan
ALNS-B,Example10,10,2,173.0,27.0,nan
ALNS-B,Example10,10,2,174.0,27.0,nan
ALNS-B,Example10,10,2,175.0,27.0,nan
ALNS-B,Example10,10,2,176.0,27.0,nan
ALNS-B,Example10,10,2,177.0,27.0,nan
ALNS-B,Example10,10,2,178.0,27.0,nan
ALNS-B,Example10,10,2,179.0,27.0,nan
ALNS-B,Example10,10,2,180.0,27.0,nan
ALNS-B,Example10,10,2,181.0,27.0,nan
ALNS-B,Example10,10,2,182.0,27.0,nan
ALNS-B,Example10,10,2,183.0,27.0,nan
ALNS-B,Example10,10,2,184.0,27.0,nan
ALNS-B,Example10,10,2,185.0,27.0,nan
ALNS-B,Example10,10,2,186.0,27.0,nan
ALNS-B,Example10,10,2,187.0,27.0,nan
ALNS-B,Example10,10,2,188.0,27.0,nan
ALNS-B,Example10,10,2,189.0,27.0,nan
ALNS-B,Example10,10,2,190.0,27.0,nan
ALNS-B,Example10,10,2,191.0,27.0,nan
ALNS-B,Example10,10,2,192.0,27.0,nan
ALNS-B,Example10,10,2,193.0,27.0,nan
ALNS-B,Example10,10,2,194.0,27.0,nan
ALNS-B,Example10,10,2,195.0,27.0,nan
ALNS-B,Example10,10,2,196.0,27.0,nan
ALNS-B,Example10,10,2,197.0,27.0,nan
ALNS-B,Example10,10,2,198.0,27.0,nan
ALNS-B,Example10,10,2,199.0,27.0,nan
ALNS-B,Example10,10,2,200.0,27.0,nan
ALNS-B,Example10,10,2,201.0,27.0,nan
ALNS-B,Example10,10,2,202.0,27.0,nan
ALNS-B,Example10,10,2,203.0,27.0,nan
ALNS-B,Example10,10,2,204.0,27.0,nan
ALNS-B,Example10,10,2,205.0,27.0,nan
ALNS-B,Example10,10,2,206.0,27.0,nan
ALNS-B,Example10,10,2,207.0,27.0,nan
ALNS-B,Example10,10,2,208.0,27.0,nan
ALNS-B,Example10,10,2,209.0,27.0,nan
ALNS-B,Example10,10,2,210.0,27.0,nan
ALNS-B,Example10,10,2,211.0,27.0,nan
ALNS-B,Example10,10,2,212.0,27.0,nan
ALNS-B,Example10,10,2,213.0,27.0,nan
ALNS-B,Example10,10,2,214.0,27.0,nan
ALNS-B,Example10,10,2,215.0,27.0,nan
ALNS-B,Example10,10,2,216.0,27.0,nan
ALNS-B,Example10,10,2,217.0,27.0,nan
ALNS-B,Example10,10,2,218.0,27.0,nan
ALNS-B,Example10,10,2,219.0,27.0,nan
ALNS-B,Example10,10,2,220.0,27.0,nan
ALNS-B,Example10,10,2,221.0,27.0,nan
ALNS-B,Example10,10,2,222.0,27.0,nan
ALNS-B,Example10,10,2,223.0,27.0,nan
ALNS-B,Example10,10,2,224.0,27.0,nan
ALNS-B,Example10,10,2,225.0,27.0,nan
ALNS-B,Example10,10,2,226.0,27.0,nan
ALNS-B,Example10,10,2,227.0,27.0,nan
ALNS-B,Example10,10,2,228.0,27.0,nan
ALNS-B,Example10,10,2,229.0,27.0,nan
ALNS-B,Example10,10,2,230.0,27.0,nan
ALNS-B,Example10,10,2,231.0,27.0,nan
ALNS-B,Example10,10,2,232.0,27.0,nan
ALNS-B,Example10,10,2,233.0,27.0,nan
ALNS-B,Example10,10,2,234.0,27.0,nan
ALNS-B,Example10,10,2,235.0,27.0,nan
ALNS-B,Example10,10,2,236.0,27.0,nan
ALNS-B,Example10,10,2,237.0,27.0,nan
ALNS-B,Example10,10,2,238.0,27.0,nan
ALNS-B,Example10,10,2,239.0,27.0,nan
ALNS-B,Example10,10,2,240.0,27.0,nan
ALNS-B,Example10,10,2,241.0,27.0,nan
ALNS-B,Example10,10,2,242.0,27.0,nan
ALNS-B,Example10,10,2,243.0,27.0,nan
ALNS-B,Example10,10,2,244.0,27.0,nan
ALNS-B,Example10,10,2,245.0,27.0,nan
ALNS-B,Example10,10,2,246.0,27.0,nan
ALNS-B,Example10,10,2,247.0,27.0,nan
ALNS-B,Example10,10,2,248.0,27.0,nan
ALNS-B,Example10,10,2,249.0,27.0,nan
ALNS-B,Example10,10,2,250.0,27.0,nan
ALNS-B,Example10,10,2,251.0,27.0,nan
ALNS-B,Example10,10,2,252.0,27.0,nan
ALNS-B,Example10,10,2,253.0,27.0,nan
ALNS-B,Example10,10,2,254.0,27.0,nan
ALNS-B,Example10,10,2,255.0,27.0,nan
ALNS-B,Example10,10,2,256.0,27.0,nan
ALNS-B,Example10,10,2,257.0,27.0,nan
ALNS-B,Example10,10,2,258.0,27.0,nan
ALNS-B,Example10,10,2,259.0,27.0,nan
ALNS-B,Example10,10,2,260.0,27.0,nan
ALNS-B,Example10,10,2,261.0,27.0,nan
ALNS-B,Example10,10,2,262.0,27.0,nan
ALNS-B,Example10,10,2,263.0,27.0,nan
ALNS-B,Example10,10,2,264.0,27.0,nan
ALNS-B,Example10,10,2,265.0,27.0,nan
ALNS-B,Example10,10,2,266.0,27.0,nan
ALNS-B,Example10,10,2,267.0,27.0,nan
ALNS-B,Example10,10,2,268.0,27.0,nan
ALNS-B,Example10,10,2,269.0,27.0,nan
ALNS-B,Example10,10,2,270.0,27.0,nan
ALNS-B,Example10,10,2,271.0,27.0,nan
ALNS-B,Example10,10,2,272.0,27.0,nan
ALNS-B,Example10,10,2,273.0,27.0,nan
ALNS-B,Example11,11,0,0.0,1105.0,nan
ALNS-B,Example11,11,0,1.0,1105.0,nan
ALNS-B,Example11,11,0,2.0,1105.0,nan
ALNS-B,Example11,11,0,3.0,1105.0,nan
ALNS-B,Example11,11,0,4.0,1105.0,nan
ALNS-B,Example11,11,0,5.0,1105.0,nan
ALNS-B,Example11,11,0,6.0,1105.0,nan
ALNS-B,Example11,11,0,7.0,1105.0,nan
ALNS-B,Example11,11,0,8.0,1105.0,nan
ALNS-B,Example11,11,0,9.0,1105.0,nan
ALNS-B,Example11,11,0,10.0,1105.0,nan
ALNS-B,Example11,11,0,11.0,1105.0,nan
ALNS-B,Example11,11,0,12.0,1105.0,nan
ALNS-B,Example11,11,0,13.0,1105.0,nan
ALNS-B,Example11,11,0,14.0,1105.0,nan
ALNS-B,Example11,11,0,15.0,1105.0,nan
ALNS-B,Example11,11,0,16.0,1105.0,nan
ALNS-B,Example11,11,0,17.0,1105.0,nan
ALNS-B,Example11,11,0,18.0,1105.0,nan
ALNS-B,Example11,11,0,19.0,1105.0,nan
ALNS-B,Example11,11,0,20.0,1105.0,nan
ALNS-B,Example11,11,0,21.0,151.0,nan
ALNS-B,Example11,11,0,22.0,151.0,nan
ALNS-B,Example11,11,0,23.0,151.0,nan
ALNS-B,Example11,11,0,24.0,151.0,nan
ALNS-B,Example11,11,0,25.0,151.0,nan
ALNS-B,Example11,11,0,26.0,151.0,nan
ALNS-B,Example11,11,0,27.0,151.0,nan
ALNS-B,Example11,11,0,28.0,151.0,nan
ALNS-B,Example11,11,0,29.0,151.0,nan
ALNS-B,Example11,11,0,30.0,151.0,nan
ALNS-B,Example11,11,0,31.0,151.0,nan
ALNS-B,Example11,11,0,32.0,151.0,nan
ALNS-B,Example11,11,0,33.0,151.0,nan
ALNS-B,Example11,11,0,34.0,151.0,nan
ALNS-B,Example11,11,0,35.0,151.0,nan
ALNS-B,Example11,11,0,36.0,151.0,nan
ALNS-B,Example11,11,0,37.0,151.0,nan
ALNS-B,Example11,11,0,38.0,149.0,nan
ALNS-B,Example11,11,0,39.0,149.0,nan
ALNS-B,Example11,11,0,40.0,149.0,nan
ALNS-B,Example11,11,0,41.0,149.0,nan
ALNS-B,Example11,11,0,42.0,149.0,nan
ALNS-B,Example11,11,0,43.0,149.0,nan
ALNS-B,Example11,11,0,44.0,149.0,nan
ALNS-B,Example11,11,0,45.0,149.0,nan
ALNS-B,Example11,11,0,46.0,149.0,nan
ALNS-B,Example11,11,0,47.0,149.0,nan
ALNS-B,Example11,11,0,48.0,149.0,nan
ALNS-B,Example11,11,0,49.0,149.0,nan
ALNS-B,Example11,11,0,50.0,149.0,nan
ALNS-B,Example11,11,0,51.0,149.0,nan
ALNS-B,Example11,11,0,52.0,149.0,nan
ALNS-B,Example11,11,0,53.0,149.0,nan
ALNS-B,Example11,11,0,54.0,149.0,nan
ALNS-B,Example11,11,0,55.0,149.0,nan
ALNS-B,Example11,11,0,56.0,149.0,nan
ALNS-B,Example11,11,0,57.0,149.0,nan
ALNS-B,Example11,11,0,58.0,149.0,nan
ALNS-B,Example11,11,0,59.0,149.0,nan
ALNS-B,Example11,11,0,60.0,149.0,nan
ALNS-B,Example11,11,0,61.0,101.0,nan
ALNS-B,Example11,11,0,62.0,101.0,nan
ALNS-B,Example11,11,0,63.0,101.0,nan
ALNS-B,Example11,11,0,64.0,101.0,nan
ALNS-B,Example11,11,0,65.0,101.0,nan
ALNS-B,Example11,11,0,66.0,101.0,nan
ALNS-B,Example11,11,0,67.0,85.0,nan
ALNS-B,Example11,11,0,68.0,85.0,nan
ALNS-B,Example11,11,0,69.0,85.0,nan
ALNS-B,Example11,11,0,70.0,85.0,nan
ALNS-B,Example11,11,0,71.0,85.0,nan
ALNS-B,Example11,11,0,72.0,82.0,nan
ALNS-B,Example11,11,0,73.0,82.0,nan
ALNS-B,Example11,11,0,74.0,82.0,nan
ALNS-B,Example11,11,0,75.0,82.0,nan
ALNS-B,Example11,11,0,76.0,82.0,nan
ALNS-B,Example11,11,0,77.0,82.0,nan
ALNS-B,Example11,11,0,78.0,82.0,nan
ALNS-B,Example11,11,0,79.0,82.0,nan
ALNS-B,Example11,11,0,80.0,82.0,nan
ALNS-B,Example11,11,0,81.0,82.0,nan
ALNS-B,Example11,11,0,82.0,82.0,nan
ALNS-B,Example11,11,0,83.0,82.0,nan
ALNS-B,Example11,11,0,84.0,82.0,nan
ALNS-B,Example11,11,0,85.0,82.0,nan
ALNS-B,Example11,11,0,86.0,82.0,nan
ALNS-B,Example11,11,0,87.0,82.0,nan
ALNS-B,Example11,11,0,88.0,82.0,nan
ALNS-B,Example11,11,0,89.0,82.0,nan
ALNS-B,Example11,11,0,90.0,82.0,nan
ALNS-B,Example11,11,0,91.0,82.0,nan
ALNS-B,Example11,11,0,92.0,82.0,nan
ALNS-B,Example11,11,0,93.0,82.0,nan
ALNS-B,Example11,11,0,94.0,82.0,nan
ALNS-B,Example11,11,0,95.0,82.0,nan
ALNS-B,Example11,11,0,96.0,82.0,nan
ALNS-B,Example11,11,0,97.0,82.0,nan
ALNS-B,Example11,11,0,98.0,82.0,nan
ALNS-B,Example11,11,0,99.0,82.0,nan
ALNS-B,Example11,11,0,100.0,82.0,nan
ALNS-B,Example11,11,0,101.0,82.0,nan
ALNS-B,Example11,11,0,102.0,82.0,nan
ALNS-B,Example11,11,0,103.0,82.0,nan
ALNS-B,Example11,11,0,104.0,82.0,nan
ALNS-B,Example11,11,0,105.0,82.0,nan
ALNS-B,Example11,11,0,106.0,82.0,nan
ALNS-B,Example11,11,0,107.0,82.0,nan
ALNS-B,Example11,11,0,108.0,82.0,nan
ALNS-B,Example11,11,0,109.0,82.0,nan
ALNS-B,Example11,11,0,110.0,82.0,nan
ALNS-B,Example11,11,0,111.0,82.0,nan
ALNS-B,Example11,11,0,112.0,82.0,nan
ALNS-B,Example11,11,0,113.0,82.0,nan
ALNS-B,Example11,11,0,114.0,82.0,nan
ALNS-B,Example11,11,0,115.0,82.0,nan
ALNS-B,Example11,11,0,116.0,82.0,nan
ALNS-B,Example11,11,0,117.0,82.0,nan
ALNS-B,Example11,11,0,118.0,82.0,nan
ALNS-B,Example11,11,0,119.0,82.0,nan
ALNS-B,Example11,11,0,120.0,82.0,nan
ALNS-B,Example11,11,0,121.0,82.0,nan
ALNS-B,Example11,11,0,122.0,82.0,nan
ALNS-B,Example11,11,0,123.0,82.0,nan
ALNS-B,Example11,11,0,124.0,82.0,nan
ALNS-B,Example11,11,0,125.0,82.0,nan
ALNS-B,Example11,11,0,126.0,82.0,nan
ALNS-B,Example11,11,0,127.0,82.0,nan
ALNS-B,Example11,11,0,128.0,82.0,nan
ALNS-B,Example11,11,0,129.0,82.0,nan
ALNS-B,Example11,11,0,130.0,82.0,nan
ALNS-B,Example11,11,0,131.0,82.0,nan
ALNS-B,Example11,11,0,132.0,82.0,nan
ALNS-B,Example11,11,0,133.0,82.0,nan
ALNS-B,Example11,11,0,134.0,82.0,nan
ALNS-B,Example11,11,0,135.0,82.0,nan
ALNS-B,Example11,11,0,136.0,82.0,nan
ALNS-B,Example11,11,0,137.0,82.0,nan
ALNS-B,Example11,11,0,138.0,82.0,nan
ALNS-B,Example11,11,0,139.0,82.0,nan
ALNS-B,Example11,11,0,140.0,82.0,nan
ALNS-B,Example11,11,0,141.0,82.0,nan
ALNS-B,Example11,11,0,142.0,82.0,nan
ALNS-B,Example11,11,0,143.0,82.0,nan
ALNS-B,Example11,11,0,144.0,82.0,nan
ALNS-B,Example11,11,0,145.0,82.0,nan
ALNS-B,Example11,11,0,146.0,82.0,nan
ALNS-B,Example11,11,0,147.0,82.0,nan
ALNS-B,Example11,11,0,148.0,82.0,nan
ALNS-B,Example11,11,0,149.0,82.0,nan
ALNS-B,Example11,11,0,150.0,82.0,nan
ALNS-B,Example11,11,0,151.0,82.0,nan
ALNS-B,Example11,11,0,152.0,70.0,nan
ALNS-B,Example11,11,0,153.0,70.0,nan
ALNS-B,Example11,11,0,154.0,70.0,nan
ALNS-B,Example11,11,0,155.0,54.0,nan
ALNS-B,Example11,11,0,156.0,54.0,nan
ALNS-B,Example11,11,0,157.0,54.0,nan
ALNS-B,Example11,11,0,158.0,54.0,nan
ALNS-B,Example11,11,0,159.0,54.0,nan
ALNS-B,Example11,11,0,160.0,54.0,nan
ALNS-B,Example11,11,0,161.0,54.0,nan
ALNS-B,Example11,11,0,162.0,54.0,nan
ALNS-B,Example11,11,0,163.0,54.0,nan
ALNS-B,Example11,11,0,164.0,54.0,nan
ALNS-B,Example11,11,0,165.0,54.0,nan
ALNS-B,Example11,11,0,166.0,54.0,nan
ALNS-B,Example11,11,0,167.0,54.0,nan
ALNS-B,Example11,11,0,168.0,54.0,nan
ALNS-B,Example11,11,0,169.0,54.0,nan
ALNS-B,Example11,11,0,170.0,54.0,nan
ALNS-B,Example11,11,0,171.0,54.0,nan
ALNS-B,Example11,11,0,172.0,54.0,nan
ALNS-B,Example11,11,0,173.0,54.0,nan
ALNS-B,Example11,11,0,174.0,54.0,nan
ALNS-B,Example11,11,0,175.0,54.0,nan
ALNS-B,Example11,11,0,176.0,54.0,nan
ALNS-B,Example11,11,0,177.0,54.0,nan
ALNS-B,Example11,11,0,178.0,54.0,nan
ALNS-B,Example11,11,0,179.0,54.0,nan
ALNS-B,Example11,11,0,180.0,54.0,nan
ALNS-B,Example11,11,0,181.0,54.0,nan
ALNS-B,Example11,11,0,182.0,54.0,nan
ALNS-B,Example11,11,0,183.0,54.0,nan
ALNS-B,Example11,11,0,184.0,54.0,nan
ALNS-B,Example11,11,0,185.0,54.0,nan
ALNS-B,Example11,11,0,186.0,54.0,nan
ALNS-B,Example11,11,0,187.0,54.0,nan
ALNS-B,Example11,11,0,188.0,54.0,nan
ALNS-B,Example11,11,0,189.0,54.0,nan
ALNS-B,Example11,11,0,190.0,54.0,nan
ALNS-B,Example11,11,0,191.0,54.0,nan
ALNS-B,Example11,11,0,192.0,54.0,nan
ALNS-B,Example11,11,0,193.0,54.0,nan
ALNS-B,Example11,11,0,194.0,54.0,nan
ALNS-B,Example11,11,0,195.0,54.0,nan
ALNS-B,Example11,11,0,196.0,54.0,nan
ALNS-B,Example11,11,0,197.0,54.0,nan
ALNS-B,Example11,11,0,198.0,54.0,nan
ALNS-B,Example11,11,0,199.0,54.0,nan
ALNS-B,Example11,11,0,200.0,54.0,nan
ALNS-B,Example11,11,0,201.0,54.0,nan
ALNS-B,Example11,11,0,202.0,54.0,nan
ALNS-B,Example11,11,0,203.0,54.0,nan
ALNS-B,Example11,11,0,204.0,54.0,nan
ALNS-B,Example11,11,0,205.0,54.0,nan
ALNS-B,Example11,11,0,206.0,54.0,nan
ALNS-B,Example11,11,0,207.0,54.0,nan
ALNS-B,Example11,11,0,208.0,54.0,nan
ALNS-B,Example11,11,0,209.0,54.0,nan
ALNS-B,Example11,11,0,210.0,54.0,nan
ALNS-B,Example11,11,0,211.0,54.0,nan
ALNS-B,Example11,11,0,212.0,54.0,nan
ALNS-B,Example11,11,0,213.0,54.0,nan
ALNS-B,Example11,11,0,214.0,54.0,nan
ALNS-B,Example11,11,0,215.0,54.0,nan
ALNS-B,Example11,11,0,216.0,54.0,nan
ALNS-B,Example11,11,0,217.0,54.0,nan
ALNS-B,Example11,11,0,218.0,54.0,nan
ALNS-B,Example11,11,0,219.0,54.0,nan
ALNS-B,Example11,11,0,220.0,54.0,nan
ALNS-B,Example11,11,0,221.0,54.0,nan
ALNS-B,Example11,11,0,222.0,54.0,nan
ALNS-B,Example11,11,0,223.0,54.0,nan
ALNS-B,Example11,11,0,224.0,54.0,nan
ALNS-B,Example11,11,0,225.0,54.0,nan
ALNS-B,Example11,11,0,226.0,54.0,nan
ALNS-B,Example11,11,0,227.0,54.0,nan
ALNS-B,Example11,11,0,228.0,54.0,nan
ALNS-B,Example11,11,0,229.0,54.0,nan
ALNS-B,Example11,11,0,230.0,54.0,nan
ALNS-B,Example11,11,0,231.0,54.0,nan
ALNS-B,Example11,11,0,232.0,54.0,nan
ALNS-B,Example11,11,0,233.0,54.0,nan
ALNS-B,Example11,11,0,234.0,54.0,nan
ALNS-B,Example11,11,0,235.0,54.0,nan
ALNS-B,Example11,11,0,236.0,54.0,nan
ALNS-B,Example11,11,0,237.0,54.0,nan
ALNS-B,Example11,11,0,238.0,54.0,nan
ALNS-B,Example11,11,0,239.0,54.0,nan
ALNS-B,Example11,11,0,240.0,54.0,nan
ALNS-B,Example11,11,0,241.0,54.0,nan
ALNS-B,Example11,11,0,242.0,54.0,nan
ALNS-B,Example11,11,0,243.0,54.0,nan
ALNS-B,Example11,11,0,244.0,54.0,nan
ALNS-B,Example11,11,0,245.0,54.0,nan
ALNS-B,Example11,11,0,246.0,54.0,nan
ALNS-B,Example11,11,0,247.0,54.0,nan
ALNS-B,Example11,11,0,248.0,54.0,nan
ALNS-B,Example11,11,0,249.0,54.0,nan
ALNS-B,Example11,11,0,250.0,54.0,nan
ALNS-B,Example11,11,0,251.0,54.0,nan
ALNS-B,Example11,11,0,252.0,54.0,nan
ALNS-B,Example11,11,0,253.0,54.0,nan
ALNS-B,Example11,11,0,254.0,54.0,nan
ALNS-B,Example11,11,0,255.0,54.0,nan
ALNS-B,Example11,11,0,256.0,54.0,nan
ALNS-B,Example11,11,0,257.0,54.0,nan
ALNS-B,Example11,11,0,258.0,54.0,nan
ALNS-B,Example11,11,0,259.0,54.0,nan
ALNS-B,Example11,11,0,260.0,54.0,nan
ALNS-B,Example11,11,0,261.0,54.0,nan
ALNS-B,Example11,11,0,262.0,54.0,nan
ALNS-B,Example11,11,0,263.0,54.0,nan
ALNS-B,Example11,11,0,264.0,54.0,nan
ALNS-B,Example11,11,0,265.0,54.0,nan
ALNS-B,Example11,11,0,266.0,54.0,nan
ALNS-B,Example11,11,0,267.0,54.0,nan
ALNS-B,Example11,11,0,268.0,54.0,nan
ALNS-B,Example11,11,0,269.0,54.0,nan
ALNS-B,Example11,11,0,270.0,54.0,nan
ALNS-B,Example11,11,0,271.0,54.0,nan
ALNS-B,Example11,11,0,272.0,54.0,nan
ALNS-B,Example11,11,0,273.0,54.0,nan
ALNS-B,Example11,11,1,0.0,190.0,nan
ALNS-B,Example11,11,1,1.0,190.0,nan
ALNS-B,Example11,11,1,2.0,190.0,nan
ALNS-B,Example11,11,1,3.0,190.0,nan
ALNS-B,Example11,11,1,4.0,190.0,nan
ALNS-B,Example11,11,1,5.0,190.0,nan
ALNS-B,Example11,11,1,6.0,190.0,nan
ALNS-B,Example11,11,1,7.0,190.0,nan
ALNS-B,Example11,11,1,8.0,190.0,nan
ALNS-B,Example11,11,1,9.0,74.0,nan
ALNS-B,Example11,11,1,10.0,74.0,nan
ALNS-B,Example11,11,1,11.0,74.0,nan
ALNS-B,Example11,11,1,12.0,74.0,nan
ALNS-B,Example11,11,1,13.0,74.0,nan
ALNS-B,Example11,11,1,14.0,74.0,nan
ALNS-B,Example11,11,1,15.0,62.0,nan
ALNS-B,Example11,11,1,16.0,62.0,nan
ALNS-B,Example11,11,1,17.0,62.0,nan
ALNS-B,Example11,11,1,18.0,62.0,nan
ALNS-B,Example11,11,1,19.0,62.0,nan
ALNS-B,Example11,11,1,20.0,58.0,nan
ALNS-B,Example11,11,1,21.0,54.0,nan
ALNS-B,Example11,11,1,22.0,54.0,nan
ALNS-B,Example11,11,1,23.0,54.0,nan
ALNS-B,Example11,11,1,24.0,54.0,nan
ALNS-B,Example11,11,1,25.0,54.0,nan
ALNS-B,Example11,11,1,26.0,54.0,nan
ALNS-B,Example11,11,1,27.0,54.0,nan
ALNS-B,Example11,11,1,28.0,54.0,nan
ALNS-B,Example11,11,1,29.0,54.0,nan
ALNS-B,Example11,11,1,30.0,54.0,nan
ALNS-B,Example11,11,1,31.0,54.0,nan
ALNS-B,Example11,11,1,32.0,54.0,nan
ALNS-B,Example11,11,1,33.0,54.0,nan
ALNS-B,Example11,11,1,34.0,54.0,nan
ALNS-B,Example11,11,1,35.0,54.0,nan
ALNS-B,Example11,11,1,36.0,54.0,nan
ALNS-B,Example11,11,1,37.0,54.0,nan
ALNS-B,Example11,11,1,38.0,54.0,nan
ALNS-B,Example11,11,1,39.0,54.0,nan
ALNS-B,Example11,11,1,40.0,54.0,nan
ALNS-B,Example11,11,1,41.0,54.0,nan
ALNS-B,Example11,11,1,42.0,54.0,nan
ALNS-B,Example11,11,1,43.0,54.0,nan
ALNS-B,Example11,11,1,44.0,54.0,nan
ALNS-B,Example11,11,1,45.0,54.0,nan
ALNS-B,Example11,11,1,46.0,54.0,nan
ALNS-B,Example11,11,1,47.0,54.0,nan
ALNS-B,Example11,11,1,48.0,54.0,nan
ALNS-B,Example11,11,1,49.0,54.0,nan
ALNS-B,Example11,11,1,50.0,54.0,nan
ALNS-B,Example11,11,1,51.0,54.0,nan
ALNS-B,Example11,11,1,52.0,54.0,nan
ALNS-B,Example11,11,1,53.0,54.0,nan
ALNS-B,Example11,11,1,54.0,54.0,nan
ALNS-B,Example11,11,1,55.0,54.0,nan
ALNS-B,Example11,11,1,56.0,54.0,nan
ALNS-B,Example11,11,1,57.0,54.0,nan
ALNS-B,Example11,11,1,58.0,54.0,nan
ALNS-B,Example11,11,1,59.0,54.0,nan
ALNS-B,Example11,11,1,60.0,54.0,nan
ALNS-B,Example11,11,1,61.0,54.0,nan
ALNS-B,Example11,11,1,62.0,54.0,nan
ALNS-B,Example11,11,1,63.0,54.0,nan
ALNS-B,Example11,11,1,64.0,54.0,nan
ALNS-B,Example11,11,1,65.0,54.0,nan
ALNS-B,Example11,11,1,66.0,54.0,nan
ALNS-B,Example11,11,1,67.0,54.0,nan
ALNS-B,Example11,11,1,68.0,54.0,nan
ALNS-B,Example11,11,1,69.0,54.0,nan
ALNS-B,Example11,11,1,70.0,54.0,nan
ALNS-B,Example11,11,1,71.0,54.0,nan
ALNS-B,Example11,11,1,72.0,54.0,nan
ALNS-B,Example11,11,1,73.0,54.0,nan
ALNS-B,Example11,11,1,74.0,54.0,nan
ALNS-B,Example11,11,1,75.0,54.0,nan
ALNS-B,Example11,11,1,76.0,54.0,nan
ALNS-B,Example11,11,1,77.0,54.0,nan
ALNS-B,Example11,11,1,78.0,54.0,nan
ALNS-B,Example11,11,1,79.0,54.0,nan
ALNS-B,Example11,11,1,80.0,54.0,nan
ALNS-B,Example11,11,1,81.0,54.0,nan
ALNS-B,Example11,11,1,82.0,54.0,nan
ALNS-B,Example11,11,1,83.0,54.0,nan
ALNS-B,Example11,11,1,84.0,54.0,nan
ALNS-B,Example11,11,1,85.0,54.0,nan
ALNS-B,Example11,11,1,86.0,54.0,nan
ALNS-B,Example11,11,1,87.0,54.0,nan
ALNS-B,Example11,11,1,88.0,54.0,nan
ALNS-B,Example11,11,1,89.0,54.0,nan
ALNS-B,Example11,11,1,90.0,54.0,nan
ALNS-B,Example11,11,1,91.0,54.0,nan
ALNS-B,Example11,11,1,92.0,54.0,nan
ALNS-B,Example11,11,1,93.0,54.0,nan
ALNS-B,Example11,11,1,94.0,54.0,nan
ALNS-B,Example11,11,1,95.0,54.0,nan
ALNS-B,Example11,11,1,96.0,54.0,nan
ALNS-B,Example11,11,1,97.0,54.0,nan
ALNS-B,Example11,11,1,98.0,54.0,nan
ALNS-B,Example11,11,1,99.0,54.0,nan
ALNS-B,Example11,11,1,100.0,54.0,nan
ALNS-B,Example11,11,1,101.0,54.0,nan
ALNS-B,Example11,11,1,102.0,54.0,nan
ALNS-B,Example11,11,1,103.0,54.0,nan
ALNS-B,Example11,11,1,104.0,54.0,nan
ALNS-B,Example11,11,1,105.0,54.0,nan
ALNS-B,Example11,11,1,106.0,54.0,nan
ALNS-B,Example11,11,1,107.0,54.0,nan
ALNS-B,Example11,11,1,108.0,54.0,nan
ALNS-B,Example11,11,1,109.0,54.0,nan
ALNS-B,Example11,11,1,110.0,54.0,nan
ALNS-B,Example11,11,1,111.0,54.0,nan
ALNS-B,Example11,11,1,112.0,54.0,nan
ALNS-B,Example11,11,1,113.0,54.0,nan
ALNS-B,Example11,11,1,114.0,54.0,nan
ALNS-B,Example11,11,1,115.0,54.0,nan
ALNS-B,Example11,11,1,116.0,54.0,nan
ALNS-B,Example11,11,1,117.0,54.0,nan
ALNS-B,Example11,11,1,118.0,54.0,nan
ALNS-B,Example11,11,1,119.0,54.0,nan
ALNS-B,Example11,11,1,120.0,54.0,nan
ALNS-B,Example11,11,1,121.0,54.0,nan
ALNS-B,Example11,11,1,122.0,54.0,nan
ALNS-B,Example11,11,1,123.0,54.0,nan
ALNS-B,Example11,11,1,124.0,54.0,nan
ALNS-B,Example11,11,1,125.0,54.0,nan
ALNS-B,Example11,11,1,126.0,54.0,nan
ALNS-B,Example11,11,1,127.0,54.0,nan
ALNS-B,Example11,11,1,128.0,54.0,nan
ALNS-B,Example11,11,1,129.0,54.0,nan
ALNS-B,Example11,11,1,130.0,54.0,nan
ALNS-B,Example11,11,1,131.0,54.0,nan
ALNS-B,Example11,11,1,132.0,54.0,nan
ALNS-B,Example11,11,1,133.0,54.0,nan
ALNS-B,Example11,11,1,134.0,54.0,nan
ALNS-B,Example11,11,1,135.0,54.0,nan
ALNS-B,Example11,11,1,136.0,54.0,nan
ALNS-B,Example11,11,1,137.0,54.0,nan
ALNS-B,Example11,11,1,138.0,54.0,nan
ALNS-B,Example11,11,1,139.0,54.0,nan
ALNS-B,Example11,11,1,140.0,54.0,nan
ALNS-B,Example11,11,1,141.0,54.0,nan
ALNS-B,Example11,11,1,142.0,54.0,nan
ALNS-B,Example11,11,1,143.0,54.0,nan
ALNS-B,Example11,11,1,144.0,54.0,nan
ALNS-B,Example11,11,1,145.0,54.0,nan
ALNS-B,Example11,11,1,146.0,54.0,nan
ALNS-B,Example11,11,1,147.0,54.0,nan
ALNS-B,Example11,11,1,148.0,54.0,nan
ALNS-B,Example11,11,1,149.0,54.0,nan
ALNS-B,Example11,11,1,150.0,54.0,nan
ALNS-B,Example11,11,1,151.0,54.0,nan
ALNS-B,Example11,11,1,152.0,54.0,nan
ALNS-B,Example11,11,1,153.0,54.0,nan
ALNS-B,Example11,11,1,154.0,54.0,nan
ALNS-B,Example11,11,1,155.0,54.0,nan
ALNS-B,Example11,11,1,156.0,54.0,nan
ALNS-B,Example11,11,1,157.0,54.0,nan
ALNS-B,Example11,11,1,158.0,54.0,nan
ALNS-B,Example11,11,1,159.0,54.0,nan
ALNS-B,Example11,11,1,160.0,54.0,nan
ALNS-B,Example11,11,1,161.0,54.0,nan
ALNS-B,Example11,11,1,162.0,54.0,nan
ALNS-B,Example11,11,1,163.0,54.0,nan
ALNS-B,Example11,11,1,164.0,54.0,nan
ALNS-B,Example11,11,1,165.0,54.0,nan
ALNS-B,Example11,11,1,166.0,54.0,nan
ALNS-B,Example11,11,1,167.0,54.0,nan
ALNS-B,Example11,11,1,168.0,54.0,nan
ALNS-B,Example11,11,1,169.0,54.0,nan
ALNS-B,Example11,11,1,170.0,54.0,nan
ALNS-B,Example11,11,1,171.0,54.0,nan
ALNS-B,Example11,11,1,172.0,54.0,nan
ALNS-B,Example11,11,1,173.0,54.0,nan
ALNS-B,Example11,11,1,174.0,54.0,nan
ALNS-B,Example11,11,1,175.0,54.0,nan
ALNS-B,Example11,11,1,176.0,54.0,nan
ALNS-B,Example11,11,1,177.0,54.0,nan
ALNS-B,Example11,11,1,178.0,54.0,nan
ALNS-B,Example11,11,1,179.0,54.0,nan
ALNS-B,Example11,11,1,180.0,54.0,nan
ALNS-B,Example11,11,1,181.0,54.0,nan
ALNS-B,Example11,11,1,182.0,54.0,nan
ALNS-B,Example11,11,1,183.0,54.0,nan
ALNS-B,Example11,11,1,184.0,54.0,nan
ALNS-B,Example11,11,1,185.0,54.0,nan
ALNS-B,Example11,11,1,186.0,54.0,nan
ALNS-B,Example11,11,1,187.0,54.0,nan
ALNS-B,Example11,11,1,188.0,54.0,nan
ALNS-B,Example11,11,1,189.0,54.0,nan
ALNS-B,Example11,11,1,190.0,54.0,nan
ALNS-B,Example11,11,1,191.0,54.0,nan
ALNS-B,Example11,11,1,192.0,54.0,nan
ALNS-B,Example11,11,1,193.0,54.0,nan
ALNS-B,Example11,11,1,194.0,54.0,nan
ALNS-B,Example11,11,1,195.0,54.0,nan
ALNS-B,Example11,11,1,196.0,54.0,nan
ALNS-B,Example11,11,1,197.0,54.0,nan
ALNS-B,Example11,11,1,198.0,54.0,nan
ALNS-B,Example11,11,1,199.0,54.0,nan
ALNS-B,Example11,11,1,200.0,54.0,nan
ALNS-B,Example11,11,1,201.0,54.0,nan
ALNS-B,Example11,11,1,202.0,54.0,nan
ALNS-B,Example11,11,1,203.0,54.0,nan
ALNS-B,Example11,11,1,204.0,54.0,nan
ALNS-B,Example11,11,1,205.0,54.0,nan
ALNS-B,Example11,11,1,206.0,54.0,nan
ALNS-B,Example11,11,1,207.0,54.0,nan
ALNS-B,Example11,11,1,208.0,54.0,nan
ALNS-B,Example11,11,1,209.0,54.0,nan
ALNS-B,Example11,11,1,210.0,54.0,nan
ALNS-B,Example11,11,1,211.0,54.0,nan
ALNS-B,Example11,11,1,212.0,54.0,nan
ALNS-B,Example11,11,1,213.0,54.0,nan
ALNS-B,Example11,11,1,214.0,54.0,nan
ALNS-B,Example11,11,1,215.0,54.0,nan
ALNS-B,Example11,11,1,216.0,54.0,nan
ALNS-B,Example11,11,1,217.0,54.0,nan
ALNS-B,Example11,11,1,218.0,54.0,nan
ALNS-B,Example11,11,1,219.0,54.0,nan
ALNS-B,Example11,11,1,220.0,54.0,nan
ALNS-B,Example11,11,1,221.0,54.0,nan
ALNS-B,Example11,11,1,222.0,54.0,nan
ALNS-B,Example11,11,1,223.0,54.0,nan
ALNS-B,Example11,11,1,224.0,54.0,nan
ALNS-B,Example11,11,1,225.0,54.0,nan
ALNS-B,Example11,11,1,226.0,54.0,nan
ALNS-B,Example11,11,1,227.0,54.0,nan
ALNS-B,Example11,11,1,228.0,54.0,nan
ALNS-B,Example11,11,1,229.0,54.0,nan
ALNS-B,Example11,11,1,230.0,54.0,nan
ALNS-B,Example11,11,1,231.0,54.0,nan
ALNS-B,Example11,11,1,232.0,54.0,nan
ALNS-B,Example11,11,1,233.0,54.0,nan
ALNS-B,Example11,11,1,234.0,54.0,nan
ALNS-B,Example11,11,1,235.0,54.0,nan
ALNS-B,Example11,11,1,236.0,54.0,nan
ALNS-B,Example11,11,1,237.0,54.0,nan
ALNS-B,Example11,11,1,238.0,54.0,nan
ALNS-B,Example11,11,1,239.0,54.0,nan
ALNS-B,Example11,11,1,240.0,54.0,nan
ALNS-B,Example11,11,1,241.0,54.0,nan
ALNS-B,Example11,11,1,242.0,54.0,nan
ALNS-B,Example11,11,1,243.0,54.0,nan
ALNS-B,Example11,11,1,244.0,54.0,nan
ALNS-B,Example11,11,1,245.0,54.0,nan
ALNS-B,Example11,11,1,246.0,54.0,nan
ALNS-B,Example11,11,1,247.0,54.0,nan
ALNS-B,Example11,11,1,248.0,54.0,nan
ALNS-B,Example11,11,1,249.0,54.0,nan
ALNS-B,Example11,11,1,250.0,54.0,nan
ALNS-B,Example11,11,1,251.0,54.0,nan
ALNS-B,Example11,11,1,252.0,54.0,nan
ALNS-B,Example11,11,1,253.0,54.0,nan
ALNS-B,Example11,11,1,254.0,54.0,nan
ALNS-B,Example11,11,1,255.0,54.0,nan
ALNS-B,Example11,11,1,256.0,54.0,nan
ALNS-B,Example11,11,1,257.0,54.0,nan
ALNS-B,Example11,11,1,258.0,54.0,nan
ALNS-B,Example11,11,1,259.0,54.0,nan
ALNS-B,Example11,11,1,260.0,54.0,nan
ALNS-B,Example11,11,1,261.0,54.0,nan
ALNS-B,Example11,11,1,262.0,54.0,nan
ALNS-B,Example11,11,1,263.0,54.0,nan
ALNS-B,Example11,11,1,264.0,54.0,nan
ALNS-B,Example11,11,1,265.0,54.0,nan
ALNS-B,Example11,11,1,266.0,54.0,nan
ALNS-B,Example11,11,1,267.0,54.0,nan
ALNS-B,Example11,11,1,268.0,54.0,nan
ALNS-B,Example11,11,1,269.0,54.0,nan
ALNS-B,Example11,11,1,270.0,54.0,nan
ALNS-B,Example11,11,1,271.0,54.0,nan
ALNS-B,Example11,11,1,272.0,54.0,nan
ALNS-B,Example11,11,1,273.0,54.0,nan
ALNS-B,Example11,11,2,0.0,954.0,nan
ALNS-B,Example11,11,2,1.0,954.0,nan
ALNS-B,Example11,11,2,2.0,954.0,nan
ALNS-B,Example11,11,2,3.0,954.0,nan
ALNS-B,Example11,11,2,4.0,954.0,nan
ALNS-B,Example11,11,2,5.0,954.0,nan
ALNS-B,Example11,11,2,6.0,954.0,nan
ALNS-B,Example11,11,2,7.0,181.0,nan
ALNS-B,Example11,11,2,8.0,181.0,nan
ALNS-B,Example11,11,2,9.0,181.0,nan
ALNS-B,Example11,11,2,10.0,71.0,nan
ALNS-B,Example11,11,2,11.0,71.0,nan
ALNS-B,Example11,11,2,12.0,71.0,nan
ALNS-B,Example11,11,2,13.0,71.0,nan
ALNS-B,Example11,11,2,14.0,71.0,nan
ALNS-B,Example11,11,2,15.0,71.0,nan
ALNS-B,Example11,11,2,16.0,71.0,nan
ALNS-B,Example11,11,2,17.0,71.0,nan
ALNS-B,Example11,11,2,18.0,71.0,nan
ALNS-B,Example11,11,2,19.0,71.0,nan
ALNS-B,Example11,11,2,20.0,71.0,nan
ALNS-B,Example11,11,2,21.0,71.0,nan
ALNS-B,Example11,11,2,22.0,71.0,nan
ALNS-B,Example11,11,2,23.0,71.0,nan
ALNS-B,Example11,11,2,24.0,71.0,nan
ALNS-B,Example11,11,2,25.0,71.0,nan
ALNS-B,Example11,11,2,26.0,71.0,nan
ALNS-B,Example11,11,2,27.0,71.0,nan
ALNS-B,Example11,11,2,28.0,36.0,nan
ALNS-B,Example11,11,2,29.0,36.0,nan
ALNS-B,Example11,11,2,30.0,36.0,nan
ALNS-B,Example11,11,2,31.0,36.0,nan
ALNS-B,Example11,11,2,32.0,36.0,nan
ALNS-B,Example11,11,2,33.0,36.0,nan
ALNS-B,Example11,11,2,34.0,36.0,nan
ALNS-B,Example11,11,2,35.0,36.0,nan
ALNS-B,Example11,11,2,36.0,36.0,nan
ALNS-B,Example11,11,2,37.0,36.0,nan
ALNS-B,Example11,11,2,38.0,36.0,nan
ALNS-B,Example11,11,2,39.0,36.0,nan
ALNS-B,Example11,11,2,40.0,36.0,nan
ALNS-B,Example11,11,2,41.0,36.0,nan
ALNS-B,Example11,11,2,42.0,36.0,nan
ALNS-B,Example11,11,2,43.0,36.0,nan
ALNS-B,Example11,11,2,44.0,36.0,nan
ALNS-B,Example11,11,2,45.0,36.0,nan
ALNS-B,Example11,11,2,46.0,36.0,nan
ALNS-B,Example11,11,2,47.0,36.0,nan
ALNS-B,Example11,11,2,48.0,36.0,nan
ALNS-B,Example11,11,2,49.0,36.0,nan
ALNS-B,Example11,11,2,50.0,36.0,nan
ALNS-B,Example11,11,2,51.0,36.0,nan
ALNS-B,Example11,11,2,52.0,36.0,nan
ALNS-B,Example11,11,2,53.0,36.0,nan
ALNS-B,Example11,11,2,54.0,36.0,nan
ALNS-B,Example11,11,2,55.0,36.0,nan
ALNS-B,Example11,11,2,56.0,36.0,nan
ALNS-B,Example11,11,2,57.0,36.0,nan
ALNS-B,Example11,11,2,58.0,36.0,nan
ALNS-B,Example11,11,2,59.0,36.0,nan
ALNS-B,Example11,11,2,60.0,36.0,nan
ALNS-B,Example11,11,2,61.0,36.0,nan
ALNS-B,Example11,11,2,62.0,36.0,nan
ALNS-B,Example11,11,2,63.0,36.0,nan
ALNS-B,Example11,11,2,64.0,36.0,nan
ALNS-B,Example11,11,2,65.0,36.0,nan
ALNS-B,Example11,11,2,66.0,36.0,nan
ALNS-B,Example11,11,2,67.0,36.0,nan
ALNS-B,Example11,11,2,68.0,36.0,nan
ALNS-B,Example11,11,2,69.0,36.0,nan
ALNS-B,Example11,11,2,70.0,36.0,nan
ALNS-B,Example11,11,2,71.0,36.0,nan
ALNS-B,Example11,11,2,72.0,36.0,nan
ALNS-B,Example11,11,2,73.0,36.0,nan
ALNS-B,Example11,11,2,74.0,36.0,nan
ALNS-B,Example11,11,2,75.0,36.0,nan
ALNS-B,Example11,11,2,76.0,35.0,nan
ALNS-B,Example11,11,2,77.0,35.0,nan
ALNS-B,Example11,11,2,78.0,35.0,nan
ALNS-B,Example11,11,2,79.0,35.0,nan
ALNS-B,Example11,11,2,80.0,35.0,nan
ALNS-B,Example11,11,2,81.0,34.0,nan
ALNS-B,Example11,11,2,82.0,34.0,nan
ALNS-B,Example11,11,2,83.0,34.0,nan
ALNS-B,Example11,11,2,84.0,34.0,nan
ALNS-B,Example11,11,2,85.0,34.0,nan
ALNS-B,Example11,11,2,86.0,34.0,nan
ALNS-B,Example11,11,2,87.0,34.0,nan
ALNS-B,Example11,11,2,88.0,34.0,nan
ALNS-B,Example11,11,2,89.0,34.0,nan
ALNS-B,Example11,11,2,90.0,34.0,nan
ALNS-B,Example11,11,2,91.0,34.0,nan
ALNS-B,Example11,11,2,92.0,34.0,nan
ALNS-B,Example11,11,2,93.0,34.0,nan
ALNS-B,Example11,11,2,94.0,34.0,nan
ALNS-B,Example11,11,2,95.0,34.0,nan
ALNS-B,Example11,11,2,96.0,34.0,nan
ALNS-B,Example11,11,2,97.0,34.0,nan
ALNS-B,Example11,11,2,98.0,34.0,nan
ALNS-B,Example11,11,2,99.0,34.0,nan
ALNS-B,Example11,11,2,100.0,34.0,nan
ALNS-B,Example11,11,2,101.0,34.0,nan
ALNS-B,Example11,11,2,102.0,34.0,nan
ALNS-B,Example11,11,2,103.0,34.0,nan
ALNS-B,Example11,11,2,104.0,34.0,nan
ALNS-B,Example11,11,2,105.0,34.0,nan
ALNS-B,Example11,11,2,106.0,34.0,nan
ALNS-B,Example11,11,2,107.0,34.0,nan
ALNS-B,Example11,11,2,108.0,34.0,nan
ALNS-B,Example11,11,2,109.0,34.0,nan
ALNS-B,Example11,11,2,110.0,34.0,nan
ALNS-B,Example11,11,2,111.0,34.0,nan
ALNS-B,Example11,11,2,112.0,34.0,nan
ALNS-B,Example11,11,2,113.0,34.0,nan
ALNS-B,Example11,11,2,114.0,34.0,nan
ALNS-B,Example11,11,2,115.0,34.0,nan
ALNS-B,Example11,11,2,116.0,34.0,nan
ALNS-B,Example11,11,2,117.0,34.0,nan
ALNS-B,Example11,11,2,118.0,34.0,nan
ALNS-B,Example11,11,2,119.0,34.0,nan
ALNS-B,Example11,11,2,120.0,34.0,nan
ALNS-B,Example11,11,2,121.0,34.0,nan
ALNS-B,Example11,11,2,122.0,34.0,nan
ALNS-B,Example11,11,2,123.0,34.0,nan
ALNS-B,Example11,11,2,124.0,34.0,nan
ALNS-B,Example11,11,2,125.0,34.0,nan
ALNS-B,Example11,11,2,126.0,34.0,nan
ALNS-B,Example11,11,2,127.0,34.0,nan
ALNS-B,Example11,11,2,128.0,34.0,nan
ALNS-B,Example11,11,2,129.0,34.0,nan
ALNS-B,Example11,11,2,130.0,34.0,nan
ALNS-B,Example11,11,2,131.0,34.0,nan
ALNS-B,Example11,11,2,132.0,34.0,nan
ALNS-B,Example11,11,2,133.0,34.0,nan
ALNS-B,Example11,11,2,134.0,34.0,nan
ALNS-B,Example11,11,2,135.0,34.0,nan
ALNS-B,Example11,11,2,136.0,34.0,nan
ALNS-B,Example11,11,2,137.0,34.0,nan
ALNS-B,Example11,11,2,138.0,34.0,nan
ALNS-B,Example11,11,2,139.0,34.0,nan
ALNS-B,Example11,11,2,140.0,34.0,nan
ALNS-B,Example11,11,2,141.0,34.0,nan
ALNS-B,Example11,11,2,142.0,34.0,nan
ALNS-B,Example11,11,2,143.0,34.0,nan
ALNS-B,Example11,11,2,144.0,34.0,nan
ALNS-B,Example11,11,2,145.0,34.0,nan
ALNS-B,Example11,11,2,146.0,34.0,nan
ALNS-B,Example11,11,2,147.0,34.0,nan
ALNS-B,Example11,11,2,148.0,34.0,nan
ALNS-B,Example11,11,2,149.0,34.0,nan
ALNS-B,Example11,11,2,150.0,34.0,nan
ALNS-B,Example11,11,2,151.0,34.0,nan
ALNS-B,Example11,11,2,152.0,34.0,nan
ALNS-B,Example11,11,2,153.0,34.0,nan
ALNS-B,Example11,11,2,154.0,34.0,nan
ALNS-B,Example11,11,2,155.0,34.0,nan
ALNS-B,Example11,11,2,156.0,34.0,nan
ALNS-B,Example11,11,2,157.0,34.0,nan
ALNS-B,Example11,11,2,158.0,34.0,nan
ALNS-B,Example11,11,2,159.0,34.0,nan
ALNS-B,Example11,11,2,160.0,34.0,nan
ALNS-B,Example11,11,2,161.0,34.0,nan
ALNS-B,Example11,11,2,162.0,34.0,nan
ALNS-B,Example11,11,2,163.0,34.0,nan
ALNS-B,Example11,11,2,164.0,34.0,nan
ALNS-B,Example11,11,2,165.0,34.0,nan
ALNS-B,Example11,11,2,166.0,34.0,nan
ALNS-B,Example11,11,2,167.0,34.0,nan
ALNS-B,Example11,11,2,168.0,34.0,nan
ALNS-B,Example11,11,2,169.0,34.0,nan
ALNS-B,Example11,11,2,170.0,34.0,nan
ALNS-B,Example11,11,2,171.0,34.0,nan
ALNS-B,Example11,11,2,172.0,34.0,nan
ALNS-B,Example11,11,2,173.0,34.0,nan
ALNS-B,Example11,11,2,174.0,34.0,nan
ALNS-B,Example11,11,2,175.0,34.0,nan
ALNS-B,Example11,11,2,176.0,34.0,nan
ALNS-B,Example11,11,2,177.0,34.0,nan
ALNS-B,Example11,11,2,178.0,34.0,nan
ALNS-B,Example11,11,2,179.0,34.0,nan
ALNS-B,Example11,11,2,180.0,34.0,nan
ALNS-B,Example11,11,2,181.0,34.0,nan
ALNS-B,Example11,11,2,182.0,34.0,nan
ALNS-B,Example11,11,2,183.0,34.0,nan
ALNS-B,Example11,11,2,184.0,34.0,nan
ALNS-B,Example11,11,2,185.0,34.0,nan
ALNS-B,Example11,11,2,186.0,34.0,nan
ALNS-B,Example11,11,2,187.0,34.0,nan
ALNS-B,Example11,11,2,188.0,34.0,nan
ALNS-B,Example11,11,2,189.0,34.0,nan
ALNS-B,Example11,11,2,190.0,34.0,nan
ALNS-B,Example11,11,2,191.0,34.0,nan
ALNS-B,Example11,11,2,192.0,34.0,nan
ALNS-B,Example11,11,2,193.0,34.0,nan
ALNS-B,Example11,11,2,194.0,34.0,nan
ALNS-B,Example11,11,2,195.0,34.0,nan
ALNS-B,Example11,11,2,196.0,34.0,nan
ALNS-B,Example11,11,2,197.0,34.0,nan
ALNS-B,Example11,11,2,198.0,34.0,nan
ALNS-B,Example11,11,2,199.0,34.0,nan
ALNS-B,Example11,11,2,200.0,34.0,nan
ALNS-B,Example11,11,2,201.0,34.0,nan
ALNS-B,Example11,11,2,202.0,34.0,nan
ALNS-B,Example11,11,2,203.0,34.0,nan
ALNS-B,Example11,11,2,204.0,34.0,nan
ALNS-B,Example11,11,2,205.0,34.0,nan
ALNS-B,Example11,11,2,206.0,34.0,nan
ALNS-B,Example11,11,2,207.0,34.0,nan
ALNS-B,Example11,11,2,208.0,34.0,nan
ALNS-B,Example11,11,2,209.0,34.0,nan
ALNS-B,Example11,11,2,210.0,34.0,nan
ALNS-B,Example11,11,2,211.0,34.0,nan
ALNS-B,Example11,11,2,212.0,34.0,nan
ALNS-B,Example11,11,2,213.0,34.0,nan
ALNS-B,Example11,11,2,214.0,34.0,nan
ALNS-B,Example11,11,2,215.0,34.0,nan
ALNS-B,Example11,11,2,216.0,34.0,nan
ALNS-B,Example11,11,2,217.0,34.0,nan
ALNS-B,Example11,11,2,218.0,34.0,nan
ALNS-B,Example11,11,2,219.0,34.0,nan
ALNS-B,Example11,11,2,220.0,34.0,nan
ALNS-B,Example11,11,2,221.0,34.0,nan
ALNS-B,Example11,11,2,222.0,34.0,nan
ALNS-B,Example11,11,2,223.0,34.0,nan
ALNS-B,Example11,11,2,224.0,34.0,nan
ALNS-B,Example11,11,2,225.0,34.0,nan
ALNS-B,Example11,11,2,226.0,34.0,nan
ALNS-B,Example11,11,2,227.0,34.0,nan
ALNS-B,Example11,11,2,228.0,34.0,nan
ALNS-B,Example11,11,2,229.0,34.0,nan
ALNS-B,Example11,11,2,230.0,34.0,nan
ALNS-B,Example11,11,2,231.0,34.0,nan
ALNS-B,Example11,11,2,232.0,34.0,nan
ALNS-B,Example11,11,2,233.0,34.0,nan
ALNS-B,Example11,11,2,234.0,34.0,nan
ALNS-B,Example11,11,2,235.0,34.0,nan
ALNS-B,Example11,11,2,236.0,34.0,nan
ALNS-B,Example11,11,2,237.0,34.0,nan
ALNS-B,Example11,11,2,238.0,34.0,nan
ALNS-B,Example11,11,2,239.0,34.0,nan
ALNS-B,Example11,11,2,240.0,34.0,nan
ALNS-B,Example11,11,2,241.0,34.0,nan
ALNS-B,Example11,11,2,242.0,34.0,nan
ALNS-B,Example11,11,2,243.0,34.0,nan
ALNS-B,Example11,11,2,244.0,34.0,nan
ALNS-B,Example11,11,2,245.0,34.0,nan
ALNS-B,Example11,11,2,246.0,34.0,nan
ALNS-B,Example11,11,2,247.0,34.0,nan
ALNS-B,Example11,11,2,248.0,34.0,nan
ALNS-B,Example11,11,2,249.0,34.0,nan
ALNS-B,Example11,11,2,250.0,34.0,nan
ALNS-B,Example11,11,2,251.0,34.0,nan
ALNS-B,Example11,11,2,252.0,34.0,nan
ALNS-B,Example11,11,2,253.0,34.0,nan
ALNS-B,Example11,11,2,254.0,34.0,nan
ALNS-B,Example11,11,2,255.0,34.0,nan
ALNS-B,Example11,11,2,256.0,34.0,nan
ALNS-B,Example11,11,2,257.0,34.0,nan
ALNS-B,Example11,11,2,258.0,34.0,nan
ALNS-B,Example11,11,2,259.0,34.0,nan
ALNS-B,Example11,11,2,260.0,34.0,nan
ALNS-B,Example11,11,2,261.0,34.0,nan
ALNS-B,Example11,11,2,262.0,34.0,nan
ALNS-B,Example11,11,2,263.0,34.0,nan
ALNS-B,Example11,11,2,264.0,34.0,nan
ALNS-B,Example11,11,2,265.0,34.0,nan
ALNS-B,Example11,11,2,266.0,34.0,nan
ALNS-B,Example11,11,2,267.0,34.0,nan
ALNS-B,Example11,11,2,268.0,34.0,nan
ALNS-B,Example11,11,2,269.0,34.0,nan
ALNS-B,Example11,11,2,270.0,34.0,nan
ALNS-B,Example11,11,2,271.0,34.0,nan
ALNS-B,Example11,11,2,272.0,34.0,nan
ALNS-B,Example11,11,2,273.0,34.0,nan
ALNS-B,Example12,12,0,0.0,375.0,nan
ALNS-B,Example12,12,0,1.0,375.0,nan
ALNS-B,Example12,12,0,2.0,375.0,nan
ALNS-B,Example12,12,0,3.0,375.0,nan
ALNS-B,Example12,12,0,4.0,375.0,nan
ALNS-B,Example12,12,0,5.0,375.0,nan
ALNS-B,Example12,12,0,6.0,375.0,nan
ALNS-B,Example12,12,0,7.0,375.0,nan
ALNS-B,Example12,12,0,8.0,375.0,nan
ALNS-B,Example12,12,0,9.0,375.0,nan
ALNS-B,Example12,12,0,10.0,375.0,nan
ALNS-B,Example12,12,0,11.0,375.0,nan
ALNS-B,Example12,12,0,12.0,375.0,nan
ALNS-B,Example12,12,0,13.0,375.0,nan
ALNS-B,Example12,12,0,14.0,375.0,nan
ALNS-B,Example12,12,0,15.0,375.0,nan
ALNS-B,Example12,12,0,16.0,375.0,nan
ALNS-B,Example12,12,0,17.0,375.0,nan
ALNS-B,Example12,12,0,18.0,375.0,nan
ALNS-B,Example12,12,0,19.0,375.0,nan
ALNS-B,Example12,12,0,20.0,86.0,nan
ALNS-B,Example12,12,0,21.0,86.0,nan
ALNS-B,Example12,12,0,22.0,84.0,nan
ALNS-B,Example12,12,0,23.0,84.0,nan
ALNS-B,Example12,12,0,24.0,84.0,nan
ALNS-B,Example12,12,0,25.0,84.0,nan
ALNS-B,Example12,12,0,26.0,84.0,nan
ALNS-B,Example12,12,0,27.0,84.0,nan
ALNS-B,Example12,12,0,28.0,84.0,nan
ALNS-B,Example12,12,0,29.0,84.0,nan
ALNS-B,Example12,12,0,30.0,84.0,nan
ALNS-B,Example12,12,0,31.0,84.0,nan
ALNS-B,Example12,12,0,32.0,84.0,nan
ALNS-B,Example12,12,0,33.0,84.0,nan
ALNS-B,Example12,12,0,34.0,84.0,nan
ALNS-B,Example12,12,0,35.0,84.0,nan
ALNS-B,Example12,12,0,36.0,84.0,nan
ALNS-B,Example12,12,0,37.0,84.0,nan
ALNS-B,Example12,12,0,38.0,84.0,nan
ALNS-B,Example12,12,0,39.0,84.0,nan
ALNS-B,Example12,12,0,40.0,84.0,nan
ALNS-B,Example12,12,0,41.0,68.0,nan
ALNS-B,Example12,12,0,42.0,68.0,nan
ALNS-B,Example12,12,0,43.0,68.0,nan
ALNS-B,Example12,12,0,44.0,68.0,nan
ALNS-B,Example12,12,0,45.0,48.0,nan
ALNS-B,Example12,12,0,46.0,48.0,nan
ALNS-B,Example12,12,0,47.0,48.0,nan
ALNS-B,Example12,12,0,48.0,48.0,nan
ALNS-B,Example12,12,0,49.0,48.0,nan
ALNS-B,Example12,12,0,50.0,48.0,nan
ALNS-B,Example12,12,0,51.0,48.0,nan
ALNS-B,Example12,12,0,52.0,48.0,nan
ALNS-B,Example12,12,0,53.0,48.0,nan
ALNS-B,Example12,12,0,54.0,48.0,nan
ALNS-B,Example12,12,0,55.0,48.0,nan
ALNS-B,Example12,12,0,56.0,48.0,nan
ALNS-B,Example12,12,0,57.0,46.0,nan
ALNS-B,Example12,12,0,58.0,46.0,nan
ALNS-B,Example12,12,0,59.0,46.0,nan
ALNS-B,Example12,12,0,60.0,46.0,nan
ALNS-B,Example12,12,0,61.0,42.0,nan
ALNS-B,Example12,12,0,62.0,42.0,nan
ALNS-B,Example12,12,0,63.0,42.0,nan
ALNS-B,Example12,12,0,64.0,42.0,nan
ALNS-B,Example12,12,0,65.0,42.0,nan
ALNS-B,Example12,12,0,66.0,42.0,nan
ALNS-B,Example12,12,0,67.0,42.0,nan
ALNS-B,Example12,12,0,68.0,42.0,nan
ALNS-B,Example12,12,0,69.0,42.0,nan
ALNS-B,Example12,12,0,70.0,42.0,nan
ALNS-B,Example12,12,0,71.0,42.0,nan
ALNS-B,Example12,12,0,72.0,34.0,nan
ALNS-B,Example12,12,0,73.0,34.0,nan
ALNS-B,Example12,12,0,74.0,34.0,nan
ALNS-B,Example12,12,0,75.0,34.0,nan
ALNS-B,Example12,12,0,76.0,34.0,nan
ALNS-B,Example12,12,0,77.0,34.0,nan
ALNS-B,Example12,12,0,78.0,34.0,nan
ALNS-B,Example12,12,0,79.0,34.0,nan
ALNS-B,Example12,12,0,80.0,34.0,nan
ALNS-B,Example12,12,0,81.0,34.0,nan
ALNS-B,Example12,12,0,82.0,34.0,nan
ALNS-B,Example12,12,0,83.0,34.0,nan
ALNS-B,Example12,12,0,84.0,34.0,nan
ALNS-B,Example12,12,0,85.0,34.0,nan
ALNS-B,Example12,12,0,86.0,34.0,nan
ALNS-B,Example12,12,0,87.0,34.0,nan
ALNS-B,Example12,12,0,88.0,34.0,nan
ALNS-B,Example12,12,0,89.0,34.0,nan
ALNS-B,Example12,12,0,90.0,34.0,nan
ALNS-B,Example12,12,0,91.0,34.0,nan
ALNS-B,Example12,12,0,92.0,34.0,nan
ALNS-B,Example12,12,0,93.0,34.0,nan
ALNS-B,Example12,12,0,94.0,34.0,nan
ALNS-B,Example12,12,0,95.0,34.0,nan
ALNS-B,Example12,12,0,96.0,34.0,nan
ALNS-B,Example12,12,0,97.0,34.0,nan
ALNS-B,Example12,12,0,98.0,34.0,nan
ALNS-B,Example12,12,0,99.0,34.0,nan
ALNS-B,Example12,12,0,100.0,34.0,nan
ALNS-B,Example12,12,0,101.0,34.0,nan
ALNS-B,Example12,12,0,102.0,34.0,nan
ALNS-B,Example12,12,0,103.0,34.0,nan
ALNS-B,Example12,12,0,104.0,34.0,nan
ALNS-B,Example12,12,0,105.0,34.0,nan
ALNS-B,Example12,12,0,106.0,34.0,nan
ALNS-B,Example12,12,0,107.0,34.0,nan
ALNS-B,Example12,12,0,108.0,34.0,nan
ALNS-B,Example12,12,0,109.0,34.0,nan
ALNS-B,Example12,12,0,110.0,34.0,nan
ALNS-B,Example12,12,0,111.0,34.0,nan
ALNS-B,Example12,12,0,112.0,34.0,nan
ALNS-B,Example12,12,0,113.0,34.0,nan
ALNS-B,Example12,12,0,114.0,34.0,nan
ALNS-B,Example12,12,0,115.0,34.0,nan
ALNS-B,Example12,12,0,116.0,34.0,nan
ALNS-B,Example12,12,0,117.0,34.0,nan
ALNS-B,Example12,12,0,118.0,34.0,nan
ALNS-B,Example12,12,0,119.0,34.0,nan
ALNS-B,Example12,12,0,120.0,34.0,nan
ALNS-B,Example12,12,0,121.0,34.0,nan
ALNS-B,Example12,12,0,122.0,34.0,nan
ALNS-B,Example12,12,0,123.0,34.0,nan
ALNS-B,Example12,12,0,124.0,34.0,nan
ALNS-B,Example12,12,0,125.0,34.0,nan
ALNS-B,Example12,12,0,126.0,34.0,nan
ALNS-B,Example12,12,0,127.0,34.0,nan
ALNS-B,Example12,12,0,128.0,34.0,nan
ALNS-B,Example12,12,0,129.0,34.0,nan
ALNS-B,Example12,12,0,130.0,34.0,nan
ALNS-B,Example12,12,0,131.0,34.0,nan
ALNS-B,Example12,12,0,132.0,34.0,nan
ALNS-B,Example12,12,0,133.0,34.0,nan
ALNS-B,Example12,12,0,134.0,34.0,nan
ALNS-B,Example12,12,0,135.0,34.0,nan
ALNS-B,Example12,12,0,136.0,34.0,nan
ALNS-B,Example12,12,0,137.0,34.0,nan
ALNS-B,Example12,12,0,138.0,34.0,nan
ALNS-B,Example12,12,0,139.0,34.0,nan
ALNS-B,Example12,12,0,140.0,34.0,nan
ALNS-B,Example12,12,0,141.0,34.0,nan
ALNS-B,Example12,12,0,142.0,34.0,nan
ALNS-B,Example12,12,0,143.0,34.0,nan
ALNS-B,Example12,12,0,144.0,34.0,nan
ALNS-B,Example12,12,0,145.0,34.0,nan
ALNS-B,Example12,12,0,146.0,34.0,nan
ALNS-B,Example12,12,0,147.0,34.0,nan
ALNS-B,Example12,12,0,148.0,34.0,nan
ALNS-B,Example12,12,0,149.0,32.0,nan
ALNS-B,Example12,12,0,150.0,32.0,nan
ALNS-B,Example12,12,0,151.0,32.0,nan
ALNS-B,Example12,12,0,152.0,32.0,nan
ALNS-B,Example12,12,0,153.0,32.0,nan
ALNS-B,Example12,12,0,154.0,32.0,nan
ALNS-B,Example12,12,0,155.0,32.0,nan
ALNS-B,Example12,12,0,156.0,32.0,nan
ALNS-B,Example12,12,0,157.0,32.0,nan
ALNS-B,Example12,12,0,158.0,32.0,nan
ALNS-B,Example12,12,0,159.0,32.0,nan
ALNS-B,Example12,12,0,160.0,32.0,nan
ALNS-B,Example12,12,0,161.0,32.0,nan
ALNS-B,Example12,12,0,162.0,32.0,nan
ALNS-B,Example12,12,0,163.0,32.0,nan
ALNS-B,Example12,12,0,164.0,32.0,nan
ALNS-B,Example12,12,0,165.0,32.0,nan
ALNS-B,Example12,12,0,166.0,32.0,nan
ALNS-B,Example12,12,0,167.0,32.0,nan
ALNS-B,Example12,12,0,168.0,32.0,nan
ALNS-B,Example12,12,0,169.0,32.0,nan
ALNS-B,Example12,12,0,170.0,32.0,nan
ALNS-B,Example12,12,0,171.0,32.0,nan
ALNS-B,Example12,12,0,172.0,32.0,nan
ALNS-B,Example12,12,0,173.0,32.0,nan
ALNS-B,Example12,12,0,174.0,32.0,nan
ALNS-B,Example12,12,0,175.0,32.0,nan
ALNS-B,Example12,12,0,176.0,32.0,nan
ALNS-B,Example12,12,0,177.0,32.0,nan
ALNS-B,Example12,12,0,178.0,32.0,nan
ALNS-B,Example12,12,0,179.0,32.0,nan
ALNS-B,Example12,12,0,180.0,32.0,nan
ALNS-B,Example12,12,0,181.0,32.0,nan
ALNS-B,Example12,12,0,182.0,24.0,nan
ALNS-B,Example12,12,0,183.0,24.0,nan
ALNS-B,Example12,12,0,184.0,24.0,nan
ALNS-B,Example12,12,0,185.0,24.0,nan
ALNS-B,Example12,12,0,186.0,24.0,nan
ALNS-B,Example12,12,0,187.0,24.0,nan
ALNS-B,Example12,12,0,188.0,24.0,nan
ALNS-B,Example12,12,0,189.0,24.0,nan
ALNS-B,Example12,12,0,190.0,24.0,nan
ALNS-B,Example12,12,0,191.0,24.0,nan
ALNS-B,Example12,12,0,192.0,24.0,nan
ALNS-B,Example12,12,0,193.0,24.0,nan
ALNS-B,Example12,12,0,194.0,24.0,nan
ALNS-B,Example12,12,0,195.0,24.0,nan
ALNS-B,Example12,12,0,196.0,24.0,nan
ALNS-B,Example12,12,0,197.0,24.0,nan
ALNS-B,Example12,12,0,198.0,24.0,nan
ALNS-B,Example12,12,0,199.0,24.0,nan
ALNS-B,Example12,12,0,200.0,24.0,nan
ALNS-B,Example12,12,0,201.0,24.0,nan
ALNS-B,Example12,12,0,202.0,24.0,nan
ALNS-B,Example12,12,0,203.0,24.0,nan
ALNS-B,Example12,12,0,204.0,24.0,nan
ALNS-B,Example12,12,0,205.0,24.0,nan
ALNS-B,Example12,12,0,206.0,24.0,nan
ALNS-B,Example12,12,0,207.0,24.0,nan
ALNS-B,Example12,12,0,208.0,24.0,nan
ALNS-B,Example12,12,0,209.0,24.0,nan
ALNS-B,Example12,12,0,210.0,24.0,nan
ALNS-B,Example12,12,0,211.0,24.0,nan
ALNS-B,Example12,12,0,212.0,24.0,nan
ALNS-B,Example12,12,0,213.0,24.0,nan
ALNS-B,Example12,12,0,214.0,24.0,nan
ALNS-B,Example12,12,0,215.0,24.0,nan
ALNS-B,Example12,12,0,216.0,24.0,nan
ALNS-B,Example12,12,0,217.0,24.0,nan
ALNS-B,Example12,12,0,218.0,24.0,nan
ALNS-B,Example12,12,0,219.0,24.0,nan
ALNS-B,Example12,12,0,220.0,24.0,nan
ALNS-B,Example12,12,0,221.0,24.0,nan
ALNS-B,Example12,12,0,222.0,24.0,nan
ALNS-B,Example12,12,0,223.0,24.0,nan
ALNS-B,Example12,12,0,224.0,24.0,nan
ALNS-B,Example12,12,0,225.0,24.0,nan
ALNS-B,Example12,12,0,226.0,24.0,nan
ALNS-B,Example12,12,0,227.0,24.0,nan
ALNS-B,Example12,12,0,228.0,24.0,nan
ALNS-B,Example12,12,0,229.0,24.0,nan
ALNS-B,Example12,12,0,230.0,24.0,nan
ALNS-B,Example12,12,0,231.0,24.0,nan
ALNS-B,Example12,12,0,232.0,24.0,nan
ALNS-B,Example12,12,0,233.0,24.0,nan
ALNS-B,Example12,12,0,234.0,24.0,nan
ALNS-B,Example12,12,0,235.0,24.0,nan
ALNS-B,Example12,12,0,236.0,24.0,nan
ALNS-B,Example12,12,0,237.0,24.0,nan
ALNS-B,Example12,12,0,238.0,24.0,nan
ALNS-B,Example12,12,0,239.0,24.0,nan
ALNS-B,Example12,12,0,240.0,24.0,nan
ALNS-B,Example12,12,0,241.0,24.0,nan
ALNS-B,Example12,12,0,242.0,24.0,nan
ALNS-B,Example12,12,0,243.0,24.0,nan
ALNS-B,Example12,12,0,244.0,24.0,nan
ALNS-B,Example12,12,0,245.0,24.0,nan
ALNS-B,Example12,12,0,246.0,24.0,nan
ALNS-B,Example12,12,0,247.0,24.0,nan
ALNS-B,Example12,12,0,248.0,24.0,nan
ALNS-B,Example12,12,0,249.0,24.0,nan
ALNS-B,Example12,12,0,250.0,24.0,nan
ALNS-B,Example12,12,0,251.0,24.0,nan
ALNS-B,Example12,12,0,252.0,24.0,nan
ALNS-B,Example12,12,0,253.0,24.0,nan
ALNS-B,Example12,12,0,254.0,24.0,nan
ALNS-B,Example12,12,0,255.0,24.0,nan
ALNS-B,Example12,12,0,256.0,24.0,nan
ALNS-B,Example12,12,0,257.0,24.0,nan
ALNS-B,Example12,12,0,258.0,24.0,nan
ALNS-B,Example12,12,0,259.0,24.0,nan
ALNS-B,Example12,12,0,260.0,24.0,nan
ALNS-B,Example12,12,0,261.0,24.0,nan
ALNS-B,Example12,12,0,262.0,24.0,nan
ALNS-B,Example12,12,0,263.0,24.0,nan
ALNS-B,Example12,12,0,264.0,24.0,nan
ALNS-B,Example12,12,0,265.0,24.0,nan
ALNS-B,Example12,12,0,266.0,24.0,nan
ALNS-B,Example12,12,0,267.0,24.0,nan
ALNS-B,Example12,12,0,268.0,24.0,nan
ALNS-B,Example12,12,0,269.0,24.0,nan
ALNS-B,Example12,12,0,270.0,24.0,nan
ALNS-B,Example12,12,0,271.0,24.0,nan
ALNS-B,Example12,12,0,272.0,24.0,nan
ALNS-B,Example12,12,0,273.0,24.0,nan
ALNS-B,Example12,12,1,0.0,199.0,nan
ALNS-B,Example12,12,1,1.0,199.0,nan
ALNS-B,Example12,12,1,2.0,199.0,nan
ALNS-B,Example12,12,1,3.0,199.0,nan
ALNS-B,Example12,12,1,4.0,199.0,nan
ALNS-B,Example12,12,1,5.0,56.0,nan
ALNS-B,Example12,12,1,6.0,49.0,nan
ALNS-B,Example12,12,1,7.0,49.0,nan
ALNS-B,Example12,12,1,8.0,49.0,nan
ALNS-B,Example12,12,1,9.0,49.0,nan
ALNS-B,Example12,12,1,10.0,49.0,nan
ALNS-B,Example12,12,1,11.0,49.0,nan
ALNS-B,Example12,12,1,12.0,49.0,nan
ALNS-B,Example12,12,1,13.0,49.0,nan
ALNS-B,Example12,12,1,14.0,49.0,nan
ALNS-B,Example12,12,1,15.0,49.0,nan
ALNS-B,Example12,12,1,16.0,49.0,nan
ALNS-B,Example12,12,1,17.0,49.0,nan
ALNS-B,Example12,12,1,18.0,49.0,nan
ALNS-B,Example12,12,1,19.0,49.0,nan
ALNS-B,Example12,12,1,20.0,49.0,nan
ALNS-B,Example12,12,1,21.0,49.0,nan
ALNS-B,Example12,12,1,22.0,49.0,nan
ALNS-B,Example12,12,1,23.0,49.0,nan
ALNS-B,Example12,12,1,24.0,49.0,nan
ALNS-B,Example12,12,1,25.0,49.0,nan
ALNS-B,Example12,12,1,26.0,49.0,nan
ALNS-B,Example12,12,1,27.0,49.0,nan
ALNS-B,Example12,12,1,28.0,49.0,nan
ALNS-B,Example12,12,1,29.0,49.0,nan
ALNS-B,Example12,12,1,30.0,49.0,nan
ALNS-B,Example12,12,1,31.0,49.0,nan
ALNS-B,Example12,12,1,32.0,49.0,nan
ALNS-B,Example12,12,1,33.0,49.0,nan
ALNS-B,Example12,12,1,34.0,49.0,nan
ALNS-B,Example12,12,1,35.0,49.0,nan
ALNS-B,Example12,12,1,36.0,49.0,nan
ALNS-B,Example12,12,1,37.0,49.0,nan
ALNS-B,Example12,12,1,38.0,46.0,nan
ALNS-B,Example12,12,1,39.0,46.0,nan
ALNS-B,Example12,12,1,40.0,46.0,nan
ALNS-B,Example12,12,1,41.0,46.0,nan
ALNS-B,Example12,12,1,42.0,46.0,nan
ALNS-B,Example12,12,1,43.0,46.0,nan
ALNS-B,Example12,12,1,44.0,46.0,nan
ALNS-B,Example12,12,1,45.0,46.0,nan
ALNS-B,Example12,12,1,46.0,46.0,nan
ALNS-B,Example12,12,1,47.0,46.0,nan
ALNS-B,Example12,12,1,48.0,46.0,nan
ALNS-B,Example12,12,1,49.0,46.0,nan
ALNS-B,Example12,12,1,50.0,46.0,nan
ALNS-B,Example12,12,1,51.0,46.0,nan
ALNS-B,Example12,12,1,52.0,46.0,nan
ALNS-B,Example12,12,1,53.0,46.0,nan
ALNS-B,Example12,12,1,54.0,46.0,nan
ALNS-B,Example12,12,1,55.0,46.0,nan
ALNS-B,Example12,12,1,56.0,46.0,nan
ALNS-B,Example12,12,1,57.0,46.0,nan
ALNS-B,Example12,12,1,58.0,46.0,nan
ALNS-B,Example12,12,1,59.0,46.0,nan
ALNS-B,Example12,12,1,60.0,46.0,nan
ALNS-B,Example12,12,1,61.0,46.0,nan
ALNS-B,Example12,12,1,62.0,46.0,nan
ALNS-B,Example12,12,1,63.0,46.0,nan
ALNS-B,Example12,12,1,64.0,46.0,nan
ALNS-B,Example12,12,1,65.0,46.0,nan
ALNS-B,Example12,12,1,66.0,46.0,nan
ALNS-B,Example12,12,1,67.0,46.0,nan
ALNS-B,Example12,12,1,68.0,46.0,nan
ALNS-B,Example12,12,1,69.0,46.0,nan
ALNS-B,Example12,12,1,70.0,46.0,nan
ALNS-B,Example12,12,1,71.0,46.0,nan
ALNS-B,Example12,12,1,72.0,31.0,nan
ALNS-B,Example12,12,1,73.0,31.0,nan
ALNS-B,Example12,12,1,74.0,31.0,nan
ALNS-B,Example12,12,1,75.0,31.0,nan
ALNS-B,Example12,12,1,76.0,31.0,nan
ALNS-B,Example12,12,1,77.0,31.0,nan
ALNS-B,Example12,12,1,78.0,31.0,nan
ALNS-B,Example12,12,1,79.0,31.0,nan
ALNS-B,Example12,12,1,80.0,31.0,nan
ALNS-B,Example12,12,1,81.0,31.0,nan
ALNS-B,Example12,12,1,82.0,31.0,nan
ALNS-B,Example12,12,1,83.0,31.0,nan
ALNS-B,Example12,12,1,84.0,31.0,nan
ALNS-B,Example12,12,1,85.0,31.0,nan
ALNS-B,Example12,12,1,86.0,31.0,nan
ALNS-B,Example12,12,1,87.0,31.0,nan
ALNS-B,Example12,12,1,88.0,31.0,nan
ALNS-B,Example12,12,1,89.0,31.0,nan
ALNS-B,Example12,12,1,90.0,31.0,nan
ALNS-B,Example12,12,1,91.0,31.0,nan
ALNS-B,Example12,12,1,92.0,31.0,nan
ALNS-B,Example12,12,1,93.0,31.0,nan
ALNS-B,Example12,12,1,94.0,31.0,nan
ALNS-B,Example12,12,1,95.0,31.0,nan
ALNS-B,Example12,12,1,96.0,31.0,nan
ALNS-B,Example12,12,1,97.0,31.0,nan
ALNS-B,Example12,12,1,98.0,31.0,nan
ALNS-B,Example12,12,1,99.0,31.0,nan
ALNS-B,Example12,12,1,100.0,31.0,nan
ALNS-B,Example12,12,1,101.0,31.0,nan
ALNS-B,Example12,12,1,102.0,31.0,nan
ALNS-B,Example12,12,1,103.0,31.0,nan
ALNS-B,Example12,12,1,104.0,31.0,nan
ALNS-B,Example12,12,1,105.0,31.0,nan
ALNS-B,Example12,12,1,106.0,31.0,nan
ALNS-B,Example12,12,1,107.0,31.0,nan
ALNS-B,Example12,12,1,108.0,31.0,nan
ALNS-B,Example12,12,1,109.0,31.0,nan
ALNS-B,Example12,12,1,110.0,31.0,nan
ALNS-B,Example12,12,1,111.0,31.0,nan
ALNS-B,Example12,12,1,112.0,31.0,nan
ALNS-B,Example12,12,1,113.0,31.0,nan
ALNS-B,Example12,12,1,114.0,31.0,nan
ALNS-B,Example12,12,1,115.0,24.0,nan
ALNS-B,Example12,12,1,116.0,24.0,nan
ALNS-B,Example12,12,1,117.0,24.0,nan
ALNS-B,Example12,12,1,118.0,24.0,nan
ALNS-B,Example12,12,1,119.0,24.0,nan
ALNS-B,Example12,12,1,120.0,24.0,nan
ALNS-B,Example12,12,1,121.0,24.0,nan
ALNS-B,Example12,12,1,122.0,24.0,nan
ALNS-B,Example12,12,1,123.0,24.0,nan
ALNS-B,Example12,12,1,124.0,24.0,nan
ALNS-B,Example12,12,1,125.0,24.0,nan
ALNS-B,Example12,12,1,126.0,24.0,nan
ALNS-B,Example12,12,1,127.0,24.0,nan
ALNS-B,Example12,12,1,128.0,24.0,nan
ALNS-B,Example12,12,1,129.0,24.0,nan
ALNS-B,Example12,12,1,130.0,24.0,nan
ALNS-B,Example12,12,1,131.0,24.0,nan
ALNS-B,Example12,12,1,132.0,24.0,nan
ALNS-B,Example12,12,1,133.0,24.0,nan
ALNS-B,Example12,12,1,134.0,24.0,nan
ALNS-B,Example12,12,1,135.0,24.0,nan
ALNS-B,Example12,12,1,136.0,24.0,nan
ALNS-B,Example12,12,1,137.0,24.0,nan
ALNS-B,Example12,12,1,138.0,24.0,nan
ALNS-B,Example12,12,1,139.0,24.0,nan
ALNS-B,Example12,12,1,140.0,24.0,nan
ALNS-B,Example12,12,1,141.0,24.0,nan
ALNS-B,Example12,12,1,142.0,24.0,nan
ALNS-B,Example12,12,1,143.0,24.0,nan
ALNS-B,Example12,12,1,144.0,24.0,nan
ALNS-B,Example12,12,1,145.0,24.0,nan
ALNS-B,Example12,12,1,146.0,24.0,nan
ALNS-B,Example12,12,1,147.0,24.0,nan
ALNS-B,Example12,12,1,148.0,24.0,nan
ALNS-B,Example12,12,1,149.0,24.0,nan
ALNS-B,Example12,12,1,150.0,24.0,nan
ALNS-B,Example12,12,1,151.0,24.0,nan
ALNS-B,Example12,12,1,152.0,24.0,nan
ALNS-B,Example12,12,1,153.0,24.0,nan
ALNS-B,Example12,12,1,154.0,24.0,nan
ALNS-B,Example12,12,1,155.0,24.0,nan
ALNS-B,Example12,12,1,156.0,24.0,nan
ALNS-B,Example12,12,1,157.0,24.0,nan
ALNS-B,Example12,12,1,158.0,24.0,nan
ALNS-B,Example12,12,1,159.0,24.0,nan
ALNS-B,Example12,12,1,160.0,19.0,nan
ALNS-B,Example12,12,1,161.0,19.0,nan
ALNS-B,Example12,12,1,162.0,19.0,nan
ALNS-B,Example12,12,1,163.0,19.0,nan
ALNS-B,Example12,12,1,164.0,19.0,nan
ALNS-B,Example12,12,1,165.0,19.0,nan
ALNS-B,Example12,12,1,166.0,13.0,nan
ALNS-B,Example12,12,1,167.0,13.0,nan
ALNS-B,Example12,12,1,168.0,13.0,nan
ALNS-B,Example12,12,1,169.0,13.0,nan
ALNS-B,Example12,12,1,170.0,13.0,nan
ALNS-B,Example12,12,1,171.0,13.0,nan
ALNS-B,Example12,12,1,172.0,10.0,nan
ALNS-B,Example12,12,1,173.0,9.0,nan
ALNS-B,Example12,12,1,174.0,8.0,nan
ALNS-B,Example12,12,1,175.0,8.0,nan
ALNS-B,Example12,12,1,176.0,8.0,nan
ALNS-B,Example12,12,1,177.0,8.0,nan
ALNS-B,Example12,12,1,178.0,8.0,nan
ALNS-B,Example12,12,1,179.0,8.0,nan
ALNS-B,Example12,12,1,180.0,8.0,nan
ALNS-B,Example12,12,1,181.0,8.0,nan
ALNS-B,Example12,12,1,182.0,8.0,nan
ALNS-B,Example12,12,1,183.0,8.0,nan
ALNS-B,Example12,12,1,184.0,8.0,nan
ALNS-B,Example12,12,1,185.0,8.0,nan
ALNS-B,Example12,12,1,186.0,8.0,nan
ALNS-B,Example12,12,1,187.0,8.0,nan
ALNS-B,Example12,12,1,188.0,8.0,nan
ALNS-B,Example12,12,1,189.0,8.0,nan
ALNS-B,Example12,12,1,190.0,8.0,nan
ALNS-B,Example12,12,1,191.0,8.0,nan
ALNS-B,Example12,12,1,192.0,8.0,nan
ALNS-B,Example12,12,1,193.0,8.0,nan
ALNS-B,Example12,12,1,194.0,8.0,nan
ALNS-B,Example12,12,1,195.0,8.0,nan
ALNS-B,Example12,12,1,196.0,8.0,nan
ALNS-B,Example12,12,1,197.0,8.0,nan
ALNS-B,Example12,12,1,198.0,8.0,nan
ALNS-B,Example12,12,1,199.0,8.0,nan
ALNS-B,Example12,12,1,200.0,8.0,nan
ALNS-B,Example12,12,1,201.0,8.0,nan
ALNS-B,Example12,12,1,202.0,8.0,nan
ALNS-B,Example12,12,1,203.0,8.0,nan
ALNS-B,Example12,12,1,204.0,8.0,nan
ALNS-B,Example12,12,1,205.0,8.0,nan
ALNS-B,Example12,12,1,206.0,8.0,nan
ALNS-B,Example12,12,1,207.0,8.0,nan
ALNS-B,Example12,12,1,208.0,8.0,nan
ALNS-B,Example12,12,1,209.0,8.0,nan
ALNS-B,Example12,12,1,210.0,8.0,nan
ALNS-B,Example12,12,1,211.0,8.0,nan
ALNS-B,Example12,12,1,212.0,8.0,nan
ALNS-B,Example12,12,1,213.0,8.0,nan
ALNS-B,Example12,12,1,214.0,8.0,nan
ALNS-B,Example12,12,1,215.0,8.0,nan
ALNS-B,Example12,12,1,216.0,8.0,nan
ALNS-B,Example12,12,1,217.0,8.0,nan
ALNS-B,Example12,12,1,218.0,8.0,nan
ALNS-B,Example12,12,1,219.0,8.0,nan
ALNS-B,Example12,12,1,220.0,8.0,nan
ALNS-B,Example12,12,1,221.0,8.0,nan
ALNS-B,Example12,12,1,222.0,8.0,nan
ALNS-B,Example12,12,1,223.0,8.0,nan
ALNS-B,Example12,12,1,224.0,8.0,nan
ALNS-B,Example12,12,1,225.0,8.0,nan
ALNS-B,Example12,12,1,226.0,8.0,nan
ALNS-B,Example12,12,1,227.0,8.0,nan
ALNS-B,Example12,12,1,228.0,8.0,nan
ALNS-B,Example12,12,1,229.0,8.0,nan
ALNS-B,Example12,12,1,230.0,8.0,nan
ALNS-B,Example12,12,1,231.0,8.0,nan
ALNS-B,Example12,12,1,232.0,8.0,nan
ALNS-B,Example12,12,1,233.0,8.0,nan
ALNS-B,Example12,12,1,234.0,8.0,nan
ALNS-B,Example12,12,1,235.0,8.0,nan
ALNS-B,Example12,12,1,236.0,8.0,nan
ALNS-B,Example12,12,1,237.0,8.0,nan
ALNS-B,Example12,12,1,238.0,8.0,nan
ALNS-B,Example12,12,1,239.0,8.0,nan
ALNS-B,Example12,12,1,240.0,8.0,nan
ALNS-B,Example12,12,1,241.0,8.0,nan
ALNS-B,Example12,12,1,242.0,8.0,nan
ALNS-B,Example12,12,1,243.0,8.0,nan
ALNS-B,Example12,12,1,244.0,8.0,nan
ALNS-B,Example12,12,1,245.0,8.0,nan
ALNS-B,Example12,12,1,246.0,8.0,nan
ALNS-B,Example12,12,1,247.0,8.0,nan
ALNS-B,Example12,12,1,248.0,8.0,nan
ALNS-B,Example12,12,1,249.0,8.0,nan
ALNS-B,Example12,12,1,250.0,8.0,nan
ALNS-B,Example12,12,1,251.0,8.0,nan
ALNS-B,Example12,12,1,252.0,8.0,nan
ALNS-B,Example12,12,1,253.0,8.0,nan
ALNS-B,Example12,12,1,254.0,8.0,nan
ALNS-B,Example12,12,1,255.0,8.0,nan
ALNS-B,Example12,12,1,256.0,8.0,nan
ALNS-B,Example12,12,1,257.0,8.0,nan
ALNS-B,Example12,12,1,258.0,8.0,nan
ALNS-B,Example12,12,1,259.0,8.0,nan
ALNS-B,Example12,12,1,260.0,8.0,nan
ALNS-B,Example12,12,1,261.0,8.0,nan
ALNS-B,Example12,12,1,262.0,8.0,nan
ALNS-B,Example12,12,1,263.0,8.0,nan
ALNS-B,Example12,12,1,264.0,8.0,nan
ALNS-B,Example12,12,1,265.0,8.0,nan
ALNS-B,Example12,12,1,266.0,8.0,nan
ALNS-B,Example12,12,1,267.0,8.0,nan
ALNS-B,Example12,12,1,268.0,8.0,nan
ALNS-B,Example12,12,1,269.0,8.0,nan
ALNS-B,Example12,12,1,270.0,8.0,nan
ALNS-B,Example12,12,1,271.0,8.0,nan
ALNS-B,Example12,12,1,272.0,8.0,nan
ALNS-B,Example12,12,1,273.0,8.0,nan
ALNS-B,Example12,12,2,0.0,254.0,nan
ALNS-B,Example12,12,2,1.0,254.0,nan
ALNS-B,Example12,12,2,2.0,254.0,nan
ALNS-B,Example12,12,2,3.0,254.0,nan
ALNS-B,Example12,12,2,4.0,254.0,nan
ALNS-B,Example12,12,2,5.0,254.0,nan
ALNS-B,Example12,12,2,6.0,157.0,nan
ALNS-B,Example12,12,2,7.0,157.0,nan
ALNS-B,Example12,12,2,8.0,157.0,nan
ALNS-B,Example12,12,2,9.0,157.0,nan
ALNS-B,Example12,12,2,10.0,157.0,nan
ALNS-B,Example12,12,2,11.0,157.0,nan
ALNS-B,Example12,12,2,12.0,157.0,nan
ALNS-B,Example12,12,2,13.0,157.0,nan
ALNS-B,Example12,12,2,14.0,157.0,nan
ALNS-B,Example12,12,2,15.0,157.0,nan
ALNS-B,Example12,12,2,16.0,157.0,nan
ALNS-B,Example12,12,2,17.0,157.0,nan
ALNS-B,Example12,12,2,18.0,157.0,nan
ALNS-B,Example12,12,2,19.0,157.0,nan
ALNS-B,Example12,12,2,20.0,157.0,nan
ALNS-B,Example12,12,2,21.0,117.0,nan
ALNS-B,Example12,12,2,22.0,117.0,nan
ALNS-B,Example12,12,2,23.0,117.0,nan
ALNS-B,Example12,12,2,24.0,117.0,nan
ALNS-B,Example12,12,2,25.0,117.0,nan
ALNS-B,Example12,12,2,26.0,117.0,nan
ALNS-B,Example12,12,2,27.0,117.0,nan
ALNS-B,Example12,12,2,28.0,99.0,nan
ALNS-B,Example12,12,2,29.0,99.0,nan
ALNS-B,Example12,12,2,30.0,99.0,nan
ALNS-B,Example12,12,2,31.0,99.0,nan
ALNS-B,Example12,12,2,32.0,99.0,nan
ALNS-B,Example12,12,2,33.0,99.0,nan
ALNS-B,Example12,12,2,34.0,99.0,nan
ALNS-B,Example12,12,2,35.0,99.0,nan
ALNS-B,Example12,12,2,36.0,99.0,nan
ALNS-B,Example12,12,2,37.0,99.0,nan
ALNS-B,Example12,12,2,38.0,99.0,nan
ALNS-B,Example12,12,2,39.0,99.0,nan
ALNS-B,Example12,12,2,40.0,99.0,nan
ALNS-B,Example12,12,2,41.0,99.0,nan
ALNS-B,Example12,12,2,42.0,99.0,nan
ALNS-B,Example12,12,2,43.0,99.0,nan
ALNS-B,Example12,12,2,44.0,99.0,nan
ALNS-B,Example12,12,2,45.0,99.0,nan
ALNS-B,Example12,12,2,46.0,99.0,nan
ALNS-B,Example12,12,2,47.0,99.0,nan
ALNS-B,Example12,12,2,48.0,94.0,nan
ALNS-B,Example12,12,2,49.0,94.0,nan
ALNS-B,Example12,12,2,50.0,94.0,nan
ALNS-B,Example12,12,2,51.0,76.0,nan
ALNS-B,Example12,12,2,52.0,76.0,nan
ALNS-B,Example12,12,2,53.0,76.0,nan
ALNS-B,Example12,12,2,54.0,76.0,nan
ALNS-B,Example12,12,2,55.0,76.0,nan
ALNS-B,Example12,12,2,56.0,76.0,nan
ALNS-B,Example12,12,2,57.0,76.0,nan
ALNS-B,Example12,12,2,58.0,76.0,nan
ALNS-B,Example12,12,2,59.0,76.0,nan
ALNS-B,Example12,12,2,60.0,76.0,nan
ALNS-B,Example12,12,2,61.0,76.0,nan
ALNS-B,Example12,12,2,62.0,76.0,nan
ALNS-B,Example12,12,2,63.0,76.0,nan
ALNS-B,Example12,12,2,64.0,76.0,nan
ALNS-B,Example12,12,2,65.0,76.0,nan
ALNS-B,Example12,12,2,66.0,76.0,nan
ALNS-B,Example12,12,2,67.0,76.0,nan
ALNS-B,Example12,12,2,68.0,76.0,nan
ALNS-B,Example12,12,2,69.0,76.0,nan
ALNS-B,Example12,12,2,70.0,76.0,nan
ALNS-B,Example12,12,2,71.0,76.0,nan
ALNS-B,Example12,12,2,72.0,76.0,nan
ALNS-B,Example12,12,2,73.0,76.0,nan
ALNS-B,Example12,12,2,74.0,76.0,nan
ALNS-B,Example12,12,2,75.0,76.0,nan
ALNS-B,Example12,12,2,76.0,76.0,nan
ALNS-B,Example12,12,2,77.0,76.0,nan
ALNS-B,Example12,12,2,78.0,76.0,nan
ALNS-B,Example12,12,2,79.0,76.0,nan
ALNS-B,Example12,12,2,80.0,76.0,nan
ALNS-B,Example12,12,2,81.0,76.0,nan
ALNS-B,Example12,12,2,82.0,76.0,nan
ALNS-B,Example12,12,2,83.0,76.0,nan
ALNS-B,Example12,12,2,84.0,76.0,nan
ALNS-B,Example12,12,2,85.0,76.0,nan
ALNS-B,Example12,12,2,86.0,76.0,nan
ALNS-B,Example12,12,2,87.0,76.0,nan
ALNS-B,Example12,12,2,88.0,76.0,nan
ALNS-B,Example12,12,2,89.0,76.0,nan
ALNS-B,Example12,12,2,90.0,76.0,nan
ALNS-B,Example12,12,2,91.0,76.0,nan
ALNS-B,Example12,12,2,92.0,76.0,nan
ALNS-B,Example12,12,2,93.0,76.0,nan
ALNS-B,Example12,12,2,94.0,76.0,nan
ALNS-B,Example12,12,2,95.0,76.0,nan
ALNS-B,Example12,12,2,96.0,76.0,nan
ALNS-B,Example12,12,2,97.0,76.0,nan
ALNS-B,Example12,12,2,98.0,76.0,nan
ALNS-B,Example12,12,2,99.0,76.0,nan
ALNS-B,Example12,12,2,100.0,76.0,nan
ALNS-B,Example12,12,2,101.0,76.0,nan
ALNS-B,Example12,12,2,102.0,76.0,nan
ALNS-B,Example12,12,2,103.0,76.0,nan
ALNS-B,Example12,12,2,104.0,76.0,nan
ALNS-B,Example12,12,2,105.0,76.0,nan
ALNS-B,Example12,12,2,106.0,76.0,nan
ALNS-B,Example12,12,2,107.0,76.0,nan
ALNS-B,Example12,12,2,108.0,76.0,nan
ALNS-B,Example12,12,2,109.0,76.0,nan
ALNS-B,Example12,12,2,110.0,76.0,nan
ALNS-B,Example12,12,2,111.0,76.0,nan
ALNS-B,Example12,12,2,112.0,76.0,nan
ALNS-B,Example12,12,2,113.0,76.0,nan
ALNS-B,Example12,12,2,114.0,76.0,nan
ALNS-B,Example12,12,2,115.0,76.0,nan
ALNS-B,Example12,12,2,116.0,76.0,nan
ALNS-B,Example12,12,2,117.0,76.0,nan
ALNS-B,Example12,12,2,118.0,76.0,nan
ALNS-B,Example12,12,2,119.0,76.0,nan
ALNS-B,Example12,12,2,120.0,76.0,nan
ALNS-B,Example12,12,2,121.0,76.0,nan
ALNS-B,Example12,12,2,122.0,76.0,nan
ALNS-B,Example12,12,2,123.0,76.0,nan
ALNS-B,Example12,12,2,124.0,76.0,nan
ALNS-B,Example12,12,2,125.0,76.0,nan
ALNS-B,Example12,12,2,126.0,76.0,nan
ALNS-B,Example12,12,2,127.0,76.0,nan
ALNS-B,Example12,12,2,128.0,76.0,nan
ALNS-B,Example12,12,2,129.0,76.0,nan
ALNS-B,Example12,12,2,130.0,76.0,nan
ALNS-B,Example12,12,2,131.0,76.0,nan
ALNS-B,Example12,12,2,132.0,76.0,nan
ALNS-B,Example12,12,2,133.0,76.0,nan
ALNS-B,Example12,12,2,134.0,76.0,nan
ALNS-B,Example12,12,2,135.0,76.0,nan
ALNS-B,Example12,12,2,136.0,76.0,nan
ALNS-B,Example12,12,2,137.0,76.0,nan
ALNS-B,Example12,12,2,138.0,76.0,nan
ALNS-B,Example12,12,2,139.0,76.0,nan
ALNS-B,Example12,12,2,140.0,76.0,nan
ALNS-B,Example12,12,2,141.0,76.0,nan
ALNS-B,Example12,12,2,142.0,76.0,nan
ALNS-B,Example12,12,2,143.0,76.0,nan
ALNS-B,Example12,12,2,144.0,76.0,nan
ALNS-B,Example12,12,2,145.0,76.0,nan
ALNS-B,Example12,12,2,146.0,76.0,nan
ALNS-B,Example12,12,2,147.0,76.0,nan
ALNS-B,Example12,12,2,148.0,76.0,nan
ALNS-B,Example12,12,2,149.0,76.0,nan
ALNS-B,Example12,12,2,150.0,76.0,nan
ALNS-B,Example12,12,2,151.0,76.0,nan
ALNS-B,Example12,12,2,152.0,76.0,nan
ALNS-B,Example12,12,2,153.0,76.0,nan
ALNS-B,Example12,12,2,154.0,76.0,nan
ALNS-B,Example12,12,2,155.0,76.0,nan
ALNS-B,Example12,12,2,156.0,76.0,nan
ALNS-B,Example12,12,2,157.0,76.0,nan
ALNS-B,Example12,12,2,158.0,76.0,nan
ALNS-B,Example12,12,2,159.0,76.0,nan
ALNS-B,Example12,12,2,160.0,76.0,nan
ALNS-B,Example12,12,2,161.0,76.0,nan
ALNS-B,Example12,12,2,162.0,76.0,nan
ALNS-B,Example12,12,2,163.0,76.0,nan
ALNS-B,Example12,12,2,164.0,76.0,nan
ALNS-B,Example12,12,2,165.0,76.0,nan
ALNS-B,Example12,12,2,166.0,76.0,nan
ALNS-B,Example12,12,2,167.0,66.0,nan
ALNS-B,Example12,12,2,168.0,66.0,nan
ALNS-B,Example12,12,2,169.0,66.0,nan
ALNS-B,Example12,12,2,170.0,44.0,nan
ALNS-B,Example12,12,2,171.0,44.0,nan
ALNS-B,Example12,12,2,172.0,44.0,nan
ALNS-B,Example12,12,2,173.0,44.0,nan
ALNS-B,Example12,12,2,174.0,44.0,nan
ALNS-B,Example12,12,2,175.0,44.0,nan
ALNS-B,Example12,12,2,176.0,44.0,nan
ALNS-B,Example12,12,2,177.0,44.0,nan
ALNS-B,Example12,12,2,178.0,44.0,nan
ALNS-B,Example12,12,2,179.0,44.0,nan
ALNS-B,Example12,12,2,180.0,44.0,nan
ALNS-B,Example12,12,2,181.0,44.0,nan
ALNS-B,Example12,12,2,182.0,44.0,nan
ALNS-B,Example12,12,2,183.0,44.0,nan
ALNS-B,Example12,12,2,184.0,44.0,nan
ALNS-B,Example12,12,2,185.0,44.0,nan
ALNS-B,Example12,12,2,186.0,44.0,nan
ALNS-B,Example12,12,2,187.0,44.0,nan
ALNS-B,Example12,12,2,188.0,44.0,nan
ALNS-B,Example12,12,2,189.0,44.0,nan
ALNS-B,Example12,12,2,190.0,44.0,nan
ALNS-B,Example12,12,2,191.0,44.0,nan
ALNS-B,Example12,12,2,192.0,44.0,nan
ALNS-B,Example12,12,2,193.0,44.0,nan
ALNS-B,Example12,12,2,194.0,44.0,nan
ALNS-B,Example12,12,2,195.0,44.0,nan
ALNS-B,Example12,12,2,196.0,44.0,nan
ALNS-B,Example12,12,2,197.0,44.0,nan
ALNS-B,Example12,12,2,198.0,44.0,nan
ALNS-B,Example12,12,2,199.0,44.0,nan
ALNS-B,Example12,12,2,200.0,44.0,nan
ALNS-B,Example12,12,2,201.0,44.0,nan
ALNS-B,Example12,12,2,202.0,44.0,nan
ALNS-B,Example12,12,2,203.0,44.0,nan
ALNS-B,Example12,12,2,204.0,44.0,nan
ALNS-B,Example12,12,2,205.0,44.0,nan
ALNS-B,Example12,12,2,206.0,44.0,nan
ALNS-B,Example12,12,2,207.0,44.0,nan
ALNS-B,Example12,12,2,208.0,44.0,nan
ALNS-B,Example12,12,2,209.0,44.0,nan
ALNS-B,Example12,12,2,210.0,44.0,nan
ALNS-B,Example12,12,2,211.0,44.0,nan
ALNS-B,Example12,12,2,212.0,44.0,nan
ALNS-B,Example12,12,2,213.0,44.0,nan
ALNS-B,Example12,12,2,214.0,44.0,nan
ALNS-B,Example12,12,2,215.0,44.0,nan
ALNS-B,Example12,12,2,216.0,44.0,nan
ALNS-B,Example12,12,2,217.0,44.0,nan
ALNS-B,Example12,12,2,218.0,44.0,nan
ALNS-B,Example12,12,2,219.0,44.0,nan
ALNS-B,Example12,12,2,220.0,44.0,nan
ALNS-B,Example12,12,2,221.0,44.0,nan
ALNS-B,Example12,12,2,222.0,44.0,nan
ALNS-B,Example12,12,2,223.0,44.0,nan
ALNS-B,Example12,12,2,224.0,44.0,nan
ALNS-B,Example12,12,2,225.0,44.0,nan
ALNS-B,Example12,12,2,226.0,44.0,nan
ALNS-B,Example12,12,2,227.0,44.0,nan
ALNS-B,Example12,12,2,228.0,44.0,nan
ALNS-B,Example12,12,2,229.0,44.0,nan
ALNS-B,Example12,12,2,230.0,44.0,nan
ALNS-B,Example12,12,2,231.0,44.0,nan
ALNS-B,Example12,12,2,232.0,44.0,nan
ALNS-B,Example12,12,2,233.0,44.0,nan
ALNS-B,Example12,12,2,234.0,44.0,nan
ALNS-B,Example12,12,2,235.0,44.0,nan
ALNS-B,Example12,12,2,236.0,44.0,nan
ALNS-B,Example12,12,2,237.0,44.0,nan
ALNS-B,Example12,12,2,238.0,44.0,nan
ALNS-B,Example12,12,2,239.0,44.0,nan
ALNS-B,Example12,12,2,240.0,44.0,nan
ALNS-B,Example12,12,2,241.0,44.0,nan
ALNS-B,Example12,12,2,242.0,44.0,nan
ALNS-B,Example12,12,2,243.0,44.0,nan
ALNS-B,Example12,12,2,244.0,44.0,nan
ALNS-B,Example12,12,2,245.0,44.0,nan
ALNS-B,Example12,12,2,246.0,44.0,nan
ALNS-B,Example12,12,2,247.0,44.0,nan
ALNS-B,Example12,12,2,248.0,44.0,nan
ALNS-B,Example12,12,2,249.0,44.0,nan
ALNS-B,Example12,12,2,250.0,44.0,nan
ALNS-B,Example12,12,2,251.0,44.0,nan
ALNS-B,Example12,12,2,252.0,44.0,nan
ALNS-B,Example12,12,2,253.0,44.0,nan
ALNS-B,Example12,12,2,254.0,44.0,nan
ALNS-B,Example12,12,2,255.0,44.0,nan
ALNS-B,Example12,12,2,256.0,44.0,nan
ALNS-B,Example12,12,2,257.0,44.0,nan
ALNS-B,Example12,12,2,258.0,44.0,nan
ALNS-B,Example12,12,2,259.0,44.0,nan
ALNS-B,Example12,12,2,260.0,44.0,nan
ALNS-B,Example12,12,2,261.0,44.0,nan
ALNS-B,Example12,12,2,262.0,44.0,nan
ALNS-B,Example12,12,2,263.0,44.0,nan
ALNS-B,Example12,12,2,264.0,44.0,nan
ALNS-B,Example12,12,2,265.0,44.0,nan
ALNS-B,Example12,12,2,266.0,44.0,nan
ALNS-B,Example12,12,2,267.0,44.0,nan
ALNS-B,Example12,12,2,268.0,44.0,nan
ALNS-B,Example12,12,2,269.0,44.0,nan
ALNS-B,Example12,12,2,270.0,44.0,nan
ALNS-B,Example12,12,2,271.0,44.0,nan
ALNS-B,Example12,12,2,272.0,44.0,nan
ALNS-B,Example12,12,2,273.0,44.0,nan
ALNS-B,Example13,13,0,0.0,398.0,nan
ALNS-B,Example13,13,0,1.0,398.0,nan
ALNS-B,Example13,13,0,2.0,398.0,nan
ALNS-B,Example13,13,0,3.0,398.0,nan
ALNS-B,Example13,13,0,4.0,398.0,nan
ALNS-B,Example13,13,0,5.0,398.0,nan
ALNS-B,Example13,13,0,6.0,398.0,nan
ALNS-B,Example13,13,0,7.0,398.0,nan
ALNS-B,Example13,13,0,8.0,398.0,nan
ALNS-B,Example13,13,0,9.0,398.0,nan
ALNS-B,Example13,13,0,10.0,398.0,nan
ALNS-B,Example13,13,0,11.0,398.0,nan
ALNS-B,Example13,13,0,12.0,398.0,nan
ALNS-B,Example13,13,0,13.0,398.0,nan
ALNS-B,Example13,13,0,14.0,398.0,nan
ALNS-B,Example13,13,0,15.0,398.0,nan
ALNS-B,Example13,13,0,16.0,398.0,nan
ALNS-B,Example13,13,0,17.0,398.0,nan
ALNS-B,Example13,13,0,18.0,398.0,nan
ALNS-B,Example13,13,0,19.0,398.0,nan
ALNS-B,Example13,13,0,20.0,121.0,nan
ALNS-B,Example13,13,0,21.0,121.0,nan
ALNS-B,Example13,13,0,22.0,121.0,nan
ALNS-B,Example13,13,0,23.0,121.0,nan
ALNS-B,Example13,13,0,24.0,50.0,nan
ALNS-B,Example13,13,0,25.0,50.0,nan
ALNS-B,Example13,13,0,26.0,50.0,nan
ALNS-B,Example13,13,0,27.0,50.0,nan
ALNS-B,Example13,13,0,28.0,50.0,nan
ALNS-B,Example13,13,0,29.0,50.0,nan
ALNS-B,Example13,13,0,30.0,50.0,nan
ALNS-B,Example13,13,0,31.0,50.0,nan
ALNS-B,Example13,13,0,32.0,35.0,nan
ALNS-B,Example13,13,0,33.0,35.0,nan
ALNS-B,Example13,13,0,34.0,35.0,nan
ALNS-B,Example13,13,0,35.0,35.0,nan
ALNS-B,Example13,13,0,36.0,35.0,nan
ALNS-B,Example13,13,0,37.0,35.0,nan
ALNS-B,Example13,13,0,38.0,35.0,nan
ALNS-B,Example13,13,0,39.0,35.0,nan
ALNS-B,Example13,13,0,40.0,35.0,nan
ALNS-B,Example13,13,0,41.0,35.0,nan
ALNS-B,Example13,13,0,42.0,35.0,nan
ALNS-B,Example13,13,0,43.0,35.0,nan
ALNS-B,Example13,13,0,44.0,35.0,nan
ALNS-B,Example13,13,0,45.0,35.0,nan
ALNS-B,Example13,13,0,46.0,35.0,nan
ALNS-B,Example13,13,0,47.0,35.0,nan
ALNS-B,Example13,13,0,48.0,35.0,nan
ALNS-B,Example13,13,0,49.0,35.0,nan
ALNS-B,Example13,13,0,50.0,35.0,nan
ALNS-B,Example13,13,0,51.0,35.0,nan
ALNS-B,Example13,13,0,52.0,35.0,nan
ALNS-B,Example13,13,0,53.0,35.0,nan
ALNS-B,Example13,13,0,54.0,35.0,nan
ALNS-B,Example13,13,0,55.0,35.0,nan
ALNS-B,Example13,13,0,56.0,35.0,nan
ALNS-B,Example13,13,0,57.0,35.0,nan
ALNS-B,Example13,13,0,58.0,35.0,nan
ALNS-B,Example13,13,0,59.0,32.0,nan
ALNS-B,Example13,13,0,60.0,32.0,nan
ALNS-B,Example13,13,0,61.0,32.0,nan
ALNS-B,Example13,13,0,62.0,32.0,nan
ALNS-B,Example13,13,0,63.0,32.0,nan
ALNS-B,Example13,13,0,64.0,32.0,nan
ALNS-B,Example13,13,0,65.0,32.0,nan
ALNS-B,Example13,13,0,66.0,32.0,nan
ALNS-B,Example13,13,0,67.0,32.0,nan
ALNS-B,Example13,13,0,68.0,32.0,nan
ALNS-B,Example13,13,0,69.0,32.0,nan
ALNS-B,Example13,13,0,70.0,32.0,nan
ALNS-B,Example13,13,0,71.0,32.0,nan
ALNS-B,Example13,13,0,72.0,32.0,nan
ALNS-B,Example13,13,0,73.0,32.0,nan
ALNS-B,Example13,13,0,74.0,27.0,nan
ALNS-B,Example13,13,0,75.0,27.0,nan
ALNS-B,Example13,13,0,76.0,27.0,nan
ALNS-B,Example13,13,0,77.0,27.0,nan
ALNS-B,Example13,13,0,78.0,27.0,nan
ALNS-B,Example13,13,0,79.0,27.0,nan
ALNS-B,Example13,13,0,80.0,27.0,nan
ALNS-B,Example13,13,0,81.0,27.0,nan
ALNS-B,Example13,13,0,82.0,27.0,nan
ALNS-B,Example13,13,0,83.0,27.0,nan
ALNS-B,Example13,13,0,84.0,27.0,nan
ALNS-B,Example13,13,0,85.0,27.0,nan
ALNS-B,Example13,13,0,86.0,27.0,nan
ALNS-B,Example13,13,0,87.0,27.0,nan
ALNS-B,Example13,13,0,88.0,27.0,nan
ALNS-B,Example13,13,0,89.0,27.0,nan
ALNS-B,Example13,13,0,90.0,27.0,nan
ALNS-B,Example13,13,0,91.0,27.0,nan
ALNS-B,Example13,13,0,92.0,27.0,nan
ALNS-B,Example13,13,0,93.0,27.0,nan
ALNS-B,Example13,13,0,94.0,27.0,nan
ALNS-B,Example13,13,0,95.0,27.0,nan
ALNS-B,Example13,13,0,96.0,27.0,nan
ALNS-B,Example13,13,0,97.0,27.0,nan
ALNS-B,Example13,13,0,98.0,27.0,nan
ALNS-B,Example13,13,0,99.0,27.0,nan
ALNS-B,Example13,13,0,100.0,27.0,nan
ALNS-B,Example13,13,0,101.0,27.0,nan
ALNS-B,Example13,13,0,102.0,27.0,nan
ALNS-B,Example13,13,0,103.0,27.0,nan
ALNS-B,Example13,13,0,104.0,27.0,nan
ALNS-B,Example13,13,0,105.0,27.0,nan
ALNS-B,Example13,13,0,106.0,27.0,nan
ALNS-B,Example13,13,0,107.0,27.0,nan
ALNS-B,Example13,13,0,108.0,27.0,nan
ALNS-B,Example13,13,0,109.0,27.0,nan
ALNS-B,Example13,13,0,110.0,27.0,nan
ALNS-B,Example13,13,0,111.0,27.0,nan
ALNS-B,Example13,13,0,112.0,27.0,nan
ALNS-B,Example13,13,0,113.0,27.0,nan
ALNS-B,Example13,13,0,114.0,27.0,nan
ALNS-B,Example13,13,0,115.0,27.0,nan
ALNS-B,Example13,13,0,116.0,27.0,nan
ALNS-B,Example13,13,0,117.0,27.0,nan
ALNS-B,Example13,13,0,118.0,27.0,nan
ALNS-B,Example13,13,0,119.0,27.0,nan
ALNS-B,Example13,13,0,120.0,27.0,nan
ALNS-B,Example13,13,0,121.0,27.0,nan
ALNS-B,Example13,13,0,122.0,27.0,nan
ALNS-B,Example13,13,0,123.0,27.0,nan
ALNS-B,Example13,13,0,124.0,27.0,nan
ALNS-B,Example13,13,0,125.0,27.0,nan
ALNS-B,Example13,13,0,126.0,27.0,nan
ALNS-B,Example13,13,0,127.0,27.0,nan
ALNS-B,Example13,13,0,128.0,27.0,nan
ALNS-B,Example13,13,0,129.0,27.0,nan
ALNS-B,Example13,13,0,130.0,27.0,nan
ALNS-B,Example13,13,0,131.0,27.0,nan
ALNS-B,Example13,13,0,132.0,27.0,nan
ALNS-B,Example13,13,0,133.0,27.0,nan
ALNS-B,Example13,13,0,134.0,27.0,nan
ALNS-B,Example13,13,0,135.0,27.0,nan
ALNS-B,Example13,13,0,136.0,27.0,nan
ALNS-B,Example13,13,0,137.0,27.0,nan
ALNS-B,Example13,13,0,138.0,27.0,nan
ALNS-B,Example13,13,0,139.0,27.0,nan
ALNS-B,Example13,13,0,140.0,27.0,nan
ALNS-B,Example13,13,0,141.0,27.0,nan
ALNS-B,Example13,13,0,142.0,27.0,nan
ALNS-B,Example13,13,0,143.0,27.0,nan
ALNS-B,Example13,13,0,144.0,27.0,nan
ALNS-B,Example13,13,0,145.0,27.0,nan
ALNS-B,Example13,13,0,146.0,27.0,nan
ALNS-B,Example13,13,0,147.0,27.0,nan
ALNS-B,Example13,13,0,148.0,27.0,nan
ALNS-B,Example13,13,0,149.0,27.0,nan
ALNS-B,Example13,13,0,150.0,27.0,nan
ALNS-B,Example13,13,0,151.0,27.0,nan
ALNS-B,Example13,13,0,152.0,27.0,nan
ALNS-B,Example13,13,0,153.0,27.0,nan
ALNS-B,Example13,13,0,154.0,27.0,nan
ALNS-B,Example13,13,0,155.0,27.0,nan
ALNS-B,Example13,13,0,156.0,27.0,nan
ALNS-B,Example13,13,0,157.0,27.0,nan
ALNS-B,Example13,13,0,158.0,27.0,nan
ALNS-B,Example13,13,0,159.0,27.0,nan
ALNS-B,Example13,13,0,160.0,27.0,nan
ALNS-B,Example13,13,0,161.0,27.0,nan
ALNS-B,Example13,13,0,162.0,27.0,nan
ALNS-B,Example13,13,0,163.0,27.0,nan
ALNS-B,Example13,13,0,164.0,27.0,nan
ALNS-B,Example13,13,0,165.0,27.0,nan
ALNS-B,Example13,13,0,166.0,27.0,nan
ALNS-B,Example13,13,0,167.0,27.0,nan
ALNS-B,Example13,13,0,168.0,27.0,nan
ALNS-B,Example13,13,0,169.0,27.0,nan
ALNS-B,Example13,13,0,170.0,27.0,nan
ALNS-B,Example13,13,0,171.0,27.0,nan
ALNS-B,Example13,13,0,172.0,27.0,nan
ALNS-B,Example13,13,0,173.0,27.0,nan
ALNS-B,Example13,13,0,174.0,27.0,nan
ALNS-B,Example13,13,0,175.0,27.0,nan
ALNS-B,Example13,13,0,176.0,27.0,nan
ALNS-B,Example13,13,0,177.0,27.0,nan
ALNS-B,Example13,13,0,178.0,27.0,nan
ALNS-B,Example13,13,0,179.0,27.0,nan
ALNS-B,Example13,13,0,180.0,27.0,nan
ALNS-B,Example13,13,0,181.0,27.0,nan
ALNS-B,Example13,13,0,182.0,27.0,nan
ALNS-B,Example13,13,0,183.0,27.0,nan
ALNS-B,Example13,13,0,184.0,27.0,nan
ALNS-B,Example13,13,0,185.0,27.0,nan
ALNS-B,Example13,13,0,186.0,27.0,nan
ALNS-B,Example13,13,0,187.0,27.0,nan
ALNS-B,Example13,13,0,188.0,27.0,nan
ALNS-B,Example13,13,0,189.0,27.0,nan
ALNS-B,Example13,13,0,190.0,27.0,nan
ALNS-B,Example13,13,0,191.0,27.0,nan
ALNS-B,Example13,13,0,192.0,27.0,nan
ALNS-B,Example13,13,0,193.0,27.0,nan
ALNS-B,Example13,13,0,194.0,27.0,nan
ALNS-B,Example13,13,0,195.0,27.0,nan
ALNS-B,Example13,13,0,196.0,27.0,nan
ALNS-B,Example13,13,0,197.0,27.0,nan
ALNS-B,Example13,13,0,198.0,27.0,nan
ALNS-B,Example13,13,0,199.0,27.0,nan
ALNS-B,Example13,13,0,200.0,27.0,nan
ALNS-B,Example13,13,0,201.0,27.0,nan
ALNS-B,Example13,13,0,202.0,27.0,nan
ALNS-B,Example13,13,0,203.0,27.0,nan
ALNS-B,Example13,13,0,204.0,27.0,nan
ALNS-B,Example13,13,0,205.0,27.0,nan
ALNS-B,Example13,13,0,206.0,27.0,nan
ALNS-B,Example13,13,0,207.0,27.0,nan
ALNS-B,Example13,13,0,208.0,27.0,nan
ALNS-B,Example13,13,0,209.0,27.0,nan
ALNS-B,Example13,13,0,210.0,27.0,nan
ALNS-B,Example13,13,0,211.0,27.0,nan
ALNS-B,Example13,13,0,212.0,27.0,nan
ALNS-B,Example13,13,0,213.0,27.0,nan
ALNS-B,Example13,13,0,214.0,27.0,nan
ALNS-B,Example13,13,0,215.0,27.0,nan
ALNS-B,Example13,13,0,216.0,27.0,nan
ALNS-B,Example13,13,0,217.0,27.0,nan
ALNS-B,Example13,13,0,218.0,27.0,nan
ALNS-B,Example13,13,0,219.0,27.0,nan
ALNS-B,Example13,13,0,220.0,27.0,nan
ALNS-B,Example13,13,0,221.0,27.0,nan
ALNS-B,Example13,13,0,222.0,27.0,nan
ALNS-B,Example13,13,0,223.0,27.0,nan
ALNS-B,Example13,13,0,224.0,27.0,nan
ALNS-B,Example13,13,0,225.0,27.0,nan
ALNS-B,Example13,13,0,226.0,27.0,nan
ALNS-B,Example13,13,0,227.0,27.0,nan
ALNS-B,Example13,13,0,228.0,27.0,nan
ALNS-B,Example13,13,0,229.0,27.0,nan
ALNS-B,Example13,13,0,230.0,27.0,nan
ALNS-B,Example13,13,0,231.0,27.0,nan
ALNS-B,Example13,13,0,232.0,27.0,nan
ALNS-B,Example13,13,0,233.0,27.0,nan
ALNS-B,Example13,13,0,234.0,27.0,nan
ALNS-B,Example13,13,0,235.0,27.0,nan
ALNS-B,Example13,13,0,236.0,27.0,nan
ALNS-B,Example13,13,0,237.0,27.0,nan
ALNS-B,Example13,13,0,238.0,27.0,nan
ALNS-B,Example13,13,0,239.0,27.0,nan
ALNS-B,Example13,13,0,240.0,27.0,nan
ALNS-B,Example13,13,0,241.0,27.0,nan
ALNS-B,Example13,13,0,242.0,27.0,nan
ALNS-B,Example13,13,0,243.0,27.0,nan
ALNS-B,Example13,13,0,244.0,27.0,nan
ALNS-B,Example13,13,0,245.0,27.0,nan
ALNS-B,Example13,13,0,246.0,27.0,nan
ALNS-B,Example13,13,0,247.0,27.0,nan
ALNS-B,Example13,13,0,248.0,27.0,nan
ALNS-B,Example13,13,0,249.0,27.0,nan
ALNS-B,Example13,13,0,250.0,27.0,nan
ALNS-B,Example13,13,0,251.0,27.0,nan
ALNS-B,Example13,13,0,252.0,27.0,nan
ALNS-B,Example13,13,0,253.0,27.0,nan
ALNS-B,Example13,13,0,254.0,27.0,nan
ALNS-B,Example13,13,0,255.0,27.0,nan
ALNS-B,Example13,13,0,256.0,27.0,nan
ALNS-B,Example13,13,0,257.0,27.0,nan
ALNS-B,Example13,13,0,258.0,27.0,nan
ALNS-B,Example13,13,0,259.0,27.0,nan
ALNS-B,Example13,13,0,260.0,27.0,nan
ALNS-B,Example13,13,0,261.0,27.0,nan
ALNS-B,Example13,13,0,262.0,27.0,nan
ALNS-B,Example13,13,0,263.0,27.0,nan
ALNS-B,Example13,13,0,264.0,27.0,nan
ALNS-B,Example13,13,0,265.0,27.0,nan
ALNS-B,Example13,13,0,266.0,27.0,nan
ALNS-B,Example13,13,0,267.0,27.0,nan
ALNS-B,Example13,13,0,268.0,27.0,nan
ALNS-B,Example13,13,0,269.0,27.0,nan
ALNS-B,Example13,13,0,270.0,27.0,nan
ALNS-B,Example13,13,0,271.0,27.0,nan
ALNS-B,Example13,13,0,272.0,27.0,nan
ALNS-B,Example13,13,0,273.0,27.0,nan
ALNS-B,Example13,13,1,0.0,158.0,nan
ALNS-B,Example13,13,1,1.0,158.0,nan
ALNS-B,Example13,13,1,2.0,158.0,nan
ALNS-B,Example13,13,1,3.0,158.0,nan
ALNS-B,Example13,13,1,4.0,158.0,nan
ALNS-B,Example13,13,1,5.0,158.0,nan
ALNS-B,Example13,13,1,6.0,83.0,nan
ALNS-B,Example13,13,1,7.0,83.0,nan
ALNS-B,Example13,13,1,8.0,83.0,nan
ALNS-B,Example13,13,1,9.0,83.0,nan
ALNS-B,Example13,13,1,10.0,64.0,nan
ALNS-B,Example13,13,1,11.0,64.0,nan
ALNS-B,Example13,13,1,12.0,64.0,nan
ALNS-B,Example13,13,1,13.0,64.0,nan
ALNS-B,Example13,13,1,14.0,64.0,nan
ALNS-B,Example13,13,1,15.0,57.0,nan
ALNS-B,Example13,13,1,16.0,57.0,nan
ALNS-B,Example13,13,1,17.0,57.0,nan
ALNS-B,Example13,13,1,18.0,57.0,nan
ALNS-B,Example13,13,1,19.0,57.0,nan
ALNS-B,Example13,13,1,20.0,57.0,nan
ALNS-B,Example13,13,1,21.0,57.0,nan
ALNS-B,Example13,13,1,22.0,54.0,nan
ALNS-B,Example13,13,1,23.0,54.0,nan
ALNS-B,Example13,13,1,24.0,54.0,nan
ALNS-B,Example13,13,1,25.0,54.0,nan
ALNS-B,Example13,13,1,26.0,54.0,nan
ALNS-B,Example13,13,1,27.0,54.0,nan
ALNS-B,Example13,13,1,28.0,54.0,nan
ALNS-B,Example13,13,1,29.0,54.0,nan
ALNS-B,Example13,13,1,30.0,54.0,nan
ALNS-B,Example13,13,1,31.0,54.0,nan
ALNS-B,Example13,13,1,32.0,54.0,nan
ALNS-B,Example13,13,1,33.0,54.0,nan
ALNS-B,Example13,13,1,34.0,54.0,nan
ALNS-B,Example13,13,1,35.0,54.0,nan
ALNS-B,Example13,13,1,36.0,54.0,nan
ALNS-B,Example13,13,1,37.0,54.0,nan
ALNS-B,Example13,13,1,38.0,54.0,nan
ALNS-B,Example13,13,1,39.0,54.0,nan
ALNS-B,Example13,13,1,40.0,54.0,nan
ALNS-B,Example13,13,1,41.0,54.0,nan
ALNS-B,Example13,13,1,42.0,54.0,nan
ALNS-B,Example13,13,1,43.0,54.0,nan
ALNS-B,Example13,13,1,44.0,54.0,nan
ALNS-B,Example13,13,1,45.0,54.0,nan
ALNS-B,Example13,13,1,46.0,54.0,nan
ALNS-B,Example13,13,1,47.0,54.0,nan
ALNS-B,Example13,13,1,48.0,54.0,nan
ALNS-B,Example13,13,1,49.0,54.0,nan
ALNS-B,Example13,13,1,50.0,54.0,nan
ALNS-B,Example13,13,1,51.0,54.0,nan
ALNS-B,Example13,13,1,52.0,54.0,nan
ALNS-B,Example13,13,1,53.0,54.0,nan
ALNS-B,Example13,13,1,54.0,54.0,nan
ALNS-B,Example13,13,1,55.0,54.0,nan
ALNS-B,Example13,13,1,56.0,54.0,nan
ALNS-B,Example13,13,1,57.0,54.0,nan
ALNS-B,Example13,13,1,58.0,54.0,nan
ALNS-B,Example13,13,1,59.0,54.0,nan
ALNS-B,Example13,13,1,60.0,54.0,nan
ALNS-B,Example13,13,1,61.0,54.0,nan
ALNS-B,Example13,13,1,62.0,54.0,nan
ALNS-B,Example13,13,1,63.0,54.0,nan
ALNS-B,Example13,13,1,64.0,54.0,nan
ALNS-B,Example13,13,1,65.0,54.0,nan
ALNS-B,Example13,13,1,66.0,54.0,nan
ALNS-B,Example13,13,1,67.0,54.0,nan
ALNS-B,Example13,13,1,68.0,54.0,nan
ALNS-B,Example13,13,1,69.0,54.0,nan
ALNS-B,Example13,13,1,70.0,54.0,nan
ALNS-B,Example13,13,1,71.0,54.0,nan
ALNS-B,Example13,13,1,72.0,54.0,nan
ALNS-B,Example13,13,1,73.0,54.0,nan
ALNS-B,Example13,13,1,74.0,54.0,nan
ALNS-B,Example13,13,1,75.0,54.0,nan
ALNS-B,Example13,13,1,76.0,54.0,nan
ALNS-B,Example13,13,1,77.0,54.0,nan
ALNS-B,Example13,13,1,78.0,54.0,nan
ALNS-B,Example13,13,1,79.0,54.0,nan
ALNS-B,Example13,13,1,80.0,54.0,nan
ALNS-B,Example13,13,1,81.0,54.0,nan
ALNS-B,Example13,13,1,82.0,54.0,nan
ALNS-B,Example13,13,1,83.0,54.0,nan
ALNS-B,Example13,13,1,84.0,39.0,nan
ALNS-B,Example13,13,1,85.0,39.0,nan
ALNS-B,Example13,13,1,86.0,39.0,nan
ALNS-B,Example13,13,1,87.0,39.0,nan
ALNS-B,Example13,13,1,88.0,39.0,nan
ALNS-B,Example13,13,1,89.0,39.0,nan
ALNS-B,Example13,13,1,90.0,39.0,nan
ALNS-B,Example13,13,1,91.0,39.0,nan
ALNS-B,Example13,13,1,92.0,39.0,nan
ALNS-B,Example13,13,1,93.0,39.0,nan
ALNS-B,Example13,13,1,94.0,39.0,nan
ALNS-B,Example13,13,1,95.0,39.0,nan
ALNS-B,Example13,13,1,96.0,39.0,nan
ALNS-B,Example13,13,1,97.0,39.0,nan
ALNS-B,Example13,13,1,98.0,39.0,nan
ALNS-B,Example13,13,1,99.0,39.0,nan
ALNS-B,Example13,13,1,100.0,39.0,nan
ALNS-B,Example13,13,1,101.0,39.0,nan
ALNS-B,Example13,13,1,102.0,39.0,nan
ALNS-B,Example13,13,1,103.0,39.0,nan
ALNS-B,Example13,13,1,104.0,39.0,nan
ALNS-B,Example13,13,1,105.0,39.0,nan
ALNS-B,Example13,13,1,106.0,39.0,nan
ALNS-B,Example13,13,1,107.0,39.0,nan
ALNS-B,Example13,13,1,108.0,39.0,nan
ALNS-B,Example13,13,1,109.0,39.0,nan
ALNS-B,Example13,13,1,110.0,39.0,nan
ALNS-B,Example13,13,1,111.0,39.0,nan
ALNS-B,Example13,13,1,112.0,39.0,nan
ALNS-B,Example13,13,1,113.0,39.0,nan
ALNS-B,Example13,13,1,114.0,39.0,nan
ALNS-B,Example13,13,1,115.0,39.0,nan
ALNS-B,Example13,13,1,116.0,39.0,nan
ALNS-B,Example13,13,1,117.0,39.0,nan
ALNS-B,Example13,13,1,118.0,39.0,nan
ALNS-B,Example13,13,1,119.0,39.0,nan
ALNS-B,Example13,13,1,120.0,39.0,nan
ALNS-B,Example13,13,1,121.0,39.0,nan
ALNS-B,Example13,13,1,122.0,39.0,nan
ALNS-B,Example13,13,1,123.0,39.0,nan
ALNS-B,Example13,13,1,124.0,39.0,nan
ALNS-B,Example13,13,1,125.0,39.0,nan
ALNS-B,Example13,13,1,126.0,39.0,nan
ALNS-B,Example13,13,1,127.0,39.0,nan
ALNS-B,Example13,13,1,128.0,39.0,nan
ALNS-B,Example13,13,1,129.0,39.0,nan
ALNS-B,Example13,13,1,130.0,39.0,nan
ALNS-B,Example13,13,1,131.0,39.0,nan
ALNS-B,Example13,13,1,132.0,39.0,nan
ALNS-B,Example13,13,1,133.0,39.0,nan
ALNS-B,Example13,13,1,134.0,39.0,nan
ALNS-B,Example13,13,1,135.0,39.0,nan
ALNS-B,Example13,13,1,136.0,39.0,nan
ALNS-B,Example13,13,1,137.0,39.0,nan
ALNS-B,Example13,13,1,138.0,39.0,nan
ALNS-B,Example13,13,1,139.0,39.0,nan
ALNS-B,Example13,13,1,140.0,39.0,nan
ALNS-B,Example13,13,1,141.0,39.0,nan
ALNS-B,Example13,13,1,142.0,39.0,nan
ALNS-B,Example13,13,1,143.0,39.0,nan
ALNS-B,Example13,13,1,144.0,39.0,nan
ALNS-B,Example13,13,1,145.0,39.0,nan
ALNS-B,Example13,13,1,146.0,39.0,nan
ALNS-B,Example13,13,1,147.0,39.0,nan
ALNS-B,Example13,13,1,148.0,39.0,nan
ALNS-B,Example13,13,1,149.0,39.0,nan
ALNS-B,Example13,13,1,150.0,39.0,nan
ALNS-B,Example13,13,1,151.0,39.0,nan
ALNS-B,Example13,13,1,152.0,39.0,nan
ALNS-B,Example13,13,1,153.0,39.0,nan
ALNS-B,Example13,13,1,154.0,39.0,nan
ALNS-B,Example13,13,1,155.0,39.0,nan
ALNS-B,Example13,13,1,156.0,39.0,nan
ALNS-B,Example13,13,1,157.0,39.0,nan
ALNS-B,Example13,13,1,158.0,39.0,nan
ALNS-B,Example13,13,1,159.0,39.0,nan
ALNS-B,Example13,13,1,160.0,39.0,nan
ALNS-B,Example13,13,1,161.0,39.0,nan
ALNS-B,Example13,13,1,162.0,39.0,nan
ALNS-B,Example13,13,1,163.0,39.0,nan
ALNS-B,Example13,13,1,164.0,39.0,nan
ALNS-B,Example13,13,1,165.0,39.0,nan
ALNS-B,Example13,13,1,166.0,39.0,nan
ALNS-B,Example13,13,1,167.0,39.0,nan
ALNS-B,Example13,13,1,168.0,39.0,nan
ALNS-B,Example13,13,1,169.0,39.0,nan
ALNS-B,Example13,13,1,170.0,39.0,nan
ALNS-B,Example13,13,1,171.0,39.0,nan
ALNS-B,Example13,13,1,172.0,39.0,nan
ALNS-B,Example13,13,1,173.0,39.0,nan
ALNS-B,Example13,13,1,174.0,39.0,nan
ALNS-B,Example13,13,1,175.0,39.0,nan
ALNS-B,Example13,13,1,176.0,39.0,nan
ALNS-B,Example13,13,1,177.0,39.0,nan
ALNS-B,Example13,13,1,178.0,39.0,nan
ALNS-B,Example13,13,1,179.0,39.0,nan
ALNS-B,Example13,13,1,180.0,39.0,nan
ALNS-B,Example13,13,1,181.0,39.0,nan
ALNS-B,Example13,13,1,182.0,39.0,nan
ALNS-B,Example13,13,1,183.0,39.0,nan
ALNS-B,Example13,13,1,184.0,39.0,nan
ALNS-B,Example13,13,1,185.0,39.0,nan
ALNS-B,Example13,13,1,186.0,39.0,nan
ALNS-B,Example13,13,1,187.0,39.0,nan
ALNS-B,Example13,13,1,188.0,39.0,nan
ALNS-B,Example13,13,1,189.0,39.0,nan
ALNS-B,Example13,13,1,190.0,39.0,nan
ALNS-B,Example13,13,1,191.0,39.0,nan
ALNS-B,Example13,13,1,192.0,39.0,nan
ALNS-B,Example13,13,1,193.0,39.0,nan
ALNS-B,Example13,13,1,194.0,39.0,nan
ALNS-B,Example13,13,1,195.0,39.0,nan
ALNS-B,Example13,13,1,196.0,39.0,nan
ALNS-B,Example13,13,1,197.0,39.0,nan
ALNS-B,Example13,13,1,198.0,39.0,nan
ALNS-B,Example13,13,1,199.0,39.0,nan
ALNS-B,Example13,13,1,200.0,39.0,nan
ALNS-B,Example13,13,1,201.0,39.0,nan
ALNS-B,Example13,13,1,202.0,39.0,nan
ALNS-B,Example13,13,1,203.0,39.0,nan
ALNS-B,Example13,13,1,204.0,39.0,nan
ALNS-B,Example13,13,1,205.0,39.0,nan
ALNS-B,Example13,13,1,206.0,39.0,nan
ALNS-B,Example13,13,1,207.0,39.0,nan
ALNS-B,Example13,13,1,208.0,39.0,nan
ALNS-B,Example13,13,1,209.0,39.0,nan
ALNS-B,Example13,13,1,210.0,39.0,nan
ALNS-B,Example13,13,1,211.0,39.0,nan
ALNS-B,Example13,13,1,212.0,39.0,nan
ALNS-B,Example13,13,1,213.0,39.0,nan
ALNS-B,Example13,13,1,214.0,39.0,nan
ALNS-B,Example13,13,1,215.0,39.0,nan
ALNS-B,Example13,13,1,216.0,39.0,nan
ALNS-B,Example13,13,1,217.0,39.0,nan
ALNS-B,Example13,13,1,218.0,39.0,nan
ALNS-B,Example13,13,1,219.0,39.0,nan
ALNS-B,Example13,13,1,220.0,39.0,nan
ALNS-B,Example13,13,1,221.0,39.0,nan
ALNS-B,Example13,13,1,222.0,39.0,nan
ALNS-B,Example13,13,1,223.0,39.0,nan
ALNS-B,Example13,13,1,224.0,39.0,nan
ALNS-B,Example13,13,1,225.0,39.0,nan
ALNS-B,Example13,13,1,226.0,39.0,nan
ALNS-B,Example13,13,1,227.0,39.0,nan
ALNS-B,Example13,13,1,228.0,39.0,nan
ALNS-B,Example13,13,1,229.0,39.0,nan
ALNS-B,Example13,13,1,230.0,39.0,nan
ALNS-B,Example13,13,1,231.0,39.0,nan
ALNS-B,Example13,13,1,232.0,39.0,nan
ALNS-B,Example13,13,1,233.0,39.0,nan
ALNS-B,Example13,13,1,234.0,39.0,nan
ALNS-B,Example13,13,1,235.0,39.0,nan
ALNS-B,Example13,13,1,236.0,39.0,nan
ALNS-B,Example13,13,1,237.0,39.0,nan
ALNS-B,Example13,13,1,238.0,39.0,nan
ALNS-B,Example13,13,1,239.0,39.0,nan
ALNS-B,Example13,13,1,240.0,39.0,nan
ALNS-B,Example13,13,1,241.0,39.0,nan
ALNS-B,Example13,13,1,242.0,39.0,nan
ALNS-B,Example13,13,1,243.0,39.0,nan
ALNS-B,Example13,13,1,244.0,39.0,nan
ALNS-B,Example13,13,1,245.0,39.0,nan
ALNS-B,Example13,13,1,246.0,39.0,nan
ALNS-B,Example13,13,1,247.0,39.0,nan
ALNS-B,Example13,13,1,248.0,39.0,nan
ALNS-B,Example13,13,1,249.0,39.0,nan
ALNS-B,Example13,13,1,250.0,39.0,nan
ALNS-B,Example13,13,1,251.0,39.0,nan
ALNS-B,Example13,13,1,252.0,39.0,nan
ALNS-B,Example13,13,1,253.0,39.0,nan
ALNS-B,Example13,13,1,254.0,39.0,nan
ALNS-B,Example13,13,1,255.0,39.0,nan
ALNS-B,Example13,13,1,256.0,39.0,nan
ALNS-B,Example13,13,1,257.0,39.0,nan
ALNS-B,Example13,13,1,258.0,39.0,nan
ALNS-B,Example13,13,1,259.0,39.0,nan
ALNS-B,Example13,13,1,260.0,39.0,nan
ALNS-B,Example13,13,1,261.0,39.0,nan
ALNS-B,Example13,13,1,262.0,39.0,nan
ALNS-B,Example13,13,1,263.0,39.0,nan
ALNS-B,Example13,13,1,264.0,39.0,nan
ALNS-B,Example13,13,1,265.0,39.0,nan
ALNS-B,Example13,13,1,266.0,39.0,nan
ALNS-B,Example13,13,1,267.0,39.0,nan
ALNS-B,Example13,13,1,268.0,39.0,nan
ALNS-B,Example13,13,1,269.0,39.0,nan
ALNS-B,Example13,13,1,270.0,39.0,nan
ALNS-B,Example13,13,1,271.0,39.0,nan
ALNS-B,Example13,13,1,272.0,39.0,nan
ALNS-B,Example13,13,1,273.0,39.0,nan
ALNS-B,Example13,13,2,0.0,317.0,nan
ALNS-B,Example13,13,2,1.0,317.0,nan
ALNS-B,Example13,13,2,2.0,317.0,nan
ALNS-B,Example13,13,2,3.0,317.0,nan
ALNS-B,Example13,13,2,4.0,149.0,nan
ALNS-B,Example13,13,2,5.0,149.0,nan
ALNS-B,Example13,13,2,6.0,149.0,nan
ALNS-B,Example13,13,2,7.0,44.0,nan
ALNS-B,Example13,13,2,8.0,44.0,nan
ALNS-B,Example13,13,2,9.0,44.0,nan
ALNS-B,Example13,13,2,10.0,44.0,nan
ALNS-B,Example13,13,2,11.0,44.0,nan
ALNS-B,Example13,13,2,12.0,44.0,nan
ALNS-B,Example13,13,2,13.0,44.0,nan
ALNS-B,Example13,13,2,14.0,44.0,nan
ALNS-B,Example13,13,2,15.0,44.0,nan
ALNS-B,Example13,13,2,16.0,44.0,nan
ALNS-B,Example13,13,2,17.0,44.0,nan
ALNS-B,Example13,13,2,18.0,44.0,nan
ALNS-B,Example13,13,2,19.0,44.0,nan
ALNS-B,Example13,13,2,20.0,44.0,nan
ALNS-B,Example13,13,2,21.0,44.0,nan
ALNS-B,Example13,13,2,22.0,44.0,nan
ALNS-B,Example13,13,2,23.0,42.0,nan
ALNS-B,Example13,13,2,24.0,23.0,nan
ALNS-B,Example13,13,2,25.0,23.0,nan
ALNS-B,Example13,13,2,26.0,23.0,nan
ALNS-B,Example13,13,2,27.0,23.0,nan
ALNS-B,Example13,13,2,28.0,23.0,nan
ALNS-B,Example13,13,2,29.0,23.0,nan
ALNS-B,Example13,13,2,30.0,23.0,nan
ALNS-B,Example13,13,2,31.0,23.0,nan
ALNS-B,Example13,13,2,32.0,23.0,nan
ALNS-B,Example13,13,2,33.0,23.0,nan
ALNS-B,Example13,13,2,34.0,23.0,nan
ALNS-B,Example13,13,2,35.0,23.0,nan
ALNS-B,Example13,13,2,36.0,23.0,nan
ALNS-B,Example13,13,2,37.0,23.0,nan
ALNS-B,Example13,13,2,38.0,23.0,nan
ALNS-B,Example13,13,2,39.0,23.0,nan
ALNS-B,Example13,13,2,40.0,23.0,nan
ALNS-B,Example13,13,2,41.0,23.0,nan
ALNS-B,Example13,13,2,42.0,23.0,nan
ALNS-B,Example13,13,2,43.0,23.0,nan
ALNS-B,Example13,13,2,44.0,23.0,nan
ALNS-B,Example13,13,2,45.0,23.0,nan
ALNS-B,Example13,13,2,46.0,23.0,nan
ALNS-B,Example13,13,2,47.0,23.0,nan
ALNS-B,Example13,13,2,48.0,23.0,nan
ALNS-B,Example13,13,2,49.0,23.0,nan
ALNS-B,Example13,13,2,50.0,23.0,nan
ALNS-B,Example13,13,2,51.0,23.0,nan
ALNS-B,Example13,13,2,52.0,23.0,nan
ALNS-B,Example13,13,2,53.0,23.0,nan
ALNS-B,Example13,13,2,54.0,23.0,nan
ALNS-B,Example13,13,2,55.0,23.0,nan
ALNS-B,Example13,13,2,56.0,23.0,nan
ALNS-B,Example13,13,2,57.0,23.0,nan
ALNS-B,Example13,13,2,58.0,23.0,nan
ALNS-B,Example13,13,2,59.0,23.0,nan
ALNS-B,Example13,13,2,60.0,23.0,nan
ALNS-B,Example13,13,2,61.0,23.0,nan
ALNS-B,Example13,13,2,62.0,23.0,nan
ALNS-B,Example13,13,2,63.0,23.0,nan
ALNS-B,Example13,13,2,64.0,23.0,nan
ALNS-B,Example13,13,2,65.0,23.0,nan
ALNS-B,Example13,13,2,66.0,23.0,nan
ALNS-B,Example13,13,2,67.0,23.0,nan
ALNS-B,Example13,13,2,68.0,23.0,nan
ALNS-B,Example13,13,2,69.0,23.0,nan
ALNS-B,Example13,13,2,70.0,23.0,nan
ALNS-B,Example13,13,2,71.0,23.0,nan
ALNS-B,Example13,13,2,72.0,23.0,nan
ALNS-B,Example13,13,2,73.0,23.0,nan
ALNS-B,Example13,13,2,74.0,23.0,nan
ALNS-B,Example13,13,2,75.0,23.0,nan
ALNS-B,Example13,13,2,76.0,23.0,nan
ALNS-B,Example13,13,2,77.0,23.0,nan
ALNS-B,Example13,13,2,78.0,23.0,nan
ALNS-B,Example13,13,2,79.0,23.0,nan
ALNS-B,Example13,13,2,80.0,23.0,nan
ALNS-B,Example13,13,2,81.0,23.0,nan
ALNS-B,Example13,13,2,82.0,23.0,nan
ALNS-B,Example13,13,2,83.0,23.0,nan
ALNS-B,Example13,13,2,84.0,23.0,nan
ALNS-B,Example13,13,2,85.0,23.0,nan
ALNS-B,Example13,13,2,86.0,23.0,nan
ALNS-B,Example13,13,2,87.0,23.0,nan
ALNS-B,Example13,13,2,88.0,23.0,nan
ALNS-B,Example13,13,2,89.0,23.0,nan
ALNS-B,Example13,13,2,90.0,23.0,nan
ALNS-B,Example13,13,2,91.0,23.0,nan
ALNS-B,Example13,13,2,92.0,23.0,nan
ALNS-B,Example13,13,2,93.0,23.0,nan
ALNS-B,Example13,13,2,94.0,23.0,nan
ALNS-B,Example13,13,2,95.0,23.0,nan
ALNS-B,Example13,13,2,96.0,23.0,nan
ALNS-B,Example13,13,2,97.0,23.0,nan
ALNS-B,Example13,13,2,98.0,23.0,nan
ALNS-B,Example13,13,2,99.0,23.0,nan
ALNS-B,Example13,13,2,100.0,23.0,nan
ALNS-B,Example13,13,2,101.0,23.0,nan
ALNS-B,Example13,13,2,102.0,23.0,nan
ALNS-B,Example13,13,2,103.0,23.0,nan
ALNS-B,Example13,13,2,104.0,23.0,nan
ALNS-B,Example13,13,2,105.0,23.0,nan
ALNS-B,Example13,13,2,106.0,23.0,nan
ALNS-B,Example13,13,2,107.0,23.0,nan
ALNS-B,Example13,13,2,108.0,23.0,nan
ALNS-B,Example13,13,2,109.0,23.0,nan
ALNS-B,Example13,13,2,110.0,23.0,nan
ALNS-B,Example13,13,2,111.0,23.0,nan
ALNS-B,Example13,13,2,112.0,23.0,nan
ALNS-B,Example13,13,2,113.0,23.0,nan
ALNS-B,Example13,13,2,114.0,23.0,nan
ALNS-B,Example13,13,2,115.0,23.0,nan
ALNS-B,Example13,13,2,116.0,23.0,nan
ALNS-B,Example13,13,2,117.0,23.0,nan
ALNS-B,Example13,13,2,118.0,23.0,nan
ALNS-B,Example13,13,2,119.0,23.0,nan
ALNS-B,Example13,13,2,120.0,23.0,nan
ALNS-B,Example13,13,2,121.0,23.0,nan
ALNS-B,Example13,13,2,122.0,23.0,nan
ALNS-B,Example13,13,2,123.0,23.0,nan
ALNS-B,Example13,13,2,124.0,23.0,nan
ALNS-B,Example13,13,2,125.0,23.0,nan
ALNS-B,Example13,13,2,126.0,23.0,nan
ALNS-B,Example13,13,2,127.0,23.0,nan
ALNS-B,Example13,13,2,128.0,23.0,nan
ALNS-B,Example13,13,2,129.0,23.0,nan
ALNS-B,Example13,13,2,130.0,23.0,nan
ALNS-B,Example13,13,2,131.0,23.0,nan
ALNS-B,Example13,13,2,132.0,23.0,nan
ALNS-B,Example13,13,2,133.0,23.0,nan
ALNS-B,Example13,13,2,134.0,23.0,nan
ALNS-B,Example13,13,2,135.0,23.0,nan
ALNS-B,Example13,13,2,136.0,23.0,nan
ALNS-B,Example13,13,2,137.0,23.0,nan
ALNS-B,Example13,13,2,138.0,23.0,nan
ALNS-B,Example13,13,2,139.0,23.0,nan
ALNS-B,Example13,13,2,140.0,23.0,nan
ALNS-B,Example13,13,2,141.0,23.0,nan
ALNS-B,Example13,13,2,142.0,23.0,nan
ALNS-B,Example13,13,2,143.0,23.0,nan
ALNS-B,Example13,13,2,144.0,23.0,nan
ALNS-B,Example13,13,2,145.0,23.0,nan
ALNS-B,Example13,13,2,146.0,23.0,nan
ALNS-B,Example13,13,2,147.0,23.0,nan
ALNS-B,Example13,13,2,148.0,23.0,nan
ALNS-B,Example13,13,2,149.0,23.0,nan
ALNS-B,Example13,13,2,150.0,23.0,nan
ALNS-B,Example13,13,2,151.0,23.0,nan
ALNS-B,Example13,13,2,152.0,23.0,nan
ALNS-B,Example13,13,2,153.0,23.0,nan
ALNS-B,Example13,13,2,154.0,23.0,nan
ALNS-B,Example13,13,2,155.0,23.0,nan
ALNS-B,Example13,13,2,156.0,23.0,nan
ALNS-B,Example13,13,2,157.0,23.0,nan
ALNS-B,Example13,13,2,158.0,23.0,nan
ALNS-B,Example13,13,2,159.0,23.0,nan
ALNS-B,Example13,13,2,160.0,23.0,nan
ALNS-B,Example13,13,2,161.0,23.0,nan
ALNS-B,Example13,13,2,162.0,23.0,nan
ALNS-B,Example13,13,2,163.0,23.0,nan
ALNS-B,Example13,13,2,164.0,23.0,nan
ALNS-B,Example13,13,2,165.0,23.0,nan
ALNS-B,Example13,13,2,166.0,23.0,nan
ALNS-B,Example13,13,2,167.0,23.0,nan
ALNS-B,Example13,13,2,168.0,23.0,nan
ALNS-B,Example13,13,2,169.0,23.0,nan
ALNS-B,Example13,13,2,170.0,23.0,nan
ALNS-B,Example13,13,2,171.0,23.0,nan
ALNS-B,Example13,13,2,172.0,23.0,nan
ALNS-B,Example13,13,2,173.0,23.0,nan
ALNS-B,Example13,13,2,174.0,23.0,nan
ALNS-B,Example13,13,2,175.0,23.0,nan
ALNS-B,Example13,13,2,176.0,23.0,nan
ALNS-B,Example13,13,2,177.0,23.0,nan
ALNS-B,Example13,13,2,178.0,23.0,nan
ALNS-B,Example13,13,2,179.0,23.0,nan
ALNS-B,Example13,13,2,180.0,23.0,nan
ALNS-B,Example13,13,2,181.0,23.0,nan
ALNS-B,Example13,13,2,182.0,23.0,nan
ALNS-B,Example13,13,2,183.0,23.0,nan
ALNS-B,Example13,13,2,184.0,23.0,nan
ALNS-B,Example13,13,2,185.0,23.0,nan
ALNS-B,Example13,13,2,186.0,23.0,nan
ALNS-B,Example13,13,2,187.0,23.0,nan
ALNS-B,Example13,13,2,188.0,23.0,nan
ALNS-B,Example13,13,2,189.0,23.0,nan
ALNS-B,Example13,13,2,190.0,23.0,nan
ALNS-B,Example13,13,2,191.0,23.0,nan
ALNS-B,Example13,13,2,192.0,23.0,nan
ALNS-B,Example13,13,2,193.0,23.0,nan
ALNS-B,Example13,13,2,194.0,23.0,nan
ALNS-B,Example13,13,2,195.0,23.0,nan
ALNS-B,Example13,13,2,196.0,23.0,nan
ALNS-B,Example13,13,2,197.0,23.0,nan
ALNS-B,Example13,13,2,198.0,23.0,nan
ALNS-B,Example13,13,2,199.0,23.0,nan
ALNS-B,Example13,13,2,200.0,23.0,nan
ALNS-B,Example13,13,2,201.0,23.0,nan
ALNS-B,Example13,13,2,202.0,23.0,nan
ALNS-B,Example13,13,2,203.0,23.0,nan
ALNS-B,Example13,13,2,204.0,23.0,nan
ALNS-B,Example13,13,2,205.0,23.0,nan
ALNS-B,Example13,13,2,206.0,23.0,nan
ALNS-B,Example13,13,2,207.0,23.0,nan
ALNS-B,Example13,13,2,208.0,23.0,nan
ALNS-B,Example13,13,2,209.0,23.0,nan
ALNS-B,Example13,13,2,210.0,23.0,nan
ALNS-B,Example13,13,2,211.0,23.0,nan
ALNS-B,Example13,13,2,212.0,23.0,nan
ALNS-B,Example13,13,2,213.0,23.0,nan
ALNS-B,Example13,13,2,214.0,23.0,nan
ALNS-B,Example13,13,2,215.0,23.0,nan
ALNS-B,Example13,13,2,216.0,23.0,nan
ALNS-B,Example13,13,2,217.0,23.0,nan
ALNS-B,Example13,13,2,218.0,23.0,nan
ALNS-B,Example13,13,2,219.0,23.0,nan
ALNS-B,Example13,13,2,220.0,23.0,nan
ALNS-B,Example13,13,2,221.0,23.0,nan
ALNS-B,Example13,13,2,222.0,23.0,nan
ALNS-B,Example13,13,2,223.0,23.0,nan
ALNS-B,Example13,13,2,224.0,23.0,nan
ALNS-B,Example13,13,2,225.0,23.0,nan
ALNS-B,Example13,13,2,226.0,23.0,nan
ALNS-B,Example13,13,2,227.0,23.0,nan
ALNS-B,Example13,13,2,228.0,23.0,nan
ALNS-B,Example13,13,2,229.0,23.0,nan
ALNS-B,Example13,13,2,230.0,23.0,nan
ALNS-B,Example13,13,2,231.0,23.0,nan
ALNS-B,Example13,13,2,232.0,23.0,nan
ALNS-B,Example13,13,2,233.0,23.0,nan
ALNS-B,Example13,13,2,234.0,23.0,nan
ALNS-B,Example13,13,2,235.0,23.0,nan
ALNS-B,Example13,13,2,236.0,23.0,nan
ALNS-B,Example13,13,2,237.0,23.0,nan
ALNS-B,Example13,13,2,238.0,23.0,nan
ALNS-B,Example13,13,2,239.0,23.0,nan
ALNS-B,Example13,13,2,240.0,23.0,nan
ALNS-B,Example13,13,2,241.0,23.0,nan
ALNS-B,Example13,13,2,242.0,23.0,nan
ALNS-B,Example13,13,2,243.0,23.0,nan
ALNS-B,Example13,13,2,244.0,23.0,nan
ALNS-B,Example13,13,2,245.0,23.0,nan
ALNS-B,Example13,13,2,246.0,23.0,nan
ALNS-B,Example13,13,2,247.0,23.0,nan
ALNS-B,Example13,13,2,248.0,23.0,nan
ALNS-B,Example13,13,2,249.0,23.0,nan
ALNS-B,Example13,13,2,250.0,23.0,nan
ALNS-B,Example13,13,2,251.0,23.0,nan
ALNS-B,Example13,13,2,252.0,23.0,nan
ALNS-B,Example13,13,2,253.0,23.0,nan
ALNS-B,Example13,13,2,254.0,23.0,nan
ALNS-B,Example13,13,2,255.0,23.0,nan
ALNS-B,Example13,13,2,256.0,23.0,nan
ALNS-B,Example13,13,2,257.0,23.0,nan
ALNS-B,Example13,13,2,258.0,23.0,nan
ALNS-B,Example13,13,2,259.0,23.0,nan
ALNS-B,Example13,13,2,260.0,23.0,nan
ALNS-B,Example13,13,2,261.0,23.0,nan
ALNS-B,Example13,13,2,262.0,23.0,nan
ALNS-B,Example13,13,2,263.0,23.0,nan
ALNS-B,Example13,13,2,264.0,23.0,nan
ALNS-B,Example13,13,2,265.0,23.0,nan
ALNS-B,Example13,13,2,266.0,23.0,nan
ALNS-B,Example13,13,2,267.0,23.0,nan
ALNS-B,Example13,13,2,268.0,23.0,nan
ALNS-B,Example13,13,2,269.0,23.0,nan
ALNS-B,Example13,13,2,270.0,23.0,nan
ALNS-B,Example13,13,2,271.0,23.0,nan
ALNS-B,Example13,13,2,272.0,23.0,nan
ALNS-B,Example13,13,2,273.0,23.0,nan
ALNS-B,Example14,14,0,0.0,129.0,nan
ALNS-B,Example14,14,0,1.0,129.0,nan
ALNS-B,Example14,14,0,2.0,129.0,nan
ALNS-B,Example14,14,0,3.0,43.0,nan
ALNS-B,Example14,14,0,4.0,43.0,nan
ALNS-B,Example14,14,0,5.0,43.0,nan
ALNS-B,Example14,14,0,6.0,43.0,nan
ALNS-B,Example14,14,0,7.0,43.0,nan
ALNS-B,Example14,14,0,8.0,43.0,nan
ALNS-B,Example14,14,0,9.0,43.0,nan
ALNS-B,Example14,14,0,10.0,43.0,nan
ALNS-B,Example14,14,0,11.0,43.0,nan
ALNS-B,Example14,14,0,12.0,43.0,nan
ALNS-B,Example14,14,0,13.0,43.0,nan
ALNS-B,Example14,14,0,14.0,43.0,nan
ALNS-B,Example14,14,0,15.0,43.0,nan
ALNS-B,Example14,14,0,16.0,43.0,nan
ALNS-B,Example14,14,0,17.0,43.0,nan
ALNS-B,Example14,14,0,18.0,43.0,nan
ALNS-B,Example14,14,0,19.0,29.0,nan
ALNS-B,Example14,14,0,20.0,19.0,nan
ALNS-B,Example14,14,0,21.0,19.0,nan
ALNS-B,Example14,14,0,22.0,19.0,nan
ALNS-B,Example14,14,0,23.0,19.0,nan
ALNS-B,Example14,14,0,24.0,19.0,nan
ALNS-B,Example14,14,0,25.0,19.0,nan
ALNS-B,Example14,14,0,26.0,19.0,nan
ALNS-B,Example14,14,0,27.0,19.0,nan
ALNS-B,Example14,14,0,28.0,19.0,nan
ALNS-B,Example14,14,0,29.0,19.0,nan
ALNS-B,Example14,14,0,30.0,19.0,nan
ALNS-B,Example14,14,0,31.0,19.0,nan
ALNS-B,Example14,14,0,32.0,9.0,nan
ALNS-B,Example14,14,0,33.0,9.0,nan
ALNS-B,Example14,14,0,34.0,9.0,nan
ALNS-B,Example14,14,0,35.0,9.0,nan
ALNS-B,Example14,14,0,36.0,9.0,nan
ALNS-B,Example14,14,0,37.0,9.0,nan
ALNS-B,Example14,14,0,38.0,9.0,nan
ALNS-B,Example14,14,0,39.0,9.0,nan
ALNS-B,Example14,14,0,40.0,9.0,nan
ALNS-B,Example14,14,0,41.0,9.0,nan
ALNS-B,Example14,14,0,42.0,9.0,nan
ALNS-B,Example14,14,0,43.0,9.0,nan
ALNS-B,Example14,14,0,44.0,9.0,nan
ALNS-B,Example14,14,0,45.0,9.0,nan
ALNS-B,Example14,14,0,46.0,9.0,nan
ALNS-B,Example14,14,0,47.0,9.0,nan
ALNS-B,Example14,14,0,48.0,9.0,nan
ALNS-B,Example14,14,0,49.0,9.0,nan
ALNS-B,Example14,14,0,50.0,9.0,nan
ALNS-B,Example14,14,0,51.0,9.0,nan
ALNS-B,Example14,14,0,52.0,9.0,nan
ALNS-B,Example14,14,0,53.0,9.0,nan
ALNS-B,Example14,14,0,54.0,9.0,nan
ALNS-B,Example14,14,0,55.0,9.0,nan
ALNS-B,Example14,14,0,56.0,9.0,nan
ALNS-B,Example14,14,0,57.0,9.0,nan
ALNS-B,Example14,14,0,58.0,9.0,nan
ALNS-B,Example14,14,0,59.0,9.0,nan
ALNS-B,Example14,14,0,60.0,9.0,nan
ALNS-B,Example14,14,0,61.0,9.0,nan
ALNS-B,Example14,14,0,62.0,9.0,nan
ALNS-B,Example14,14,0,63.0,9.0,nan
ALNS-B,Example14,14,0,64.0,9.0,nan
ALNS-B,Example14,14,0,65.0,9.0,nan
ALNS-B,Example14,14,0,66.0,9.0,nan
ALNS-B,Example14,14,0,67.0,9.0,nan
ALNS-B,Example14,14,0,68.0,9.0,nan
ALNS-B,Example14,14,0,69.0,9.0,nan
ALNS-B,Example14,14,0,70.0,9.0,nan
ALNS-B,Example14,14,0,71.0,9.0,nan
ALNS-B,Example14,14,0,72.0,9.0,nan
ALNS-B,Example14,14,0,73.0,9.0,nan
ALNS-B,Example14,14,0,74.0,9.0,nan
ALNS-B,Example14,14,0,75.0,9.0,nan
ALNS-B,Example14,14,0,76.0,9.0,nan
ALNS-B,Example14,14,0,77.0,9.0,nan
ALNS-B,Example14,14,0,78.0,9.0,nan
ALNS-B,Example14,14,0,79.0,9.0,nan
ALNS-B,Example14,14,0,80.0,9.0,nan
ALNS-B,Example14,14,0,81.0,9.0,nan
ALNS-B,Example14,14,0,82.0,9.0,nan
ALNS-B,Example14,14,0,83.0,9.0,nan
ALNS-B,Example14,14,0,84.0,9.0,nan
ALNS-B,Example14,14,0,85.0,9.0,nan
ALNS-B,Example14,14,0,86.0,9.0,nan
ALNS-B,Example14,14,0,87.0,9.0,nan
ALNS-B,Example14,14,0,88.0,9.0,nan
ALNS-B,Example14,14,0,89.0,9.0,nan
ALNS-B,Example14,14,0,90.0,9.0,nan
ALNS-B,Example14,14,0,91.0,9.0,nan
ALNS-B,Example14,14,0,92.0,9.0,nan
ALNS-B,Example14,14,0,93.0,9.0,nan
ALNS-B,Example14,14,0,94.0,9.0,nan
ALNS-B,Example14,14,0,95.0,9.0,nan
ALNS-B,Example14,14,0,96.0,9.0,nan
ALNS-B,Example14,14,0,97.0,9.0,nan
ALNS-B,Example14,14,0,98.0,9.0,nan
ALNS-B,Example14,14,0,99.0,9.0,nan
ALNS-B,Example14,14,0,100.0,9.0,nan
ALNS-B,Example14,14,0,101.0,8.0,nan
ALNS-B,Example14,14,0,102.0,8.0,nan
ALNS-B,Example14,14,0,103.0,8.0,nan
ALNS-B,Example14,14,0,104.0,8.0,nan
ALNS-B,Example14,14,0,105.0,8.0,nan
ALNS-B,Example14,14,0,106.0,8.0,nan
ALNS-B,Example14,14,0,107.0,8.0,nan
ALNS-B,Example14,14,0,108.0,8.0,nan
ALNS-B,Example14,14,0,109.0,7.0,nan
ALNS-B,Example14,14,0,110.0,7.0,nan
ALNS-B,Example14,14,0,111.0,7.0,nan
ALNS-B,Example14,14,0,112.0,7.0,nan
ALNS-B,Example14,14,0,113.0,7.0,nan
ALNS-B,Example14,14,0,114.0,7.0,nan
ALNS-B,Example14,14,0,115.0,7.0,nan
ALNS-B,Example14,14,0,116.0,7.0,nan
ALNS-B,Example14,14,0,117.0,7.0,nan
ALNS-B,Example14,14,0,118.0,7.0,nan
ALNS-B,Example14,14,0,119.0,7.0,nan
ALNS-B,Example14,14,0,120.0,7.0,nan
ALNS-B,Example14,14,0,121.0,7.0,nan
ALNS-B,Example14,14,0,122.0,7.0,nan
ALNS-B,Example14,14,0,123.0,7.0,nan
ALNS-B,Example14,14,0,124.0,7.0,nan
ALNS-B,Example14,14,0,125.0,7.0,nan
ALNS-B,Example14,14,0,126.0,7.0,nan
ALNS-B,Example14,14,0,127.0,7.0,nan
ALNS-B,Example14,14,0,128.0,7.0,nan
ALNS-B,Example14,14,0,129.0,7.0,nan
ALNS-B,Example14,14,0,130.0,7.0,nan
ALNS-B,Example14,14,0,131.0,7.0,nan
ALNS-B,Example14,14,0,132.0,7.0,nan
ALNS-B,Example14,14,0,133.0,7.0,nan
ALNS-B,Example14,14,0,134.0,7.0,nan
ALNS-B,Example14,14,0,135.0,7.0,nan
ALNS-B,Example14,14,0,136.0,7.0,nan
ALNS-B,Example14,14,0,137.0,7.0,nan
ALNS-B,Example14,14,0,138.0,7.0,nan
ALNS-B,Example14,14,0,139.0,7.0,nan
ALNS-B,Example14,14,0,140.0,7.0,nan
ALNS-B,Example14,14,0,141.0,7.0,nan
ALNS-B,Example14,14,0,142.0,7.0,nan
ALNS-B,Example14,14,0,143.0,7.0,nan
ALNS-B,Example14,14,0,144.0,7.0,nan
ALNS-B,Example14,14,0,145.0,7.0,nan
ALNS-B,Example14,14,0,146.0,7.0,nan
ALNS-B,Example14,14,0,147.0,7.0,nan
ALNS-B,Example14,14,0,148.0,7.0,nan
ALNS-B,Example14,14,0,149.0,7.0,nan
ALNS-B,Example14,14,0,150.0,7.0,nan
ALNS-B,Example14,14,0,151.0,7.0,nan
ALNS-B,Example14,14,0,152.0,7.0,nan
ALNS-B,Example14,14,0,153.0,7.0,nan
ALNS-B,Example14,14,0,154.0,7.0,nan
ALNS-B,Example14,14,0,155.0,7.0,nan
ALNS-B,Example14,14,0,156.0,7.0,nan
ALNS-B,Example14,14,0,157.0,7.0,nan
ALNS-B,Example14,14,0,158.0,7.0,nan
ALNS-B,Example14,14,0,159.0,7.0,nan
ALNS-B,Example14,14,0,160.0,7.0,nan
ALNS-B,Example14,14,0,161.0,7.0,nan
ALNS-B,Example14,14,0,162.0,7.0,nan
ALNS-B,Example14,14,0,163.0,7.0,nan
ALNS-B,Example14,14,0,164.0,7.0,nan
ALNS-B,Example14,14,0,165.0,7.0,nan
ALNS-B,Example14,14,0,166.0,7.0,nan
ALNS-B,Example14,14,0,167.0,7.0,nan
ALNS-B,Example14,14,0,168.0,7.0,nan
ALNS-B,Example14,14,0,169.0,7.0,nan
ALNS-B,Example14,14,0,170.0,7.0,nan
ALNS-B,Example14,14,0,171.0,7.0,nan
ALNS-B,Example14,14,0,172.0,7.0,nan
ALNS-B,Example14,14,0,173.0,7.0,nan
ALNS-B,Example14,14,0,174.0,7.0,nan
ALNS-B,Example14,14,0,175.0,7.0,nan
ALNS-B,Example14,14,0,176.0,7.0,nan
ALNS-B,Example14,14,0,177.0,7.0,nan
ALNS-B,Example14,14,0,178.0,7.0,nan
ALNS-B,Example14,14,0,179.0,7.0,nan
ALNS-B,Example14,14,0,180.0,7.0,nan
ALNS-B,Example14,14,0,181.0,7.0,nan
ALNS-B,Example14,14,0,182.0,7.0,nan
ALNS-B,Example14,14,0,183.0,7.0,nan
ALNS-B,Example14,14,0,184.0,7.0,nan
ALNS-B,Example14,14,0,185.0,7.0,nan
ALNS-B,Example14,14,0,186.0,7.0,nan
ALNS-B,Example14,14,0,187.0,7.0,nan
ALNS-B,Example14,14,0,188.0,7.0,nan
ALNS-B,Example14,14,0,189.0,7.0,nan
ALNS-B,Example14,14,0,190.0,7.0,nan
ALNS-B,Example14,14,0,191.0,7.0,nan
ALNS-B,Example14,14,0,192.0,7.0,nan
ALNS-B,Example14,14,0,193.0,7.0,nan
ALNS-B,Example14,14,0,194.0,7.0,nan
ALNS-B,Example14,14,0,195.0,7.0,nan
ALNS-B,Example14,14,0,196.0,7.0,nan
ALNS-B,Example14,14,0,197.0,7.0,nan
ALNS-B,Example14,14,0,198.0,7.0,nan
ALNS-B,Example14,14,0,199.0,7.0,nan
ALNS-B,Example14,14,0,200.0,7.0,nan
ALNS-B,Example14,14,0,201.0,7.0,nan
ALNS-B,Example14,14,0,202.0,7.0,nan
ALNS-B,Example14,14,0,203.0,7.0,nan
ALNS-B,Example14,14,0,204.0,7.0,nan
ALNS-B,Example14,14,0,205.0,7.0,nan
ALNS-B,Example14,14,0,206.0,7.0,nan
ALNS-B,Example14,14,0,207.0,7.0,nan
ALNS-B,Example14,14,0,208.0,7.0,nan
ALNS-B,Example14,14,0,209.0,7.0,nan
ALNS-B,Example14,14,0,210.0,7.0,nan
ALNS-B,Example14,14,0,211.0,7.0,nan
ALNS-B,Example14,14,0,212.0,7.0,nan
ALNS-B,Example14,14,0,213.0,7.0,nan
ALNS-B,Example14,14,0,214.0,7.0,nan
ALNS-B,Example14,14,0,215.0,7.0,nan
ALNS-B,Example14,14,0,216.0,7.0,nan
ALNS-B,Example14,14,0,217.0,7.0,nan
ALNS-B,Example14,14,0,218.0,7.0,nan
ALNS-B,Example14,14,0,219.0,7.0,nan
ALNS-B,Example14,14,0,220.0,7.0,nan
ALNS-B,Example14,14,0,221.0,7.0,nan
ALNS-B,Example14,14,0,222.0,7.0,nan
ALNS-B,Example14,14,0,223.0,7.0,nan
ALNS-B,Example14,14,0,224.0,7.0,nan
ALNS-B,Example14,14,0,225.0,7.0,nan
ALNS-B,Example14,14,0,226.0,7.0,nan
ALNS-B,Example14,14,0,227.0,7.0,nan
ALNS-B,Example14,14,0,228.0,7.0,nan
ALNS-B,Example14,14,0,229.0,7.0,nan
ALNS-B,Example14,14,0,230.0,7.0,nan
ALNS-B,Example14,14,0,231.0,7.0,nan
ALNS-B,Example14,14,0,232.0,7.0,nan
ALNS-B,Example14,14,0,233.0,7.0,nan
ALNS-B,Example14,14,0,234.0,7.0,nan
ALNS-B,Example14,14,0,235.0,7.0,nan
ALNS-B,Example14,14,0,236.0,7.0,nan
ALNS-B,Example14,14,0,237.0,7.0,nan
ALNS-B,Example14,14,0,238.0,7.0,nan
ALNS-B,Example14,14,0,239.0,7.0,nan
ALNS-B,Example14,14,0,240.0,7.0,nan
ALNS-B,Example14,14,0,241.0,7.0,nan
ALNS-B,Example14,14,0,242.0,7.0,nan
ALNS-B,Example14,14,0,243.0,7.0,nan
ALNS-B,Example14,14,0,244.0,7.0,nan
ALNS-B,Example14,14,0,245.0,7.0,nan
ALNS-B,Example14,14,0,246.0,7.0,nan
ALNS-B,Example14,14,0,247.0,7.0,nan
ALNS-B,Example14,14,0,248.0,7.0,nan
ALNS-B,Example14,14,0,249.0,7.0,nan
ALNS-B,Example14,14,0,250.0,7.0,nan
ALNS-B,Example14,14,0,251.0,7.0,nan
ALNS-B,Example14,14,0,252.0,7.0,nan
ALNS-B,Example14,14,0,253.0,7.0,nan
ALNS-B,Example14,14,0,254.0,7.0,nan
ALNS-B,Example14,14,0,255.0,7.0,nan
ALNS-B,Example14,14,0,256.0,7.0,nan
ALNS-B,Example14,14,0,257.0,7.0,nan
ALNS-B,Example14,14,0,258.0,7.0,nan
ALNS-B,Example14,14,0,259.0,7.0,nan
ALNS-B,Example14,14,0,260.0,7.0,nan
ALNS-B,Example14,14,0,261.0,7.0,nan
ALNS-B,Example14,14,0,262.0,7.0,nan
ALNS-B,Example14,14,0,263.0,7.0,nan
ALNS-B,Example14,14,0,264.0,7.0,nan
ALNS-B,Example14,14,0,265.0,7.0,nan
ALNS-B,Example14,14,0,266.0,7.0,nan
ALNS-B,Example14,14,0,267.0,7.0,nan
ALNS-B,Example14,14,0,268.0,7.0,nan
ALNS-B,Example14,14,0,269.0,7.0,nan
ALNS-B,Example14,14,0,270.0,7.0,nan
ALNS-B,Example14,14,0,271.0,7.0,nan
ALNS-B,Example14,14,0,272.0,7.0,nan
ALNS-B,Example14,14,0,273.0,7.0,nan
ALNS-B,Example14,14,1,0.0,95.0,nan
ALNS-B,Example14,14,1,1.0,95.0,nan
ALNS-B,Example14,14,1,2.0,95.0,nan
ALNS-B,Example14,14,1,3.0,95.0,nan
ALNS-B,Example14,14,1,4.0,95.0,nan
ALNS-B,Example14,14,1,5.0,30.0,nan
ALNS-B,Example14,14,1,6.0,30.0,nan
ALNS-B,Example14,14,1,7.0,30.0,nan
ALNS-B,Example14,14,1,8.0,30.0,nan
ALNS-B,Example14,14,1,9.0,30.0,nan
ALNS-B,Example14,14,1,10.0,17.0,nan
ALNS-B,Example14,14,1,11.0,17.0,nan
ALNS-B,Example14,14,1,12.0,17.0,nan
ALNS-B,Example14,14,1,13.0,9.0,nan
ALNS-B,Example14,14,1,14.0,9.0,nan
ALNS-B,Example14,14,1,15.0,9.0,nan
ALNS-B,Example14,14,1,16.0,9.0,nan
ALNS-B,Example14,14,1,17.0,9.0,nan
ALNS-B,Example14,14,1,18.0,9.0,nan
ALNS-B,Example14,14,1,19.0,9.0,nan
ALNS-B,Example14,14,1,20.0,9.0,nan
ALNS-B,Example14,14,1,21.0,9.0,nan
ALNS-B,Example14,14,1,22.0,9.0,nan
ALNS-B,Example14,14,1,23.0,9.0,nan
ALNS-B,Example14,14,1,24.0,9.0,nan
ALNS-B,Example14,14,1,25.0,9.0,nan
ALNS-B,Example14,14,1,26.0,9.0,nan
ALNS-B,Example14,14,1,27.0,9.0,nan
ALNS-B,Example14,14,1,28.0,9.0,nan
ALNS-B,Example14,14,1,29.0,9.0,nan
ALNS-B,Example14,14,1,30.0,9.0,nan
ALNS-B,Example14,14,1,31.0,9.0,nan
ALNS-B,Example14,14,1,32.0,9.0,nan
ALNS-B,Example14,14,1,33.0,9.0,nan
ALNS-B,Example14,14,1,34.0,9.0,nan
ALNS-B,Example14,14,1,35.0,9.0,nan
ALNS-B,Example14,14,1,36.0,9.0,nan
ALNS-B,Example14,14,1,37.0,9.0,nan
ALNS-B,Example14,14,1,38.0,9.0,nan
ALNS-B,Example14,14,1,39.0,9.0,nan
ALNS-B,Example14,14,1,40.0,9.0,nan
ALNS-B,Example14,14,1,41.0,9.0,nan
ALNS-B,Example14,14,1,42.0,9.0,nan
ALNS-B,Example14,14,1,43.0,9.0,nan
ALNS-B,Example14,14,1,44.0,9.0,nan
ALNS-B,Example14,14,1,45.0,9.0,nan
ALNS-B,Example14,14,1,46.0,9.0,nan
ALNS-B,Example14,14,1,47.0,7.0,nan
ALNS-B,Example14,14,1,48.0,7.0,nan
ALNS-B,Example14,14,1,49.0,7.0,nan
ALNS-B,Example14,14,1,50.0,7.0,nan
ALNS-B,Example14,14,1,51.0,7.0,nan
ALNS-B,Example14,14,1,52.0,7.0,nan
ALNS-B,Example14,14,1,53.0,7.0,nan
ALNS-B,Example14,14,1,54.0,7.0,nan
ALNS-B,Example14,14,1,55.0,7.0,nan
ALNS-B,Example14,14,1,56.0,7.0,nan
ALNS-B,Example14,14,1,57.0,7.0,nan
ALNS-B,Example14,14,1,58.0,7.0,nan
ALNS-B,Example14,14,1,59.0,7.0,nan
ALNS-B,Example14,14,1,60.0,7.0,nan
ALNS-B,Example14,14,1,61.0,7.0,nan
ALNS-B,Example14,14,1,62.0,7.0,nan
ALNS-B,Example14,14,1,63.0,7.0,nan
ALNS-B,Example14,14,1,64.0,7.0,nan
ALNS-B,Example14,14,1,65.0,7.0,nan
ALNS-B,Example14,14,1,66.0,7.0,nan
ALNS-B,Example14,14,1,67.0,7.0,nan
ALNS-B,Example14,14,1,68.0,7.0,nan
ALNS-B,Example14,14,1,69.0,7.0,nan
ALNS-B,Example14,14,1,70.0,7.0,nan
ALNS-B,Example14,14,1,71.0,7.0,nan
ALNS-B,Example14,14,1,72.0,7.0,nan
ALNS-B,Example14,14,1,73.0,7.0,nan
ALNS-B,Example14,14,1,74.0,7.0,nan
ALNS-B,Example14,14,1,75.0,7.0,nan
ALNS-B,Example14,14,1,76.0,7.0,nan
ALNS-B,Example14,14,1,77.0,7.0,nan
ALNS-B,Example14,14,1,78.0,7.0,nan
ALNS-B,Example14,14,1,79.0,7.0,nan
ALNS-B,Example14,14,1,80.0,7.0,nan
ALNS-B,Example14,14,1,81.0,7.0,nan
ALNS-B,Example14,14,1,82.0,7.0,nan
ALNS-B,Example14,14,1,83.0,7.0,nan
ALNS-B,Example14,14,1,84.0,7.0,nan
ALNS-B,Example14,14,1,85.0,7.0,nan
ALNS-B,Example14,14,1,86.0,7.0,nan
ALNS-B,Example14,14,1,87.0,7.0,nan
ALNS-B,Example14,14,1,88.0,7.0,nan
ALNS-B,Example14,14,1,89.0,7.0,nan
ALNS-B,Example14,14,1,90.0,7.0,nan
ALNS-B,Example14,14,1,91.0,7.0,nan
ALNS-B,Example14,14,1,92.0,7.0,nan
ALNS-B,Example14,14,1,93.0,7.0,nan
ALNS-B,Example14,14,1,94.0,7.0,nan
ALNS-B,Example14,14,1,95.0,7.0,nan
ALNS-B,Example14,14,1,96.0,7.0,nan
ALNS-B,Example14,14,1,97.0,7.0,nan
ALNS-B,Example14,14,1,98.0,7.0,nan
ALNS-B,Example14,14,1,99.0,7.0,nan
ALNS-B,Example14,14,1,100.0,7.0,nan
ALNS-B,Example14,14,1,101.0,7.0,nan
ALNS-B,Example14,14,1,102.0,7.0,nan
ALNS-B,Example14,14,1,103.0,7.0,nan
ALNS-B,Example14,14,1,104.0,7.0,nan
ALNS-B,Example14,14,1,105.0,7.0,nan
ALNS-B,Example14,14,1,106.0,7.0,nan
ALNS-B,Example14,14,1,107.0,7.0,nan
ALNS-B,Example14,14,1,108.0,7.0,nan
ALNS-B,Example14,14,1,109.0,7.0,nan
ALNS-B,Example14,14,1,110.0,7.0,nan
ALNS-B,Example14,14,1,111.0,7.0,nan
ALNS-B,Example14,14,1,112.0,7.0,nan
ALNS-B,Example14,14,1,113.0,7.0,nan
ALNS-B,Example14,14,1,114.0,7.0,nan
ALNS-B,Example14,14,1,115.0,7.0,nan
ALNS-B,Example14,14,1,116.0,7.0,nan
ALNS-B,Example14,14,1,117.0,7.0,nan
ALNS-B,Example14,14,1,118.0,7.0,nan
ALNS-B,Example14,14,1,119.0,7.0,nan
ALNS-B,Example14,14,1,120.0,7.0,nan
ALNS-B,Example14,14,1,121.0,7.0,nan
ALNS-B,Example14,14,1,122.0,7.0,nan
ALNS-B,Example14,14,1,123.0,7.0,nan
ALNS-B,Example14,14,1,124.0,7.0,nan
ALNS-B,Example14,14,1,125.0,7.0,nan
ALNS-B,Example14,14,1,126.0,7.0,nan
ALNS-B,Example14,14,1,127.0,7.0,nan
ALNS-B,Example14,14,1,128.0,7.0,nan
ALNS-B,Example14,14,1,129.0,7.0,nan
ALNS-B,Example14,14,1,130.0,7.0,nan
ALNS-B,Example14,14,1,131.0,7.0,nan
ALNS-B,Example14,14,1,132.0,7.0,nan
ALNS-B,Example14,14,1,133.0,7.0,nan
ALNS-B,Example14,14,1,134.0,7.0,nan
ALNS-B,Example14,14,1,135.0,7.0,nan
ALNS-B,Example14,14,1,136.0,7.0,nan
ALNS-B,Example14,14,1,137.0,7.0,nan
ALNS-B,Example14,14,1,138.0,7.0,nan
ALNS-B,Example14,14,1,139.0,7.0,nan
ALNS-B,Example14,14,1,140.0,7.0,nan
ALNS-B,Example14,14,1,141.0,7.0,nan
ALNS-B,Example14,14,1,142.0,7.0,nan
ALNS-B,Example14,14,1,143.0,7.0,nan
ALNS-B,Example14,14,1,144.0,7.0,nan
ALNS-B,Example14,14,1,145.0,7.0,nan
ALNS-B,Example14,14,1,146.0,7.0,nan
ALNS-B,Example14,14,1,147.0,7.0,nan
ALNS-B,Example14,14,1,148.0,7.0,nan
ALNS-B,Example14,14,1,149.0,7.0,nan
ALNS-B,Example14,14,1,150.0,7.0,nan
ALNS-B,Example14,14,1,151.0,7.0,nan
ALNS-B,Example14,14,1,152.0,7.0,nan
ALNS-B,Example14,14,1,153.0,7.0,nan
ALNS-B,Example14,14,1,154.0,7.0,nan
ALNS-B,Example14,14,1,155.0,7.0,nan
ALNS-B,Example14,14,1,156.0,7.0,nan
ALNS-B,Example14,14,1,157.0,7.0,nan
ALNS-B,Example14,14,1,158.0,7.0,nan
ALNS-B,Example14,14,1,159.0,7.0,nan
ALNS-B,Example14,14,1,160.0,7.0,nan
ALNS-B,Example14,14,1,161.0,5.0,nan
ALNS-B,Example14,14,1,162.0,5.0,nan
ALNS-B,Example14,14,1,163.0,5.0,nan
ALNS-B,Example14,14,1,164.0,5.0,nan
ALNS-B,Example14,14,1,165.0,5.0,nan
ALNS-B,Example14,14,1,166.0,5.0,nan
ALNS-B,Example14,14,1,167.0,5.0,nan
ALNS-B,Example14,14,1,168.0,5.0,nan
ALNS-B,Example14,14,1,169.0,5.0,nan
ALNS-B,Example14,14,1,170.0,5.0,nan
ALNS-B,Example14,14,1,171.0,5.0,nan
ALNS-B,Example14,14,1,172.0,5.0,nan
ALNS-B,Example14,14,1,173.0,5.0,nan
ALNS-B,Example14,14,1,174.0,5.0,nan
ALNS-B,Example14,14,1,175.0,5.0,nan
ALNS-B,Example14,14,1,176.0,5.0,nan
ALNS-B,Example14,14,1,177.0,5.0,nan
ALNS-B,Example14,14,1,178.0,5.0,nan
ALNS-B,Example14,14,1,179.0,5.0,nan
ALNS-B,Example14,14,1,180.0,5.0,nan
ALNS-B,Example14,14,1,181.0,5.0,nan
ALNS-B,Example14,14,1,182.0,5.0,nan
ALNS-B,Example14,14,1,183.0,5.0,nan
ALNS-B,Example14,14,1,184.0,5.0,nan
ALNS-B,Example14,14,1,185.0,5.0,nan
ALNS-B,Example14,14,1,186.0,5.0,nan
ALNS-B,Example14,14,1,187.0,5.0,nan
ALNS-B,Example14,14,1,188.0,5.0,nan
ALNS-B,Example14,14,1,189.0,5.0,nan
ALNS-B,Example14,14,1,190.0,5.0,nan
ALNS-B,Example14,14,1,191.0,5.0,nan
ALNS-B,Example14,14,1,192.0,5.0,nan
ALNS-B,Example14,14,1,193.0,5.0,nan
ALNS-B,Example14,14,1,194.0,5.0,nan
ALNS-B,Example14,14,1,195.0,5.0,nan
ALNS-B,Example14,14,1,196.0,5.0,nan
ALNS-B,Example14,14,1,197.0,5.0,nan
ALNS-B,Example14,14,1,198.0,5.0,nan
ALNS-B,Example14,14,1,199.0,5.0,nan
ALNS-B,Example14,14,1,200.0,5.0,nan
ALNS-B,Example14,14,1,201.0,5.0,nan
ALNS-B,Example14,14,1,202.0,5.0,nan
ALNS-B,Example14,14,1,203.0,5.0,nan
ALNS-B,Example14,14,1,204.0,5.0,nan
ALNS-B,Example14,14,1,205.0,5.0,nan
ALNS-B,Example14,14,1,206.0,5.0,nan
ALNS-B,Example14,14,1,207.0,5.0,nan
ALNS-B,Example14,14,1,208.0,5.0,nan
ALNS-B,Example14,14,1,209.0,5.0,nan
ALNS-B,Example14,14,1,210.0,5.0,nan
ALNS-B,Example14,14,1,211.0,5.0,nan
ALNS-B,Example14,14,1,212.0,5.0,nan
ALNS-B,Example14,14,1,213.0,5.0,nan
ALNS-B,Example14,14,1,214.0,5.0,nan
ALNS-B,Example14,14,1,215.0,5.0,nan
ALNS-B,Example14,14,1,216.0,5.0,nan
ALNS-B,Example14,14,1,217.0,5.0,nan
ALNS-B,Example14,14,1,218.0,5.0,nan
ALNS-B,Example14,14,1,219.0,5.0,nan
ALNS-B,Example14,14,1,220.0,5.0,nan
ALNS-B,Example14,14,1,221.0,5.0,nan
ALNS-B,Example14,14,1,222.0,5.0,nan
ALNS-B,Example14,14,1,223.0,5.0,nan
ALNS-B,Example14,14,1,224.0,5.0,nan
ALNS-B,Example14,14,1,225.0,5.0,nan
ALNS-B,Example14,14,1,226.0,5.0,nan
ALNS-B,Example14,14,1,227.0,5.0,nan
ALNS-B,Example14,14,1,228.0,5.0,nan
ALNS-B,Example14,14,1,229.0,5.0,nan
ALNS-B,Example14,14,1,230.0,5.0,nan
ALNS-B,Example14,14,1,231.0,5.0,nan
ALNS-B,Example14,14,1,232.0,5.0,nan
ALNS-B,Example14,14,1,233.0,5.0,nan
ALNS-B,Example14,14,1,234.0,5.0,nan
ALNS-B,Example14,14,1,235.0,5.0,nan
ALNS-B,Example14,14,1,236.0,5.0,nan
ALNS-B,Example14,14,1,237.0,5.0,nan
ALNS-B,Example14,14,1,238.0,5.0,nan
ALNS-B,Example14,14,1,239.0,5.0,nan
ALNS-B,Example14,14,1,240.0,5.0,nan
ALNS-B,Example14,14,1,241.0,5.0,nan
ALNS-B,Example14,14,1,242.0,5.0,nan
ALNS-B,Example14,14,1,243.0,5.0,nan
ALNS-B,Example14,14,1,244.0,5.0,nan
ALNS-B,Example14,14,1,245.0,5.0,nan
ALNS-B,Example14,14,1,246.0,5.0,nan
ALNS-B,Example14,14,1,247.0,5.0,nan
ALNS-B,Example14,14,1,248.0,5.0,nan
ALNS-B,Example14,14,1,249.0,5.0,nan
ALNS-B,Example14,14,1,250.0,5.0,nan
ALNS-B,Example14,14,1,251.0,5.0,nan
ALNS-B,Example14,14,1,252.0,5.0,nan
ALNS-B,Example14,14,1,253.0,5.0,nan
ALNS-B,Example14,14,1,254.0,5.0,nan
ALNS-B,Example14,14,1,255.0,5.0,nan
ALNS-B,Example14,14,1,256.0,5.0,nan
ALNS-B,Example14,14,1,257.0,5.0,nan
ALNS-B,Example14,14,1,258.0,5.0,nan
ALNS-B,Example14,14,1,259.0,5.0,nan
ALNS-B,Example14,14,1,260.0,5.0,nan
ALNS-B,Example14,14,1,261.0,5.0,nan
ALNS-B,Example14,14,1,262.0,5.0,nan
ALNS-B,Example14,14,1,263.0,5.0,nan
ALNS-B,Example14,14,1,264.0,5.0,nan
ALNS-B,Example14,14,1,265.0,5.0,nan
ALNS-B,Example14,14,1,266.0,5.0,nan
ALNS-B,Example14,14,1,267.0,5.0,nan
ALNS-B,Example14,14,1,268.0,5.0,nan
ALNS-B,Example14,14,1,269.0,5.0,nan
ALNS-B,Example14,14,1,270.0,5.0,nan
ALNS-B,Example14,14,1,271.0,5.0,nan
ALNS-B,Example14,14,1,272.0,5.0,nan
ALNS-B,Example14,14,1,273.0,5.0,nan
ALNS-B,Example14,14,2,0.0,123.0,nan
ALNS-B,Example14,14,2,1.0,123.0,nan
ALNS-B,Example14,14,2,2.0,123.0,nan
ALNS-B,Example14,14,2,3.0,86.0,nan
ALNS-B,Example14,14,2,4.0,86.0,nan
ALNS-B,Example14,14,2,5.0,86.0,nan
ALNS-B,Example14,14,2,6.0,86.0,nan
ALNS-B,Example14,14,2,7.0,18.0,nan
ALNS-B,Example14,14,2,8.0,13.0,nan
ALNS-B,Example14,14,2,9.0,13.0,nan
ALNS-B,Example14,14,2,10.0,13.0,nan
ALNS-B,Example14,14,2,11.0,13.0,nan
ALNS-B,Example14,14,2,12.0,13.0,nan
ALNS-B,Example14,14,2,13.0,13.0,nan
ALNS-B,Example14,14,2,14.0,13.0,nan
ALNS-B,Example14,14,2,15.0,13.0,nan
ALNS-B,Example14,14,2,16.0,13.0,nan
ALNS-B,Example14,14,2,17.0,13.0,nan
ALNS-B,Example14,14,2,18.0,13.0,nan
ALNS-B,Example14,14,2,19.0,13.0,nan
ALNS-B,Example14,14,2,20.0,13.0,nan
ALNS-B,Example14,14,2,21.0,13.0,nan
ALNS-B,Example14,14,2,22.0,13.0,nan
ALNS-B,Example14,14,2,23.0,13.0,nan
ALNS-B,Example14,14,2,24.0,13.0,nan
ALNS-B,Example14,14,2,25.0,13.0,nan
ALNS-B,Example14,14,2,26.0,13.0,nan
ALNS-B,Example14,14,2,27.0,13.0,nan
ALNS-B,Example14,14,2,28.0,13.0,nan
ALNS-B,Example14,14,2,29.0,13.0,nan
ALNS-B,Example14,14,2,30.0,13.0,nan
ALNS-B,Example14,14,2,31.0,13.0,nan
ALNS-B,Example14,14,2,32.0,13.0,nan
ALNS-B,Example14,14,2,33.0,13.0,nan
ALNS-B,Example14,14,2,34.0,13.0,nan
ALNS-B,Example14,14,2,35.0,13.0,nan
ALNS-B,Example14,14,2,36.0,13.0,nan
ALNS-B,Example14,14,2,37.0,13.0,nan
ALNS-B,Example14,14,2,38.0,13.0,nan
ALNS-B,Example14,14,2,39.0,13.0,nan
ALNS-B,Example14,14,2,40.0,13.0,nan
ALNS-B,Example14,14,2,41.0,13.0,nan
ALNS-B,Example14,14,2,42.0,13.0,nan
ALNS-B,Example14,14,2,43.0,13.0,nan
ALNS-B,Example14,14,2,44.0,13.0,nan
ALNS-B,Example14,14,2,45.0,7.0,nan
ALNS-B,Example14,14,2,46.0,6.0,nan
ALNS-B,Example14,14,2,47.0,6.0,nan
ALNS-B,Example14,14,2,48.0,6.0,nan
ALNS-B,Example14,14,2,49.0,6.0,nan
ALNS-B,Example14,14,2,50.0,6.0,nan
ALNS-B,Example14,14,2,51.0,6.0,nan
ALNS-B,Example14,14,2,52.0,6.0,nan
ALNS-B,Example14,14,2,53.0,6.0,nan
ALNS-B,Example14,14,2,54.0,6.0,nan
ALNS-B,Example14,14,2,55.0,6.0,nan
ALNS-B,Example14,14,2,56.0,5.0,nan
ALNS-B,Example14,14,2,57.0,5.0,nan
ALNS-B,Example14,14,2,58.0,4.0,nan
ALNS-B,Example14,14,2,59.0,4.0,nan
ALNS-B,Example14,14,2,60.0,4.0,nan
ALNS-B,Example14,14,2,61.0,4.0,nan
ALNS-B,Example14,14,2,62.0,4.0,nan
ALNS-B,Example14,14,2,63.0,4.0,nan
ALNS-B,Example14,14,2,64.0,4.0,nan
ALNS-B,Example14,14,2,65.0,4.0,nan
ALNS-B,Example14,14,2,66.0,4.0,nan
ALNS-B,Example14,14,2,67.0,4.0,nan
ALNS-B,Example14,14,2,68.0,3.0,nan
ALNS-B,Example14,14,2,69.0,3.0,nan
ALNS-B,Example14,14,2,70.0,3.0,nan
ALNS-B,Example14,14,2,71.0,3.0,nan
ALNS-B,Example14,14,2,72.0,3.0,nan
ALNS-B,Example14,14,2,73.0,3.0,nan
ALNS-B,Example14,14,2,74.0,3.0,nan
ALNS-B,Example14,14,2,75.0,3.0,nan
ALNS-B,Example14,14,2,76.0,3.0,nan
ALNS-B,Example14,14,2,77.0,3.0,nan
ALNS-B,Example14,14,2,78.0,3.0,nan
ALNS-B,Example14,14,2,79.0,3.0,nan
ALNS-B,Example14,14,2,80.0,2.0,nan
ALNS-B,Example14,14,2,81.0,2.0,nan
ALNS-B,Example14,14,2,82.0,2.0,nan
ALNS-B,Example14,14,2,83.0,2.0,nan
ALNS-B,Example14,14,2,84.0,2.0,nan
ALNS-B,Example14,14,2,85.0,2.0,nan
ALNS-B,Example14,14,2,86.0,2.0,nan
ALNS-B,Example14,14,2,87.0,2.0,nan
ALNS-B,Example14,14,2,88.0,2.0,nan
ALNS-B,Example14,14,2,89.0,2.0,nan
ALNS-B,Example14,14,2,90.0,2.0,nan
ALNS-B,Example14,14,2,91.0,2.0,nan
ALNS-B,Example14,14,2,92.0,2.0,nan
ALNS-B,Example14,14,2,93.0,2.0,nan
ALNS-B,Example14,14,2,94.0,2.0,nan
ALNS-B,Example14,14,2,95.0,2.0,nan
ALNS-B,Example14,14,2,96.0,2.0,nan
ALNS-B,Example14,14,2,97.0,2.0,nan
ALNS-B,Example14,14,2,98.0,2.0,nan
ALNS-B,Example14,14,2,99.0,2.0,nan
ALNS-B,Example14,14,2,100.0,2.0,nan
ALNS-B,Example14,14,2,101.0,2.0,nan
ALNS-B,Example14,14,2,102.0,2.0,nan
ALNS-B,Example14,14,2,103.0,2.0,nan
ALNS-B,Example14,14,2,104.0,2.0,nan
ALNS-B,Example14,14,2,105.0,2.0,nan
ALNS-B,Example14,14,2,106.0,2.0,nan
ALNS-B,Example14,14,2,107.0,2.0,nan
ALNS-B,Example14,14,2,108.0,2.0,nan
ALNS-B,Example14,14,2,109.0,2.0,nan
ALNS-B,Example14,14,2,110.0,2.0,nan
ALNS-B,Example14,14,2,111.0,2.0,nan
ALNS-B,Example14,14,2,112.0,2.0,nan
ALNS-B,Example14,14,2,113.0,2.0,nan
ALNS-B,Example14,14,2,114.0,2.0,nan
ALNS-B,Example14,14,2,115.0,2.0,nan
ALNS-B,Example14,14,2,116.0,2.0,nan
ALNS-B,Example14,14,2,117.0,2.0,nan
ALNS-B,Example14,14,2,118.0,2.0,nan
ALNS-B,Example14,14,2,119.0,2.0,nan
ALNS-B,Example14,14,2,120.0,2.0,nan
ALNS-B,Example14,14,2,121.0,2.0,nan
ALNS-B,Example14,14,2,122.0,2.0,nan
ALNS-B,Example14,14,2,123.0,2.0,nan
ALNS-B,Example14,14,2,124.0,2.0,nan
ALNS-B,Example14,14,2,125.0,2.0,nan
ALNS-B,Example14,14,2,126.0,2.0,nan
ALNS-B,Example14,14,2,127.0,2.0,nan
ALNS-B,Example14,14,2,128.0,2.0,nan
ALNS-B,Example14,14,2,129.0,2.0,nan
ALNS-B,Example14,14,2,130.0,2.0,nan
ALNS-B,Example14,14,2,131.0,2.0,nan
ALNS-B,Example14,14,2,132.0,2.0,nan
ALNS-B,Example14,14,2,133.0,2.0,nan
ALNS-B,Example14,14,2,134.0,2.0,nan
ALNS-B,Example14,14,2,135.0,2.0,nan
ALNS-B,Example14,14,2,136.0,2.0,nan
ALNS-B,Example14,14,2,137.0,2.0,nan
ALNS-B,Example14,14,2,138.0,2.0,nan
ALNS-B,Example14,14,2,139.0,2.0,nan
ALNS-B,Example14,14,2,140.0,2.0,nan
ALNS-B,Example14,14,2,141.0,2.0,nan
ALNS-B,Example14,14,2,142.0,2.0,nan
ALNS-B,Example14,14,2,143.0,2.0,nan
ALNS-B,Example14,14,2,144.0,2.0,nan
ALNS-B,Example14,14,2,145.0,2.0,nan
ALNS-B,Example14,14,2,146.0,2.0,nan
ALNS-B,Example14,14,2,147.0,2.0,nan
ALNS-B,Example14,14,2,148.0,2.0,nan
ALNS-B,Example14,14,2,149.0,2.0,nan
ALNS-B,Example14,14,2,150.0,2.0,nan
ALNS-B,Example14,14,2,151.0,2.0,nan
ALNS-B,Example14,14,2,152.0,2.0,nan
ALNS-B,Example14,14,2,153.0,2.0,nan
ALNS-B,Example14,14,2,154.0,2.0,nan
ALNS-B,Example14,14,2,155.0,2.0,nan
ALNS-B,Example14,14,2,156.0,2.0,nan
ALNS-B,Example14,14,2,157.0,2.0,nan
ALNS-B,Example14,14,2,158.0,2.0,nan
ALNS-B,Example14,14,2,159.0,2.0,nan
ALNS-B,Example14,14,2,160.0,2.0,nan
ALNS-B,Example14,14,2,161.0,2.0,nan
ALNS-B,Example14,14,2,162.0,2.0,nan
ALNS-B,Example14,14,2,163.0,2.0,nan
ALNS-B,Example14,14,2,164.0,2.0,nan
ALNS-B,Example14,14,2,165.0,2.0,nan
ALNS-B,Example14,14,2,166.0,2.0,nan
ALNS-B,Example14,14,2,167.0,2.0,nan
ALNS-B,Example14,14,2,168.0,2.0,nan
ALNS-B,Example14,14,2,169.0,2.0,nan
ALNS-B,Example14,14,2,170.0,2.0,nan
ALNS-B,Example14,14,2,171.0,2.0,nan
ALNS-B,Example14,14,2,172.0,2.0,nan
ALNS-B,Example14,14,2,173.0,2.0,nan
ALNS-B,Example14,14,2,174.0,2.0,nan
ALNS-B,Example14,14,2,175.0,2.0,nan
ALNS-B,Example14,14,2,176.0,2.0,nan
ALNS-B,Example14,14,2,177.0,2.0,nan
ALNS-B,Example14,14,2,178.0,2.0,nan
ALNS-B,Example14,14,2,179.0,2.0,nan
ALNS-B,Example14,14,2,180.0,2.0,nan
ALNS-B,Example14,14,2,181.0,2.0,nan
ALNS-B,Example14,14,2,182.0,2.0,nan
ALNS-B,Example14,14,2,183.0,2.0,nan
ALNS-B,Example14,14,2,184.0,2.0,nan
ALNS-B,Example14,14,2,185.0,2.0,nan
ALNS-B,Example14,14,2,186.0,2.0,nan
ALNS-B,Example14,14,2,187.0,2.0,nan
ALNS-B,Example14,14,2,188.0,2.0,nan
ALNS-B,Example14,14,2,189.0,2.0,nan
ALNS-B,Example14,14,2,190.0,2.0,nan
ALNS-B,Example14,14,2,191.0,2.0,nan
ALNS-B,Example14,14,2,192.0,2.0,nan
ALNS-B,Example14,14,2,193.0,2.0,nan
ALNS-B,Example14,14,2,194.0,2.0,nan
ALNS-B,Example14,14,2,195.0,2.0,nan
ALNS-B,Example14,14,2,196.0,2.0,nan
ALNS-B,Example14,14,2,197.0,2.0,nan
ALNS-B,Example14,14,2,198.0,2.0,nan
ALNS-B,Example14,14,2,199.0,2.0,nan
ALNS-B,Example14,14,2,200.0,2.0,nan
ALNS-B,Example14,14,2,201.0,2.0,nan
ALNS-B,Example14,14,2,202.0,2.0,nan
ALNS-B,Example14,14,2,203.0,2.0,nan
ALNS-B,Example14,14,2,204.0,2.0,nan
ALNS-B,Example14,14,2,205.0,2.0,nan
ALNS-B,Example14,14,2,206.0,2.0,nan
ALNS-B,Example14,14,2,207.0,2.0,nan
ALNS-B,Example14,14,2,208.0,2.0,nan
ALNS-B,Example14,14,2,209.0,2.0,nan
ALNS-B,Example14,14,2,210.0,2.0,nan
ALNS-B,Example14,14,2,211.0,2.0,nan
ALNS-B,Example14,14,2,212.0,2.0,nan
ALNS-B,Example14,14,2,213.0,2.0,nan
ALNS-B,Example14,14,2,214.0,2.0,nan
ALNS-B,Example14,14,2,215.0,2.0,nan
ALNS-B,Example14,14,2,216.0,2.0,nan
ALNS-B,Example14,14,2,217.0,2.0,nan
ALNS-B,Example14,14,2,218.0,2.0,nan
ALNS-B,Example14,14,2,219.0,2.0,nan
ALNS-B,Example14,14,2,220.0,2.0,nan
ALNS-B,Example14,14,2,221.0,2.0,nan
ALNS-B,Example14,14,2,222.0,2.0,nan
ALNS-B,Example14,14,2,223.0,2.0,nan
ALNS-B,Example14,14,2,224.0,2.0,nan
ALNS-B,Example14,14,2,225.0,2.0,nan
ALNS-B,Example14,14,2,226.0,2.0,nan
ALNS-B,Example14,14,2,227.0,2.0,nan
ALNS-B,Example14,14,2,228.0,2.0,nan
ALNS-B,Example14,14,2,229.0,2.0,nan
ALNS-B,Example14,14,2,230.0,2.0,nan
ALNS-B,Example14,14,2,231.0,2.0,nan
ALNS-B,Example14,14,2,232.0,2.0,nan
ALNS-B,Example14,14,2,233.0,2.0,nan
ALNS-B,Example14,14,2,234.0,2.0,nan
ALNS-B,Example14,14,2,235.0,2.0,nan
ALNS-B,Example14,14,2,236.0,2.0,nan
ALNS-B,Example14,14,2,237.0,2.0,nan
ALNS-B,Example14,14,2,238.0,2.0,nan
ALNS-B,Example14,14,2,239.0,2.0,nan
ALNS-B,Example14,14,2,240.0,2.0,nan
ALNS-B,Example14,14,2,241.0,2.0,nan
ALNS-B,Example14,14,2,242.0,2.0,nan
ALNS-B,Example14,14,2,243.0,2.0,nan
ALNS-B,Example14,14,2,244.0,2.0,nan
ALNS-B,Example14,14,2,245.0,2.0,nan
ALNS-B,Example14,14,2,246.0,2.0,nan
ALNS-B,Example14,14,2,247.0,2.0,nan
ALNS-B,Example14,14,2,248.0,2.0,nan
ALNS-B,Example14,14,2,249.0,2.0,nan
ALNS-B,Example14,14,2,250.0,2.0,nan
ALNS-B,Example14,14,2,251.0,2.0,nan
ALNS-B,Example14,14,2,252.0,2.0,nan
ALNS-B,Example14,14,2,253.0,2.0,nan
ALNS-B,Example14,14,2,254.0,2.0,nan
ALNS-B,Example14,14,2,255.0,2.0,nan
ALNS-B,Example14,14,2,256.0,2.0,nan
ALNS-B,Example14,14,2,257.0,2.0,nan
ALNS-B,Example14,14,2,258.0,2.0,nan
ALNS-B,Example14,14,2,259.0,2.0,nan
ALNS-B,Example14,14,2,260.0,2.0,nan
ALNS-B,Example14,14,2,261.0,2.0,nan
ALNS-B,Example14,14,2,262.0,2.0,nan
ALNS-B,Example14,14,2,263.0,2.0,nan
ALNS-B,Example14,14,2,264.0,2.0,nan
ALNS-B,Example14,14,2,265.0,2.0,nan
ALNS-B,Example14,14,2,266.0,2.0,nan
ALNS-B,Example14,14,2,267.0,2.0,nan
ALNS-B,Example14,14,2,268.0,2.0,nan
ALNS-B,Example14,14,2,269.0,2.0,nan
ALNS-B,Example14,14,2,270.0,2.0,nan
ALNS-B,Example14,14,2,271.0,2.0,nan
ALNS-B,Example14,14,2,272.0,2.0,nan
ALNS-B,Example14,14,2,273.0,2.0,nan
