algorithm,instance,seed,iteration,elapsed,best_so_far_objective
ALNS-A,Example0,0,1,1.964,10.0
ALNS-A,Example0,0,2,3.866,5.0
ALNS-A,Example0,0,3,4.53,5.0
ALNS-A,Example0,0,4,5.42,5.0
ALNS-A,Example0,0,5,6.91,5.0
ALNS-A,Example0,0,6,8.098,5.0
ALNS-A,Example0,0,7,8.705,5.0
ALNS-A,Example0,0,8,9.353,3.0
ALNS-A,Example0,0,9,24.827,3.0
ALNS-A,Example0,0,10,25.411,3.0
ALNS-A,Example0,0,11,26.071,3.0
ALNS-A,Example0,0,12,26.629,3.0
ALNS-A,Example0,0,13,30.164,3.0
ALNS-A,Example0,0,14,33.568,3.0
ALNS-A,Example0,0,15,34.275,3.0
ALNS-A,Example0,0,16,37.688,3.0
ALNS-A,Example0,0,17,39.114,3.0
ALNS-A,Example0,0,18,45.199,2.0
ALNS-A,Example0,0,19,46.939,1.0
ALNS-A,Example0,0,20,47.437,1.0
ALNS-A,Example0,0,21,48.099,1.0
ALNS-A,Example0,0,22,49.287,1.0
ALNS-A,Example0,0,23,51.879,1.0
ALNS-A,Example0,0,24,55.265,1.0
ALNS-A,Example0,0,25,55.866,1.0
ALNS-A,Example0,0,26,56.355,1.0
ALNS-A,Example0,0,27,59.761,1.0
ALNS-A,Example0,0,28,60.521,1.0
ALNS-A,Example0,0,29,62.947,0.0
ALNS-A,Example0,1,1,0.935,7.0
ALNS-A,Example0,1,2,1.743,5.0
ALNS-A,Example0,1,3,2.367,5.0
ALNS-A,Example0,1,4,3.371,3.0
ALNS-A,Example0,1,5,3.934,3.0
ALNS-A,Example0,1,6,7.357,3.0
ALNS-A,Example0,1,7,22.814,3.0
ALNS-A,Example0,1,8,23.495,3.0
ALNS-A,Example0,1,9,26.895,3.0
ALNS-A,Example0,1,10,27.408,3.0
ALNS-A,Example0,1,11,28.207,3.0
ALNS-A,Example0,1,12,28.923,3.0
ALNS-A,Example0,1,13,29.637,3.0
ALNS-A,Example0,1,14,30.336,2.0
ALNS-A,Example0,1,15,30.99,2.0
ALNS-A,Example0,1,16,31.647,2.0
ALNS-A,Example0,1,17,32.779,2.0
ALNS-A,Example0,1,18,36.184,2.0
ALNS-A,Example0,1,19,37.182,2.0
ALNS-A,Example0,1,20,37.9,1.0
ALNS-A,Example0,1,21,38.753,1.0
ALNS-A,Example0,1,22,39.414,1.0
ALNS-A,Example0,1,23,42.833,1.0
ALNS-A,Example0,1,24,43.518,1.0
ALNS-A,Example0,1,25,44.177,1.0
ALNS-A,Example0,1,26,44.852,1.0
ALNS-A,Example0,1,27,45.708,1.0
ALNS-A,Example0,1,28,46.36,1.0
ALNS-A,Example0,1,29,47.013,1.0
ALNS-A,Example0,1,30,55.5,1.0
ALNS-A,Example0,1,31,56.239,1.0
ALNS-A,Example0,1,32,56.777,1.0
ALNS-A,Example0,1,33,57.662,1.0
ALNS-A,Example0,1,34,58.484,1.0
ALNS-A,Example0,1,35,61.862,1.0
ALNS-A,Example0,1,36,62.39,1.0
ALNS-A,Example0,1,37,63.048,1.0
ALNS-A,Example0,1,38,63.855,1.0
ALNS-A,Example0,1,39,69.763,1.0
ALNS-A,Example0,1,40,70.419,1.0
ALNS-A,Example0,1,41,71.132,1.0
ALNS-A,Example0,1,42,71.931,1.0
ALNS-A,Example0,1,43,72.613,1.0
ALNS-A,Example0,1,44,80.525,0.0
ALNS-A,Example0,2,1,0.823,10.0
ALNS-A,Example0,2,2,1.71,10.0
ALNS-A,Example0,2,3,2.427,8.0
ALNS-A,Example0,2,4,3.101,8.0
ALNS-A,Example0,2,5,18.513,8.0
ALNS-A,Example0,2,6,19.707,6.0
ALNS-A,Example0,2,7,21.942,6.0
ALNS-A,Example0,2,8,22.575,6.0
ALNS-A,Example0,2,9,38.001,6.0
ALNS-A,Example0,2,10,38.575,5.0
ALNS-A,Example0,2,11,39.355,4.0
ALNS-A,Example0,2,12,40.856,1.0
ALNS-A,Example0,2,13,41.347,1.0
ALNS-A,Example0,2,14,41.999,1.0
ALNS-A,Example0,2,15,42.664,0.0
ALNS-A,Example1,0,1,0.911,20.0
ALNS-A,Example1,0,2,16.393,20.0
ALNS-A,Example1,0,3,17.89,15.0
ALNS-A,Example1,0,4,30.548,9.0
ALNS-A,Example1,0,5,31.232,9.0
ALNS-A,Example1,0,6,46.688,9.0
ALNS-A,Example1,0,7,47.439,9.0
ALNS-A,Example1,0,8,48.364,9.0
ALNS-A,Example1,0,9,49.129,9.0
ALNS-A,Example1,0,10,49.688,9.0
ALNS-A,Example1,0,11,53.085,7.0
ALNS-A,Example1,0,12,54.359,7.0
ALNS-A,Example1,0,13,56.138,5.0
ALNS-A,Example1,0,14,64.356,5.0
ALNS-A,Example1,0,15,64.917,5.0
ALNS-A,Example1,0,16,68.334,5.0
ALNS-A,Example1,0,17,69.971,5.0
ALNS-A,Example1,0,18,70.818,5.0
ALNS-A,Example1,0,19,71.678,5.0
ALNS-A,Example1,0,20,72.31,5.0
ALNS-A,Example1,0,21,75.773,5.0
ALNS-A,Example1,0,22,76.557,5.0
ALNS-A,Example1,0,23,77.311,4.0
ALNS-A,Example1,0,24,78.493,3.0
ALNS-A,Example1,0,25,81.903,3.0
ALNS-A,Example1,0,26,83.448,3.0
ALNS-A,Example1,0,27,85.337,2.0
ALNS-A,Example1,0,28,86.011,2.0
ALNS-A,Example1,0,29,88.306,1.0
ALNS-A,Example1,0,30,91.437,1.0
ALNS-A,Example1,0,31,93.116,1.0
ALNS-A,Example1,0,32,96.543,1.0
ALNS-A,Example1,0,33,97.506,1.0
ALNS-A,Example1,0,34,98.937,1.0
ALNS-A,Example1,0,35,102.354,1.0
ALNS-A,Example1,0,36,105.772,1.0
ALNS-A,Example1,0,37,106.301,1.0
ALNS-A,Example1,0,38,108.326,1.0
ALNS-A,Example1,0,39,109.035,1.0
ALNS-A,Example1,0,40,111.87,0.0
ALNS-A,Example1,1,1,0.827,19.0
ALNS-A,Example1,1,2,1.627,15.0
ALNS-A,Example1,1,3,2.295,15.0
ALNS-A,Example1,1,4,5.748,15.0
ALNS-A,Example1,1,5,9.471,15.0
ALNS-A,Example1,1,6,10.231,13.0
ALNS-A,Example1,1,7,11.085,11.0
ALNS-A,Example1,1,8,11.679,11.0
ALNS-A,Example1,1,9,12.683,11.0
ALNS-A,Example1,1,10,13.59,11.0
ALNS-A,Example1,1,11,14.892,8.0
ALNS-A,Example1,1,12,15.498,6.0
ALNS-A,Example1,1,13,16.129,6.0
ALNS-A,Example1,1,14,16.712,6.0
ALNS-A,Example1,1,15,17.591,6.0
ALNS-A,Example1,1,16,18.403,6.0
ALNS-A,Example1,1,17,19.147,6.0
ALNS-A,Example1,1,18,21.067,6.0
ALNS-A,Example1,1,19,21.589,6.0
ALNS-A,Example1,1,20,22.278,6.0
ALNS-A,Example1,1,21,22.866,6.0
ALNS-A,Example1,1,22,23.594,6.0
ALNS-A,Example1,1,23,24.514,6.0
ALNS-A,Example1,1,24,25.264,6.0
ALNS-A,Example1,1,25,25.882,6.0
ALNS-A,Example1,1,26,26.655,6.0
ALNS-A,Example1,1,27,27.351,6.0
ALNS-A,Example1,1,28,28.152,5.0
ALNS-A,Example1,1,29,28.793,5.0
ALNS-A,Example1,1,30,29.381,5.0
ALNS-A,Example1,1,31,30.072,4.0
ALNS-A,Example1,1,32,30.753,4.0
ALNS-A,Example1,1,33,31.392,4.0
ALNS-A,Example1,1,34,46.812,4.0
ALNS-A,Example1,1,35,47.55,4.0
ALNS-A,Example1,1,36,48.178,4.0
ALNS-A,Example1,1,37,48.916,4.0
ALNS-A,Example1,1,38,49.587,4.0
ALNS-A,Example1,1,39,64.999,4.0
ALNS-A,Example1,1,40,65.683,4.0
ALNS-A,Example1,1,41,66.655,4.0
ALNS-A,Example1,1,42,80.559,3.0
ALNS-A,Example1,1,43,81.979,3.0
ALNS-A,Example1,1,44,82.541,3.0
ALNS-A,Example1,1,45,83.195,3.0
ALNS-A,Example1,1,46,90.501,3.0
ALNS-A,Example1,1,47,106.036,3.0
ALNS-A,Example1,1,48,115.219,3.0
ALNS-A,Example1,1,49,115.87,3.0
ALNS-A,Example1,1,50,131.3,3.0
ALNS-A,Example1,1,51,131.943,3.0
ALNS-A,Example1,1,52,132.544,2.0
ALNS-A,Example1,1,53,133.095,2.0
ALNS-A,Example1,1,54,133.823,2.0
ALNS-A,Example1,1,55,134.528,2.0
ALNS-A,Example1,1,56,135.159,2.0
ALNS-A,Example1,1,57,136.074,2.0
ALNS-A,Example1,1,58,138.974,2.0
ALNS-A,Example1,1,59,139.651,2.0
ALNS-A,Example1,1,60,155.096,2.0
ALNS-A,Example1,1,61,155.643,2.0
ALNS-A,Example1,1,62,157.487,2.0
ALNS-A,Example1,1,63,158.105,2.0
ALNS-A,Example1,1,64,172.746,2.0
ALNS-A,Example1,1,65,173.582,2.0
ALNS-A,Example1,1,66,177.024,2.0
ALNS-A,Example1,1,67,177.827,2.0
ALNS-A,Example1,1,68,180.157,2.0
ALNS-A,Example1,2,1,0.832,21.0
ALNS-A,Example1,2,2,4.553,21.0
ALNS-A,Example1,2,3,5.04,21.0
ALNS-A,Example1,2,4,5.527,21.0
ALNS-A,Example1,2,5,6.084,21.0
ALNS-A,Example1,2,6,6.837,21.0
ALNS-A,Example1,2,7,7.426,21.0
ALNS-A,Example1,2,8,10.939,21.0
ALNS-A,Example1,2,9,12.398,12.0
ALNS-A,Example1,2,10,12.897,12.0
ALNS-A,Example1,2,11,16.32,12.0
ALNS-A,Example1,2,12,19.706,12.0
ALNS-A,Example1,2,13,20.674,12.0
ALNS-A,Example1,2,14,21.425,10.0
ALNS-A,Example1,2,15,23.306,8.0
ALNS-A,Example1,2,16,24.456,5.0
ALNS-A,Example1,2,17,25.232,5.0
ALNS-A,Example1,2,18,25.916,5.0
ALNS-A,Example1,2,19,27.396,5.0
ALNS-A,Example1,2,20,29.705,5.0
ALNS-A,Example1,2,21,30.398,5.0
ALNS-A,Example1,2,22,31.003,5.0
ALNS-A,Example1,2,23,32.069,5.0
ALNS-A,Example1,2,24,33.116,5.0
ALNS-A,Example1,2,25,34.887,4.0
ALNS-A,Example1,2,26,38.188,3.0
ALNS-A,Example1,2,27,39.19,3.0
ALNS-A,Example1,2,28,40.415,3.0
ALNS-A,Example1,2,29,41.111,3.0
ALNS-A,Example1,2,30,42.841,3.0
ALNS-A,Example1,2,31,43.583,3.0
ALNS-A,Example1,2,32,44.15,3.0
ALNS-A,Example1,2,33,45.12,3.0
ALNS-A,Example1,2,34,48.542,3.0
ALNS-A,Example1,2,35,51.703,3.0
ALNS-A,Example1,2,36,53.275,3.0
ALNS-A,Example1,2,37,53.956,3.0
ALNS-A,Example1,2,38,54.601,3.0
ALNS-A,Example1,2,39,55.275,3.0
ALNS-A,Example1,2,40,56.518,3.0
ALNS-A,Example1,2,41,58.23,3.0
ALNS-A,Example1,2,42,61.653,3.0
ALNS-A,Example1,2,43,65.067,3.0
ALNS-A,Example1,2,44,66.086,3.0
ALNS-A,Example1,2,45,69.524,3.0
ALNS-A,Example1,2,46,71.367,3.0
ALNS-A,Example1,2,47,75.783,3.0
ALNS-A,Example1,2,48,76.436,3.0
ALNS-A,Example1,2,49,79.187,3.0
ALNS-A,Example1,2,50,79.751,3.0
ALNS-A,Example1,2,51,82.36,3.0
ALNS-A,Example1,2,52,85.772,3.0
ALNS-A,Example1,2,53,89.201,3.0
ALNS-A,Example1,2,54,90.088,3.0
ALNS-A,Example1,2,55,92.361,3.0
ALNS-A,Example1,2,56,93.028,3.0
ALNS-A,Example1,2,57,95.155,3.0
ALNS-A,Example1,2,58,96.922,3.0
ALNS-A,Example1,2,59,112.388,3.0
ALNS-A,Example1,2,60,114.45,3.0
ALNS-A,Example1,2,61,122.808,3.0
ALNS-A,Example1,2,62,123.489,3.0
ALNS-A,Example1,2,63,128.847,3.0
ALNS-A,Example1,2,64,132.274,3.0
ALNS-A,Example1,2,65,136.078,3.0
ALNS-A,Example1,2,66,136.902,3.0
ALNS-A,Example1,2,67,137.538,3.0
ALNS-A,Example1,2,68,138.167,3.0
ALNS-A,Example1,2,69,139.835,2.0
ALNS-A,Example1,2,70,141.04,2.0
ALNS-A,Example1,2,71,142.656,2.0
ALNS-A,Example1,2,72,143.935,2.0
ALNS-A,Example1,2,73,144.958,2.0
ALNS-A,Example1,2,74,145.772,1.0
ALNS-A,Example1,2,75,152.942,1.0
ALNS-A,Example1,2,76,154.115,1.0
ALNS-A,Example1,2,77,156.078,0.0
ALNS-A,Example2,0,1,0.997,61.0
ALNS-A,Example2,0,2,16.611,60.0
ALNS-A,Example2,0,3,17.206,47.0
ALNS-A,Example2,0,4,17.797,39.0
ALNS-A,Example2,0,5,21.486,21.0
ALNS-A,Example2,0,6,23.724,5.0
ALNS-A,Example2,0,7,24.816,4.0
ALNS-A,Example2,0,8,31.487,3.0
ALNS-A,Example2,0,9,32.186,2.0
ALNS-A,Example2,0,10,32.936,1.0
ALNS-A,Example2,0,11,34.087,1.0
ALNS-A,Example2,0,12,34.904,1.0
ALNS-A,Example2,0,13,35.569,1.0
ALNS-A,Example2,0,14,39.054,1.0
ALNS-A,Example2,0,15,39.815,1.0
ALNS-A,Example2,0,16,41.772,1.0
ALNS-A,Example2,0,17,42.658,1.0
ALNS-A,Example2,0,18,43.681,1.0
ALNS-A,Example2,0,19,58.002,1.0
ALNS-A,Example2,0,20,61.613,1.0
ALNS-A,Example2,0,21,62.37,1.0
ALNS-A,Example2,0,22,63.383,1.0
ALNS-A,Example2,0,23,66.085,1.0
ALNS-A,Example2,0,24,66.78,1.0
ALNS-A,Example2,0,25,67.442,1.0
ALNS-A,Example2,0,26,68.342,1.0
ALNS-A,Example2,0,27,69.434,1.0
ALNS-A,Example2,0,28,70.165,1.0
ALNS-A,Example2,0,29,73.631,1.0
ALNS-A,Example2,0,30,75.565,1.0
ALNS-A,Example2,0,31,77.299,1.0
ALNS-A,Example2,0,32,78.111,1.0
ALNS-A,Example2,0,33,79.16,1.0
ALNS-A,Example2,0,34,81.428,1.0
ALNS-A,Example2,0,35,83.167,1.0
ALNS-A,Example2,0,36,84.159,1.0
ALNS-A,Example2,0,37,85.126,1.0
ALNS-A,Example2,0,38,85.872,1.0
ALNS-A,Example2,0,39,88.68,0.0
ALNS-A,Example2,1,1,0.852,64.0
ALNS-A,Example2,1,2,1.985,50.0
ALNS-A,Example2,1,3,2.69,40.0
ALNS-A,Example2,1,4,6.171,40.0
ALNS-A,Example2,1,5,7.188,30.0
ALNS-A,Example2,1,6,22.842,30.0
ALNS-A,Example2,1,7,23.717,28.0
ALNS-A,Example2,1,8,27.167,21.0
ALNS-A,Example2,1,9,28.251,6.0
ALNS-A,Example2,1,10,28.992,4.0
ALNS-A,Example2,1,11,29.626,4.0
ALNS-A,Example2,1,12,30.387,4.0
ALNS-A,Example2,1,13,33.843,4.0
ALNS-A,Example2,1,14,37.296,3.0
ALNS-A,Example2,1,15,38.025,3.0
ALNS-A,Example2,1,16,40.333,3.0
ALNS-A,Example2,1,17,41.111,3.0
ALNS-A,Example2,1,18,41.839,3.0
ALNS-A,Example2,1,19,45.349,3.0
ALNS-A,Example2,1,20,46.536,3.0
ALNS-A,Example2,1,21,50.096,3.0
ALNS-A,Example2,1,22,51.248,1.0
ALNS-A,Example2,1,23,52.179,1.0
ALNS-A,Example2,1,24,53.393,1.0
ALNS-A,Example2,1,25,55.481,1.0
ALNS-A,Example2,1,26,57.295,1.0
ALNS-A,Example2,1,27,57.904,1.0
ALNS-A,Example2,1,28,62.759,1.0
ALNS-A,Example2,1,29,63.811,1.0
ALNS-A,Example2,1,30,64.632,1.0
ALNS-A,Example2,1,31,65.602,1.0
ALNS-A,Example2,1,32,66.38,1.0
ALNS-A,Example2,1,33,67.261,1.0
ALNS-A,Example2,1,34,68.069,1.0
ALNS-A,Example2,1,35,69.005,1.0
ALNS-A,Example2,1,36,71.217,1.0
ALNS-A,Example2,1,37,72.437,1.0
ALNS-A,Example2,1,38,73.092,1.0
ALNS-A,Example2,1,39,73.813,1.0
ALNS-A,Example2,1,40,74.492,1.0
ALNS-A,Example2,1,41,77.881,1.0
ALNS-A,Example2,1,42,79.028,1.0
ALNS-A,Example2,1,43,106.896,1.0
ALNS-A,Example2,1,44,108.097,1.0
ALNS-A,Example2,1,45,108.704,1.0
ALNS-A,Example2,1,46,110.31,1.0
ALNS-A,Example2,1,47,110.919,1.0
ALNS-A,Example2,1,48,111.573,1.0
ALNS-A,Example2,1,49,112.488,1.0
ALNS-A,Example2,1,50,113.487,1.0
ALNS-A,Example2,1,51,114.715,1.0
ALNS-A,Example2,1,52,115.336,1.0
ALNS-A,Example2,1,53,116.513,1.0
ALNS-A,Example2,1,54,117.1,1.0
ALNS-A,Example2,1,55,118.039,1.0
ALNS-A,Example2,1,56,118.635,1.0
ALNS-A,Example2,1,57,119.712,1.0
ALNS-A,Example2,1,58,120.359,1.0
ALNS-A,Example2,1,59,120.977,1.0
ALNS-A,Example2,1,60,121.721,1.0
ALNS-A,Example2,1,61,122.75,1.0
ALNS-A,Example2,1,62,123.68,1.0
ALNS-A,Example2,1,63,124.515,1.0
ALNS-A,Example2,1,64,125.244,1.0
ALNS-A,Example2,1,65,126.017,1.0
ALNS-A,Example2,1,66,126.582,1.0
ALNS-A,Example2,1,67,127.15,1.0
ALNS-A,Example2,1,68,129.974,1.0
ALNS-A,Example2,1,69,130.755,1.0
ALNS-A,Example2,1,70,132.342,1.0
ALNS-A,Example2,1,71,132.958,1.0
ALNS-A,Example2,1,72,148.39,1.0
ALNS-A,Example2,1,73,148.96,1.0
ALNS-A,Example2,1,74,149.604,1.0
ALNS-A,Example2,1,75,150.22,1.0
ALNS-A,Example2,1,76,151.035,1.0
ALNS-A,Example2,1,77,152.043,1.0
ALNS-A,Example2,1,78,152.648,1.0
ALNS-A,Example2,1,79,153.209,1.0
ALNS-A,Example2,1,80,153.883,1.0
ALNS-A,Example2,1,81,154.979,1.0
ALNS-A,Example2,1,82,155.603,1.0
ALNS-A,Example2,1,83,156.213,1.0
ALNS-A,Example2,1,84,157.138,1.0
ALNS-A,Example2,1,85,158.109,1.0
ALNS-A,Example2,1,86,161.542,1.0
ALNS-A,Example2,1,87,162.534,1.0
ALNS-A,Example2,1,88,165.972,1.0
ALNS-A,Example2,1,89,166.681,1.0
ALNS-A,Example2,1,90,167.737,1.0
ALNS-A,Example2,1,91,169.442,1.0
ALNS-A,Example2,1,92,172.036,1.0
ALNS-A,Example2,1,93,177.244,1.0
ALNS-A,Example2,1,94,178.469,1.0
ALNS-A,Example2,1,95,179.84,1.0
ALNS-A,Example2,1,96,180.752,1.0
ALNS-A,Example2,2,1,0.844,63.0
ALNS-A,Example2,2,2,4.523,57.0
ALNS-A,Example2,2,3,5.389,47.0
ALNS-A,Example2,2,4,6.029,47.0
ALNS-A,Example2,2,5,6.902,44.0
ALNS-A,Example2,2,6,7.999,26.0
ALNS-A,Example2,2,7,9.966,15.0
ALNS-A,Example2,2,8,11.707,15.0
ALNS-A,Example2,2,9,12.322,14.0
ALNS-A,Example2,2,10,12.924,13.0
ALNS-A,Example2,2,11,13.475,13.0
ALNS-A,Example2,2,12,13.975,13.0
ALNS-A,Example2,2,13,15.349,3.0
ALNS-A,Example2,2,14,16.057,3.0
ALNS-A,Example2,2,15,17.031,2.0
ALNS-A,Example2,2,16,17.724,2.0
ALNS-A,Example2,2,17,18.423,2.0
ALNS-A,Example2,2,18,20.552,2.0
ALNS-A,Example2,2,19,27.773,1.0
ALNS-A,Example2,2,20,28.809,1.0
ALNS-A,Example2,2,21,29.685,1.0
ALNS-A,Example2,2,22,30.584,1.0
ALNS-A,Example2,2,23,32.727,1.0
ALNS-A,Example2,2,24,33.727,1.0
ALNS-A,Example2,2,25,34.341,1.0
ALNS-A,Example2,2,26,35.273,1.0
ALNS-A,Example2,2,27,35.956,1.0
ALNS-A,Example2,2,28,36.515,1.0
ALNS-A,Example2,2,29,37.186,1.0
ALNS-A,Example2,2,30,37.847,1.0
ALNS-A,Example2,2,31,38.663,1.0
ALNS-A,Example2,2,32,39.479,1.0
ALNS-A,Example2,2,33,40.494,1.0
ALNS-A,Example2,2,34,41.333,1.0
ALNS-A,Example2,2,35,41.919,1.0
ALNS-A,Example2,2,36,42.774,1.0
ALNS-A,Example2,2,37,43.44,1.0
ALNS-A,Example2,2,38,44.498,1.0
ALNS-A,Example2,2,39,45.231,1.0
ALNS-A,Example2,2,40,45.84,1.0
ALNS-A,Example2,2,41,46.478,1.0
ALNS-A,Example2,2,42,47.291,1.0
ALNS-A,Example2,2,43,48.382,1.0
ALNS-A,Example2,2,44,51.832,1.0
ALNS-A,Example2,2,45,52.786,1.0
ALNS-A,Example2,2,46,53.977,1.0
ALNS-A,Example2,2,47,54.653,1.0
ALNS-A,Example2,2,48,55.221,1.0
ALNS-A,Example2,2,49,56.177,1.0
ALNS-A,Example2,2,50,57.016,1.0
ALNS-A,Example2,2,51,70.68,1.0
ALNS-A,Example2,2,52,72.06,1.0
ALNS-A,Example2,2,53,73.503,1.0
ALNS-A,Example2,2,54,74.33,1.0
ALNS-A,Example2,2,55,76.758,1.0
ALNS-A,Example2,2,56,77.851,1.0
ALNS-A,Example2,2,57,78.651,1.0
ALNS-A,Example2,2,58,80.159,1.0
ALNS-A,Example2,2,59,80.809,1.0
ALNS-A,Example2,2,60,81.529,1.0
ALNS-A,Example2,2,61,82.51,1.0
ALNS-A,Example2,2,62,83.112,1.0
ALNS-A,Example2,2,63,83.735,1.0
ALNS-A,Example2,2,64,86.825,1.0
ALNS-A,Example2,2,65,88.5,1.0
ALNS-A,Example2,2,66,89.279,1.0
ALNS-A,Example2,2,67,91.081,1.0
ALNS-A,Example2,2,68,92.611,1.0
ALNS-A,Example2,2,69,93.22,1.0
ALNS-A,Example2,2,70,94.481,1.0
ALNS-A,Example2,2,71,95.855,1.0
ALNS-A,Example2,2,72,96.536,1.0
ALNS-A,Example2,2,73,97.225,0.0
ALNS-A,Example3,0,1,1.019,162.0
ALNS-A,Example3,0,2,4.737,41.0
ALNS-A,Example3,0,3,20.21,41.0
ALNS-A,Example3,0,4,23.869,41.0
ALNS-A,Example3,0,5,27.637,41.0
ALNS-A,Example3,0,6,31.244,41.0
ALNS-A,Example3,0,7,46.685,41.0
ALNS-A,Example3,0,8,62.223,41.0
ALNS-A,Example3,0,9,77.654,41.0
ALNS-A,Example3,0,10,81.253,41.0
ALNS-A,Example3,0,11,84.686,41.0
ALNS-A,Example3,0,12,88.254,41.0
ALNS-A,Example3,0,13,138.919,41.0
ALNS-A,Example3,0,14,189.589,41.0
ALNS-A,Example3,1,1,1.036,162.0
ALNS-A,Example3,1,2,4.862,76.0
ALNS-A,Example3,1,3,8.408,40.0
ALNS-A,Example3,1,4,9.397,26.0
ALNS-A,Example3,1,5,13.141,26.0
ALNS-A,Example3,1,6,16.691,26.0
ALNS-A,Example3,1,7,20.494,26.0
ALNS-A,Example3,1,8,23.969,26.0
ALNS-A,Example3,1,9,39.693,26.0
ALNS-A,Example3,1,10,55.295,26.0
ALNS-A,Example3,1,11,58.732,26.0
ALNS-A,Example3,1,12,74.442,26.0
ALNS-A,Example3,1,13,77.904,26.0
ALNS-A,Example3,1,14,78.873,24.0
ALNS-A,Example3,1,15,82.447,24.0
ALNS-A,Example3,1,16,83.519,21.0
ALNS-A,Example3,1,17,87.291,21.0
ALNS-A,Example3,1,18,90.76,21.0
ALNS-A,Example3,1,19,94.354,21.0
ALNS-A,Example3,1,20,109.826,21.0
ALNS-A,Example3,1,21,125.333,21.0
ALNS-A,Example3,1,22,141.032,21.0
ALNS-A,Example3,1,23,141.983,21.0
ALNS-A,Example3,1,24,145.549,21.0
ALNS-A,Example3,1,25,149.279,21.0
ALNS-A,Example3,1,26,149.896,20.0
ALNS-A,Example3,1,27,153.56,20.0
ALNS-A,Example3,1,28,156.998,20.0
ALNS-A,Example3,1,29,160.713,20.0
ALNS-A,Example3,1,30,164.454,20.0
ALNS-A,Example3,1,31,168.154,20.0
ALNS-A,Example3,1,32,183.753,20.0
ALNS-A,Example3,2,1,1.117,163.0
ALNS-A,Example3,2,2,2.002,162.0
ALNS-A,Example3,2,3,5.446,38.0
ALNS-A,Example3,2,4,8.863,36.0
ALNS-A,Example3,2,5,12.404,36.0
ALNS-A,Example3,2,6,13.713,22.0
ALNS-A,Example3,2,7,29.188,22.0
ALNS-A,Example3,2,8,32.916,22.0
ALNS-A,Example3,2,9,36.343,22.0
ALNS-A,Example3,2,10,37.303,18.0
ALNS-A,Example3,2,11,37.967,18.0
ALNS-A,Example3,2,12,41.392,18.0
ALNS-A,Example3,2,13,44.236,18.0
ALNS-A,Example3,2,14,44.862,18.0
ALNS-A,Example3,2,15,48.326,18.0
ALNS-A,Example3,2,16,50.37,15.0
ALNS-A,Example3,2,17,66.084,15.0
ALNS-A,Example3,2,18,69.555,15.0
ALNS-A,Example3,2,19,70.868,14.0
ALNS-A,Example3,2,20,74.431,14.0
ALNS-A,Example3,2,21,75.335,14.0
ALNS-A,Example3,2,22,75.941,14.0
ALNS-A,Example3,2,23,79.408,14.0
ALNS-A,Example3,2,24,82.947,14.0
ALNS-A,Example3,2,25,86.559,14.0
ALNS-A,Example3,2,26,90.008,14.0
ALNS-A,Example3,2,27,93.441,14.0
ALNS-A,Example3,2,28,108.871,14.0
ALNS-A,Example3,2,29,112.435,14.0
ALNS-A,Example3,2,30,154.677,14.0
ALNS-A,Example3,2,31,205.571,14.0
ALNS-A,Example4,0,1,2.271,19.0
ALNS-A,Example4,0,2,3.296,17.0
ALNS-A,Example4,0,3,18.718,11.0
ALNS-A,Example4,0,4,22.177,10.0
ALNS-A,Example4,0,5,37.634,10.0
ALNS-A,Example4,0,6,38.625,8.0
ALNS-A,Example4,0,7,42.044,8.0
ALNS-A,Example4,0,8,42.649,8.0
ALNS-A,Example4,0,9,43.999,8.0
ALNS-A,Example4,0,10,59.454,8.0
ALNS-A,Example4,0,11,61.306,8.0
ALNS-A,Example4,0,12,64.059,7.0
ALNS-A,Example4,0,13,65.328,6.0
ALNS-A,Example4,0,14,65.908,6.0
ALNS-A,Example4,0,15,66.876,6.0
ALNS-A,Example4,0,16,70.374,6.0
ALNS-A,Example4,0,17,73.816,6.0
ALNS-A,Example4,0,18,76.569,6.0
ALNS-A,Example4,0,19,80.044,6.0
ALNS-A,Example4,0,20,95.543,6.0
ALNS-A,Example4,0,21,99.001,6.0
ALNS-A,Example4,0,22,102.433,6.0
ALNS-A,Example4,0,23,105.851,6.0
ALNS-A,Example4,0,24,121.239,4.0
ALNS-A,Example4,0,25,123.453,4.0
ALNS-A,Example4,0,26,124.017,4.0
ALNS-A,Example4,0,27,139.5,4.0
ALNS-A,Example4,0,28,154.999,4.0
ALNS-A,Example4,0,29,158.539,4.0
ALNS-A,Example4,0,30,161.977,4.0
ALNS-A,Example4,0,31,165.489,4.0
ALNS-A,Example4,0,32,166.063,4.0
ALNS-A,Example4,0,33,166.967,3.0
ALNS-A,Example4,0,34,167.771,3.0
ALNS-A,Example4,0,35,169.09,3.0
ALNS-A,Example4,0,36,169.764,3.0
ALNS-A,Example4,0,37,170.476,3.0
ALNS-A,Example4,0,38,173.91,3.0
ALNS-A,Example4,0,39,177.343,3.0
ALNS-A,Example4,0,40,192.837,3.0
ALNS-A,Example4,1,1,3.622,24.0
ALNS-A,Example4,1,2,7.279,24.0
ALNS-A,Example4,1,3,8.354,16.0
ALNS-A,Example4,1,4,8.939,10.0
ALNS-A,Example4,1,5,9.707,7.0
ALNS-A,Example4,1,6,13.245,7.0
ALNS-A,Example4,1,7,14.55,7.0
ALNS-A,Example4,1,8,16.249,6.0
ALNS-A,Example4,1,9,19.689,6.0
ALNS-A,Example4,1,10,20.292,5.0
ALNS-A,Example4,1,11,20.975,5.0
ALNS-A,Example4,1,12,24.521,5.0
ALNS-A,Example4,1,13,25.644,4.0
ALNS-A,Example4,1,14,29.073,4.0
ALNS-A,Example4,1,15,31.859,4.0
ALNS-A,Example4,1,16,32.736,3.0
ALNS-A,Example4,1,17,34.666,3.0
ALNS-A,Example4,1,18,35.801,3.0
ALNS-A,Example4,1,19,51.404,3.0
ALNS-A,Example4,1,20,52.645,3.0
ALNS-A,Example4,1,21,53.314,3.0
ALNS-A,Example4,1,22,56.757,3.0
ALNS-A,Example4,1,23,58.775,3.0
ALNS-A,Example4,1,24,59.472,3.0
ALNS-A,Example4,1,25,60.497,3.0
ALNS-A,Example4,1,26,64.03,3.0
ALNS-A,Example4,1,27,74.346,3.0
ALNS-A,Example4,1,28,75.17,3.0
ALNS-A,Example4,1,29,76.281,3.0
ALNS-A,Example4,1,30,79.711,3.0
ALNS-A,Example4,1,31,83.123,3.0
ALNS-A,Example4,1,32,83.845,3.0
ALNS-A,Example4,1,33,99.406,3.0
ALNS-A,Example4,1,34,100.246,3.0
ALNS-A,Example4,1,35,101.057,3.0
ALNS-A,Example4,1,36,102.707,3.0
ALNS-A,Example4,1,37,153.186,3.0
ALNS-A,Example4,1,38,153.96,3.0
ALNS-A,Example4,1,39,169.565,3.0
ALNS-A,Example4,1,40,170.224,3.0
ALNS-A,Example4,1,41,173.694,3.0
ALNS-A,Example4,1,42,189.238,3.0
ALNS-A,Example4,2,1,1.01,18.0
ALNS-A,Example4,2,2,3.902,7.0
ALNS-A,Example4,2,3,4.671,7.0
ALNS-A,Example4,2,4,20.118,7.0
ALNS-A,Example4,2,5,23.851,7.0
ALNS-A,Example4,2,6,24.604,6.0
ALNS-A,Example4,2,7,26.991,6.0
ALNS-A,Example4,2,8,29.108,5.0
ALNS-A,Example4,2,9,31.825,5.0
ALNS-A,Example4,2,10,32.542,5.0
ALNS-A,Example4,2,11,34.073,5.0
ALNS-A,Example4,2,12,35.326,5.0
ALNS-A,Example4,2,13,35.916,5.0
ALNS-A,Example4,2,14,36.928,5.0
ALNS-A,Example4,2,15,40.413,5.0
ALNS-A,Example4,2,16,41.484,4.0
ALNS-A,Example4,2,17,42.197,3.0
ALNS-A,Example4,2,18,45.624,3.0
ALNS-A,Example4,2,19,49.061,3.0
ALNS-A,Example4,2,20,52.487,3.0
ALNS-A,Example4,2,21,55.917,3.0
ALNS-A,Example4,2,22,57.623,3.0
ALNS-A,Example4,2,23,58.428,3.0
ALNS-A,Example4,2,24,73.833,3.0
ALNS-A,Example4,2,25,74.386,3.0
ALNS-A,Example4,2,26,75.361,2.0
ALNS-A,Example4,2,27,90.812,2.0
ALNS-A,Example4,2,28,94.257,2.0
ALNS-A,Example4,2,29,109.664,2.0
ALNS-A,Example4,2,30,113.1,2.0
ALNS-A,Example4,2,31,114.015,2.0
ALNS-A,Example4,2,32,115.649,2.0
ALNS-A,Example4,2,33,117.518,2.0
ALNS-A,Example4,2,34,118.745,2.0
ALNS-A,Example4,2,35,119.464,2.0
ALNS-A,Example4,2,36,120.948,2.0
ALNS-A,Example4,2,37,162.723,2.0
ALNS-A,Example4,2,38,179.907,1.0
ALNS-A,Example4,2,39,180.707,1.0
ALNS-A,Example5,0,1,1.068,44.0
ALNS-A,Example5,0,2,2.008,25.0
ALNS-A,Example5,0,3,3.292,21.0
ALNS-A,Example5,0,4,6.822,21.0
ALNS-A,Example5,0,5,10.722,21.0
ALNS-A,Example5,0,6,12.544,20.0
ALNS-A,Example5,0,7,15.973,20.0
ALNS-A,Example5,0,8,19.39,20.0
ALNS-A,Example5,0,9,22.792,20.0
ALNS-A,Example5,0,10,23.434,19.0
ALNS-A,Example5,0,11,26.85,19.0
ALNS-A,Example5,0,12,30.266,19.0
ALNS-A,Example5,0,13,33.682,16.0
ALNS-A,Example5,0,14,49.154,16.0
ALNS-A,Example5,0,15,52.579,16.0
ALNS-A,Example5,0,16,53.49,14.0
ALNS-A,Example5,0,17,54.218,13.0
ALNS-A,Example5,0,18,57.644,13.0
ALNS-A,Example5,0,19,61.067,13.0
ALNS-A,Example5,0,20,61.797,13.0
ALNS-A,Example5,0,21,77.23,13.0
ALNS-A,Example5,0,22,77.874,11.0
ALNS-A,Example5,0,23,80.969,8.0
ALNS-A,Example5,0,24,82.08,8.0
ALNS-A,Example5,0,25,82.867,7.0
ALNS-A,Example5,0,26,83.739,7.0
ALNS-A,Example5,0,27,87.156,7.0
ALNS-A,Example5,0,28,88.182,7.0
ALNS-A,Example5,0,29,91.342,7.0
ALNS-A,Example5,0,30,92.064,7.0
ALNS-A,Example5,0,31,93.006,7.0
ALNS-A,Example5,0,32,105.552,5.0
ALNS-A,Example5,0,33,106.51,5.0
ALNS-A,Example5,0,34,107.199,5.0
ALNS-A,Example5,0,35,110.648,5.0
ALNS-A,Example5,0,36,111.638,5.0
ALNS-A,Example5,0,37,115.058,5.0
ALNS-A,Example5,0,38,118.469,5.0
ALNS-A,Example5,0,39,119.215,5.0
ALNS-A,Example5,0,40,122.653,5.0
ALNS-A,Example5,0,41,126.114,5.0
ALNS-A,Example5,0,42,127.061,5.0
ALNS-A,Example5,0,43,127.749,5.0
ALNS-A,Example5,0,44,128.407,5.0
ALNS-A,Example5,0,45,135.232,5.0
ALNS-A,Example5,0,46,150.761,5.0
ALNS-A,Example5,0,47,155.615,5.0
ALNS-A,Example5,0,48,156.336,5.0
ALNS-A,Example5,0,49,158.455,5.0
ALNS-A,Example5,0,50,159.125,5.0
ALNS-A,Example5,0,51,174.608,5.0
ALNS-A,Example5,0,52,178.096,5.0
ALNS-A,Example5,0,53,179.404,5.0
ALNS-A,Example5,0,54,180.322,5.0
ALNS-A,Example5,1,1,1.689,30.0
ALNS-A,Example5,1,2,5.397,20.0
ALNS-A,Example5,1,3,6.625,14.0
ALNS-A,Example5,1,4,7.5,10.0
ALNS-A,Example5,1,5,8.253,10.0
ALNS-A,Example5,1,6,11.841,10.0
ALNS-A,Example5,1,7,12.517,8.0
ALNS-A,Example5,1,8,15.94,8.0
ALNS-A,Example5,1,9,19.386,8.0
ALNS-A,Example5,1,10,20.274,8.0
ALNS-A,Example5,1,11,23.882,8.0
ALNS-A,Example5,1,12,27.325,8.0
ALNS-A,Example5,1,13,42.737,8.0
ALNS-A,Example5,1,14,46.186,8.0
ALNS-A,Example5,1,15,49.04,8.0
ALNS-A,Example5,1,16,52.452,8.0
ALNS-A,Example5,1,17,68.031,8.0
ALNS-A,Example5,1,18,68.782,8.0
ALNS-A,Example5,1,19,73.429,7.0
ALNS-A,Example5,1,20,76.877,7.0
ALNS-A,Example5,1,21,78.982,5.0
ALNS-A,Example5,1,22,80.202,3.0
ALNS-A,Example5,1,23,81.835,2.0
ALNS-A,Example5,1,24,83.021,2.0
ALNS-A,Example5,1,25,86.458,2.0
ALNS-A,Example5,1,26,89.892,2.0
ALNS-A,Example5,1,27,105.313,2.0
ALNS-A,Example5,1,28,108.782,2.0
ALNS-A,Example5,1,29,111.323,2.0
ALNS-A,Example5,1,30,112.607,2.0
ALNS-A,Example5,1,31,114.409,2.0
ALNS-A,Example5,1,32,116.177,2.0
ALNS-A,Example5,1,33,119.665,2.0
ALNS-A,Example5,1,34,129.118,2.0
ALNS-A,Example5,1,35,130.27,2.0
ALNS-A,Example5,1,36,132.67,2.0
ALNS-A,Example5,1,37,136.143,2.0
ALNS-A,Example5,1,38,136.695,2.0
ALNS-A,Example5,1,39,140.118,2.0
ALNS-A,Example5,1,40,141.202,2.0
ALNS-A,Example5,1,41,142.619,2.0
ALNS-A,Example5,1,42,143.801,2.0
ALNS-A,Example5,1,43,148.881,2.0
ALNS-A,Example5,1,44,149.472,2.0
ALNS-A,Example5,1,45,150.933,2.0
ALNS-A,Example5,1,46,154.369,2.0
ALNS-A,Example5,1,47,157.784,2.0
ALNS-A,Example5,1,48,159.844,2.0
ALNS-A,Example5,1,49,162.72,2.0
ALNS-A,Example5,1,50,163.416,2.0
ALNS-A,Example5,1,51,165.307,2.0
ALNS-A,Example5,1,52,168.793,2.0
ALNS-A,Example5,1,53,169.852,2.0
ALNS-A,Example5,1,54,171.604,2.0
ALNS-A,Example5,1,55,172.208,2.0
ALNS-A,Example5,1,56,173.133,2.0
ALNS-A,Example5,1,57,176.534,2.0
ALNS-A,Example5,1,58,177.191,2.0
ALNS-A,Example5,1,59,179.24,2.0
ALNS-A,Example5,1,60,179.795,2.0
ALNS-A,Example5,1,61,181.518,2.0
ALNS-A,Example5,2,1,1.064,43.0
ALNS-A,Example5,2,2,1.854,43.0
ALNS-A,Example5,2,3,5.291,32.0
ALNS-A,Example5,2,4,8.454,27.0
ALNS-A,Example5,2,5,9.195,24.0
ALNS-A,Example5,2,6,21.239,21.0
ALNS-A,Example5,2,7,24.726,21.0
ALNS-A,Example5,2,8,28.245,21.0
ALNS-A,Example5,2,9,31.66,21.0
ALNS-A,Example5,2,10,47.074,20.0
ALNS-A,Example5,2,11,50.489,20.0
ALNS-A,Example5,2,12,51.402,13.0
ALNS-A,Example5,2,13,51.937,13.0
ALNS-A,Example5,2,14,67.368,13.0
ALNS-A,Example5,2,15,70.783,13.0
ALNS-A,Example5,2,16,86.232,13.0
ALNS-A,Example5,2,17,101.661,13.0
ALNS-A,Example5,2,18,105.097,13.0
ALNS-A,Example5,2,19,105.678,12.0
ALNS-A,Example5,2,20,109.104,12.0
ALNS-A,Example5,2,21,112.509,12.0
ALNS-A,Example5,2,22,113.498,9.0
ALNS-A,Example5,2,23,114.257,6.0
ALNS-A,Example5,2,24,114.883,6.0
ALNS-A,Example5,2,25,115.502,6.0
ALNS-A,Example5,2,26,116.083,6.0
ALNS-A,Example5,2,27,119.5,6.0
ALNS-A,Example5,2,28,134.918,6.0
ALNS-A,Example5,2,29,137.898,6.0
ALNS-A,Example5,2,30,139.742,6.0
ALNS-A,Example5,2,31,143.166,6.0
ALNS-A,Example5,2,32,143.74,6.0
ALNS-A,Example5,2,33,144.445,6.0
ALNS-A,Example5,2,34,145.985,6.0
ALNS-A,Example5,2,35,148.35,6.0
ALNS-A,Example5,2,36,150.006,6.0
ALNS-A,Example5,2,37,165.506,6.0
ALNS-A,Example5,2,38,166.126,6.0
ALNS-A,Example5,2,39,181.62,6.0
ALNS-A,Example6,0,1,0.876,22.0
ALNS-A,Example6,0,2,2.802,20.0
ALNS-A,Example6,0,3,3.388,17.0
ALNS-A,Example6,0,4,4.782,14.0
ALNS-A,Example6,0,5,6.986,14.0
ALNS-A,Example6,0,6,8.14,11.0
ALNS-A,Example6,0,7,9.02,11.0
ALNS-A,Example6,0,8,9.626,10.0
ALNS-A,Example6,0,9,10.2,9.0
ALNS-A,Example6,0,10,10.888,7.0
ALNS-A,Example6,0,11,11.606,7.0
ALNS-A,Example6,0,12,12.195,7.0
ALNS-A,Example6,0,13,12.71,7.0
ALNS-A,Example6,0,14,13.257,7.0
ALNS-A,Example6,0,15,13.805,7.0
ALNS-A,Example6,0,16,14.524,7.0
ALNS-A,Example6,0,17,15.115,7.0
ALNS-A,Example6,0,18,15.705,6.0
ALNS-A,Example6,0,19,23.354,3.0
ALNS-A,Example6,0,20,24.387,2.0
ALNS-A,Example6,0,21,25.074,2.0
ALNS-A,Example6,0,22,25.957,2.0
ALNS-A,Example6,0,23,29.212,2.0
ALNS-A,Example6,0,24,29.791,2.0
ALNS-A,Example6,0,25,30.337,2.0
ALNS-A,Example6,0,26,31.803,2.0
ALNS-A,Example6,0,27,32.515,2.0
ALNS-A,Example6,0,28,35.902,2.0
ALNS-A,Example6,0,29,37.123,2.0
ALNS-A,Example6,0,30,40.5,2.0
ALNS-A,Example6,0,31,41.079,2.0
ALNS-A,Example6,0,32,42.236,2.0
ALNS-A,Example6,0,33,45.648,2.0
ALNS-A,Example6,0,34,46.319,2.0
ALNS-A,Example6,0,35,46.865,2.0
ALNS-A,Example6,0,36,48.55,2.0
ALNS-A,Example6,0,37,49.237,2.0
ALNS-A,Example6,0,38,51.872,2.0
ALNS-A,Example6,0,39,53.081,2.0
ALNS-A,Example6,0,40,53.7,2.0
ALNS-A,Example6,0,41,57.116,2.0
ALNS-A,Example6,0,42,57.788,2.0
ALNS-A,Example6,0,43,59.095,1.0
ALNS-A,Example6,0,44,60.693,1.0
ALNS-A,Example6,0,45,61.628,1.0
ALNS-A,Example6,0,46,62.726,1.0
ALNS-A,Example6,0,47,63.769,1.0
ALNS-A,Example6,0,48,64.396,1.0
ALNS-A,Example6,0,49,65.697,1.0
ALNS-A,Example6,0,50,66.853,1.0
ALNS-A,Example6,0,51,68.022,1.0
ALNS-A,Example6,0,52,68.591,1.0
ALNS-A,Example6,0,53,69.671,1.0
ALNS-A,Example6,0,54,70.239,1.0
ALNS-A,Example6,0,55,70.804,1.0
ALNS-A,Example6,0,56,72.387,1.0
ALNS-A,Example6,0,57,73.301,1.0
ALNS-A,Example6,0,58,75.354,1.0
ALNS-A,Example6,0,59,76.705,1.0
ALNS-A,Example6,0,60,77.403,1.0
ALNS-A,Example6,0,61,78.051,1.0
ALNS-A,Example6,0,62,79.985,1.0
ALNS-A,Example6,0,63,80.553,1.0
ALNS-A,Example6,0,64,81.281,1.0
ALNS-A,Example6,0,65,81.906,1.0
ALNS-A,Example6,0,66,82.686,1.0
ALNS-A,Example6,0,67,86.09,1.0
ALNS-A,Example6,0,68,86.666,1.0
ALNS-A,Example6,0,69,87.245,1.0
ALNS-A,Example6,0,70,97.594,1.0
ALNS-A,Example6,0,71,98.606,1.0
ALNS-A,Example6,0,72,99.159,1.0
ALNS-A,Example6,0,73,100.067,1.0
ALNS-A,Example6,0,74,100.642,1.0
ALNS-A,Example6,0,75,101.199,1.0
ALNS-A,Example6,0,76,102.214,1.0
ALNS-A,Example6,0,77,103.299,1.0
ALNS-A,Example6,0,78,103.91,1.0
ALNS-A,Example6,0,79,104.591,1.0
ALNS-A,Example6,0,80,107.302,1.0
ALNS-A,Example6,0,81,108.517,1.0
ALNS-A,Example6,0,82,109.712,1.0
ALNS-A,Example6,0,83,111.851,1.0
ALNS-A,Example6,0,84,112.486,1.0
ALNS-A,Example6,0,85,113.041,1.0
ALNS-A,Example6,0,86,116.459,1.0
ALNS-A,Example6,0,87,117.065,1.0
ALNS-A,Example6,0,88,117.735,1.0
ALNS-A,Example6,0,89,118.945,1.0
ALNS-A,Example6,0,90,119.632,1.0
ALNS-A,Example6,0,91,120.971,1.0
ALNS-A,Example6,0,92,121.597,1.0
ALNS-A,Example6,0,93,122.552,1.0
ALNS-A,Example6,0,94,123.127,1.0
ALNS-A,Example6,0,95,123.734,1.0
ALNS-A,Example6,0,96,132.125,1.0
ALNS-A,Example6,0,97,133.263,1.0
ALNS-A,Example6,0,98,133.932,1.0
ALNS-A,Example6,0,99,134.621,1.0
ALNS-A,Example6,0,100,135.313,1.0
ALNS-A,Example6,0,101,136.257,1.0
ALNS-A,Example6,0,102,137.481,1.0
ALNS-A,Example6,0,103,138.161,1.0
ALNS-A,Example6,0,104,139.786,1.0
ALNS-A,Example6,0,105,140.404,1.0
ALNS-A,Example6,0,106,141.416,1.0
ALNS-A,Example6,0,107,143.767,1.0
ALNS-A,Example6,0,108,145.062,1.0
ALNS-A,Example6,0,109,145.981,1.0
ALNS-A,Example6,0,110,146.57,1.0
ALNS-A,Example6,0,111,147.227,1.0
ALNS-A,Example6,0,112,148.232,1.0
ALNS-A,Example6,0,113,149.139,1.0
ALNS-A,Example6,0,114,149.694,1.0
ALNS-A,Example6,0,115,150.258,1.0
ALNS-A,Example6,0,116,152.062,1.0
ALNS-A,Example6,0,117,152.745,1.0
ALNS-A,Example6,0,118,153.416,1.0
ALNS-A,Example6,0,119,154.209,1.0
ALNS-A,Example6,0,120,155.315,1.0
ALNS-A,Example6,0,121,155.878,1.0
ALNS-A,Example6,0,122,156.791,1.0
ALNS-A,Example6,0,123,157.48,1.0
ALNS-A,Example6,0,124,157.999,1.0
ALNS-A,Example6,0,125,158.54,1.0
ALNS-A,Example6,0,126,159.207,1.0
ALNS-A,Example6,0,127,160.996,1.0
ALNS-A,Example6,0,128,161.673,1.0
ALNS-A,Example6,0,129,162.326,1.0
ALNS-A,Example6,0,130,162.956,1.0
ALNS-A,Example6,0,131,164.047,1.0
ALNS-A,Example6,0,132,164.603,1.0
ALNS-A,Example6,0,133,167.308,1.0
ALNS-A,Example6,0,134,167.846,1.0
ALNS-A,Example6,0,135,168.355,1.0
ALNS-A,Example6,0,136,169.502,1.0
ALNS-A,Example6,0,137,170.048,1.0
ALNS-A,Example6,0,138,171.457,1.0
ALNS-A,Example6,0,139,172.313,1.0
ALNS-A,Example6,0,140,175.725,1.0
ALNS-A,Example6,0,141,176.463,1.0
ALNS-A,Example6,0,142,177.481,1.0
ALNS-A,Example6,0,143,178.754,1.0
ALNS-A,Example6,0,144,179.328,1.0
ALNS-A,Example6,0,145,181.038,1.0
ALNS-A,Example6,1,1,0.929,20.0
ALNS-A,Example6,1,2,1.829,17.0
ALNS-A,Example6,1,3,2.501,15.0
ALNS-A,Example6,1,4,3.332,10.0
ALNS-A,Example6,1,5,3.915,10.0
ALNS-A,Example6,1,6,4.646,8.0
ALNS-A,Example6,1,7,8.045,8.0
ALNS-A,Example6,1,8,8.819,7.0
ALNS-A,Example6,1,9,9.597,6.0
ALNS-A,Example6,1,10,10.204,6.0
ALNS-A,Example6,1,11,10.845,5.0
ALNS-A,Example6,1,12,11.866,4.0
ALNS-A,Example6,1,13,13.199,2.0
ALNS-A,Example6,1,14,13.771,2.0
ALNS-A,Example6,1,15,14.576,2.0
ALNS-A,Example6,1,16,15.243,2.0
ALNS-A,Example6,1,17,15.917,2.0
ALNS-A,Example6,1,18,19.322,2.0
ALNS-A,Example6,1,19,19.85,2.0
ALNS-A,Example6,1,20,21.836,2.0
ALNS-A,Example6,1,21,22.479,2.0
ALNS-A,Example6,1,22,23.192,2.0
ALNS-A,Example6,1,23,23.783,2.0
ALNS-A,Example6,1,24,24.317,2.0
ALNS-A,Example6,1,25,24.837,2.0
ALNS-A,Example6,1,26,25.979,2.0
ALNS-A,Example6,1,27,28.25,2.0
ALNS-A,Example6,1,28,29.05,2.0
ALNS-A,Example6,1,29,29.658,2.0
ALNS-A,Example6,1,30,30.453,2.0
ALNS-A,Example6,1,31,31.202,2.0
ALNS-A,Example6,1,32,31.862,2.0
ALNS-A,Example6,1,33,32.493,2.0
ALNS-A,Example6,1,34,33.048,2.0
ALNS-A,Example6,1,35,33.593,2.0
ALNS-A,Example6,1,36,34.198,2.0
ALNS-A,Example6,1,37,35.324,2.0
ALNS-A,Example6,1,38,35.829,2.0
ALNS-A,Example6,1,39,36.4,2.0
ALNS-A,Example6,1,40,36.957,2.0
ALNS-A,Example6,1,41,37.537,2.0
ALNS-A,Example6,1,42,38.241,2.0
ALNS-A,Example6,1,43,38.828,2.0
ALNS-A,Example6,1,44,39.363,2.0
ALNS-A,Example6,1,45,39.941,2.0
ALNS-A,Example6,1,46,40.478,2.0
ALNS-A,Example6,1,47,41.031,2.0
ALNS-A,Example6,1,48,41.687,2.0
ALNS-A,Example6,1,49,42.356,2.0
ALNS-A,Example6,1,50,43.003,2.0
ALNS-A,Example6,1,51,43.705,2.0
ALNS-A,Example6,1,52,44.291,2.0
ALNS-A,Example6,1,53,45.115,2.0
ALNS-A,Example6,1,54,45.68,2.0
ALNS-A,Example6,1,55,46.251,2.0
ALNS-A,Example6,1,56,46.793,2.0
ALNS-A,Example6,1,57,47.711,2.0
ALNS-A,Example6,1,58,48.396,2.0
ALNS-A,Example6,1,59,49.155,2.0
ALNS-A,Example6,1,60,50.815,1.0
ALNS-A,Example6,1,61,51.344,1.0
ALNS-A,Example6,1,62,52.676,1.0
ALNS-A,Example6,1,63,53.258,1.0
ALNS-A,Example6,1,64,54.052,1.0
ALNS-A,Example6,1,65,54.792,1.0
ALNS-A,Example6,1,66,57.669,1.0
ALNS-A,Example6,1,67,58.227,1.0
ALNS-A,Example6,1,68,61.65,1.0
ALNS-A,Example6,1,69,65.493,1.0
ALNS-A,Example6,1,70,66.096,1.0
ALNS-A,Example6,1,71,66.725,1.0
ALNS-A,Example6,1,72,67.358,1.0
ALNS-A,Example6,1,73,67.881,1.0
ALNS-A,Example6,1,74,69.804,1.0
ALNS-A,Example6,1,75,71.146,1.0
ALNS-A,Example6,1,76,72.598,1.0
ALNS-A,Example6,1,77,73.716,1.0
ALNS-A,Example6,1,78,74.486,1.0
ALNS-A,Example6,1,79,75.732,1.0
ALNS-A,Example6,1,80,78.228,1.0
ALNS-A,Example6,1,81,78.954,1.0
ALNS-A,Example6,1,82,79.606,1.0
ALNS-A,Example6,1,83,81.968,1.0
ALNS-A,Example6,1,84,82.829,1.0
ALNS-A,Example6,1,85,85.82,1.0
ALNS-A,Example6,1,86,89.263,1.0
ALNS-A,Example6,1,87,89.766,1.0
ALNS-A,Example6,1,88,90.411,1.0
ALNS-A,Example6,1,89,91.69,1.0
ALNS-A,Example6,1,90,92.349,1.0
ALNS-A,Example6,1,91,92.891,1.0
ALNS-A,Example6,1,92,93.424,1.0
ALNS-A,Example6,1,93,97.219,1.0
ALNS-A,Example6,1,94,97.761,1.0
ALNS-A,Example6,1,95,98.402,1.0
ALNS-A,Example6,1,96,99.021,1.0
ALNS-A,Example6,1,97,101.64,1.0
ALNS-A,Example6,1,98,102.293,1.0
ALNS-A,Example6,1,99,105.673,1.0
ALNS-A,Example6,1,100,106.862,1.0
ALNS-A,Example6,1,101,107.401,1.0
ALNS-A,Example6,1,102,108.036,1.0
ALNS-A,Example6,1,103,111.488,1.0
ALNS-A,Example6,1,104,112.144,1.0
ALNS-A,Example6,1,105,114.083,1.0
ALNS-A,Example6,1,106,115.333,1.0
ALNS-A,Example6,1,107,116.035,1.0
ALNS-A,Example6,1,108,116.851,1.0
ALNS-A,Example6,1,109,119.464,1.0
ALNS-A,Example6,1,110,121.857,1.0
ALNS-A,Example6,1,111,122.408,1.0
ALNS-A,Example6,1,112,122.97,1.0
ALNS-A,Example6,1,113,123.657,1.0
ALNS-A,Example6,1,114,124.222,1.0
ALNS-A,Example6,1,115,125.467,1.0
ALNS-A,Example6,1,116,135.532,1.0
ALNS-A,Example6,1,117,138.912,1.0
ALNS-A,Example6,1,118,151.352,1.0
ALNS-A,Example6,1,119,151.914,1.0
ALNS-A,Example6,1,120,153.201,1.0
ALNS-A,Example6,1,121,153.835,1.0
ALNS-A,Example6,1,122,154.396,1.0
ALNS-A,Example6,1,123,155.169,1.0
ALNS-A,Example6,1,124,155.737,1.0
ALNS-A,Example6,1,125,159.17,1.0
ALNS-A,Example6,1,126,171.182,1.0
ALNS-A,Example6,1,127,171.804,1.0
ALNS-A,Example6,1,128,172.486,1.0
ALNS-A,Example6,1,129,173.233,1.0
ALNS-A,Example6,1,130,174.504,1.0
ALNS-A,Example6,1,131,175.052,1.0
ALNS-A,Example6,1,132,175.635,1.0
ALNS-A,Example6,1,133,189.277,1.0
ALNS-A,Example6,2,1,0.812,23.0
ALNS-A,Example6,2,2,4.449,23.0
ALNS-A,Example6,2,3,4.919,23.0
ALNS-A,Example6,2,4,8.381,23.0
ALNS-A,Example6,2,5,12.01,23.0
ALNS-A,Example6,2,6,12.491,23.0
ALNS-A,Example6,2,7,13.008,23.0
ALNS-A,Example6,2,8,13.471,23.0
ALNS-A,Example6,2,9,14.426,20.0
ALNS-A,Example6,2,10,15.382,12.0
ALNS-A,Example6,2,11,15.852,12.0
ALNS-A,Example6,2,12,16.332,12.0
ALNS-A,Example6,2,13,17.115,9.0
ALNS-A,Example6,2,14,17.663,8.0
ALNS-A,Example6,2,15,18.229,8.0
ALNS-A,Example6,2,16,21.543,3.0
ALNS-A,Example6,2,17,22.097,3.0
ALNS-A,Example6,2,18,26.432,3.0
ALNS-A,Example6,2,19,27.185,3.0
ALNS-A,Example6,2,20,29.43,1.0
ALNS-A,Example6,2,21,32.829,1.0
ALNS-A,Example6,2,22,33.318,1.0
ALNS-A,Example6,2,23,34.318,1.0
ALNS-A,Example6,2,24,35.486,1.0
ALNS-A,Example6,2,25,36.182,1.0
ALNS-A,Example6,2,26,36.721,1.0
ALNS-A,Example6,2,27,39.006,1.0
ALNS-A,Example6,2,28,39.497,1.0
ALNS-A,Example6,2,29,41.387,1.0
ALNS-A,Example6,2,30,43.073,1.0
ALNS-A,Example6,2,31,44.043,1.0
ALNS-A,Example6,2,32,44.983,1.0
ALNS-A,Example6,2,33,48.083,1.0
ALNS-A,Example6,2,34,50.085,1.0
ALNS-A,Example6,2,35,53.095,1.0
ALNS-A,Example6,2,36,54.149,1.0
ALNS-A,Example6,2,37,54.983,1.0
ALNS-A,Example6,2,38,56.329,1.0
ALNS-A,Example6,2,39,57.43,1.0
ALNS-A,Example6,2,40,61.286,1.0
ALNS-A,Example6,2,41,61.926,1.0
ALNS-A,Example6,2,42,62.563,1.0
ALNS-A,Example6,2,43,63.13,1.0
ALNS-A,Example6,2,44,64.984,1.0
ALNS-A,Example6,2,45,80.44,1.0
ALNS-A,Example6,2,46,81.52,1.0
ALNS-A,Example6,2,47,82.349,1.0
ALNS-A,Example6,2,48,85.735,1.0
ALNS-A,Example6,2,49,86.844,1.0
ALNS-A,Example6,2,50,93.556,1.0
ALNS-A,Example6,2,51,94.109,1.0
ALNS-A,Example6,2,52,94.671,1.0
ALNS-A,Example6,2,53,100.613,1.0
ALNS-A,Example6,2,54,101.162,1.0
ALNS-A,Example6,2,55,102.153,1.0
ALNS-A,Example6,2,56,102.734,1.0
ALNS-A,Example6,2,57,103.336,1.0
ALNS-A,Example6,2,58,104.139,1.0
ALNS-A,Example6,2,59,104.721,1.0
ALNS-A,Example6,2,60,120.138,1.0
ALNS-A,Example6,2,61,120.89,1.0
ALNS-A,Example6,2,62,122.752,1.0
ALNS-A,Example6,2,63,124.848,1.0
ALNS-A,Example6,2,64,125.526,1.0
ALNS-A,Example6,2,65,126.085,1.0
ALNS-A,Example6,2,66,129.905,1.0
ALNS-A,Example6,2,67,130.56,1.0
ALNS-A,Example6,2,68,133.073,1.0
ALNS-A,Example6,2,69,133.64,1.0
ALNS-A,Example6,2,70,134.206,1.0
ALNS-A,Example6,2,71,134.838,1.0
ALNS-A,Example6,2,72,139.56,1.0
ALNS-A,Example6,2,73,140.152,1.0
ALNS-A,Example6,2,74,140.771,1.0
ALNS-A,Example6,2,75,141.426,1.0
ALNS-A,Example6,2,76,142.074,1.0
ALNS-A,Example6,2,77,143.202,1.0
ALNS-A,Example6,2,78,143.939,1.0
ALNS-A,Example6,2,79,144.595,1.0
ALNS-A,Example6,2,80,145.121,1.0
ALNS-A,Example6,2,81,146.943,1.0
ALNS-A,Example6,2,82,149.791,0.0
ALNS-A,Example7,0,1,16.55,416.0
ALNS-A,Example7,0,2,20.337,164.0
ALNS-A,Example7,0,3,36.952,164.0
ALNS-A,Example7,0,4,40.482,164.0
ALNS-A,Example7,0,5,48.16,121.0
ALNS-A,Example7,0,6,63.992,121.0
ALNS-A,Example7,0,7,67.462,121.0
ALNS-A,Example7,0,8,71.365,120.0
ALNS-A,Example7,0,9,75.798,120.0
ALNS-A,Example7,0,10,79.899,120.0
ALNS-A,Example7,0,11,95.384,82.0
ALNS-A,Example7,0,12,96.531,82.0
ALNS-A,Example7,0,13,100.067,82.0
ALNS-A,Example7,0,14,104.235,82.0
ALNS-A,Example7,0,15,120.312,82.0
ALNS-A,Example7,0,16,136.809,82.0
ALNS-A,Example7,0,17,141.327,82.0
ALNS-A,Example7,0,18,145.323,82.0
ALNS-A,Example7,0,19,161.818,82.0
ALNS-A,Example7,0,20,165.817,82.0
ALNS-A,Example7,0,21,170.276,82.0
ALNS-A,Example7,0,22,221.08,82.0
ALNS-A,Example7,1,1,4.581,418.0
ALNS-A,Example7,1,2,9.061,288.0
ALNS-A,Example7,1,3,13.605,238.0
ALNS-A,Example7,1,4,18.135,238.0
ALNS-A,Example7,1,5,21.92,238.0
ALNS-A,Example7,1,6,25.891,238.0
ALNS-A,Example7,1,7,26.945,235.0
ALNS-A,Example7,1,8,30.81,235.0
ALNS-A,Example7,1,9,34.673,235.0
ALNS-A,Example7,1,10,39.286,176.0
ALNS-A,Example7,1,11,42.813,176.0
ALNS-A,Example7,1,12,47.209,176.0
ALNS-A,Example7,1,13,51.137,176.0
ALNS-A,Example7,1,14,54.97,176.0
ALNS-A,Example7,1,15,58.894,176.0
ALNS-A,Example7,1,16,62.409,176.0
ALNS-A,Example7,1,17,66.401,176.0
ALNS-A,Example7,1,18,70.867,176.0
ALNS-A,Example7,1,19,71.808,176.0
ALNS-A,Example7,1,20,75.736,176.0
ALNS-A,Example7,1,21,126.502,169.0
ALNS-A,Example7,1,22,177.659,169.0
ALNS-A,Example7,1,23,181.136,136.0
ALNS-A,Example7,2,1,2.633,506.0
ALNS-A,Example7,2,2,7.165,415.0
ALNS-A,Example7,2,3,10.679,171.0
ALNS-A,Example7,2,4,26.231,171.0
ALNS-A,Example7,2,5,29.757,171.0
ALNS-A,Example7,2,6,33.27,171.0
ALNS-A,Example7,2,7,37.184,140.0
ALNS-A,Example7,2,8,52.68,140.0
ALNS-A,Example7,2,9,57.136,140.0
ALNS-A,Example7,2,10,61.505,140.0
ALNS-A,Example7,2,11,77.209,138.0
ALNS-A,Example7,2,12,81.131,138.0
ALNS-A,Example7,2,13,85.319,118.0
ALNS-A,Example7,2,14,101.79,118.0
ALNS-A,Example7,2,15,105.674,118.0
ALNS-A,Example7,2,16,109.46,118.0
ALNS-A,Example7,2,17,124.944,118.0
ALNS-A,Example7,2,18,129.327,118.0
ALNS-A,Example7,2,19,145.339,118.0
ALNS-A,Example7,2,20,148.85,118.0
ALNS-A,Example7,2,21,149.537,114.0
ALNS-A,Example7,2,22,165.052,114.0
ALNS-A,Example7,2,23,165.94,114.0
ALNS-A,Example7,2,24,182.093,83.0
ALNS-A,Example8,0,1,1.063,65.0
ALNS-A,Example8,0,2,4.747,55.0
ALNS-A,Example8,0,3,8.241,55.0
ALNS-A,Example8,0,4,11.936,55.0
ALNS-A,Example8,0,5,12.563,52.0
ALNS-A,Example8,0,6,28.206,52.0
ALNS-A,Example8,0,7,29.081,18.0
ALNS-A,Example8,0,8,32.523,18.0
ALNS-A,Example8,0,9,48.153,18.0
ALNS-A,Example8,0,10,50.257,15.0
ALNS-A,Example8,0,11,53.495,15.0
ALNS-A,Example8,0,12,57.313,15.0
ALNS-A,Example8,0,13,60.801,15.0
ALNS-A,Example8,0,14,64.421,15.0
ALNS-A,Example8,0,15,68.305,15.0
ALNS-A,Example8,0,16,68.891,14.0
ALNS-A,Example8,0,17,72.32,14.0
ALNS-A,Example8,0,18,75.86,14.0
ALNS-A,Example8,0,19,79.467,14.0
ALNS-A,Example8,0,20,95.002,14.0
ALNS-A,Example8,0,21,95.753,14.0
ALNS-A,Example8,0,22,99.232,14.0
ALNS-A,Example8,0,23,102.548,14.0
ALNS-A,Example8,0,24,106.004,14.0
ALNS-A,Example8,0,25,106.916,14.0
ALNS-A,Example8,0,26,110.393,14.0
ALNS-A,Example8,0,27,122.884,13.0
ALNS-A,Example8,0,28,139.781,10.0
ALNS-A,Example8,0,29,140.35,10.0
ALNS-A,Example8,0,30,155.801,10.0
ALNS-A,Example8,0,31,159.463,10.0
ALNS-A,Example8,0,32,174.913,10.0
ALNS-A,Example8,0,33,178.453,10.0
ALNS-A,Example8,0,34,181.757,9.0
ALNS-A,Example8,1,1,1.067,65.0
ALNS-A,Example8,1,2,4.732,57.0
ALNS-A,Example8,1,3,8.179,51.0
ALNS-A,Example8,1,4,9.791,38.0
ALNS-A,Example8,1,5,10.827,20.0
ALNS-A,Example8,1,6,12.797,19.0
ALNS-A,Example8,1,7,16.49,19.0
ALNS-A,Example8,1,8,18.973,17.0
ALNS-A,Example8,1,9,22.426,17.0
ALNS-A,Example8,1,10,25.844,17.0
ALNS-A,Example8,1,11,29.261,17.0
ALNS-A,Example8,1,12,30.04,15.0
ALNS-A,Example8,1,13,30.77,11.0
ALNS-A,Example8,1,14,31.531,11.0
ALNS-A,Example8,1,15,34.983,11.0
ALNS-A,Example8,1,16,38.472,11.0
ALNS-A,Example8,1,17,53.984,11.0
ALNS-A,Example8,1,18,57.54,11.0
ALNS-A,Example8,1,19,61.029,11.0
ALNS-A,Example8,1,20,64.937,11.0
ALNS-A,Example8,1,21,68.588,11.0
ALNS-A,Example8,1,22,72.406,11.0
ALNS-A,Example8,1,23,87.871,11.0
ALNS-A,Example8,1,24,95.918,11.0
ALNS-A,Example8,1,25,104.079,10.0
ALNS-A,Example8,1,26,104.766,10.0
ALNS-A,Example8,1,27,105.901,10.0
ALNS-A,Example8,1,28,109.43,10.0
ALNS-A,Example8,1,29,111.532,9.0
ALNS-A,Example8,1,30,114.968,9.0
ALNS-A,Example8,1,31,130.458,9.0
ALNS-A,Example8,1,32,131.26,9.0
ALNS-A,Example8,1,33,134.677,9.0
ALNS-A,Example8,1,34,138.213,9.0
ALNS-A,Example8,1,35,141.638,9.0
ALNS-A,Example8,1,36,145.117,9.0
ALNS-A,Example8,1,37,149.592,8.0
ALNS-A,Example8,1,38,150.213,8.0
ALNS-A,Example8,1,39,153.7,8.0
ALNS-A,Example8,1,40,154.428,8.0
ALNS-A,Example8,1,41,155.422,8.0
ALNS-A,Example8,1,42,158.86,8.0
ALNS-A,Example8,1,43,162.301,8.0
ALNS-A,Example8,1,44,165.817,8.0
ALNS-A,Example8,1,45,181.393,8.0
ALNS-A,Example8,2,1,0.968,66.0
ALNS-A,Example8,2,2,1.804,65.0
ALNS-A,Example8,2,3,5.233,20.0
ALNS-A,Example8,2,4,20.716,20.0
ALNS-A,Example8,2,5,21.936,14.0
ALNS-A,Example8,2,6,25.369,14.0
ALNS-A,Example8,2,7,28.988,14.0
ALNS-A,Example8,2,8,31.063,13.0
ALNS-A,Example8,2,9,34.461,10.0
ALNS-A,Example8,2,10,38.03,10.0
ALNS-A,Example8,2,11,41.501,10.0
ALNS-A,Example8,2,12,56.98,10.0
ALNS-A,Example8,2,13,60.4,10.0
ALNS-A,Example8,2,14,63.911,10.0
ALNS-A,Example8,2,15,67.386,10.0
ALNS-A,Example8,2,16,70.947,10.0
ALNS-A,Example8,2,17,74.37,10.0
ALNS-A,Example8,2,18,89.893,10.0
ALNS-A,Example8,2,19,93.273,10.0
ALNS-A,Example8,2,20,96.015,10.0
ALNS-A,Example8,2,21,97.072,10.0
ALNS-A,Example8,2,22,97.986,10.0
ALNS-A,Example8,2,23,113.428,10.0
ALNS-A,Example8,2,24,116.902,10.0
ALNS-A,Example8,2,25,117.718,9.0
ALNS-A,Example8,2,26,121.138,9.0
ALNS-A,Example8,2,27,124.639,9.0
ALNS-A,Example8,2,28,139.769,6.0
ALNS-A,Example8,2,29,143.591,6.0
ALNS-A,Example8,2,30,147.108,6.0
ALNS-A,Example8,2,31,147.837,5.0
ALNS-A,Example8,2,32,151.282,5.0
ALNS-A,Example8,2,33,154.895,5.0
ALNS-A,Example8,2,34,170.417,5.0
ALNS-A,Example8,2,35,172.864,5.0
ALNS-A,Example8,2,36,188.345,5.0
ALNS-A,Example9,0,1,16.64,401.0
ALNS-A,Example9,0,2,20.608,196.0
ALNS-A,Example9,0,3,24.175,180.0
ALNS-A,Example9,0,4,40.833,180.0
ALNS-A,Example9,0,5,57.36,180.0
ALNS-A,Example9,0,6,60.991,180.0
ALNS-A,Example9,0,7,65.382,180.0
ALNS-A,Example9,0,8,81.82,180.0
ALNS-A,Example9,0,9,86.17,158.0
ALNS-A,Example9,0,10,90.291,158.0
ALNS-A,Example9,0,11,94.927,158.0
ALNS-A,Example9,0,12,99.493,158.0
ALNS-A,Example9,0,13,103.103,158.0
ALNS-A,Example9,0,14,106.84,158.0
ALNS-A,Example9,0,15,110.387,158.0
ALNS-A,Example9,0,16,113.924,158.0
ALNS-A,Example9,0,17,118.527,158.0
ALNS-A,Example9,0,18,122.929,158.0
ALNS-A,Example9,0,19,127.399,158.0
ALNS-A,Example9,0,20,179.05,158.0
ALNS-A,Example9,0,21,230.495,155.0
ALNS-A,Example9,1,1,4.639,404.0
ALNS-A,Example9,1,2,9.223,404.0
ALNS-A,Example9,1,3,25.716,170.0
ALNS-A,Example9,1,4,29.891,170.0
ALNS-A,Example9,1,5,34.451,170.0
ALNS-A,Example9,1,6,38.124,170.0
ALNS-A,Example9,1,7,42.651,140.0
ALNS-A,Example9,1,8,47.171,140.0
ALNS-A,Example9,1,9,50.89,140.0
ALNS-A,Example9,1,10,66.407,140.0
ALNS-A,Example9,1,11,70.016,140.0
ALNS-A,Example9,1,12,86.534,140.0
ALNS-A,Example9,1,13,103.006,140.0
ALNS-A,Example9,1,14,107.483,140.0
ALNS-A,Example9,1,15,112.04,140.0
ALNS-A,Example9,1,16,128.607,140.0
ALNS-A,Example9,1,17,144.187,140.0
ALNS-A,Example9,1,18,195.298,115.0
ALNS-A,Example9,2,1,15.716,255.0
ALNS-A,Example9,2,2,20.346,163.0
ALNS-A,Example9,2,3,23.845,90.0
ALNS-A,Example9,2,4,39.44,90.0
ALNS-A,Example9,2,5,43.918,90.0
ALNS-A,Example9,2,6,48.4,90.0
ALNS-A,Example9,2,7,52.957,90.0
ALNS-A,Example9,2,8,57.431,90.0
ALNS-A,Example9,2,9,61.057,90.0
ALNS-A,Example9,2,10,65.631,90.0
ALNS-A,Example9,2,11,70.094,90.0
ALNS-A,Example9,2,12,85.701,90.0
ALNS-A,Example9,2,13,90.343,90.0
ALNS-A,Example9,2,14,141.734,90.0
ALNS-A,Example9,2,15,193.278,90.0
ALNS-A,Example10,0,1,16.093,531.0
ALNS-A,Example10,0,2,19.867,182.0
ALNS-A,Example10,0,3,23.422,153.0
ALNS-A,Example10,0,4,24.542,146.0
ALNS-A,Example10,0,5,28.025,146.0
ALNS-A,Example10,0,6,43.828,146.0
ALNS-A,Example10,0,7,47.296,139.0
ALNS-A,Example10,0,8,51.374,139.0
ALNS-A,Example10,0,9,66.857,139.0
ALNS-A,Example10,0,10,82.828,139.0
ALNS-A,Example10,0,11,86.75,126.0
ALNS-A,Example10,0,12,90.23,126.0
ALNS-A,Example10,0,13,93.698,126.0
ALNS-A,Example10,0,14,97.171,126.0
ALNS-A,Example10,0,15,100.642,126.0
ALNS-A,Example10,0,16,104.137,126.0
ALNS-A,Example10,0,17,107.643,126.0
ALNS-A,Example10,0,18,112.053,126.0
ALNS-A,Example10,0,19,127.513,126.0
ALNS-A,Example10,0,20,131.007,121.0
ALNS-A,Example10,0,21,146.45,98.0
ALNS-A,Example10,0,22,147.486,98.0
ALNS-A,Example10,0,23,151.235,81.0
ALNS-A,Example10,0,24,152.946,68.0
ALNS-A,Example10,0,25,156.867,68.0
ALNS-A,Example10,0,26,157.522,68.0
ALNS-A,Example10,0,27,173.381,68.0
ALNS-A,Example10,0,28,189.481,68.0
ALNS-A,Example10,1,1,4.08,534.0
ALNS-A,Example10,1,2,8.533,241.0
ALNS-A,Example10,1,3,12.705,197.0
ALNS-A,Example10,1,4,17.172,197.0
ALNS-A,Example10,1,5,20.974,148.0
ALNS-A,Example10,1,6,24.891,148.0
ALNS-A,Example10,1,7,26.151,142.0
ALNS-A,Example10,1,8,29.859,142.0
ALNS-A,Example10,1,9,33.542,142.0
ALNS-A,Example10,1,10,37.123,142.0
ALNS-A,Example10,1,11,40.931,142.0
ALNS-A,Example10,1,12,44.396,142.0
ALNS-A,Example10,1,13,48.66,142.0
ALNS-A,Example10,1,14,52.686,142.0
ALNS-A,Example10,1,15,56.611,91.0
ALNS-A,Example10,1,16,60.941,91.0
ALNS-A,Example10,1,17,76.36,58.0
ALNS-A,Example10,1,18,80.766,58.0
ALNS-A,Example10,1,19,96.272,58.0
ALNS-A,Example10,1,20,97.403,55.0
ALNS-A,Example10,1,21,98.326,55.0
ALNS-A,Example10,1,22,113.876,55.0
ALNS-A,Example10,1,23,117.765,55.0
ALNS-A,Example10,1,24,121.233,55.0
ALNS-A,Example10,1,25,125.473,55.0
ALNS-A,Example10,1,26,141.352,55.0
ALNS-A,Example10,1,27,157.342,55.0
ALNS-A,Example10,1,28,158.271,51.0
ALNS-A,Example10,1,29,161.744,51.0
ALNS-A,Example10,1,30,166.049,51.0
ALNS-A,Example10,1,31,169.52,51.0
ALNS-A,Example10,1,32,172.991,51.0
ALNS-A,Example10,1,33,189.007,51.0
ALNS-A,Example10,2,1,2.54,543.0
ALNS-A,Example10,2,2,6.614,531.0
ALNS-A,Example10,2,3,10.161,92.0
ALNS-A,Example10,2,4,10.918,44.0
ALNS-A,Example10,2,5,15.372,44.0
ALNS-A,Example10,2,6,30.791,43.0
ALNS-A,Example10,2,7,31.486,29.0
ALNS-A,Example10,2,8,34.992,29.0
ALNS-A,Example10,2,9,35.691,27.0
ALNS-A,Example10,2,10,39.209,27.0
ALNS-A,Example10,2,11,54.689,27.0
ALNS-A,Example10,2,12,55.34,27.0
ALNS-A,Example10,2,13,70.846,27.0
ALNS-A,Example10,2,14,74.755,27.0
ALNS-A,Example10,2,15,78.205,27.0
ALNS-A,Example10,2,16,93.648,27.0
ALNS-A,Example10,2,17,97.527,27.0
ALNS-A,Example10,2,18,113.0,27.0
ALNS-A,Example10,2,19,116.896,27.0
ALNS-A,Example10,2,20,168.354,27.0
ALNS-A,Example10,2,21,219.135,27.0
ALNS-A,Example11,0,1,16.223,1105.0
ALNS-A,Example11,0,2,19.975,151.0
ALNS-A,Example11,0,3,36.659,151.0
ALNS-A,Example11,0,4,37.316,149.0
ALNS-A,Example11,0,5,40.781,149.0
ALNS-A,Example11,0,6,44.297,149.0
ALNS-A,Example11,0,7,59.754,100.0
ALNS-A,Example11,0,8,64.215,100.0
ALNS-A,Example11,0,9,65.297,86.0
ALNS-A,Example11,0,10,68.78,86.0
ALNS-A,Example11,0,11,72.287,86.0
ALNS-A,Example11,0,12,87.798,86.0
ALNS-A,Example11,0,13,104.003,86.0
ALNS-A,Example11,0,14,107.483,86.0
ALNS-A,Example11,0,15,111.473,86.0
ALNS-A,Example11,0,16,127.617,86.0
ALNS-A,Example11,0,17,128.521,83.0
ALNS-A,Example11,0,18,132.487,83.0
ALNS-A,Example11,0,19,136.322,72.0
ALNS-A,Example11,0,20,151.796,72.0
ALNS-A,Example11,0,21,154.819,51.0
ALNS-A,Example11,0,22,155.449,51.0
ALNS-A,Example11,0,23,159.906,51.0
ALNS-A,Example11,0,24,163.375,51.0
ALNS-A,Example11,0,25,167.269,51.0
ALNS-A,Example11,0,26,170.743,51.0
ALNS-A,Example11,0,27,186.217,49.0
ALNS-A,Example11,1,1,4.363,190.0
ALNS-A,Example11,1,2,8.082,74.0
ALNS-A,Example11,1,3,12.067,74.0
ALNS-A,Example11,1,4,13.93,62.0
ALNS-A,Example11,1,5,15.467,62.0
ALNS-A,Example11,1,6,19.204,58.0
ALNS-A,Example11,1,7,19.846,54.0
ALNS-A,Example11,1,8,23.843,54.0
ALNS-A,Example11,1,9,27.275,54.0
ALNS-A,Example11,1,10,43.758,54.0
ALNS-A,Example11,1,11,47.262,54.0
ALNS-A,Example11,1,12,62.77,54.0
ALNS-A,Example11,1,13,66.284,54.0
ALNS-A,Example11,1,14,69.796,54.0
ALNS-A,Example11,1,15,73.832,54.0
ALNS-A,Example11,1,16,89.815,54.0
ALNS-A,Example11,1,17,93.366,54.0
ALNS-A,Example11,1,18,144.216,54.0
ALNS-A,Example11,1,19,195.491,54.0
ALNS-A,Example11,2,1,1.693,954.0
ALNS-A,Example11,2,2,6.017,181.0
ALNS-A,Example11,2,3,9.592,71.0
ALNS-A,Example11,2,4,13.173,71.0
ALNS-A,Example11,2,5,16.675,71.0
ALNS-A,Example11,2,6,20.139,71.0
ALNS-A,Example11,2,7,23.61,71.0
ALNS-A,Example11,2,8,27.029,36.0
ALNS-A,Example11,2,9,30.51,36.0
ALNS-A,Example11,2,10,45.977,36.0
ALNS-A,Example11,2,11,61.939,36.0
ALNS-A,Example11,2,12,66.336,36.0
ALNS-A,Example11,2,13,70.72,36.0
ALNS-A,Example11,2,14,74.223,36.0
ALNS-A,Example11,2,15,75.184,35.0
ALNS-A,Example11,2,16,78.725,35.0
ALNS-A,Example11,2,17,79.351,34.0
ALNS-A,Example11,2,18,95.456,34.0
ALNS-A,Example11,2,19,96.357,34.0
ALNS-A,Example11,2,20,100.253,34.0
ALNS-A,Example11,2,21,104.31,34.0
ALNS-A,Example11,2,22,119.781,34.0
ALNS-A,Example11,2,23,123.334,34.0
ALNS-A,Example11,2,24,139.237,34.0
ALNS-A,Example11,2,25,154.794,34.0
ALNS-A,Example11,2,26,158.273,34.0
ALNS-A,Example11,2,27,161.802,34.0
ALNS-A,Example11,2,28,212.732,34.0
ALNS-A,Example12,0,1,15.963,374.0
ALNS-A,Example12,0,2,19.619,87.0
ALNS-A,Example12,0,3,20.51,85.0
ALNS-A,Example12,0,4,36.321,85.0
ALNS-A,Example12,0,5,39.741,85.0
ALNS-A,Example12,0,6,40.53,70.0
ALNS-A,Example12,0,7,44.36,70.0
ALNS-A,Example12,0,8,47.928,70.0
ALNS-A,Example12,0,9,48.522,62.0
ALNS-A,Example12,0,10,51.96,62.0
ALNS-A,Example12,0,11,67.376,62.0
ALNS-A,Example12,0,12,70.961,62.0
ALNS-A,Example12,0,13,74.522,62.0
ALNS-A,Example12,0,14,75.271,59.0
ALNS-A,Example12,0,15,78.802,59.0
ALNS-A,Example12,0,16,79.816,59.0
ALNS-A,Example12,0,17,83.271,59.0
ALNS-A,Example12,0,18,86.686,54.0
ALNS-A,Example12,0,19,90.382,54.0
ALNS-A,Example12,0,20,105.801,44.0
ALNS-A,Example12,0,21,106.521,32.0
ALNS-A,Example12,0,22,121.953,32.0
ALNS-A,Example12,0,23,125.536,32.0
ALNS-A,Example12,0,24,128.968,32.0
ALNS-A,Example12,0,25,132.6,32.0
ALNS-A,Example12,0,26,136.28,32.0
ALNS-A,Example12,0,27,139.711,32.0
ALNS-A,Example12,0,28,155.131,32.0
ALNS-A,Example12,0,29,158.713,32.0
ALNS-A,Example12,0,30,162.328,32.0
ALNS-A,Example12,0,31,177.924,32.0
ALNS-A,Example12,0,32,228.586,32.0
ALNS-A,Example12,1,1,1.048,199.0
ALNS-A,Example12,1,2,4.687,56.0
ALNS-A,Example12,1,3,5.972,49.0
ALNS-A,Example12,1,4,22.035,49.0
ALNS-A,Example12,1,5,37.625,46.0
ALNS-A,Example12,1,6,41.113,46.0
ALNS-A,Example12,1,7,44.965,46.0
ALNS-A,Example12,1,8,48.433,46.0
ALNS-A,Example12,1,9,63.983,46.0
ALNS-A,Example12,1,10,67.555,46.0
ALNS-A,Example12,1,11,71.127,46.0
ALNS-A,Example12,1,12,71.771,31.0
ALNS-A,Example12,1,13,87.371,31.0
ALNS-A,Example12,1,14,103.005,31.0
ALNS-A,Example12,1,15,106.689,31.0
ALNS-A,Example12,1,16,110.281,31.0
ALNS-A,Example12,1,17,114.255,24.0
ALNS-A,Example12,1,18,117.692,24.0
ALNS-A,Example12,1,19,133.231,24.0
ALNS-A,Example12,1,20,149.326,24.0
ALNS-A,Example12,1,21,152.778,24.0
ALNS-A,Example12,1,22,156.237,24.0
ALNS-A,Example12,1,23,157.174,24.0
ALNS-A,Example12,1,24,159.71,24.0
ALNS-A,Example12,1,25,160.325,19.0
ALNS-A,Example12,1,26,163.947,19.0
ALNS-A,Example12,1,27,166.96,13.0
ALNS-A,Example12,1,28,171.048,13.0
ALNS-A,Example12,1,29,174.67,13.0
ALNS-A,Example12,1,30,175.362,12.0
ALNS-A,Example12,1,31,179.078,12.0
ALNS-A,Example12,1,32,182.659,12.0
ALNS-A,Example12,2,1,0.919,254.0
ALNS-A,Example12,2,2,4.891,157.0
ALNS-A,Example12,2,3,20.585,117.0
ALNS-A,Example12,2,4,24.174,117.0
ALNS-A,Example12,2,5,27.764,97.0
ALNS-A,Example12,2,6,43.279,97.0
ALNS-A,Example12,2,7,46.735,97.0
ALNS-A,Example12,2,8,47.346,92.0
ALNS-A,Example12,2,9,49.348,76.0
ALNS-A,Example12,2,10,53.037,76.0
ALNS-A,Example12,2,11,56.732,76.0
ALNS-A,Example12,2,12,60.237,76.0
ALNS-A,Example12,2,13,63.672,76.0
ALNS-A,Example12,2,14,67.084,76.0
ALNS-A,Example12,2,15,67.708,76.0
ALNS-A,Example12,2,16,83.273,76.0
ALNS-A,Example12,2,17,86.691,76.0
ALNS-A,Example12,2,18,89.454,68.0
ALNS-A,Example12,2,19,90.486,36.0
ALNS-A,Example12,2,20,94.081,36.0
ALNS-A,Example12,2,21,95.3,36.0
ALNS-A,Example12,2,22,98.85,36.0
ALNS-A,Example12,2,23,102.255,35.0
ALNS-A,Example12,2,24,105.664,35.0
ALNS-A,Example12,2,25,109.105,35.0
ALNS-A,Example12,2,26,112.68,35.0
ALNS-A,Example12,2,27,116.093,35.0
ALNS-A,Example12,2,28,119.788,35.0
ALNS-A,Example12,2,29,123.341,35.0
ALNS-A,Example12,2,30,123.939,35.0
ALNS-A,Example12,2,31,139.368,35.0
ALNS-A,Example12,2,32,154.933,35.0
ALNS-A,Example12,2,33,158.442,35.0
ALNS-A,Example12,2,34,173.874,35.0
ALNS-A,Example12,2,35,177.695,35.0
ALNS-A,Example12,2,36,181.116,35.0
ALNS-A,Example13,0,1,15.932,398.0
ALNS-A,Example13,0,2,19.607,121.0
ALNS-A,Example13,0,3,23.29,52.0
ALNS-A,Example13,0,4,23.927,50.0
ALNS-A,Example13,0,5,27.425,50.0
ALNS-A,Example13,0,6,30.851,50.0
ALNS-A,Example13,0,7,31.534,35.0
ALNS-A,Example13,0,8,34.979,35.0
ALNS-A,Example13,0,9,39.015,35.0
ALNS-A,Example13,0,10,54.722,35.0
ALNS-A,Example13,0,11,58.218,35.0
ALNS-A,Example13,0,12,58.869,32.0
ALNS-A,Example13,0,13,62.399,32.0
ALNS-A,Example13,0,14,66.021,32.0
ALNS-A,Example13,0,15,69.476,32.0
ALNS-A,Example13,0,16,73.02,27.0
ALNS-A,Example13,0,17,88.574,27.0
ALNS-A,Example13,0,18,104.077,27.0
ALNS-A,Example13,0,19,107.527,27.0
ALNS-A,Example13,0,20,123.028,27.0
ALNS-A,Example13,0,21,126.556,27.0
ALNS-A,Example13,0,22,130.008,27.0
ALNS-A,Example13,0,23,145.441,27.0
ALNS-A,Example13,0,24,149.445,27.0
ALNS-A,Example13,0,25,153.417,27.0
ALNS-A,Example13,0,26,157.303,27.0
ALNS-A,Example13,0,27,207.938,27.0
ALNS-A,Example13,1,1,1.759,158.0
ALNS-A,Example13,1,2,5.538,83.0
ALNS-A,Example13,1,3,9.317,65.0
ALNS-A,Example13,1,4,13.497,65.0
ALNS-A,Example13,1,5,14.241,60.0
ALNS-A,Example13,1,6,17.758,60.0
ALNS-A,Example13,1,7,21.203,56.0
ALNS-A,Example13,1,8,24.652,56.0
ALNS-A,Example13,1,9,40.103,56.0
ALNS-A,Example13,1,10,43.791,56.0
ALNS-A,Example13,1,11,47.243,56.0
ALNS-A,Example13,1,12,50.944,56.0
ALNS-A,Example13,1,13,67.287,56.0
ALNS-A,Example13,1,14,82.831,40.0
ALNS-A,Example13,1,15,86.76,40.0
ALNS-A,Example13,1,16,90.508,40.0
ALNS-A,Example13,1,17,94.829,40.0
ALNS-A,Example13,1,18,98.276,40.0
ALNS-A,Example13,1,19,101.737,40.0
ALNS-A,Example13,1,20,106.062,40.0
ALNS-A,Example13,1,21,121.636,40.0
ALNS-A,Example13,1,22,125.146,40.0
ALNS-A,Example13,1,23,140.681,40.0
ALNS-A,Example13,1,24,156.617,40.0
ALNS-A,Example13,1,25,207.205,40.0
ALNS-A,Example13,2,1,1.701,317.0
ALNS-A,Example13,2,2,2.972,149.0
ALNS-A,Example13,2,3,6.407,44.0
ALNS-A,Example13,2,4,10.145,44.0
ALNS-A,Example13,2,5,13.813,44.0
ALNS-A,Example13,2,6,17.259,44.0
ALNS-A,Example13,2,7,21.025,44.0
ALNS-A,Example13,2,8,21.87,42.0
ALNS-A,Example13,2,9,22.861,23.0
ALNS-A,Example13,2,10,26.393,23.0
ALNS-A,Example13,2,11,41.878,23.0
ALNS-A,Example13,2,12,45.377,23.0
ALNS-A,Example13,2,13,49.108,23.0
ALNS-A,Example13,2,14,52.8,23.0
ALNS-A,Example13,2,15,68.247,23.0
ALNS-A,Example13,2,16,72.341,23.0
ALNS-A,Example13,2,17,75.785,23.0
ALNS-A,Example13,2,18,91.236,23.0
ALNS-A,Example13,2,19,94.733,23.0
ALNS-A,Example13,2,20,145.402,23.0
ALNS-A,Example13,2,21,196.272,23.0
ALNS-A,Example14,0,1,0.806,129.0
ALNS-A,Example14,0,2,1.794,43.0
ALNS-A,Example14,0,3,17.241,28.0
ALNS-A,Example14,0,4,18.286,18.0
ALNS-A,Example14,0,5,33.712,11.0
ALNS-A,Example14,0,6,35.159,10.0
ALNS-A,Example14,0,7,50.683,10.0
ALNS-A,Example14,0,8,54.283,10.0
ALNS-A,Example14,0,9,57.45,7.0
ALNS-A,Example14,0,10,60.882,7.0
ALNS-A,Example14,0,11,61.519,7.0
ALNS-A,Example14,0,12,63.008,6.0
ALNS-A,Example14,0,13,78.434,6.0
ALNS-A,Example14,0,14,79.11,6.0
ALNS-A,Example14,0,15,79.79,5.0
ALNS-A,Example14,0,16,83.225,5.0
ALNS-A,Example14,0,17,86.655,5.0
ALNS-A,Example14,0,18,102.161,5.0
ALNS-A,Example14,0,19,117.587,5.0
ALNS-A,Example14,0,20,133.014,5.0
ALNS-A,Example14,0,21,136.449,5.0
ALNS-A,Example14,0,22,139.996,5.0
ALNS-A,Example14,0,23,155.425,5.0
ALNS-A,Example14,0,24,156.912,5.0
ALNS-A,Example14,0,25,160.321,5.0
ALNS-A,Example14,0,26,210.919,5.0
ALNS-A,Example14,1,1,0.823,95.0
ALNS-A,Example14,1,2,4.456,29.0
ALNS-A,Example14,1,3,7.899,28.0
ALNS-A,Example14,1,4,8.715,15.0
ALNS-A,Example14,1,5,9.639,15.0
ALNS-A,Example14,1,6,10.23,15.0
ALNS-A,Example14,1,7,13.682,15.0
ALNS-A,Example14,1,8,14.316,14.0
ALNS-A,Example14,1,9,14.89,14.0
ALNS-A,Example14,1,10,18.333,14.0
ALNS-A,Example14,1,11,21.767,11.0
ALNS-A,Example14,1,12,22.408,11.0
ALNS-A,Example14,1,13,25.847,11.0
ALNS-A,Example14,1,14,27.159,11.0
ALNS-A,Example14,1,15,30.568,11.0
ALNS-A,Example14,1,16,31.891,9.0
ALNS-A,Example14,1,17,35.391,9.0
ALNS-A,Example14,1,18,38.845,9.0
ALNS-A,Example14,1,19,39.553,8.0
ALNS-A,Example14,1,20,55.028,8.0
ALNS-A,Example14,1,21,55.671,8.0
ALNS-A,Example14,1,22,59.103,8.0
ALNS-A,Example14,1,23,59.86,8.0
ALNS-A,Example14,1,24,63.305,8.0
ALNS-A,Example14,1,25,64.397,8.0
ALNS-A,Example14,1,26,79.928,8.0
ALNS-A,Example14,1,27,83.343,8.0
ALNS-A,Example14,1,28,86.826,8.0
ALNS-A,Example14,1,29,90.255,8.0
ALNS-A,Example14,1,30,94.142,8.0
ALNS-A,Example14,1,31,94.766,7.0
ALNS-A,Example14,1,32,98.271,7.0
ALNS-A,Example14,1,33,109.774,7.0
ALNS-A,Example14,1,34,110.336,7.0
ALNS-A,Example14,1,35,125.754,7.0
ALNS-A,Example14,1,36,129.163,7.0
ALNS-A,Example14,1,37,144.602,7.0
ALNS-A,Example14,1,38,160.045,7.0
ALNS-A,Example14,1,39,160.747,7.0
ALNS-A,Example14,1,40,176.171,7.0
ALNS-A,Example14,1,41,178.553,6.0
ALNS-A,Example14,1,42,179.329,6.0
ALNS-A,Example14,1,43,181.018,6.0
ALNS-A,Example14,2,1,1.009,123.0
ALNS-A,Example14,2,2,1.819,86.0
ALNS-A,Example14,2,3,5.237,18.0
ALNS-A,Example14,2,4,6.078,13.0
ALNS-A,Example14,2,5,21.757,13.0
ALNS-A,Example14,2,6,23.505,12.0
ALNS-A,Example14,2,7,25.635,12.0
ALNS-A,Example14,2,8,41.046,10.0
ALNS-A,Example14,2,9,44.467,10.0
ALNS-A,Example14,2,10,45.211,10.0
ALNS-A,Example14,2,11,48.669,10.0
ALNS-A,Example14,2,12,49.433,10.0
ALNS-A,Example14,2,13,52.869,10.0
ALNS-A,Example14,2,14,53.424,10.0
ALNS-A,Example14,2,15,53.966,10.0
ALNS-A,Example14,2,16,57.464,10.0
ALNS-A,Example14,2,17,58.013,10.0
ALNS-A,Example14,2,18,73.463,10.0
ALNS-A,Example14,2,19,88.952,10.0
ALNS-A,Example14,2,20,89.582,9.0
ALNS-A,Example14,2,21,90.244,9.0
ALNS-A,Example14,2,22,93.771,9.0
ALNS-A,Example14,2,23,95.124,9.0
ALNS-A,Example14,2,24,98.551,9.0
ALNS-A,Example14,2,25,102.047,9.0
ALNS-A,Example14,2,26,117.493,9.0
ALNS-A,Example14,2,27,120.021,9.0
ALNS-A,Example14,2,28,135.437,9.0
ALNS-A,Example14,2,29,137.418,9.0
ALNS-A,Example14,2,30,137.981,9.0
ALNS-A,Example14,2,31,138.609,9.0
ALNS-A,Example14,2,32,139.329,8.0
ALNS-A,Example14,2,33,142.755,8.0
ALNS-A,Example14,2,34,146.198,8.0
ALNS-A,Example14,2,35,149.663,8.0
ALNS-A,Example14,2,36,150.31,8.0
ALNS-A,Example14,2,37,165.736,8.0
ALNS-A,Example14,2,38,169.175,8.0
ALNS-A,Example14,2,39,172.591,8.0
ALNS-A,Example14,2,40,173.143,8.0
ALNS-A,Example14,2,41,176.627,8.0
ALNS-A,Example14,2,42,178.614,5.0
ALNS-A,Example14,2,43,194.125,5.0
ALNS-B,Example0,0,1,0.969,10.0
ALNS-B,Example0,0,2,1.93,10.0
ALNS-B,Example0,0,3,2.62,9.0
ALNS-B,Example0,0,4,3.843,9.0
ALNS-B,Example0,0,5,4.466,9.0
ALNS-B,Example0,0,6,4.987,9.0
ALNS-B,Example0,0,7,5.48,9.0
ALNS-B,Example0,0,8,5.969,9.0
ALNS-B,Example0,0,9,6.587,9.0
ALNS-B,Example0,0,10,7.181,9.0
ALNS-B,Example0,0,11,7.82,9.0
ALNS-B,Example0,0,12,8.438,9.0
ALNS-B,Example0,0,13,9.104,9.0
ALNS-B,Example0,0,14,9.702,8.0
ALNS-B,Example0,0,15,10.365,8.0
ALNS-B,Example0,0,16,11.044,8.0
ALNS-B,Example0,0,17,17.533,8.0
ALNS-B,Example0,0,18,18.099,8.0
ALNS-B,Example0,0,19,18.667,8.0
ALNS-B,Example0,0,20,19.243,8.0
ALNS-B,Example0,0,21,19.759,8.0
ALNS-B,Example0,0,22,20.333,8.0
ALNS-B,Example0,0,23,20.902,8.0
ALNS-B,Example0,0,24,21.472,8.0
ALNS-B,Example0,0,25,22.032,8.0
ALNS-B,Example0,0,26,22.638,7.0
ALNS-B,Example0,0,27,23.184,7.0
ALNS-B,Example0,0,28,24.54,6.0
ALNS-B,Example0,0,29,26.991,4.0
ALNS-B,Example0,0,30,28.434,1.0
ALNS-B,Example0,0,31,28.997,1.0
ALNS-B,Example0,0,32,31.12,0.0
ALNS-B,Example0,1,1,0.932,7.0
ALNS-B,Example0,1,2,1.559,5.0
ALNS-B,Example0,1,3,5.487,5.0
ALNS-B,Example0,1,4,6.116,5.0
ALNS-B,Example0,1,5,6.671,5.0
ALNS-B,Example0,1,6,7.218,5.0
ALNS-B,Example0,1,7,7.735,5.0
ALNS-B,Example0,1,8,8.469,5.0
ALNS-B,Example0,1,9,9.044,5.0
ALNS-B,Example0,1,10,9.476,5.0
ALNS-B,Example0,1,11,9.887,5.0
ALNS-B,Example0,1,12,10.425,5.0
ALNS-B,Example0,1,13,10.956,5.0
ALNS-B,Example0,1,14,11.502,5.0
ALNS-B,Example0,1,15,11.916,5.0
ALNS-B,Example0,1,16,12.58,5.0
ALNS-B,Example0,1,17,13.037,5.0
ALNS-B,Example0,1,18,13.84,5.0
ALNS-B,Example0,1,19,14.269,5.0
ALNS-B,Example0,1,20,14.717,5.0
ALNS-B,Example0,1,21,15.268,5.0
ALNS-B,Example0,1,22,15.703,5.0
ALNS-B,Example0,1,23,16.29,5.0
ALNS-B,Example0,1,24,16.843,5.0
ALNS-B,Example0,1,25,17.962,5.0
ALNS-B,Example0,1,26,18.503,5.0
ALNS-B,Example0,1,27,19.072,5.0
ALNS-B,Example0,1,28,19.505,5.0
ALNS-B,Example0,1,29,20.06,5.0
ALNS-B,Example0,1,30,20.491,5.0
ALNS-B,Example0,1,31,21.049,5.0
ALNS-B,Example0,1,32,21.594,5.0
ALNS-B,Example0,1,33,22.167,5.0
ALNS-B,Example0,1,34,22.743,5.0
ALNS-B,Example0,1,35,23.158,5.0
ALNS-B,Example0,1,36,23.589,5.0
ALNS-B,Example0,1,37,24.021,5.0
ALNS-B,Example0,1,38,24.563,5.0
ALNS-B,Example0,1,39,24.994,5.0
ALNS-B,Example0,1,40,25.652,5.0
ALNS-B,Example0,1,41,26.084,5.0
ALNS-B,Example0,1,42,26.616,5.0
ALNS-B,Example0,1,43,27.161,5.0
ALNS-B,Example0,1,44,27.744,5.0
ALNS-B,Example0,1,45,28.181,5.0
ALNS-B,Example0,1,46,28.82,5.0
ALNS-B,Example0,1,47,29.237,5.0
ALNS-B,Example0,1,48,29.665,5.0
ALNS-B,Example0,1,49,30.213,5.0
ALNS-B,Example0,1,50,30.883,5.0
ALNS-B,Example0,1,51,31.457,5.0
ALNS-B,Example0,1,52,32.012,5.0
ALNS-B,Example0,1,53,32.6,5.0
ALNS-B,Example0,1,54,33.057,5.0
ALNS-B,Example0,1,55,33.816,5.0
ALNS-B,Example0,1,56,34.351,5.0
ALNS-B,Example0,1,57,34.761,5.0
ALNS-B,Example0,1,58,35.294,5.0
ALNS-B,Example0,1,59,35.829,5.0
ALNS-B,Example0,1,60,36.372,5.0
ALNS-B,Example0,1,61,36.925,5.0
ALNS-B,Example0,1,62,37.487,5.0
ALNS-B,Example0,1,63,38.074,5.0
ALNS-B,Example0,1,64,38.601,5.0
ALNS-B,Example0,1,65,39.041,5.0
ALNS-B,Example0,1,66,39.78,5.0
ALNS-B,Example0,1,67,40.448,5.0
ALNS-B,Example0,1,68,41.015,5.0
ALNS-B,Example0,1,69,41.586,5.0
ALNS-B,Example0,1,70,42.121,5.0
ALNS-B,Example0,1,71,42.87,5.0
ALNS-B,Example0,1,72,43.419,5.0
ALNS-B,Example0,1,73,43.938,5.0
ALNS-B,Example0,1,74,44.451,5.0
ALNS-B,Example0,1,75,45.013,5.0
ALNS-B,Example0,1,76,45.574,5.0
ALNS-B,Example0,1,77,46.141,5.0
ALNS-B,Example0,1,78,46.569,5.0
ALNS-B,Example0,1,79,47.109,5.0
ALNS-B,Example0,1,80,47.721,5.0
ALNS-B,Example0,1,81,48.259,5.0
ALNS-B,Example0,1,82,49.319,4.0
ALNS-B,Example0,1,83,50.327,3.0
ALNS-B,Example0,1,84,80.749,3.0
ALNS-B,Example0,1,85,81.326,3.0
ALNS-B,Example0,1,86,81.87,3.0
ALNS-B,Example0,1,87,83.272,2.0
ALNS-B,Example0,1,88,83.776,2.0
ALNS-B,Example0,1,89,84.312,2.0
ALNS-B,Example0,1,90,85.13,1.0
ALNS-B,Example0,1,91,85.78,0.0
ALNS-B,Example0,2,1,0.816,10.0
ALNS-B,Example0,2,2,1.715,10.0
ALNS-B,Example0,2,3,2.342,10.0
ALNS-B,Example0,2,4,3.33,9.0
ALNS-B,Example0,2,5,4.177,8.0
ALNS-B,Example0,2,6,4.691,8.0
ALNS-B,Example0,2,7,5.22,8.0
ALNS-B,Example0,2,8,5.758,8.0
ALNS-B,Example0,2,9,6.436,8.0
ALNS-B,Example0,2,10,7.069,8.0
ALNS-B,Example0,2,11,7.691,8.0
ALNS-B,Example0,2,12,8.332,8.0
ALNS-B,Example0,2,13,9.029,8.0
ALNS-B,Example0,2,14,9.655,8.0
ALNS-B,Example0,2,15,10.141,8.0
ALNS-B,Example0,2,16,10.92,7.0
ALNS-B,Example0,2,17,11.461,7.0
ALNS-B,Example0,2,18,12.109,2.0
ALNS-B,Example0,2,19,12.662,2.0
ALNS-B,Example0,2,20,13.351,2.0
ALNS-B,Example0,2,21,20.159,2.0
ALNS-B,Example0,2,22,20.847,2.0
ALNS-B,Example0,2,23,21.518,2.0
ALNS-B,Example0,2,24,22.53,2.0
ALNS-B,Example0,2,25,23.055,2.0
ALNS-B,Example0,2,26,23.617,2.0
ALNS-B,Example0,2,27,24.172,2.0
ALNS-B,Example0,2,28,54.59,2.0
ALNS-B,Example0,2,29,55.137,2.0
ALNS-B,Example0,2,30,55.695,2.0
ALNS-B,Example0,2,31,56.272,2.0
ALNS-B,Example0,2,32,56.823,2.0
ALNS-B,Example0,2,33,57.376,2.0
ALNS-B,Example0,2,34,57.855,2.0
ALNS-B,Example0,2,35,58.422,2.0
ALNS-B,Example0,2,36,58.985,2.0
ALNS-B,Example0,2,37,59.502,2.0
ALNS-B,Example0,2,38,60.058,2.0
ALNS-B,Example0,2,39,60.626,2.0
ALNS-B,Example0,2,40,61.199,2.0
ALNS-B,Example0,2,41,62.168,2.0
ALNS-B,Example0,2,42,68.713,2.0
ALNS-B,Example0,2,43,69.277,2.0
ALNS-B,Example0,2,44,75.697,2.0
ALNS-B,Example0,2,45,76.656,2.0
ALNS-B,Example0,2,46,77.179,2.0
ALNS-B,Example0,2,47,77.766,2.0
ALNS-B,Example0,2,48,78.315,2.0
ALNS-B,Example0,2,49,78.905,2.0
ALNS-B,Example0,2,50,79.497,2.0
ALNS-B,Example0,2,51,80.107,2.0
ALNS-B,Example0,2,52,80.674,2.0
ALNS-B,Example0,2,53,81.247,2.0
ALNS-B,Example0,2,54,81.792,2.0
ALNS-B,Example0,2,55,83.17,2.0
ALNS-B,Example0,2,56,83.755,2.0
ALNS-B,Example0,2,57,84.305,2.0
ALNS-B,Example0,2,58,86.108,2.0
ALNS-B,Example0,2,59,88.157,1.0
ALNS-B,Example0,2,60,88.691,1.0
ALNS-B,Example0,2,61,89.293,1.0
ALNS-B,Example0,2,62,89.896,1.0
ALNS-B,Example0,2,63,90.475,1.0
ALNS-B,Example0,2,64,92.131,0.0
ALNS-B,Example1,0,1,0.891,20.0
ALNS-B,Example1,0,2,16.356,20.0
ALNS-B,Example1,0,3,17.862,15.0
ALNS-B,Example1,0,4,22.03,12.0
ALNS-B,Example1,0,5,28.435,12.0
ALNS-B,Example1,0,6,28.924,12.0
ALNS-B,Example1,0,7,29.721,12.0
ALNS-B,Example1,0,8,30.232,12.0
ALNS-B,Example1,0,9,30.905,12.0
ALNS-B,Example1,0,10,31.396,12.0
ALNS-B,Example1,0,11,31.894,12.0
ALNS-B,Example1,0,12,32.446,12.0
ALNS-B,Example1,0,13,33.08,12.0
ALNS-B,Example1,0,14,35.058,10.0
ALNS-B,Example1,0,15,35.554,10.0
ALNS-B,Example1,0,16,36.059,10.0
ALNS-B,Example1,0,17,37.359,10.0
ALNS-B,Example1,0,18,37.854,10.0
ALNS-B,Example1,0,19,39.134,10.0
ALNS-B,Example1,0,20,45.621,10.0
ALNS-B,Example1,0,21,52.174,10.0
ALNS-B,Example1,0,22,53.951,8.0
ALNS-B,Example1,0,23,54.966,8.0
ALNS-B,Example1,0,24,55.551,8.0
ALNS-B,Example1,0,25,56.144,8.0
ALNS-B,Example1,0,26,56.635,8.0
ALNS-B,Example1,0,27,57.164,8.0
ALNS-B,Example1,0,28,57.694,8.0
ALNS-B,Example1,0,29,58.223,8.0
ALNS-B,Example1,0,30,58.716,8.0
ALNS-B,Example1,0,31,59.939,7.0
ALNS-B,Example1,0,32,61.182,7.0
ALNS-B,Example1,0,33,91.668,7.0
ALNS-B,Example1,0,34,122.176,7.0
ALNS-B,Example1,0,35,128.648,7.0
ALNS-B,Example1,0,36,129.891,7.0
ALNS-B,Example1,0,37,130.485,7.0
ALNS-B,Example1,0,38,136.916,7.0
ALNS-B,Example1,0,39,137.556,7.0
ALNS-B,Example1,0,40,138.063,7.0
ALNS-B,Example1,0,41,138.987,7.0
ALNS-B,Example1,0,42,139.611,5.0
ALNS-B,Example1,0,43,146.353,4.0
ALNS-B,Example1,0,44,150.549,2.0
ALNS-B,Example1,0,45,151.084,2.0
ALNS-B,Example1,0,46,151.593,2.0
ALNS-B,Example1,0,47,152.263,1.0
ALNS-B,Example1,0,48,152.777,1.0
ALNS-B,Example1,0,49,153.285,1.0
ALNS-B,Example1,0,50,153.93,0.0
ALNS-B,Example1,1,1,0.809,19.0
ALNS-B,Example1,1,2,1.595,15.0
ALNS-B,Example1,1,3,2.19,15.0
ALNS-B,Example1,1,4,8.838,14.0
ALNS-B,Example1,1,5,9.625,12.0
ALNS-B,Example1,1,6,11.113,11.0
ALNS-B,Example1,1,7,18.677,10.0
ALNS-B,Example1,1,8,22.877,7.0
ALNS-B,Example1,1,9,23.366,7.0
ALNS-B,Example1,1,10,53.914,7.0
ALNS-B,Example1,1,11,54.535,5.0
ALNS-B,Example1,1,12,55.033,5.0
ALNS-B,Example1,1,13,55.533,5.0
ALNS-B,Example1,1,14,56.058,5.0
ALNS-B,Example1,1,15,56.586,5.0
ALNS-B,Example1,1,16,60.109,5.0
ALNS-B,Example1,1,17,60.703,5.0
ALNS-B,Example1,1,18,61.24,5.0
ALNS-B,Example1,1,19,61.82,5.0
ALNS-B,Example1,1,20,62.441,5.0
ALNS-B,Example1,1,21,62.935,5.0
ALNS-B,Example1,1,22,63.576,5.0
ALNS-B,Example1,1,23,64.149,5.0
ALNS-B,Example1,1,24,64.729,5.0
ALNS-B,Example1,1,25,71.243,5.0
ALNS-B,Example1,1,26,71.817,5.0
ALNS-B,Example1,1,27,72.404,5.0
ALNS-B,Example1,1,28,72.986,5.0
ALNS-B,Example1,1,29,73.512,5.0
ALNS-B,Example1,1,30,74.102,5.0
ALNS-B,Example1,1,31,74.687,5.0
ALNS-B,Example1,1,32,75.341,5.0
ALNS-B,Example1,1,33,76.413,4.0
ALNS-B,Example1,1,34,77.044,4.0
ALNS-B,Example1,1,35,77.62,4.0
ALNS-B,Example1,1,36,78.171,4.0
ALNS-B,Example1,1,37,78.733,4.0
ALNS-B,Example1,1,38,79.305,4.0
ALNS-B,Example1,1,39,85.837,4.0
ALNS-B,Example1,1,40,86.331,4.0
ALNS-B,Example1,1,41,86.891,4.0
ALNS-B,Example1,1,42,87.436,4.0
ALNS-B,Example1,1,43,88.021,4.0
ALNS-B,Example1,1,44,92.128,4.0
ALNS-B,Example1,1,45,92.765,4.0
ALNS-B,Example1,1,46,93.288,4.0
ALNS-B,Example1,1,47,93.859,4.0
ALNS-B,Example1,1,48,94.384,4.0
ALNS-B,Example1,1,49,94.911,4.0
ALNS-B,Example1,1,50,99.478,4.0
ALNS-B,Example1,1,51,100.048,4.0
ALNS-B,Example1,1,52,102.184,4.0
ALNS-B,Example1,1,53,132.626,4.0
ALNS-B,Example1,1,54,133.888,4.0
ALNS-B,Example1,1,55,135.308,4.0
ALNS-B,Example1,1,56,141.826,4.0
ALNS-B,Example1,1,57,142.351,4.0
ALNS-B,Example1,1,58,142.967,4.0
ALNS-B,Example1,1,59,143.509,4.0
ALNS-B,Example1,1,60,144.04,4.0
ALNS-B,Example1,1,61,144.599,4.0
ALNS-B,Example1,1,62,145.145,4.0
ALNS-B,Example1,1,63,145.77,4.0
ALNS-B,Example1,1,64,146.522,4.0
ALNS-B,Example1,1,65,147.109,4.0
ALNS-B,Example1,1,66,147.695,4.0
ALNS-B,Example1,1,67,154.184,4.0
ALNS-B,Example1,1,68,154.797,4.0
ALNS-B,Example1,1,69,161.3,4.0
ALNS-B,Example1,1,70,163.456,4.0
ALNS-B,Example1,1,71,168.029,4.0
ALNS-B,Example1,1,72,168.61,4.0
ALNS-B,Example1,1,73,169.178,4.0
ALNS-B,Example1,1,74,169.937,4.0
ALNS-B,Example1,1,75,170.709,4.0
ALNS-B,Example1,1,76,171.269,4.0
ALNS-B,Example1,1,77,171.841,4.0
ALNS-B,Example1,1,78,178.371,4.0
ALNS-B,Example1,1,79,182.082,4.0
ALNS-B,Example1,2,1,0.904,21.0
ALNS-B,Example1,2,2,4.574,21.0
ALNS-B,Example1,2,3,5.061,21.0
ALNS-B,Example1,2,4,5.556,21.0
ALNS-B,Example1,2,5,6.106,21.0
ALNS-B,Example1,2,6,6.8,21.0
ALNS-B,Example1,2,7,7.36,21.0
ALNS-B,Example1,2,8,10.869,21.0
ALNS-B,Example1,2,9,12.323,12.0
ALNS-B,Example1,2,10,12.96,12.0
ALNS-B,Example1,2,11,13.488,12.0
ALNS-B,Example1,2,12,14.176,12.0
ALNS-B,Example1,2,13,14.851,9.0
ALNS-B,Example1,2,14,17.877,9.0
ALNS-B,Example1,2,15,24.328,9.0
ALNS-B,Example1,2,16,24.853,9.0
ALNS-B,Example1,2,17,25.429,9.0
ALNS-B,Example1,2,18,28.368,9.0
ALNS-B,Example1,2,19,34.803,9.0
ALNS-B,Example1,2,20,35.295,9.0
ALNS-B,Example1,2,21,35.93,9.0
ALNS-B,Example1,2,22,36.527,9.0
ALNS-B,Example1,2,23,37.057,9.0
ALNS-B,Example1,2,24,39.613,7.0
ALNS-B,Example1,2,25,41.818,6.0
ALNS-B,Example1,2,26,42.456,6.0
ALNS-B,Example1,2,27,42.951,6.0
ALNS-B,Example1,2,28,43.572,6.0
ALNS-B,Example1,2,29,44.325,6.0
ALNS-B,Example1,2,30,74.861,6.0
ALNS-B,Example1,2,31,75.444,6.0
ALNS-B,Example1,2,32,75.965,6.0
ALNS-B,Example1,2,33,76.49,6.0
ALNS-B,Example1,2,34,77.074,6.0
ALNS-B,Example1,2,35,77.656,6.0
ALNS-B,Example1,2,36,78.296,6.0
ALNS-B,Example1,2,37,78.862,6.0
ALNS-B,Example1,2,38,79.357,6.0
ALNS-B,Example1,2,39,79.843,6.0
ALNS-B,Example1,2,40,80.468,6.0
ALNS-B,Example1,2,41,81.298,6.0
ALNS-B,Example1,2,42,108.677,5.0
ALNS-B,Example1,2,43,115.179,5.0
ALNS-B,Example1,2,44,115.838,5.0
ALNS-B,Example1,2,45,122.286,5.0
ALNS-B,Example1,2,46,122.91,5.0
ALNS-B,Example1,2,47,123.543,5.0
ALNS-B,Example1,2,48,124.186,5.0
ALNS-B,Example1,2,49,124.706,5.0
ALNS-B,Example1,2,50,125.232,5.0
ALNS-B,Example1,2,51,125.811,5.0
ALNS-B,Example1,2,52,132.255,5.0
ALNS-B,Example1,2,53,133.284,5.0
ALNS-B,Example1,2,54,134.347,5.0
ALNS-B,Example1,2,55,135.055,5.0
ALNS-B,Example1,2,56,135.547,5.0
ALNS-B,Example1,2,57,136.225,5.0
ALNS-B,Example1,2,58,136.964,5.0
ALNS-B,Example1,2,59,137.604,5.0
ALNS-B,Example1,2,60,138.231,5.0
ALNS-B,Example1,2,61,138.746,5.0
ALNS-B,Example1,2,62,139.406,5.0
ALNS-B,Example1,2,63,140.085,5.0
ALNS-B,Example1,2,64,140.729,5.0
ALNS-B,Example1,2,65,144.271,5.0
ALNS-B,Example1,2,66,146.342,5.0
ALNS-B,Example1,2,67,152.791,5.0
ALNS-B,Example1,2,68,153.453,5.0
ALNS-B,Example1,2,69,154.077,5.0
ALNS-B,Example1,2,70,154.673,5.0
ALNS-B,Example1,2,71,155.248,5.0
ALNS-B,Example1,2,72,155.793,5.0
ALNS-B,Example1,2,73,156.382,5.0
ALNS-B,Example1,2,74,156.964,5.0
ALNS-B,Example1,2,75,157.538,5.0
ALNS-B,Example1,2,76,158.195,5.0
ALNS-B,Example1,2,77,158.71,5.0
ALNS-B,Example1,2,78,160.575,5.0
ALNS-B,Example1,2,79,167.072,5.0
ALNS-B,Example1,2,80,167.643,5.0
ALNS-B,Example1,2,81,174.154,5.0
ALNS-B,Example1,2,82,174.768,5.0
ALNS-B,Example1,2,83,176.161,5.0
ALNS-B,Example1,2,84,187.52,3.0
ALNS-B,Example2,0,1,1.011,61.0
ALNS-B,Example2,0,2,16.53,60.0
ALNS-B,Example2,0,3,17.122,47.0
ALNS-B,Example2,0,4,17.706,39.0
ALNS-B,Example2,0,5,21.224,21.0
ALNS-B,Example2,0,6,23.082,5.0
ALNS-B,Example2,0,7,26.062,0.0
ALNS-B,Example2,1,1,0.804,64.0
ALNS-B,Example2,1,2,1.851,50.0
ALNS-B,Example2,1,3,2.545,40.0
ALNS-B,Example2,1,4,5.981,40.0
ALNS-B,Example2,1,5,7.168,30.0
ALNS-B,Example2,1,6,22.651,30.0
ALNS-B,Example2,1,7,23.407,28.0
ALNS-B,Example2,1,8,26.822,19.0
ALNS-B,Example2,1,9,28.234,10.0
ALNS-B,Example2,1,10,29.286,7.0
ALNS-B,Example2,1,11,33.252,1.0
ALNS-B,Example2,1,12,33.85,0.0
ALNS-B,Example2,2,1,0.825,63.0
ALNS-B,Example2,2,2,4.507,57.0
ALNS-B,Example2,2,3,5.63,47.0
ALNS-B,Example2,2,4,6.434,47.0
ALNS-B,Example2,2,5,7.203,44.0
ALNS-B,Example2,2,6,8.146,26.0
ALNS-B,Example2,2,7,9.919,15.0
ALNS-B,Example2,2,8,10.615,11.0
ALNS-B,Example2,2,9,11.305,11.0
ALNS-B,Example2,2,10,11.826,11.0
ALNS-B,Example2,2,11,12.313,11.0
ALNS-B,Example2,2,12,12.832,11.0
ALNS-B,Example2,2,13,16.161,9.0
ALNS-B,Example2,2,14,17.359,9.0
ALNS-B,Example2,2,15,23.894,9.0
ALNS-B,Example2,2,16,24.391,9.0
ALNS-B,Example2,2,17,26.65,9.0
ALNS-B,Example2,2,18,27.266,9.0
ALNS-B,Example2,2,19,27.882,9.0
ALNS-B,Example2,2,20,28.51,9.0
ALNS-B,Example2,2,21,29.134,9.0
ALNS-B,Example2,2,22,29.729,9.0
ALNS-B,Example2,2,23,30.263,9.0
ALNS-B,Example2,2,24,31.15,6.0
ALNS-B,Example2,2,25,32.991,6.0
ALNS-B,Example2,2,26,33.532,6.0
ALNS-B,Example2,2,27,34.021,6.0
ALNS-B,Example2,2,28,34.604,6.0
ALNS-B,Example2,2,29,35.185,6.0
ALNS-B,Example2,2,30,41.663,6.0
ALNS-B,Example2,2,31,42.181,6.0
ALNS-B,Example2,2,32,42.674,6.0
ALNS-B,Example2,2,33,43.842,6.0
ALNS-B,Example2,2,34,44.33,6.0
ALNS-B,Example2,2,35,46.309,5.0
ALNS-B,Example2,2,36,63.208,4.0
ALNS-B,Example2,2,37,63.801,4.0
ALNS-B,Example2,2,38,64.292,4.0
ALNS-B,Example2,2,39,65.023,4.0
ALNS-B,Example2,2,40,66.187,4.0
ALNS-B,Example2,2,41,96.743,4.0
ALNS-B,Example2,2,42,97.309,4.0
ALNS-B,Example2,2,43,97.795,4.0
ALNS-B,Example2,2,44,98.954,2.0
ALNS-B,Example2,2,45,100.014,2.0
ALNS-B,Example2,2,46,100.542,2.0
ALNS-B,Example2,2,47,107.006,2.0
ALNS-B,Example2,2,48,107.528,2.0
ALNS-B,Example2,2,49,108.019,2.0
ALNS-B,Example2,2,50,108.79,2.0
ALNS-B,Example2,2,51,109.954,2.0
ALNS-B,Example2,2,52,110.446,2.0
ALNS-B,Example2,2,53,111.056,1.0
ALNS-B,Example2,2,54,111.668,1.0
ALNS-B,Example2,2,55,112.272,1.0
ALNS-B,Example2,2,56,118.787,1.0
ALNS-B,Example2,2,57,119.481,1.0
ALNS-B,Example2,2,58,120.142,1.0
ALNS-B,Example2,2,59,120.787,1.0
ALNS-B,Example2,2,60,121.415,1.0
ALNS-B,Example2,2,61,121.934,1.0
ALNS-B,Example2,2,62,122.451,1.0
ALNS-B,Example2,2,63,122.967,1.0
ALNS-B,Example2,2,64,123.896,1.0
ALNS-B,Example2,2,65,124.642,1.0
ALNS-B,Example2,2,66,155.194,1.0
ALNS-B,Example2,2,67,161.62,1.0
ALNS-B,Example2,2,68,163.953,1.0
ALNS-B,Example2,2,69,164.448,1.0
ALNS-B,Example2,2,70,165.022,1.0
ALNS-B,Example2,2,71,165.662,1.0
ALNS-B,Example2,2,72,166.286,1.0
ALNS-B,Example2,2,73,166.779,1.0
ALNS-B,Example2,2,74,167.502,1.0
ALNS-B,Example2,2,75,168.146,1.0
ALNS-B,Example2,2,76,168.765,1.0
ALNS-B,Example2,2,77,169.27,1.0
ALNS-B,Example2,2,78,175.796,1.0
ALNS-B,Example2,2,79,176.408,1.0
ALNS-B,Example2,2,80,182.905,1.0
ALNS-B,Example3,0,1,1.021,162.0
ALNS-B,Example3,0,2,4.725,41.0
ALNS-B,Example3,0,3,20.214,41.0
ALNS-B,Example3,0,4,23.888,41.0
ALNS-B,Example3,0,5,27.668,41.0
ALNS-B,Example3,0,6,31.249,41.0
ALNS-B,Example3,0,7,46.667,41.0
ALNS-B,Example3,0,8,62.196,41.0
ALNS-B,Example3,0,9,77.621,41.0
ALNS-B,Example3,0,10,81.092,41.0
ALNS-B,Example3,0,11,84.513,41.0
ALNS-B,Example3,0,12,88.061,41.0
ALNS-B,Example3,0,13,138.624,41.0
ALNS-B,Example3,0,14,189.213,41.0
ALNS-B,Example3,1,1,1.02,162.0
ALNS-B,Example3,1,2,4.835,76.0
ALNS-B,Example3,1,3,8.383,40.0
ALNS-B,Example3,1,4,9.376,26.0
ALNS-B,Example3,1,5,13.092,26.0
ALNS-B,Example3,1,6,16.628,26.0
ALNS-B,Example3,1,7,20.286,26.0
ALNS-B,Example3,1,8,23.761,26.0
ALNS-B,Example3,1,9,39.22,26.0
ALNS-B,Example3,1,10,54.792,26.0
ALNS-B,Example3,1,11,58.223,26.0
ALNS-B,Example3,1,12,61.804,26.0
ALNS-B,Example3,1,13,77.342,26.0
ALNS-B,Example3,1,14,92.868,26.0
ALNS-B,Example3,1,15,143.351,26.0
ALNS-B,Example3,1,16,193.853,25.0
ALNS-B,Example3,2,1,1.05,163.0
ALNS-B,Example3,2,2,1.943,162.0
ALNS-B,Example3,2,3,5.364,38.0
ALNS-B,Example3,2,4,8.799,36.0
ALNS-B,Example3,2,5,12.303,36.0
ALNS-B,Example3,2,6,13.544,22.0
ALNS-B,Example3,2,7,29.001,22.0
ALNS-B,Example3,2,8,32.787,22.0
ALNS-B,Example3,2,9,36.236,22.0
ALNS-B,Example3,2,10,37.2,18.0
ALNS-B,Example3,2,11,37.875,18.0
ALNS-B,Example3,2,12,41.317,18.0
ALNS-B,Example3,2,13,44.111,18.0
ALNS-B,Example3,2,14,44.727,18.0
ALNS-B,Example3,2,15,48.184,18.0
ALNS-B,Example3,2,16,50.164,15.0
ALNS-B,Example3,2,17,50.753,15.0
ALNS-B,Example3,2,18,51.311,15.0
ALNS-B,Example3,2,19,57.165,14.0
ALNS-B,Example3,2,20,57.779,14.0
ALNS-B,Example3,2,21,58.392,14.0
ALNS-B,Example3,2,22,59.065,14.0
ALNS-B,Example3,2,23,65.528,14.0
ALNS-B,Example3,2,24,66.183,14.0
ALNS-B,Example3,2,25,72.823,14.0
ALNS-B,Example3,2,26,76.228,13.0
ALNS-B,Example3,2,27,76.89,12.0
ALNS-B,Example3,2,28,77.473,12.0
ALNS-B,Example3,2,29,108.231,12.0
ALNS-B,Example3,2,30,109.55,12.0
ALNS-B,Example3,2,31,110.183,12.0
ALNS-B,Example3,2,32,110.737,12.0
ALNS-B,Example3,2,33,117.581,12.0
ALNS-B,Example3,2,34,119.092,12.0
ALNS-B,Example3,2,35,120.638,12.0
ALNS-B,Example3,2,36,122.17,12.0
ALNS-B,Example3,2,37,122.735,12.0
ALNS-B,Example3,2,38,223.686,12.0
ALNS-B,Example4,0,1,2.269,19.0
ALNS-B,Example4,0,2,3.257,17.0
ALNS-B,Example4,0,3,18.686,11.0
ALNS-B,Example4,0,4,25.295,11.0
ALNS-B,Example4,0,5,25.834,11.0
ALNS-B,Example4,0,6,27.403,10.0
ALNS-B,Example4,0,7,27.947,10.0
ALNS-B,Example4,0,8,28.642,8.0
ALNS-B,Example4,0,9,29.343,8.0
ALNS-B,Example4,0,10,29.882,8.0
ALNS-B,Example4,0,11,30.572,8.0
ALNS-B,Example4,0,12,31.088,8.0
ALNS-B,Example4,0,13,31.618,8.0
ALNS-B,Example4,0,14,32.388,8.0
ALNS-B,Example4,0,15,38.935,8.0
ALNS-B,Example4,0,16,39.458,8.0
ALNS-B,Example4,0,17,45.914,8.0
ALNS-B,Example4,0,18,46.425,8.0
ALNS-B,Example4,0,19,49.573,6.0
ALNS-B,Example4,0,20,51.088,5.0
ALNS-B,Example4,0,21,52.941,5.0
ALNS-B,Example4,0,22,53.506,5.0
ALNS-B,Example4,0,23,54.181,4.0
ALNS-B,Example4,0,24,84.622,4.0
ALNS-B,Example4,0,25,85.315,4.0
ALNS-B,Example4,0,26,85.86,4.0
ALNS-B,Example4,0,27,86.56,4.0
ALNS-B,Example4,0,28,87.078,4.0
ALNS-B,Example4,0,29,87.596,4.0
ALNS-B,Example4,0,30,92.487,4.0
ALNS-B,Example4,0,31,93.371,3.0
ALNS-B,Example4,0,32,94.051,3.0
ALNS-B,Example4,0,33,100.814,3.0
ALNS-B,Example4,0,34,101.534,3.0
ALNS-B,Example4,0,35,102.27,3.0
ALNS-B,Example4,0,36,102.99,3.0
ALNS-B,Example4,0,37,103.709,3.0
ALNS-B,Example4,0,38,104.295,3.0
ALNS-B,Example4,0,39,104.855,3.0
ALNS-B,Example4,0,40,105.575,3.0
ALNS-B,Example4,0,41,106.295,3.0
ALNS-B,Example4,0,42,107.228,3.0
ALNS-B,Example4,0,43,109.226,3.0
ALNS-B,Example4,0,44,139.705,3.0
ALNS-B,Example4,0,45,146.299,3.0
ALNS-B,Example4,0,46,147.107,3.0
ALNS-B,Example4,0,47,148.185,3.0
ALNS-B,Example4,0,48,148.837,3.0
ALNS-B,Example4,0,49,149.933,3.0
ALNS-B,Example4,0,50,151.041,3.0
ALNS-B,Example4,0,51,151.776,3.0
ALNS-B,Example4,0,52,152.673,3.0
ALNS-B,Example4,0,53,153.621,3.0
ALNS-B,Example4,0,54,154.772,3.0
ALNS-B,Example4,0,55,156.231,2.0
ALNS-B,Example4,0,56,157.243,2.0
ALNS-B,Example4,0,57,187.965,2.0
ALNS-B,Example4,1,1,3.857,25.0
ALNS-B,Example4,1,2,7.787,25.0
ALNS-B,Example4,1,3,8.666,14.0
ALNS-B,Example4,1,4,15.453,14.0
ALNS-B,Example4,1,5,16.204,9.0
ALNS-B,Example4,1,6,16.961,6.0
ALNS-B,Example4,1,7,23.414,6.0
ALNS-B,Example4,1,8,24.004,6.0
ALNS-B,Example4,1,9,24.515,6.0
ALNS-B,Example4,1,10,25.034,6.0
ALNS-B,Example4,1,11,25.786,5.0
ALNS-B,Example4,1,12,26.335,5.0
ALNS-B,Example4,1,13,26.9,5.0
ALNS-B,Example4,1,14,27.414,5.0
ALNS-B,Example4,1,15,28.02,5.0
ALNS-B,Example4,1,16,28.924,4.0
ALNS-B,Example4,1,17,29.439,4.0
ALNS-B,Example4,1,18,35.887,4.0
ALNS-B,Example4,1,19,42.32,4.0
ALNS-B,Example4,1,20,43.101,4.0
ALNS-B,Example4,1,21,43.871,4.0
ALNS-B,Example4,1,22,44.382,4.0
ALNS-B,Example4,1,23,44.958,4.0
ALNS-B,Example4,1,24,45.471,4.0
ALNS-B,Example4,1,25,46.18,4.0
ALNS-B,Example4,1,26,76.879,4.0
ALNS-B,Example4,1,27,88.238,4.0
ALNS-B,Example4,1,28,94.273,4.0
ALNS-B,Example4,1,29,100.908,4.0
ALNS-B,Example4,1,30,101.419,4.0
ALNS-B,Example4,1,31,101.936,4.0
ALNS-B,Example4,1,32,102.505,4.0
ALNS-B,Example4,1,33,103.287,4.0
ALNS-B,Example4,1,34,103.799,4.0
ALNS-B,Example4,1,35,104.548,4.0
ALNS-B,Example4,1,36,105.057,4.0
ALNS-B,Example4,1,37,105.978,4.0
ALNS-B,Example4,1,38,107.265,4.0
ALNS-B,Example4,1,39,108.063,4.0
ALNS-B,Example4,1,40,108.574,4.0
ALNS-B,Example4,1,41,115.152,4.0
ALNS-B,Example4,1,42,121.699,4.0
ALNS-B,Example4,1,43,122.265,4.0
ALNS-B,Example4,1,44,123.018,4.0
ALNS-B,Example4,1,45,128.13,4.0
ALNS-B,Example4,1,46,128.706,4.0
ALNS-B,Example4,1,47,129.655,4.0
ALNS-B,Example4,1,48,130.59,4.0
ALNS-B,Example4,1,49,137.028,4.0
ALNS-B,Example4,1,50,137.594,4.0
ALNS-B,Example4,1,51,138.343,4.0
ALNS-B,Example4,1,52,163.807,4.0
ALNS-B,Example4,1,53,164.317,4.0
ALNS-B,Example4,1,54,165.03,4.0
ALNS-B,Example4,1,55,165.592,4.0
ALNS-B,Example4,1,56,166.304,4.0
ALNS-B,Example4,1,57,169.155,4.0
ALNS-B,Example4,1,58,170.694,4.0
ALNS-B,Example4,1,59,201.179,4.0
ALNS-B,Example4,2,1,1.081,18.0
ALNS-B,Example4,2,2,3.989,7.0
ALNS-B,Example4,2,3,10.449,7.0
ALNS-B,Example4,2,4,10.963,7.0
ALNS-B,Example4,2,5,11.473,7.0
ALNS-B,Example4,2,6,12.409,6.0
ALNS-B,Example4,2,7,19.028,6.0
ALNS-B,Example4,2,8,19.59,6.0
ALNS-B,Example4,2,9,20.15,6.0
ALNS-B,Example4,2,10,20.922,6.0
ALNS-B,Example4,2,11,21.521,6.0
ALNS-B,Example4,2,12,22.442,6.0
ALNS-B,Example4,2,13,23.314,6.0
ALNS-B,Example4,2,14,24.282,6.0
ALNS-B,Example4,2,15,24.825,6.0
ALNS-B,Example4,2,16,25.35,6.0
ALNS-B,Example4,2,17,26.265,6.0
ALNS-B,Example4,2,18,29.42,6.0
ALNS-B,Example4,2,19,36.014,6.0
ALNS-B,Example4,2,20,36.605,6.0
ALNS-B,Example4,2,21,37.545,6.0
ALNS-B,Example4,2,22,38.085,6.0
ALNS-B,Example4,2,23,38.624,6.0
ALNS-B,Example4,2,24,39.177,6.0
ALNS-B,Example4,2,25,39.701,6.0
ALNS-B,Example4,2,26,40.324,6.0
ALNS-B,Example4,2,27,41.839,6.0
ALNS-B,Example4,2,28,43.355,5.0
ALNS-B,Example4,2,29,44.174,5.0
ALNS-B,Example4,2,30,74.617,5.0
ALNS-B,Example4,2,31,75.449,5.0
ALNS-B,Example4,2,32,76.142,4.0
ALNS-B,Example4,2,33,76.652,4.0
ALNS-B,Example4,2,34,77.341,3.0
ALNS-B,Example4,2,35,78.058,3.0
ALNS-B,Example4,2,36,84.527,3.0
ALNS-B,Example4,2,37,85.21,3.0
ALNS-B,Example4,2,38,85.766,3.0
ALNS-B,Example4,2,39,86.47,3.0
ALNS-B,Example4,2,40,87.194,3.0
ALNS-B,Example4,2,41,87.706,3.0
ALNS-B,Example4,2,42,88.862,3.0
ALNS-B,Example4,2,43,89.553,3.0
ALNS-B,Example4,2,44,90.247,3.0
ALNS-B,Example4,2,45,91.256,3.0
ALNS-B,Example4,2,46,92.11,3.0
ALNS-B,Example4,2,47,96.898,3.0
ALNS-B,Example4,2,48,103.328,3.0
ALNS-B,Example4,2,49,103.884,3.0
ALNS-B,Example4,2,50,104.496,3.0
ALNS-B,Example4,2,51,111.094,3.0
ALNS-B,Example4,2,52,111.713,3.0
ALNS-B,Example4,2,53,142.401,3.0
ALNS-B,Example4,2,54,143.307,3.0
ALNS-B,Example4,2,55,144.235,3.0
ALNS-B,Example4,2,56,147.538,3.0
ALNS-B,Example4,2,57,148.246,3.0
ALNS-B,Example4,2,58,148.945,3.0
ALNS-B,Example4,2,59,149.732,3.0
ALNS-B,Example4,2,60,150.427,3.0
ALNS-B,Example4,2,61,156.98,3.0
ALNS-B,Example4,2,62,157.678,3.0
ALNS-B,Example4,2,63,158.218,3.0
ALNS-B,Example4,2,64,158.917,3.0
ALNS-B,Example4,2,65,165.564,3.0
ALNS-B,Example4,2,66,168.324,3.0
ALNS-B,Example4,2,67,168.878,3.0
ALNS-B,Example4,2,68,169.586,3.0
ALNS-B,Example4,2,69,176.026,3.0
ALNS-B,Example4,2,70,176.597,3.0
ALNS-B,Example4,2,71,177.464,3.0
ALNS-B,Example4,2,72,208.15,3.0
ALNS-B,Example5,0,1,1.045,44.0
ALNS-B,Example5,0,2,1.969,25.0
ALNS-B,Example5,0,3,3.255,21.0
ALNS-B,Example5,0,4,6.772,21.0
ALNS-B,Example5,0,5,10.522,21.0
ALNS-B,Example5,0,6,12.256,20.0
ALNS-B,Example5,0,7,15.682,20.0
ALNS-B,Example5,0,8,19.1,20.0
ALNS-B,Example5,0,9,22.503,20.0
ALNS-B,Example5,0,10,23.141,19.0
ALNS-B,Example5,0,11,26.559,19.0
ALNS-B,Example5,0,12,29.978,19.0
ALNS-B,Example5,0,13,33.421,16.0
ALNS-B,Example5,0,14,48.936,16.0
ALNS-B,Example5,0,15,52.398,16.0
ALNS-B,Example5,0,16,53.41,14.0
ALNS-B,Example5,0,17,53.986,14.0
ALNS-B,Example5,0,18,60.59,14.0
ALNS-B,Example5,0,19,61.242,13.0
ALNS-B,Example5,0,20,61.86,13.0
ALNS-B,Example5,0,21,62.372,13.0
ALNS-B,Example5,0,22,63.102,13.0
ALNS-B,Example5,0,23,63.625,13.0
ALNS-B,Example5,0,24,70.061,9.0
ALNS-B,Example5,0,25,76.48,9.0
ALNS-B,Example5,0,26,77.599,8.0
ALNS-B,Example5,0,27,84.19,8.0
ALNS-B,Example5,0,28,114.817,8.0
ALNS-B,Example5,0,29,121.249,8.0
ALNS-B,Example5,0,30,121.841,8.0
ALNS-B,Example5,0,31,122.868,8.0
ALNS-B,Example5,0,32,128.579,7.0
ALNS-B,Example5,0,33,135.092,7.0
ALNS-B,Example5,0,34,135.729,6.0
ALNS-B,Example5,0,35,142.165,6.0
ALNS-B,Example5,0,36,153.445,5.0
ALNS-B,Example5,0,37,154.019,5.0
ALNS-B,Example5,0,38,154.551,5.0
ALNS-B,Example5,0,39,156.037,5.0
ALNS-B,Example5,0,40,156.888,5.0
ALNS-B,Example5,0,41,163.415,5.0
ALNS-B,Example5,0,42,164.085,5.0
ALNS-B,Example5,0,43,194.68,5.0
ALNS-B,Example5,1,1,1.511,30.0
ALNS-B,Example5,1,2,5.151,20.0
ALNS-B,Example5,1,3,6.389,14.0
ALNS-B,Example5,1,4,7.241,10.0
ALNS-B,Example5,1,5,13.787,10.0
ALNS-B,Example5,1,6,14.446,8.0
ALNS-B,Example5,1,7,15.07,8.0
ALNS-B,Example5,1,8,45.601,8.0
ALNS-B,Example5,1,9,52.053,8.0
ALNS-B,Example5,1,10,52.591,8.0
ALNS-B,Example5,1,11,53.776,7.0
ALNS-B,Example5,1,12,55.866,5.0
ALNS-B,Example5,1,13,56.438,5.0
ALNS-B,Example5,1,14,57.628,5.0
ALNS-B,Example5,1,15,64.075,5.0
ALNS-B,Example5,1,16,65.074,5.0
ALNS-B,Example5,1,17,65.909,3.0
ALNS-B,Example5,1,18,72.374,3.0
ALNS-B,Example5,1,19,72.965,3.0
ALNS-B,Example5,1,20,73.696,3.0
ALNS-B,Example5,1,21,74.346,3.0
ALNS-B,Example5,1,22,74.926,3.0
ALNS-B,Example5,1,23,75.464,3.0
ALNS-B,Example5,1,24,76.006,3.0
ALNS-B,Example5,1,25,76.534,3.0
ALNS-B,Example5,1,26,77.262,3.0
ALNS-B,Example5,1,27,78.025,3.0
ALNS-B,Example5,1,28,79.382,3.0
ALNS-B,Example5,1,29,80.191,3.0
ALNS-B,Example5,1,30,80.867,3.0
ALNS-B,Example5,1,31,81.656,3.0
ALNS-B,Example5,1,32,82.645,3.0
ALNS-B,Example5,1,33,89.23,3.0
ALNS-B,Example5,1,34,90.075,3.0
ALNS-B,Example5,1,35,90.646,3.0
ALNS-B,Example5,1,36,91.629,3.0
ALNS-B,Example5,1,37,92.618,3.0
ALNS-B,Example5,1,38,105.931,3.0
ALNS-B,Example5,1,39,127.634,3.0
ALNS-B,Example5,1,40,128.268,3.0
ALNS-B,Example5,1,41,129.117,3.0
ALNS-B,Example5,1,42,129.957,3.0
ALNS-B,Example5,1,43,130.573,3.0
ALNS-B,Example5,1,44,131.514,3.0
ALNS-B,Example5,1,45,139.087,3.0
ALNS-B,Example5,1,46,139.987,3.0
ALNS-B,Example5,1,47,140.566,3.0
ALNS-B,Example5,1,48,142.695,3.0
ALNS-B,Example5,1,49,172.331,3.0
ALNS-B,Example5,1,50,173.334,3.0
ALNS-B,Example5,1,51,174.054,3.0
ALNS-B,Example5,1,52,174.783,3.0
ALNS-B,Example5,1,53,175.364,3.0
ALNS-B,Example5,1,54,176.025,3.0
ALNS-B,Example5,1,55,176.603,3.0
ALNS-B,Example5,1,56,177.385,3.0
ALNS-B,Example5,1,57,179.006,3.0
ALNS-B,Example5,1,58,179.657,3.0
ALNS-B,Example5,1,59,183.096,3.0
ALNS-B,Example5,2,1,1.032,43.0
ALNS-B,Example5,2,2,1.812,43.0
ALNS-B,Example5,2,3,5.262,32.0
ALNS-B,Example5,2,4,8.206,27.0
ALNS-B,Example5,2,5,8.935,24.0
ALNS-B,Example5,2,6,21.048,21.0
ALNS-B,Example5,2,7,24.61,21.0
ALNS-B,Example5,2,8,28.138,21.0
ALNS-B,Example5,2,9,31.587,21.0
ALNS-B,Example5,2,10,47.046,20.0
ALNS-B,Example5,2,11,50.496,20.0
ALNS-B,Example5,2,12,51.438,13.0
ALNS-B,Example5,2,13,54.206,9.0
ALNS-B,Example5,2,14,54.786,9.0
ALNS-B,Example5,2,15,61.314,9.0
ALNS-B,Example5,2,16,61.916,9.0
ALNS-B,Example5,2,17,62.509,9.0
ALNS-B,Example5,2,18,63.271,7.0
ALNS-B,Example5,2,19,63.829,7.0
ALNS-B,Example5,2,20,79.947,6.0
ALNS-B,Example5,2,21,80.511,6.0
ALNS-B,Example5,2,22,110.971,6.0
ALNS-B,Example5,2,23,111.607,6.0
ALNS-B,Example5,2,24,112.809,6.0
ALNS-B,Example5,2,25,114.422,6.0
ALNS-B,Example5,2,26,145.011,6.0
ALNS-B,Example5,2,27,145.591,6.0
ALNS-B,Example5,2,28,146.803,6.0
ALNS-B,Example5,2,29,148.04,6.0
ALNS-B,Example5,2,30,149.239,6.0
ALNS-B,Example5,2,31,150.104,6.0
ALNS-B,Example5,2,32,151.404,5.0
ALNS-B,Example5,2,33,152.899,5.0
ALNS-B,Example5,2,34,153.626,5.0
ALNS-B,Example5,2,35,154.165,5.0
ALNS-B,Example5,2,36,154.687,5.0
ALNS-B,Example5,2,37,185.126,5.0
ALNS-B,Example6,0,1,0.879,22.0
ALNS-B,Example6,0,2,2.852,20.0
ALNS-B,Example6,0,3,3.501,17.0
ALNS-B,Example6,0,4,4.905,14.0
ALNS-B,Example6,0,5,9.689,12.0
ALNS-B,Example6,0,6,10.719,12.0
ALNS-B,Example6,0,7,11.554,11.0
ALNS-B,Example6,0,8,12.114,11.0
ALNS-B,Example6,0,9,15.543,10.0
ALNS-B,Example6,0,10,21.967,10.0
ALNS-B,Example6,0,11,22.44,10.0
ALNS-B,Example6,0,12,23.0,10.0
ALNS-B,Example6,0,13,23.518,10.0
ALNS-B,Example6,0,14,29.917,10.0
ALNS-B,Example6,0,15,30.638,10.0
ALNS-B,Example6,0,16,61.114,10.0
ALNS-B,Example6,0,17,62.136,10.0
ALNS-B,Example6,0,18,62.676,10.0
ALNS-B,Example6,0,19,63.256,10.0
ALNS-B,Example6,0,20,63.892,9.0
ALNS-B,Example6,0,21,64.561,7.0
ALNS-B,Example6,0,22,65.033,7.0
ALNS-B,Example6,0,23,65.546,7.0
ALNS-B,Example6,0,24,66.153,7.0
ALNS-B,Example6,0,25,66.623,7.0
ALNS-B,Example6,0,26,67.146,7.0
ALNS-B,Example6,0,27,67.791,7.0
ALNS-B,Example6,0,28,68.37,7.0
ALNS-B,Example6,0,29,74.791,7.0
ALNS-B,Example6,0,30,75.272,7.0
ALNS-B,Example6,0,31,75.876,7.0
ALNS-B,Example6,0,32,76.452,7.0
ALNS-B,Example6,0,33,77.107,7.0
ALNS-B,Example6,0,34,77.786,7.0
ALNS-B,Example6,0,35,78.378,7.0
ALNS-B,Example6,0,36,78.966,7.0
ALNS-B,Example6,0,37,85.447,7.0
ALNS-B,Example6,0,38,85.92,7.0
ALNS-B,Example6,0,39,86.498,7.0
ALNS-B,Example6,0,40,86.984,7.0
ALNS-B,Example6,0,41,87.502,7.0
ALNS-B,Example6,0,42,88.076,7.0
ALNS-B,Example6,0,43,89.121,7.0
ALNS-B,Example6,0,44,99.042,7.0
ALNS-B,Example6,0,45,99.658,7.0
ALNS-B,Example6,0,46,100.234,7.0
ALNS-B,Example6,0,47,100.845,7.0
ALNS-B,Example6,0,48,101.464,7.0
ALNS-B,Example6,0,49,101.989,7.0
ALNS-B,Example6,0,50,102.506,7.0
ALNS-B,Example6,0,51,132.942,7.0
ALNS-B,Example6,0,52,133.538,7.0
ALNS-B,Example6,0,53,134.077,7.0
ALNS-B,Example6,0,54,134.694,7.0
ALNS-B,Example6,0,55,135.287,7.0
ALNS-B,Example6,0,56,135.801,7.0
ALNS-B,Example6,0,57,136.428,7.0
ALNS-B,Example6,0,58,137.038,7.0
ALNS-B,Example6,0,59,137.657,7.0
ALNS-B,Example6,0,60,138.181,7.0
ALNS-B,Example6,0,61,138.747,7.0
ALNS-B,Example6,0,62,139.448,7.0
ALNS-B,Example6,0,63,140.296,4.0
ALNS-B,Example6,0,64,141.041,4.0
ALNS-B,Example6,0,65,141.629,4.0
ALNS-B,Example6,0,66,172.115,4.0
ALNS-B,Example6,0,67,172.64,4.0
ALNS-B,Example6,0,68,193.968,4.0
ALNS-B,Example6,1,1,0.916,20.0
ALNS-B,Example6,1,2,1.838,17.0
ALNS-B,Example6,1,3,2.511,15.0
ALNS-B,Example6,1,4,3.316,14.0
ALNS-B,Example6,1,5,3.946,13.0
ALNS-B,Example6,1,6,4.56,8.0
ALNS-B,Example6,1,7,11.012,8.0
ALNS-B,Example6,1,8,11.596,8.0
ALNS-B,Example6,1,9,12.199,8.0
ALNS-B,Example6,1,10,12.722,8.0
ALNS-B,Example6,1,11,13.205,8.0
ALNS-B,Example6,1,12,13.723,8.0
ALNS-B,Example6,1,13,14.279,7.0
ALNS-B,Example6,1,14,14.823,6.0
ALNS-B,Example6,1,15,15.382,6.0
ALNS-B,Example6,1,16,15.923,5.0
ALNS-B,Example6,1,17,16.49,5.0
ALNS-B,Example6,1,18,17.072,5.0
ALNS-B,Example6,1,19,17.864,5.0
ALNS-B,Example6,1,20,18.807,5.0
ALNS-B,Example6,1,21,19.382,5.0
ALNS-B,Example6,1,22,25.814,5.0
ALNS-B,Example6,1,23,26.343,5.0
ALNS-B,Example6,1,24,26.887,5.0
ALNS-B,Example6,1,25,27.426,5.0
ALNS-B,Example6,1,26,27.941,5.0
ALNS-B,Example6,1,27,28.493,5.0
ALNS-B,Example6,1,28,29.056,5.0
ALNS-B,Example6,1,29,29.623,5.0
ALNS-B,Example6,1,30,30.09,5.0
ALNS-B,Example6,1,31,30.67,5.0
ALNS-B,Example6,1,32,31.46,5.0
ALNS-B,Example6,1,33,33.106,5.0
ALNS-B,Example6,1,34,33.573,5.0
ALNS-B,Example6,1,35,34.035,5.0
ALNS-B,Example6,1,36,34.556,5.0
ALNS-B,Example6,1,37,35.234,4.0
ALNS-B,Example6,1,38,35.769,4.0
ALNS-B,Example6,1,39,36.239,4.0
ALNS-B,Example6,1,40,36.822,4.0
ALNS-B,Example6,1,41,37.374,4.0
ALNS-B,Example6,1,42,37.892,4.0
ALNS-B,Example6,1,43,38.43,4.0
ALNS-B,Example6,1,44,68.844,4.0
ALNS-B,Example6,1,45,69.39,4.0
ALNS-B,Example6,1,46,69.928,4.0
ALNS-B,Example6,1,47,70.486,4.0
ALNS-B,Example6,1,48,71.307,4.0
ALNS-B,Example6,1,49,71.84,4.0
ALNS-B,Example6,1,50,72.378,4.0
ALNS-B,Example6,1,51,72.848,4.0
ALNS-B,Example6,1,52,73.314,4.0
ALNS-B,Example6,1,53,73.788,4.0
ALNS-B,Example6,1,54,74.348,4.0
ALNS-B,Example6,1,55,75.045,4.0
ALNS-B,Example6,1,56,88.746,4.0
ALNS-B,Example6,1,57,89.262,4.0
ALNS-B,Example6,1,58,89.842,4.0
ALNS-B,Example6,1,59,90.421,4.0
ALNS-B,Example6,1,60,90.917,4.0
ALNS-B,Example6,1,61,91.386,4.0
ALNS-B,Example6,1,62,91.96,4.0
ALNS-B,Example6,1,63,92.475,4.0
ALNS-B,Example6,1,64,93.036,4.0
ALNS-B,Example6,1,65,93.546,4.0
ALNS-B,Example6,1,66,94.082,4.0
ALNS-B,Example6,1,67,100.501,4.0
ALNS-B,Example6,1,68,101.108,4.0
ALNS-B,Example6,1,69,102.062,4.0
ALNS-B,Example6,1,70,102.575,4.0
ALNS-B,Example6,1,71,103.108,4.0
ALNS-B,Example6,1,72,103.646,4.0
ALNS-B,Example6,1,73,104.256,4.0
ALNS-B,Example6,1,74,104.801,4.0
ALNS-B,Example6,1,75,105.359,4.0
ALNS-B,Example6,1,76,105.852,4.0
ALNS-B,Example6,1,77,106.317,4.0
ALNS-B,Example6,1,78,106.902,4.0
ALNS-B,Example6,1,79,107.472,4.0
ALNS-B,Example6,1,80,113.92,4.0
ALNS-B,Example6,1,81,114.465,4.0
ALNS-B,Example6,1,82,115.02,4.0
ALNS-B,Example6,1,83,115.598,4.0
ALNS-B,Example6,1,84,116.173,4.0
ALNS-B,Example6,1,85,116.716,4.0
ALNS-B,Example6,1,86,117.184,4.0
ALNS-B,Example6,1,87,117.711,4.0
ALNS-B,Example6,1,88,118.617,4.0
ALNS-B,Example6,1,89,119.264,4.0
ALNS-B,Example6,1,90,119.849,4.0
ALNS-B,Example6,1,91,120.572,4.0
ALNS-B,Example6,1,92,121.11,4.0
ALNS-B,Example6,1,93,127.54,4.0
ALNS-B,Example6,1,94,128.125,4.0
ALNS-B,Example6,1,95,128.885,4.0
ALNS-B,Example6,1,96,129.363,4.0
ALNS-B,Example6,1,97,129.929,4.0
ALNS-B,Example6,1,98,130.435,4.0
ALNS-B,Example6,1,99,130.992,4.0
ALNS-B,Example6,1,100,131.617,4.0
ALNS-B,Example6,1,101,132.187,4.0
ALNS-B,Example6,1,102,132.766,4.0
ALNS-B,Example6,1,103,133.499,4.0
ALNS-B,Example6,1,104,135.733,4.0
ALNS-B,Example6,1,105,136.225,4.0
ALNS-B,Example6,1,106,137.302,4.0
ALNS-B,Example6,1,107,137.78,4.0
ALNS-B,Example6,1,108,138.293,4.0
ALNS-B,Example6,1,109,138.929,4.0
ALNS-B,Example6,1,110,139.467,4.0
ALNS-B,Example6,1,111,140.033,4.0
ALNS-B,Example6,1,112,140.525,4.0
ALNS-B,Example6,1,113,169.297,4.0
ALNS-B,Example6,1,114,169.81,4.0
ALNS-B,Example6,1,115,170.284,4.0
ALNS-B,Example6,1,116,176.718,4.0
ALNS-B,Example6,1,117,177.186,4.0
ALNS-B,Example6,1,118,177.749,4.0
ALNS-B,Example6,1,119,179.198,4.0
ALNS-B,Example6,1,120,179.767,4.0
ALNS-B,Example6,1,121,180.325,4.0
ALNS-B,Example6,2,1,0.816,23.0
ALNS-B,Example6,2,2,4.437,23.0
ALNS-B,Example6,2,3,4.921,23.0
ALNS-B,Example6,2,4,8.371,23.0
ALNS-B,Example6,2,5,11.905,23.0
ALNS-B,Example6,2,6,12.373,23.0
ALNS-B,Example6,2,7,12.889,23.0
ALNS-B,Example6,2,8,13.36,23.0
ALNS-B,Example6,2,9,14.369,20.0
ALNS-B,Example6,2,10,15.318,12.0
ALNS-B,Example6,2,11,15.789,12.0
ALNS-B,Example6,2,12,16.263,12.0
ALNS-B,Example6,2,13,16.835,12.0
ALNS-B,Example6,2,14,17.657,10.0
ALNS-B,Example6,2,15,18.945,7.0
ALNS-B,Example6,2,16,19.656,6.0
ALNS-B,Example6,2,17,21.251,4.0
ALNS-B,Example6,2,18,22.737,2.0
ALNS-B,Example6,2,19,23.257,2.0
ALNS-B,Example6,2,20,23.848,2.0
ALNS-B,Example6,2,21,30.289,2.0
ALNS-B,Example6,2,22,30.778,2.0
ALNS-B,Example6,2,23,31.311,2.0
ALNS-B,Example6,2,24,31.807,2.0
ALNS-B,Example6,2,25,32.344,2.0
ALNS-B,Example6,2,26,32.862,2.0
ALNS-B,Example6,2,27,33.41,2.0
ALNS-B,Example6,2,28,33.943,2.0
ALNS-B,Example6,2,29,34.458,2.0
ALNS-B,Example6,2,30,35.071,1.0
ALNS-B,Example6,2,31,35.669,1.0
ALNS-B,Example6,2,32,36.23,1.0
ALNS-B,Example6,2,33,42.413,1.0
ALNS-B,Example6,2,34,42.93,1.0
ALNS-B,Example6,2,35,43.449,1.0
ALNS-B,Example6,2,36,44.102,1.0
ALNS-B,Example6,2,37,44.746,1.0
ALNS-B,Example6,2,38,45.221,1.0
ALNS-B,Example6,2,39,46.463,1.0
ALNS-B,Example6,2,40,47.045,1.0
ALNS-B,Example6,2,41,47.647,1.0
ALNS-B,Example6,2,42,48.39,1.0
ALNS-B,Example6,2,43,48.997,1.0
ALNS-B,Example6,2,44,49.481,1.0
ALNS-B,Example6,2,45,50.193,1.0
ALNS-B,Example6,2,46,56.616,1.0
ALNS-B,Example6,2,47,57.199,1.0
ALNS-B,Example6,2,48,63.621,1.0
ALNS-B,Example6,2,49,64.2,1.0
ALNS-B,Example6,2,50,64.686,1.0
ALNS-B,Example6,2,51,65.246,1.0
ALNS-B,Example6,2,52,65.835,1.0
ALNS-B,Example6,2,53,66.398,1.0
ALNS-B,Example6,2,54,66.987,1.0
ALNS-B,Example6,2,55,67.516,1.0
ALNS-B,Example6,2,56,68.089,1.0
ALNS-B,Example6,2,57,68.683,1.0
ALNS-B,Example6,2,58,69.196,1.0
ALNS-B,Example6,2,59,69.737,1.0
ALNS-B,Example6,2,60,70.208,1.0
ALNS-B,Example6,2,61,70.872,1.0
ALNS-B,Example6,2,62,71.394,1.0
ALNS-B,Example6,2,63,77.857,1.0
ALNS-B,Example6,2,64,78.415,1.0
ALNS-B,Example6,2,65,78.979,1.0
ALNS-B,Example6,2,66,79.495,1.0
ALNS-B,Example6,2,67,79.961,1.0
ALNS-B,Example6,2,68,80.44,1.0
ALNS-B,Example6,2,69,81.021,1.0
ALNS-B,Example6,2,70,81.584,1.0
ALNS-B,Example6,2,71,82.121,1.0
ALNS-B,Example6,2,72,82.743,1.0
ALNS-B,Example6,2,73,83.294,1.0
ALNS-B,Example6,2,74,89.732,1.0
ALNS-B,Example6,2,75,90.31,1.0
ALNS-B,Example6,2,76,91.017,1.0
ALNS-B,Example6,2,77,91.566,1.0
ALNS-B,Example6,2,78,97.986,1.0
ALNS-B,Example6,2,79,110.155,1.0
ALNS-B,Example6,2,80,110.629,1.0
ALNS-B,Example6,2,81,111.191,1.0
ALNS-B,Example6,2,82,111.968,1.0
ALNS-B,Example6,2,83,112.546,1.0
ALNS-B,Example6,2,84,113.832,1.0
ALNS-B,Example6,2,85,115.499,1.0
ALNS-B,Example6,2,86,116.152,1.0
ALNS-B,Example6,2,87,117.16,1.0
ALNS-B,Example6,2,88,117.974,1.0
ALNS-B,Example6,2,89,118.749,1.0
ALNS-B,Example6,2,90,135.963,1.0
ALNS-B,Example6,2,91,136.7,1.0
ALNS-B,Example6,2,92,137.397,1.0
ALNS-B,Example6,2,93,138.158,1.0
ALNS-B,Example6,2,94,138.875,1.0
ALNS-B,Example6,2,95,139.498,1.0
ALNS-B,Example6,2,96,140.059,1.0
ALNS-B,Example6,2,97,140.668,1.0
ALNS-B,Example6,2,98,141.302,1.0
ALNS-B,Example6,2,99,141.963,1.0
ALNS-B,Example6,2,100,142.62,1.0
ALNS-B,Example6,2,101,143.223,1.0
ALNS-B,Example6,2,102,143.811,1.0
ALNS-B,Example6,2,103,144.41,1.0
ALNS-B,Example6,2,104,145.018,1.0
ALNS-B,Example6,2,105,145.601,1.0
ALNS-B,Example6,2,106,146.233,1.0
ALNS-B,Example6,2,107,146.809,1.0
ALNS-B,Example6,2,108,147.341,1.0
ALNS-B,Example6,2,109,148.102,1.0
ALNS-B,Example6,2,110,148.654,1.0
ALNS-B,Example6,2,111,149.831,1.0
ALNS-B,Example6,2,112,150.676,1.0
ALNS-B,Example6,2,113,157.166,1.0
ALNS-B,Example6,2,114,157.788,1.0
ALNS-B,Example6,2,115,158.394,1.0
ALNS-B,Example6,2,116,159.705,1.0
ALNS-B,Example6,2,117,161.89,1.0
ALNS-B,Example6,2,118,162.923,1.0
ALNS-B,Example6,2,119,163.834,1.0
ALNS-B,Example6,2,120,177.739,1.0
ALNS-B,Example6,2,121,178.399,1.0
ALNS-B,Example6,2,122,180.28,1.0
ALNS-B,Example7,0,1,16.677,416.0
ALNS-B,Example7,0,2,20.405,164.0
ALNS-B,Example7,0,3,36.953,164.0
ALNS-B,Example7,0,4,40.55,164.0
ALNS-B,Example7,0,5,49.781,121.0
ALNS-B,Example7,0,6,65.645,121.0
ALNS-B,Example7,0,7,69.156,121.0
ALNS-B,Example7,0,8,73.171,120.0
ALNS-B,Example7,0,9,77.641,120.0
ALNS-B,Example7,0,10,81.84,120.0
ALNS-B,Example7,0,11,97.382,83.0
ALNS-B,Example7,0,12,99.544,83.0
ALNS-B,Example7,0,13,103.644,83.0
ALNS-B,Example7,0,14,108.351,83.0
ALNS-B,Example7,0,15,125.061,83.0
ALNS-B,Example7,0,16,141.896,83.0
ALNS-B,Example7,0,17,146.539,83.0
ALNS-B,Example7,0,18,151.219,83.0
ALNS-B,Example7,0,19,168.017,83.0
ALNS-B,Example7,0,20,172.564,83.0
ALNS-B,Example7,0,21,177.592,83.0
ALNS-B,Example7,0,22,229.11,83.0
ALNS-B,Example7,1,1,5.147,420.0
ALNS-B,Example7,1,2,10.112,322.0
ALNS-B,Example7,1,3,14.736,305.0
ALNS-B,Example7,1,4,19.271,305.0
ALNS-B,Example7,1,5,23.116,272.0
ALNS-B,Example7,1,6,27.237,272.0
ALNS-B,Example7,1,7,28.17,269.0
ALNS-B,Example7,1,8,32.122,269.0
ALNS-B,Example7,1,9,36.141,269.0
ALNS-B,Example7,1,10,40.521,261.0
ALNS-B,Example7,1,11,45.085,248.0
ALNS-B,Example7,1,12,48.667,248.0
ALNS-B,Example7,1,13,53.093,248.0
ALNS-B,Example7,1,14,57.104,248.0
ALNS-B,Example7,1,15,61.215,248.0
ALNS-B,Example7,1,16,65.145,248.0
ALNS-B,Example7,1,17,69.634,248.0
ALNS-B,Example7,1,18,73.681,248.0
ALNS-B,Example7,1,19,89.764,248.0
ALNS-B,Example7,1,20,93.713,248.0
ALNS-B,Example7,1,21,98.3,240.0
ALNS-B,Example7,1,22,102.021,240.0
ALNS-B,Example7,1,23,117.903,227.0
ALNS-B,Example7,1,24,121.58,227.0
ALNS-B,Example7,1,25,137.431,227.0
ALNS-B,Example7,1,26,141.222,227.0
ALNS-B,Example7,1,27,145.223,227.0
ALNS-B,Example7,1,28,149.476,227.0
ALNS-B,Example7,1,29,153.778,227.0
ALNS-B,Example7,1,30,157.627,227.0
ALNS-B,Example7,1,31,161.359,227.0
ALNS-B,Example7,1,32,164.982,202.0
ALNS-B,Example7,1,33,168.993,202.0
ALNS-B,Example7,1,34,172.514,202.0
ALNS-B,Example7,1,35,177.049,202.0
ALNS-B,Example7,1,36,193.495,202.0
ALNS-B,Example7,2,1,2.839,506.0
ALNS-B,Example7,2,2,7.545,415.0
ALNS-B,Example7,2,3,11.167,171.0
ALNS-B,Example7,2,4,26.734,171.0
ALNS-B,Example7,2,5,30.369,171.0
ALNS-B,Example7,2,6,33.939,171.0
ALNS-B,Example7,2,7,37.971,140.0
ALNS-B,Example7,2,8,53.59,140.0
ALNS-B,Example7,2,9,58.054,140.0
ALNS-B,Example7,2,10,62.423,140.0
ALNS-B,Example7,2,11,77.941,138.0
ALNS-B,Example7,2,12,81.98,138.0
ALNS-B,Example7,2,13,86.25,118.0
ALNS-B,Example7,2,14,102.747,118.0
ALNS-B,Example7,2,15,106.648,118.0
ALNS-B,Example7,2,16,110.457,118.0
ALNS-B,Example7,2,17,125.954,118.0
ALNS-B,Example7,2,18,129.557,118.0
ALNS-B,Example7,2,19,145.49,118.0
ALNS-B,Example7,2,20,148.996,118.0
ALNS-B,Example7,2,21,149.655,114.0
ALNS-B,Example7,2,22,165.179,114.0
ALNS-B,Example7,2,23,166.078,114.0
ALNS-B,Example7,2,24,182.355,86.0
ALNS-B,Example8,0,1,1.33,65.0
ALNS-B,Example8,0,2,5.154,59.0
ALNS-B,Example8,0,3,9.089,59.0
ALNS-B,Example8,0,4,12.745,59.0
ALNS-B,Example8,0,5,28.3,28.0
ALNS-B,Example8,0,6,31.758,28.0
ALNS-B,Example8,0,7,32.477,19.0
ALNS-B,Example8,0,8,35.96,19.0
ALNS-B,Example8,0,9,51.511,19.0
ALNS-B,Example8,0,10,55.212,19.0
ALNS-B,Example8,0,11,58.662,19.0
ALNS-B,Example8,0,12,74.437,19.0
ALNS-B,Example8,0,13,77.938,19.0
ALNS-B,Example8,0,14,81.389,19.0
ALNS-B,Example8,0,15,84.854,19.0
ALNS-B,Example8,0,16,88.389,19.0
ALNS-B,Example8,0,17,91.832,19.0
ALNS-B,Example8,0,18,94.31,17.0
ALNS-B,Example8,0,19,96.432,15.0
ALNS-B,Example8,0,20,97.032,13.0
ALNS-B,Example8,0,21,97.729,13.0
ALNS-B,Example8,0,22,98.768,11.0
ALNS-B,Example8,0,23,99.355,11.0
ALNS-B,Example8,0,24,101.824,8.0
ALNS-B,Example8,0,25,108.595,8.0
ALNS-B,Example8,0,26,109.24,8.0
ALNS-B,Example8,0,27,116.026,8.0
ALNS-B,Example8,0,28,122.981,8.0
ALNS-B,Example8,0,29,123.612,8.0
ALNS-B,Example8,0,30,124.355,8.0
ALNS-B,Example8,0,31,125.037,8.0
ALNS-B,Example8,0,32,125.646,8.0
ALNS-B,Example8,0,33,126.472,8.0
ALNS-B,Example8,0,34,129.925,6.0
ALNS-B,Example8,0,35,131.344,4.0
ALNS-B,Example8,0,36,132.254,4.0
ALNS-B,Example8,0,37,138.74,4.0
ALNS-B,Example8,0,38,139.953,3.0
ALNS-B,Example8,0,39,141.263,3.0
ALNS-B,Example8,0,40,148.114,3.0
ALNS-B,Example8,0,41,150.256,3.0
ALNS-B,Example8,0,42,151.322,3.0
ALNS-B,Example8,0,43,152.706,3.0
ALNS-B,Example8,0,44,153.915,3.0
ALNS-B,Example8,0,45,154.54,3.0
ALNS-B,Example8,0,46,155.75,3.0
ALNS-B,Example8,0,47,156.987,2.0
ALNS-B,Example8,0,48,158.329,2.0
ALNS-B,Example8,0,49,159.458,2.0
ALNS-B,Example8,0,50,160.51,2.0
ALNS-B,Example8,0,51,161.539,2.0
ALNS-B,Example8,0,52,162.471,2.0
ALNS-B,Example8,0,53,163.358,2.0
ALNS-B,Example8,0,54,164.421,2.0
ALNS-B,Example8,0,55,165.685,2.0
ALNS-B,Example8,0,56,166.782,2.0
ALNS-B,Example8,0,57,168.979,2.0
ALNS-B,Example8,0,58,169.817,2.0
ALNS-B,Example8,0,59,171.961,2.0
ALNS-B,Example8,0,60,172.536,2.0
ALNS-B,Example8,0,61,173.315,2.0
ALNS-B,Example8,0,62,174.457,2.0
ALNS-B,Example8,0,63,175.581,2.0
ALNS-B,Example8,0,64,176.422,2.0
ALNS-B,Example8,0,65,177.259,2.0
ALNS-B,Example8,0,66,178.62,2.0
ALNS-B,Example8,0,67,179.521,2.0
ALNS-B,Example8,0,68,181.212,2.0
ALNS-B,Example8,1,1,1.199,65.0
ALNS-B,Example8,1,2,4.934,58.0
ALNS-B,Example8,1,3,8.423,53.0
ALNS-B,Example8,1,4,10.465,39.0
ALNS-B,Example8,1,5,12.819,20.0
ALNS-B,Example8,1,6,14.462,19.0
ALNS-B,Example8,1,7,18.21,19.0
ALNS-B,Example8,1,8,20.652,15.0
ALNS-B,Example8,1,9,21.365,14.0
ALNS-B,Example8,1,10,51.877,14.0
ALNS-B,Example8,1,11,52.541,14.0
ALNS-B,Example8,1,12,53.157,14.0
ALNS-B,Example8,1,13,83.702,14.0
ALNS-B,Example8,1,14,90.205,14.0
ALNS-B,Example8,1,15,90.819,14.0
ALNS-B,Example8,1,16,91.759,13.0
ALNS-B,Example8,1,17,92.918,10.0
ALNS-B,Example8,1,18,99.922,10.0
ALNS-B,Example8,1,19,106.401,10.0
ALNS-B,Example8,1,20,107.051,10.0
ALNS-B,Example8,1,21,108.248,8.0
ALNS-B,Example8,1,22,109.747,7.0
ALNS-B,Example8,1,23,110.575,7.0
ALNS-B,Example8,1,24,111.47,7.0
ALNS-B,Example8,1,25,142.285,7.0
ALNS-B,Example8,1,26,143.169,7.0
ALNS-B,Example8,1,27,143.888,7.0
ALNS-B,Example8,1,28,144.529,7.0
ALNS-B,Example8,1,29,151.223,7.0
ALNS-B,Example8,1,30,151.834,7.0
ALNS-B,Example8,1,31,152.913,7.0
ALNS-B,Example8,1,32,153.666,7.0
ALNS-B,Example8,1,33,254.247,7.0
ALNS-B,Example8,2,1,0.996,66.0
ALNS-B,Example8,2,2,1.954,65.0
ALNS-B,Example8,2,3,5.42,20.0
ALNS-B,Example8,2,4,20.965,20.0
ALNS-B,Example8,2,5,22.115,14.0
ALNS-B,Example8,2,6,28.612,14.0
ALNS-B,Example8,2,7,59.138,14.0
ALNS-B,Example8,2,8,59.925,14.0
ALNS-B,Example8,2,9,60.506,14.0
ALNS-B,Example8,2,10,61.11,14.0
ALNS-B,Example8,2,11,62.274,11.0
ALNS-B,Example8,2,12,62.928,11.0
ALNS-B,Example8,2,13,93.752,11.0
ALNS-B,Example8,2,14,94.478,11.0
ALNS-B,Example8,2,15,125.347,11.0
ALNS-B,Example8,2,16,126.001,11.0
ALNS-B,Example8,2,17,127.863,10.0
ALNS-B,Example8,2,18,133.172,10.0
ALNS-B,Example8,2,19,133.795,10.0
ALNS-B,Example8,2,20,134.419,10.0
ALNS-B,Example8,2,21,136.308,10.0
ALNS-B,Example8,2,22,137.675,10.0
ALNS-B,Example8,2,23,138.263,10.0
ALNS-B,Example8,2,24,140.184,10.0
ALNS-B,Example8,2,25,140.815,10.0
ALNS-B,Example8,2,26,171.296,10.0
ALNS-B,Example8,2,27,171.977,10.0
ALNS-B,Example8,2,28,272.767,10.0
ALNS-B,Example9,0,1,16.744,401.0
ALNS-B,Example9,0,2,20.728,198.0
ALNS-B,Example9,0,3,24.3,178.0
ALNS-B,Example9,0,4,40.995,178.0
ALNS-B,Example9,0,5,57.517,178.0
ALNS-B,Example9,0,6,61.181,178.0
ALNS-B,Example9,0,7,65.671,178.0
ALNS-B,Example9,0,8,82.253,178.0
ALNS-B,Example9,0,9,86.765,156.0
ALNS-B,Example9,0,10,91.016,156.0
ALNS-B,Example9,0,11,95.819,156.0
ALNS-B,Example9,0,12,100.453,156.0
ALNS-B,Example9,0,13,104.199,156.0
ALNS-B,Example9,0,14,108.022,156.0
ALNS-B,Example9,0,15,111.676,156.0
ALNS-B,Example9,0,16,115.266,156.0
ALNS-B,Example9,0,17,119.957,156.0
ALNS-B,Example9,0,18,124.582,156.0
ALNS-B,Example9,0,19,129.142,156.0
ALNS-B,Example9,0,20,180.928,156.0
ALNS-B,Example9,1,1,4.71,404.0
ALNS-B,Example9,1,2,9.385,404.0
ALNS-B,Example9,1,3,14.029,176.0
ALNS-B,Example9,1,4,18.388,176.0
ALNS-B,Example9,1,5,23.007,176.0
ALNS-B,Example9,1,6,26.84,176.0
ALNS-B,Example9,1,7,31.55,148.0
ALNS-B,Example9,1,8,36.233,148.0
ALNS-B,Example9,1,9,40.053,148.0
ALNS-B,Example9,1,10,55.647,148.0
ALNS-B,Example9,1,11,59.361,148.0
ALNS-B,Example9,1,12,62.963,148.0
ALNS-B,Example9,1,13,66.58,148.0
ALNS-B,Example9,1,14,71.101,148.0
ALNS-B,Example9,1,15,75.685,148.0
ALNS-B,Example9,1,16,92.252,148.0
ALNS-B,Example9,1,17,107.843,148.0
ALNS-B,Example9,1,18,158.981,119.0
ALNS-B,Example9,1,19,210.601,119.0
ALNS-B,Example9,2,1,15.964,256.0
ALNS-B,Example9,2,2,20.736,178.0
ALNS-B,Example9,2,3,24.374,106.0
ALNS-B,Example9,2,4,40.141,106.0
ALNS-B,Example9,2,5,44.674,106.0
ALNS-B,Example9,2,6,49.179,106.0
ALNS-B,Example9,2,7,53.789,106.0
ALNS-B,Example9,2,8,58.304,106.0
ALNS-B,Example9,2,9,61.929,106.0
ALNS-B,Example9,2,10,66.517,106.0
ALNS-B,Example9,2,11,71.023,106.0
ALNS-B,Example9,2,12,86.666,106.0
ALNS-B,Example9,2,13,91.171,106.0
ALNS-B,Example9,2,14,142.731,106.0
ALNS-B,Example9,2,15,193.992,106.0
ALNS-B,Example10,0,1,16.114,531.0
ALNS-B,Example10,0,2,19.898,183.0
ALNS-B,Example10,0,3,23.705,156.0
ALNS-B,Example10,0,4,24.857,149.0
ALNS-B,Example10,0,5,28.384,149.0
ALNS-B,Example10,0,6,44.274,149.0
ALNS-B,Example10,0,7,47.886,134.0
ALNS-B,Example10,0,8,52.039,134.0
ALNS-B,Example10,0,9,67.574,134.0
ALNS-B,Example10,0,10,83.633,134.0
ALNS-B,Example10,0,11,87.639,119.0
ALNS-B,Example10,0,12,88.343,119.0
ALNS-B,Example10,0,13,92.228,119.0
ALNS-B,Example10,0,14,96.173,119.0
ALNS-B,Example10,0,15,99.685,119.0
ALNS-B,Example10,0,16,103.819,119.0
ALNS-B,Example10,0,17,107.44,119.0
ALNS-B,Example10,0,18,111.926,119.0
ALNS-B,Example10,0,19,127.437,119.0
ALNS-B,Example10,0,20,131.01,119.0
ALNS-B,Example10,0,21,135.153,119.0
ALNS-B,Example10,0,22,186.113,119.0
ALNS-B,Example10,1,1,4.235,534.0
ALNS-B,Example10,1,2,8.735,241.0
ALNS-B,Example10,1,3,12.997,199.0
ALNS-B,Example10,1,4,17.459,199.0
ALNS-B,Example10,1,5,21.29,150.0
ALNS-B,Example10,1,6,25.235,150.0
ALNS-B,Example10,1,7,26.591,144.0
ALNS-B,Example10,1,8,30.362,144.0
ALNS-B,Example10,1,9,34.198,143.0
ALNS-B,Example10,1,10,38.297,143.0
ALNS-B,Example10,1,11,42.485,143.0
ALNS-B,Example10,1,12,57.963,143.0
ALNS-B,Example10,1,13,62.377,143.0
ALNS-B,Example10,1,14,66.519,143.0
ALNS-B,Example10,1,15,70.686,93.0
ALNS-B,Example10,1,16,74.568,93.0
ALNS-B,Example10,1,17,90.57,93.0
ALNS-B,Example10,1,18,94.505,93.0
ALNS-B,Example10,1,19,98.341,93.0
ALNS-B,Example10,1,20,114.828,93.0
ALNS-B,Example10,1,21,118.297,93.0
ALNS-B,Example10,1,22,122.142,93.0
ALNS-B,Example10,1,23,123.16,93.0
ALNS-B,Example10,1,24,139.073,93.0
ALNS-B,Example10,1,25,142.661,93.0
ALNS-B,Example10,1,26,194.118,93.0
ALNS-B,Example10,2,1,2.55,543.0
ALNS-B,Example10,2,2,6.611,531.0
ALNS-B,Example10,2,3,10.182,92.0
ALNS-B,Example10,2,4,11.029,44.0
ALNS-B,Example10,2,5,15.405,44.0
ALNS-B,Example10,2,6,30.843,43.0
ALNS-B,Example10,2,7,31.568,29.0
ALNS-B,Example10,2,8,35.091,29.0
ALNS-B,Example10,2,9,35.839,27.0
ALNS-B,Example10,2,10,39.413,27.0
ALNS-B,Example10,2,11,54.916,27.0
ALNS-B,Example10,2,12,55.612,27.0
ALNS-B,Example10,2,13,71.128,27.0
ALNS-B,Example10,2,14,75.102,27.0
ALNS-B,Example10,2,15,78.585,27.0
ALNS-B,Example10,2,16,94.054,27.0
ALNS-B,Example10,2,17,97.991,27.0
ALNS-B,Example10,2,18,113.473,27.0
ALNS-B,Example10,2,19,117.431,27.0
ALNS-B,Example10,2,20,168.913,27.0
ALNS-B,Example10,2,21,219.78,27.0
ALNS-B,Example11,0,1,16.332,1105.0
ALNS-B,Example11,0,2,20.221,151.0
ALNS-B,Example11,0,3,36.812,151.0
ALNS-B,Example11,0,4,37.644,149.0
ALNS-B,Example11,0,5,41.204,149.0
ALNS-B,Example11,0,6,44.776,149.0
ALNS-B,Example11,0,7,60.368,101.0
ALNS-B,Example11,0,8,65.395,101.0
ALNS-B,Example11,0,9,66.724,85.0
ALNS-B,Example11,0,10,70.281,85.0
ALNS-B,Example11,0,11,71.018,82.0
ALNS-B,Example11,0,12,74.56,82.0
ALNS-B,Example11,0,13,90.124,82.0
ALNS-B,Example11,0,14,106.399,82.0
ALNS-B,Example11,0,15,109.903,82.0
ALNS-B,Example11,0,16,125.385,82.0
ALNS-B,Example11,0,17,129.204,82.0
ALNS-B,Example11,0,18,132.684,82.0
ALNS-B,Example11,0,19,148.179,82.0
ALNS-B,Example11,0,20,151.611,70.0
ALNS-B,Example11,0,21,154.451,54.0
ALNS-B,Example11,0,22,158.001,54.0
ALNS-B,Example11,0,23,161.482,54.0
ALNS-B,Example11,0,24,164.961,54.0
ALNS-B,Example11,0,25,165.614,54.0
ALNS-B,Example11,0,26,169.097,54.0
ALNS-B,Example11,0,27,173.118,54.0
ALNS-B,Example11,0,28,176.602,54.0
ALNS-B,Example11,0,29,180.868,54.0
ALNS-B,Example11,1,1,4.415,190.0
ALNS-B,Example11,1,2,8.204,74.0
ALNS-B,Example11,1,3,12.307,74.0
ALNS-B,Example11,1,4,14.381,62.0
ALNS-B,Example11,1,5,16.023,62.0
ALNS-B,Example11,1,6,19.86,58.0
ALNS-B,Example11,1,7,20.537,54.0
ALNS-B,Example11,1,8,24.579,54.0
ALNS-B,Example11,1,9,28.042,54.0
ALNS-B,Example11,1,10,44.558,54.0
ALNS-B,Example11,1,11,48.198,54.0
ALNS-B,Example11,1,12,63.747,54.0
ALNS-B,Example11,1,13,67.288,54.0
ALNS-B,Example11,1,14,70.844,54.0
ALNS-B,Example11,1,15,75.027,54.0
ALNS-B,Example11,1,16,91.099,54.0
ALNS-B,Example11,1,17,94.744,54.0
ALNS-B,Example11,1,18,145.703,54.0
ALNS-B,Example11,1,19,197.084,54.0
ALNS-B,Example11,2,1,1.851,954.0
ALNS-B,Example11,2,2,6.164,181.0
ALNS-B,Example11,2,3,9.622,71.0
ALNS-B,Example11,2,4,13.303,71.0
ALNS-B,Example11,2,5,16.82,71.0
ALNS-B,Example11,2,6,20.298,71.0
ALNS-B,Example11,2,7,23.801,71.0
ALNS-B,Example11,2,8,27.257,36.0
ALNS-B,Example11,2,9,30.772,36.0
ALNS-B,Example11,2,10,46.272,36.0
ALNS-B,Example11,2,11,62.291,36.0
ALNS-B,Example11,2,12,66.739,36.0
ALNS-B,Example11,2,13,71.214,36.0
ALNS-B,Example11,2,14,74.835,36.0
ALNS-B,Example11,2,15,75.96,35.0
ALNS-B,Example11,2,16,79.613,35.0
ALNS-B,Example11,2,17,80.366,34.0
ALNS-B,Example11,2,18,96.577,34.0
ALNS-B,Example11,2,19,97.544,34.0
ALNS-B,Example11,2,20,101.482,34.0
ALNS-B,Example11,2,21,105.573,34.0
ALNS-B,Example11,2,22,121.068,34.0
ALNS-B,Example11,2,23,124.673,34.0
ALNS-B,Example11,2,24,140.653,34.0
ALNS-B,Example11,2,25,156.251,34.0
ALNS-B,Example11,2,26,159.767,34.0
ALNS-B,Example11,2,27,163.344,34.0
ALNS-B,Example11,2,28,214.389,34.0
ALNS-B,Example12,0,1,16.238,375.0
ALNS-B,Example12,0,2,19.994,86.0
ALNS-B,Example12,0,3,21.034,84.0
ALNS-B,Example12,0,4,36.864,84.0
ALNS-B,Example12,0,5,40.295,84.0
ALNS-B,Example12,0,6,40.963,68.0
ALNS-B,Example12,0,7,44.643,48.0
ALNS-B,Example12,0,8,48.42,48.0
ALNS-B,Example12,0,9,51.854,48.0
ALNS-B,Example12,0,10,55.57,48.0
ALNS-B,Example12,0,11,56.308,46.0
ALNS-B,Example12,0,12,59.735,46.0
ALNS-B,Example12,0,13,60.762,42.0
ALNS-B,Example12,0,14,64.197,42.0
ALNS-B,Example12,0,15,67.66,42.0
ALNS-B,Example12,0,16,71.087,42.0
ALNS-B,Example12,0,17,71.805,34.0
ALNS-B,Example12,0,18,75.579,34.0
ALNS-B,Example12,0,19,79.179,34.0
ALNS-B,Example12,0,20,82.619,34.0
ALNS-B,Example12,0,21,98.08,34.0
ALNS-B,Example12,0,22,101.502,34.0
ALNS-B,Example12,0,23,116.933,34.0
ALNS-B,Example12,0,24,120.641,34.0
ALNS-B,Example12,0,25,121.437,34.0
ALNS-B,Example12,0,26,124.865,34.0
ALNS-B,Example12,0,27,128.287,34.0
ALNS-B,Example12,0,28,143.903,34.0
ALNS-B,Example12,0,29,147.455,34.0
ALNS-B,Example12,0,30,148.211,32.0
ALNS-B,Example12,0,31,163.627,32.0
ALNS-B,Example12,0,32,179.215,32.0
ALNS-B,Example12,0,33,181.363,24.0
ALNS-B,Example12,1,1,1.065,199.0
ALNS-B,Example12,1,2,4.716,56.0
ALNS-B,Example12,1,3,5.845,49.0
ALNS-B,Example12,1,4,21.699,49.0
ALNS-B,Example12,1,5,37.24,46.0
ALNS-B,Example12,1,6,40.707,46.0
ALNS-B,Example12,1,7,44.554,46.0
ALNS-B,Example12,1,8,48.007,46.0
ALNS-B,Example12,1,9,63.566,46.0
ALNS-B,Example12,1,10,67.152,46.0
ALNS-B,Example12,1,11,70.736,46.0
ALNS-B,Example12,1,12,71.381,31.0
ALNS-B,Example12,1,13,87.011,31.0
ALNS-B,Example12,1,14,102.661,31.0
ALNS-B,Example12,1,15,106.359,31.0
ALNS-B,Example12,1,16,109.956,31.0
ALNS-B,Example12,1,17,114.016,24.0
ALNS-B,Example12,1,18,117.465,24.0
ALNS-B,Example12,1,19,133.024,24.0
ALNS-B,Example12,1,20,149.298,24.0
ALNS-B,Example12,1,21,152.935,24.0
ALNS-B,Example12,1,22,156.367,24.0
ALNS-B,Example12,1,23,156.952,24.0
ALNS-B,Example12,1,24,158.998,24.0
ALNS-B,Example12,1,25,159.585,19.0
ALNS-B,Example12,1,26,163.19,19.0
ALNS-B,Example12,1,27,165.983,13.0
ALNS-B,Example12,1,28,171.105,10.0
ALNS-B,Example12,1,29,172.432,9.0
ALNS-B,Example12,1,30,173.205,8.0
ALNS-B,Example12,1,31,174.403,8.0
ALNS-B,Example12,1,32,175.183,8.0
ALNS-B,Example12,1,33,175.76,8.0
ALNS-B,Example12,1,34,176.329,8.0
ALNS-B,Example12,1,35,207.194,8.0
ALNS-B,Example12,2,1,0.966,254.0
ALNS-B,Example12,2,2,5.011,157.0
ALNS-B,Example12,2,3,20.777,117.0
ALNS-B,Example12,2,4,24.309,117.0
ALNS-B,Example12,2,5,27.926,99.0
ALNS-B,Example12,2,6,43.459,99.0
ALNS-B,Example12,2,7,46.908,99.0
ALNS-B,Example12,2,8,47.535,94.0
ALNS-B,Example12,2,9,50.588,76.0
ALNS-B,Example12,2,10,54.292,76.0
ALNS-B,Example12,2,11,58.04,76.0
ALNS-B,Example12,2,12,61.567,76.0
ALNS-B,Example12,2,13,65.014,76.0
ALNS-B,Example12,2,14,68.43,76.0
ALNS-B,Example12,2,15,71.872,76.0
ALNS-B,Example12,2,16,87.323,76.0
ALNS-B,Example12,2,17,90.743,76.0
ALNS-B,Example12,2,18,94.505,76.0
ALNS-B,Example12,2,19,98.248,76.0
ALNS-B,Example12,2,20,148.894,76.0
ALNS-B,Example12,2,21,166.777,66.0
ALNS-B,Example12,2,22,169.502,44.0
ALNS-B,Example12,2,23,184.924,44.0
ALNS-B,Example13,0,1,15.967,398.0
ALNS-B,Example13,0,2,19.665,121.0
ALNS-B,Example13,0,3,23.22,52.0
ALNS-B,Example13,0,4,23.863,50.0
ALNS-B,Example13,0,5,27.371,50.0
ALNS-B,Example13,0,6,30.874,50.0
ALNS-B,Example13,0,7,31.579,35.0
ALNS-B,Example13,0,8,35.029,35.0
ALNS-B,Example13,0,9,39.062,35.0
ALNS-B,Example13,0,10,54.804,35.0
ALNS-B,Example13,0,11,58.267,35.0
ALNS-B,Example13,0,12,58.907,32.0
ALNS-B,Example13,0,13,62.449,32.0
ALNS-B,Example13,0,14,66.091,32.0
ALNS-B,Example13,0,15,69.599,32.0
ALNS-B,Example13,0,16,73.369,27.0
ALNS-B,Example13,0,17,88.876,27.0
ALNS-B,Example13,0,18,104.394,27.0
ALNS-B,Example13,0,19,107.864,27.0
ALNS-B,Example13,0,20,123.353,27.0
ALNS-B,Example13,0,21,126.896,27.0
ALNS-B,Example13,0,22,130.354,27.0
ALNS-B,Example13,0,23,145.8,27.0
ALNS-B,Example13,0,24,149.777,27.0
ALNS-B,Example13,0,25,153.742,27.0
ALNS-B,Example13,0,26,157.626,27.0
ALNS-B,Example13,0,27,208.262,27.0
ALNS-B,Example13,1,1,1.774,158.0
ALNS-B,Example13,1,2,5.522,83.0
ALNS-B,Example13,1,3,9.378,64.0
ALNS-B,Example13,1,4,13.615,64.0
ALNS-B,Example13,1,5,14.311,57.0
ALNS-B,Example13,1,6,17.827,57.0
ALNS-B,Example13,1,7,21.278,54.0
ALNS-B,Example13,1,8,24.729,54.0
ALNS-B,Example13,1,9,40.187,54.0
ALNS-B,Example13,1,10,44.109,54.0
ALNS-B,Example13,1,11,47.585,54.0
ALNS-B,Example13,1,12,51.321,54.0
ALNS-B,Example13,1,13,67.761,54.0
ALNS-B,Example13,1,14,83.401,39.0
ALNS-B,Example13,1,15,87.509,39.0
ALNS-B,Example13,1,16,91.295,39.0
ALNS-B,Example13,1,17,95.799,39.0
ALNS-B,Example13,1,18,99.352,39.0
ALNS-B,Example13,1,19,102.838,39.0
ALNS-B,Example13,1,20,107.264,39.0
ALNS-B,Example13,1,21,122.888,39.0
ALNS-B,Example13,1,22,126.367,39.0
ALNS-B,Example13,1,23,130.374,39.0
ALNS-B,Example13,1,24,146.081,39.0
ALNS-B,Example13,1,25,197.573,39.0
ALNS-B,Example13,2,1,1.99,317.0
ALNS-B,Example13,2,2,3.373,149.0
ALNS-B,Example13,2,3,6.896,44.0
ALNS-B,Example13,2,4,10.603,44.0
ALNS-B,Example13,2,5,14.192,44.0
ALNS-B,Example13,2,6,17.691,44.0
ALNS-B,Example13,2,7,21.513,44.0
ALNS-B,Example13,2,8,22.285,42.0
ALNS-B,Example13,2,9,23.295,23.0
ALNS-B,Example13,2,10,26.815,23.0
ALNS-B,Example13,2,11,42.337,23.0
ALNS-B,Example13,2,12,46.0,23.0
ALNS-B,Example13,2,13,49.873,23.0
ALNS-B,Example13,2,14,54.01,23.0
ALNS-B,Example13,2,15,69.731,23.0
ALNS-B,Example13,2,16,73.991,23.0
ALNS-B,Example13,2,17,77.491,23.0
ALNS-B,Example13,2,18,93.026,23.0
ALNS-B,Example13,2,19,96.69,23.0
ALNS-B,Example13,2,20,147.787,23.0
ALNS-B,Example13,2,21,198.812,23.0
ALNS-B,Example14,0,1,1.438,129.0
ALNS-B,Example14,0,2,2.751,43.0
ALNS-B,Example14,0,3,18.191,29.0
ALNS-B,Example14,0,4,19.343,19.0
ALNS-B,Example14,0,5,31.205,9.0
ALNS-B,Example14,0,6,61.713,9.0
ALNS-B,Example14,0,7,62.33,9.0
ALNS-B,Example14,0,8,63.988,9.0
ALNS-B,Example14,0,9,64.57,9.0
ALNS-B,Example14,0,10,65.209,9.0
ALNS-B,Example14,0,11,95.919,9.0
ALNS-B,Example14,0,12,96.541,9.0
ALNS-B,Example14,0,13,97.18,9.0
ALNS-B,Example14,0,14,98.624,9.0
ALNS-B,Example14,0,15,99.276,9.0
ALNS-B,Example14,0,16,100.242,8.0
ALNS-B,Example14,0,17,108.121,7.0
ALNS-B,Example14,0,18,108.715,7.0
ALNS-B,Example14,0,19,109.377,7.0
ALNS-B,Example14,0,20,110.073,7.0
ALNS-B,Example14,0,21,111.223,7.0
ALNS-B,Example14,0,22,117.939,7.0
ALNS-B,Example14,0,23,124.902,7.0
ALNS-B,Example14,0,24,125.737,7.0
ALNS-B,Example14,0,25,126.409,7.0
ALNS-B,Example14,0,26,127.065,7.0
ALNS-B,Example14,0,27,127.82,7.0
ALNS-B,Example14,0,28,228.77,7.0
ALNS-B,Example14,1,1,1.109,95.0
ALNS-B,Example14,1,2,4.97,30.0
ALNS-B,Example14,1,3,8.501,30.0
ALNS-B,Example14,1,4,9.588,17.0
ALNS-B,Example14,1,5,10.909,17.0
ALNS-B,Example14,1,6,12.068,12.0
ALNS-B,Example14,1,7,12.97,9.0
ALNS-B,Example14,1,8,43.625,9.0
ALNS-B,Example14,1,9,44.432,9.0
ALNS-B,Example14,1,10,45.095,9.0
ALNS-B,Example14,1,11,46.576,7.0
ALNS-B,Example14,1,12,47.366,7.0
ALNS-B,Example14,1,13,48.14,7.0
ALNS-B,Example14,1,14,53.124,7.0
ALNS-B,Example14,1,15,55.427,7.0
ALNS-B,Example14,1,16,62.024,7.0
ALNS-B,Example14,1,17,62.833,7.0
ALNS-B,Example14,1,18,65.35,7.0
ALNS-B,Example14,1,19,72.157,7.0
ALNS-B,Example14,1,20,77.66,7.0
ALNS-B,Example14,1,21,78.335,7.0
ALNS-B,Example14,1,22,79.727,7.0
ALNS-B,Example14,1,23,82.213,7.0
ALNS-B,Example14,1,24,87.873,7.0
ALNS-B,Example14,1,25,88.639,7.0
ALNS-B,Example14,1,26,119.3,7.0
ALNS-B,Example14,1,27,119.917,7.0
ALNS-B,Example14,1,28,150.418,7.0
ALNS-B,Example14,1,29,156.977,7.0
ALNS-B,Example14,1,30,158.193,7.0
ALNS-B,Example14,1,31,159.086,7.0
ALNS-B,Example14,1,32,160.078,5.0
ALNS-B,Example14,1,33,161.228,5.0
ALNS-B,Example14,1,34,162.212,5.0
ALNS-B,Example14,1,35,162.917,5.0
ALNS-B,Example14,1,36,163.684,5.0
ALNS-B,Example14,1,37,170.726,5.0
ALNS-B,Example14,1,38,171.534,5.0
ALNS-B,Example14,1,39,172.978,5.0
ALNS-B,Example14,1,40,179.519,5.0
ALNS-B,Example14,1,41,180.413,5.0
ALNS-B,Example14,2,1,1.686,123.0
ALNS-B,Example14,2,2,2.888,86.0
ALNS-B,Example14,2,3,6.405,18.0
ALNS-B,Example14,2,4,7.719,13.0
ALNS-B,Example14,2,5,38.382,13.0
ALNS-B,Example14,2,6,39.022,13.0
ALNS-B,Example14,2,7,39.756,13.0
ALNS-B,Example14,2,8,40.558,13.0
ALNS-B,Example14,2,9,41.288,13.0
ALNS-B,Example14,2,10,41.912,13.0
ALNS-B,Example14,2,11,42.882,13.0
ALNS-B,Example14,2,12,44.293,7.0
ALNS-B,Example14,2,13,45.245,7.0
ALNS-B,Example14,2,14,45.911,6.0
ALNS-B,Example14,2,15,46.957,6.0
ALNS-B,Example14,2,16,47.633,6.0
ALNS-B,Example14,2,17,54.089,6.0
ALNS-B,Example14,2,18,55.048,5.0
ALNS-B,Example14,2,19,55.792,5.0
ALNS-B,Example14,2,20,56.969,5.0
ALNS-B,Example14,2,21,57.83,4.0
ALNS-B,Example14,2,22,59.361,4.0
ALNS-B,Example14,2,23,60.275,4.0
ALNS-B,Example14,2,24,66.964,4.0
ALNS-B,Example14,2,25,67.843,3.0
ALNS-B,Example14,2,26,68.995,3.0
ALNS-B,Example14,2,27,70.704,3.0
ALNS-B,Example14,2,28,71.996,3.0
ALNS-B,Example14,2,29,73.894,3.0
ALNS-B,Example14,2,30,75.263,3.0
ALNS-B,Example14,2,31,75.996,3.0
ALNS-B,Example14,2,32,77.506,3.0
ALNS-B,Example14,2,33,78.617,3.0
ALNS-B,Example14,2,34,79.608,2.0
ALNS-B,Example14,2,35,80.7,2.0
ALNS-B,Example14,2,36,81.505,2.0
ALNS-B,Example14,2,37,85.376,2.0
ALNS-B,Example14,2,38,86.112,2.0
ALNS-B,Example14,2,39,87.08,2.0
ALNS-B,Example14,2,40,88.251,2.0
ALNS-B,Example14,2,41,90.288,2.0
ALNS-B,Example14,2,42,91.25,2.0
ALNS-B,Example14,2,43,92.4,2.0
ALNS-B,Example14,2,44,93.209,2.0
ALNS-B,Example14,2,45,183.995,2.0
