algorithm,instance,instance_index,time_seconds,mean_best_so_far_objective,mean_best_so_far_gap_to_cp
ALNS-A,Example0,0,0.0,9.0,nan
ALNS-A,Example0,0,1.0,9.0,nan
ALNS-A,Example0,0,2.0,8.333333333333334,nan
ALNS-A,Example0,0,3.0,7.666666666666667,nan
ALNS-A,Example0,0,4.0,5.333333333333333,nan
ALNS-A,Example0,0,5.0,5.333333333333333,nan
ALNS-A,Example0,0,6.0,5.333333333333333,nan
ALNS-A,Example0,0,7.0,5.333333333333333,nan
ALNS-A,Example0,0,8.0,5.333333333333333,nan
ALNS-A,Example0,0,9.0,5.333333333333333,nan
ALNS-A,Example0,0,10.0,4.666666666666667,nan
ALNS-A,Example0,0,11.0,4.666666666666667,nan
ALNS-A,Example0,0,12.0,4.666666666666667,nan
ALNS-A,Example0,0,13.0,4.666666666666667,nan
ALNS-A,Example0,0,14.0,4.666666666666667,nan
ALNS-A,Example0,0,15.0,4.666666666666667,nan
ALNS-A,Example0,0,16.0,4.666666666666667,nan
ALNS-A,Example0,0,17.0,4.666666666666667,nan
ALNS-A,Example0,0,18.0,4.666666666666667,nan
ALNS-A,Example0,0,19.0,4.666666666666667,nan
ALNS-A,Example0,0,20.0,4.0,nan
ALNS-A,Example0,0,21.0,4.0,nan
ALNS-A,Example0,0,22.0,4.0,nan
ALNS-A,Example0,0,23.0,4.0,nan
ALNS-A,Example0,0,24.0,4.0,nan
ALNS-A,Example0,0,25.0,4.0,nan
ALNS-A,Example0,0,26.0,4.0,nan
ALNS-A,Example0,0,27.0,4.0,nan
ALNS-A,Example0,0,28.0,4.0,nan
ALNS-A,Example0,0,29.0,4.0,nan
ALNS-A,Example0,0,30.0,4.0,nan
ALNS-A,Example0,0,31.0,3.6666666666666665,nan
ALNS-A,Example0,0,32.0,3.6666666666666665,nan
ALNS-A,Example0,0,33.0,3.6666666666666665,nan
ALNS-A,Example0,0,34.0,3.6666666666666665,nan
ALNS-A,Example0,0,35.0,3.6666666666666665,nan
ALNS-A,Example0,0,36.0,3.6666666666666665,nan
ALNS-A,Example0,0,37.0,3.6666666666666665,nan
ALNS-A,Example0,0,38.0,3.3333333333333335,nan
ALNS-A,Example0,0,39.0,3.0,nan
ALNS-A,Example0,0,40.0,2.6666666666666665,nan
ALNS-A,Example0,0,41.0,1.6666666666666667,nan
ALNS-A,Example0,0,42.0,1.6666666666666667,nan
ALNS-A,Example0,0,43.0,1.3333333333333333,nan
ALNS-A,Example0,0,44.0,1.3333333333333333,nan
ALNS-A,Example0,0,45.0,1.3333333333333333,nan
ALNS-A,Example0,0,46.0,1.0,nan
ALNS-A,Example0,0,47.0,0.6666666666666666,nan
ALNS-A,Example0,0,48.0,0.6666666666666666,nan
ALNS-A,Example0,0,49.0,0.6666666666666666,nan
ALNS-A,Example0,0,50.0,0.6666666666666666,nan
ALNS-A,Example0,0,51.0,0.6666666666666666,nan
ALNS-A,Example0,0,52.0,0.6666666666666666,nan
ALNS-A,Example0,0,53.0,0.6666666666666666,nan
ALNS-A,Example0,0,54.0,0.6666666666666666,nan
ALNS-A,Example0,0,55.0,0.6666666666666666,nan
ALNS-A,Example0,0,56.0,0.6666666666666666,nan
ALNS-A,Example0,0,57.0,0.6666666666666666,nan
ALNS-A,Example0,0,58.0,0.6666666666666666,nan
ALNS-A,Example0,0,59.0,0.6666666666666666,nan
ALNS-A,Example0,0,60.0,0.6666666666666666,nan
ALNS-A,Example0,0,61.0,0.6666666666666666,nan
ALNS-A,Example0,0,62.0,0.6666666666666666,nan
ALNS-A,Example0,0,63.0,0.3333333333333333,nan
ALNS-A,Example0,0,64.0,0.3333333333333333,nan
ALNS-A,Example0,0,65.0,0.3333333333333333,nan
ALNS-A,Example0,0,66.0,0.3333333333333333,nan
ALNS-A,Example0,0,67.0,0.3333333333333333,nan
ALNS-A,Example0,0,68.0,0.3333333333333333,nan
ALNS-A,Example0,0,69.0,0.3333333333333333,nan
ALNS-A,Example0,0,70.0,0.3333333333333333,nan
ALNS-A,Example0,0,71.0,0.3333333333333333,nan
ALNS-A,Example0,0,72.0,0.3333333333333333,nan
ALNS-A,Example0,0,73.0,0.3333333333333333,nan
ALNS-A,Example0,0,74.0,0.3333333333333333,nan
ALNS-A,Example0,0,75.0,0.3333333333333333,nan
ALNS-A,Example0,0,76.0,0.3333333333333333,nan
ALNS-A,Example0,0,77.0,0.3333333333333333,nan
ALNS-A,Example0,0,78.0,0.3333333333333333,nan
ALNS-A,Example0,0,79.0,0.3333333333333333,nan
ALNS-A,Example0,0,80.0,0.3333333333333333,nan
ALNS-A,Example0,0,81.0,0.0,nan
ALNS-A,Example0,0,82.0,0.0,nan
ALNS-A,Example0,0,83.0,0.0,nan
ALNS-A,Example0,0,84.0,0.0,nan
ALNS-A,Example0,0,85.0,0.0,nan
ALNS-A,Example0,0,86.0,0.0,nan
ALNS-A,Example0,0,87.0,0.0,nan
ALNS-A,Example0,0,88.0,0.0,nan
ALNS-A,Example0,0,89.0,0.0,nan
ALNS-A,Example0,0,90.0,0.0,nan
ALNS-A,Example0,0,91.0,0.0,nan
ALNS-A,Example0,0,92.0,0.0,nan
ALNS-A,Example0,0,93.0,0.0,nan
ALNS-A,Example0,0,94.0,0.0,nan
ALNS-A,Example0,0,95.0,0.0,nan
ALNS-A,Example0,0,96.0,0.0,nan
ALNS-A,Example0,0,97.0,0.0,nan
ALNS-A,Example0,0,98.0,0.0,nan
ALNS-A,Example0,0,99.0,0.0,nan
ALNS-A,Example0,0,100.0,0.0,nan
ALNS-A,Example0,0,101.0,0.0,nan
ALNS-A,Example0,0,102.0,0.0,nan
ALNS-A,Example0,0,103.0,0.0,nan
ALNS-A,Example0,0,104.0,0.0,nan
ALNS-A,Example0,0,105.0,0.0,nan
ALNS-A,Example0,0,106.0,0.0,nan
ALNS-A,Example0,0,107.0,0.0,nan
ALNS-A,Example0,0,108.0,0.0,nan
ALNS-A,Example0,0,109.0,0.0,nan
ALNS-A,Example0,0,110.0,0.0,nan
ALNS-A,Example0,0,111.0,0.0,nan
ALNS-A,Example0,0,112.0,0.0,nan
ALNS-A,Example0,0,113.0,0.0,nan
ALNS-A,Example0,0,114.0,0.0,nan
ALNS-A,Example0,0,115.0,0.0,nan
ALNS-A,Example0,0,116.0,0.0,nan
ALNS-A,Example0,0,117.0,0.0,nan
ALNS-A,Example0,0,118.0,0.0,nan
ALNS-A,Example0,0,119.0,0.0,nan
ALNS-A,Example0,0,120.0,0.0,nan
ALNS-A,Example0,0,121.0,0.0,nan
ALNS-A,Example0,0,122.0,0.0,nan
ALNS-A,Example0,0,123.0,0.0,nan
ALNS-A,Example0,0,124.0,0.0,nan
ALNS-A,Example0,0,125.0,0.0,nan
ALNS-A,Example0,0,126.0,0.0,nan
ALNS-A,Example0,0,127.0,0.0,nan
ALNS-A,Example0,0,128.0,0.0,nan
ALNS-A,Example0,0,129.0,0.0,nan
ALNS-A,Example0,0,130.0,0.0,nan
ALNS-A,Example0,0,131.0,0.0,nan
ALNS-A,Example0,0,132.0,0.0,nan
ALNS-A,Example0,0,133.0,0.0,nan
ALNS-A,Example0,0,134.0,0.0,nan
ALNS-A,Example0,0,135.0,0.0,nan
ALNS-A,Example0,0,136.0,0.0,nan
ALNS-A,Example0,0,137.0,0.0,nan
ALNS-A,Example0,0,138.0,0.0,nan
ALNS-A,Example0,0,139.0,0.0,nan
ALNS-A,Example0,0,140.0,0.0,nan
ALNS-A,Example0,0,141.0,0.0,nan
ALNS-A,Example0,0,142.0,0.0,nan
ALNS-A,Example0,0,143.0,0.0,nan
ALNS-A,Example0,0,144.0,0.0,nan
ALNS-A,Example0,0,145.0,0.0,nan
ALNS-A,Example0,0,146.0,0.0,nan
ALNS-A,Example0,0,147.0,0.0,nan
ALNS-A,Example0,0,148.0,0.0,nan
ALNS-A,Example0,0,149.0,0.0,nan
ALNS-A,Example0,0,150.0,0.0,nan
ALNS-A,Example0,0,151.0,0.0,nan
ALNS-A,Example0,0,152.0,0.0,nan
ALNS-A,Example0,0,153.0,0.0,nan
ALNS-A,Example0,0,154.0,0.0,nan
ALNS-A,Example0,0,155.0,0.0,nan
ALNS-A,Example0,0,156.0,0.0,nan
ALNS-A,Example0,0,157.0,0.0,nan
ALNS-A,Example0,0,158.0,0.0,nan
ALNS-A,Example0,0,159.0,0.0,nan
ALNS-A,Example0,0,160.0,0.0,nan
ALNS-A,Example0,0,161.0,0.0,nan
ALNS-A,Example0,0,162.0,0.0,nan
ALNS-A,Example0,0,163.0,0.0,nan
ALNS-A,Example0,0,164.0,0.0,nan
ALNS-A,Example0,0,165.0,0.0,nan
ALNS-A,Example0,0,166.0,0.0,nan
ALNS-A,Example0,0,167.0,0.0,nan
ALNS-A,Example0,0,168.0,0.0,nan
ALNS-A,Example0,0,169.0,0.0,nan
ALNS-A,Example0,0,170.0,0.0,nan
ALNS-A,Example0,0,171.0,0.0,nan
ALNS-A,Example0,0,172.0,0.0,nan
ALNS-A,Example0,0,173.0,0.0,nan
ALNS-A,Example0,0,174.0,0.0,nan
ALNS-A,Example0,0,175.0,0.0,nan
ALNS-A,Example0,0,176.0,0.0,nan
ALNS-A,Example0,0,177.0,0.0,nan
ALNS-A,Example0,0,178.0,0.0,nan
ALNS-A,Example0,0,179.0,0.0,nan
ALNS-A,Example0,0,180.0,0.0,nan
ALNS-A,Example0,0,181.0,0.0,nan
ALNS-A,Example0,0,182.0,0.0,nan
ALNS-A,Example0,0,183.0,0.0,nan
ALNS-A,Example0,0,184.0,0.0,nan
ALNS-A,Example0,0,185.0,0.0,nan
ALNS-A,Example0,0,186.0,0.0,nan
ALNS-A,Example0,0,187.0,0.0,nan
ALNS-A,Example0,0,188.0,0.0,nan
ALNS-A,Example0,0,189.0,0.0,nan
ALNS-A,Example0,0,190.0,0.0,nan
ALNS-A,Example0,0,191.0,0.0,nan
ALNS-A,Example0,0,192.0,0.0,nan
ALNS-A,Example0,0,193.0,0.0,nan
ALNS-A,Example0,0,194.0,0.0,nan
ALNS-A,Example0,0,195.0,0.0,nan
ALNS-A,Example0,0,196.0,0.0,nan
ALNS-A,Example0,0,197.0,0.0,nan
ALNS-A,Example0,0,198.0,0.0,nan
ALNS-A,Example0,0,199.0,0.0,nan
ALNS-A,Example0,0,200.0,0.0,nan
ALNS-A,Example0,0,201.0,0.0,nan
ALNS-A,Example0,0,202.0,0.0,nan
ALNS-A,Example0,0,203.0,0.0,nan
ALNS-A,Example0,0,204.0,0.0,nan
ALNS-A,Example0,0,205.0,0.0,nan
ALNS-A,Example0,0,206.0,0.0,nan
ALNS-A,Example0,0,207.0,0.0,nan
ALNS-A,Example0,0,208.0,0.0,nan
ALNS-A,Example0,0,209.0,0.0,nan
ALNS-A,Example0,0,210.0,0.0,nan
ALNS-A,Example0,0,211.0,0.0,nan
ALNS-A,Example0,0,212.0,0.0,nan
ALNS-A,Example0,0,213.0,0.0,nan
ALNS-A,Example0,0,214.0,0.0,nan
ALNS-A,Example0,0,215.0,0.0,nan
ALNS-A,Example0,0,216.0,0.0,nan
ALNS-A,Example0,0,217.0,0.0,nan
ALNS-A,Example0,0,218.0,0.0,nan
ALNS-A,Example0,0,219.0,0.0,nan
ALNS-A,Example0,0,220.0,0.0,nan
ALNS-A,Example0,0,221.0,0.0,nan
ALNS-A,Example0,0,222.0,0.0,nan
ALNS-A,Example0,0,223.0,0.0,nan
ALNS-A,Example0,0,224.0,0.0,nan
ALNS-A,Example0,0,225.0,0.0,nan
ALNS-A,Example0,0,226.0,0.0,nan
ALNS-A,Example0,0,227.0,0.0,nan
ALNS-A,Example0,0,228.0,0.0,nan
ALNS-A,Example0,0,229.0,0.0,nan
ALNS-A,Example0,0,230.0,0.0,nan
ALNS-A,Example0,0,231.0,0.0,nan
ALNS-A,Example0,0,232.0,0.0,nan
ALNS-A,Example0,0,233.0,0.0,nan
ALNS-A,Example0,0,234.0,0.0,nan
ALNS-A,Example0,0,235.0,0.0,nan
ALNS-A,Example0,0,236.0,0.0,nan
ALNS-A,Example0,0,237.0,0.0,nan
ALNS-A,Example0,0,238.0,0.0,nan
ALNS-A,Example0,0,239.0,0.0,nan
ALNS-A,Example0,0,240.0,0.0,nan
ALNS-A,Example0,0,241.0,0.0,nan
ALNS-A,Example0,0,242.0,0.0,nan
ALNS-A,Example0,0,243.0,0.0,nan
ALNS-A,Example0,0,244.0,0.0,nan
ALNS-A,Example0,0,245.0,0.0,nan
ALNS-A,Example0,0,246.0,0.0,nan
ALNS-A,Example0,0,247.0,0.0,nan
ALNS-A,Example0,0,248.0,0.0,nan
ALNS-A,Example0,0,249.0,0.0,nan
ALNS-A,Example0,0,250.0,0.0,nan
ALNS-A,Example0,0,251.0,0.0,nan
ALNS-A,Example0,0,252.0,0.0,nan
ALNS-A,Example0,0,253.0,0.0,nan
ALNS-A,Example0,0,254.0,0.0,nan
ALNS-A,Example0,0,255.0,0.0,nan
ALNS-A,Example0,0,256.0,0.0,nan
ALNS-A,Example0,0,257.0,0.0,nan
ALNS-A,Example0,0,258.0,0.0,nan
ALNS-A,Example0,0,259.0,0.0,nan
ALNS-A,Example0,0,260.0,0.0,nan
ALNS-A,Example0,0,261.0,0.0,nan
ALNS-A,Example0,0,262.0,0.0,nan
ALNS-A,Example0,0,263.0,0.0,nan
ALNS-A,Example0,0,264.0,0.0,nan
ALNS-A,Example0,0,265.0,0.0,nan
ALNS-A,Example0,0,266.0,0.0,nan
ALNS-A,Example0,0,267.0,0.0,nan
ALNS-A,Example0,0,268.0,0.0,nan
ALNS-A,Example0,0,269.0,0.0,nan
ALNS-A,Example0,0,270.0,0.0,nan
ALNS-A,Example0,0,271.0,0.0,nan
ALNS-A,Example0,0,272.0,0.0,nan
ALNS-A,Example0,0,273.0,0.0,nan
ALNS-A,Example1,1,0.0,20.0,nan
ALNS-A,Example1,1,1.0,20.0,nan
ALNS-A,Example1,1,2.0,18.666666666666668,nan
ALNS-A,Example1,1,3.0,18.666666666666668,nan
ALNS-A,Example1,1,4.0,18.666666666666668,nan
ALNS-A,Example1,1,5.0,18.666666666666668,nan
ALNS-A,Example1,1,6.0,18.666666666666668,nan
ALNS-A,Example1,1,7.0,18.666666666666668,nan
ALNS-A,Example1,1,8.0,18.666666666666668,nan
ALNS-A,Example1,1,9.0,18.666666666666668,nan
ALNS-A,Example1,1,10.0,18.666666666666668,nan
ALNS-A,Example1,1,11.0,18.0,nan
ALNS-A,Example1,1,12.0,17.333333333333332,nan
ALNS-A,Example1,1,13.0,14.333333333333334,nan
ALNS-A,Example1,1,14.0,14.333333333333334,nan
ALNS-A,Example1,1,15.0,13.333333333333334,nan
ALNS-A,Example1,1,16.0,12.666666666666666,nan
ALNS-A,Example1,1,17.0,12.666666666666666,nan
ALNS-A,Example1,1,18.0,11.0,nan
ALNS-A,Example1,1,19.0,11.0,nan
ALNS-A,Example1,1,20.0,11.0,nan
ALNS-A,Example1,1,21.0,11.0,nan
ALNS-A,Example1,1,22.0,10.333333333333334,nan
ALNS-A,Example1,1,23.0,10.333333333333334,nan
ALNS-A,Example1,1,24.0,9.666666666666666,nan
ALNS-A,Example1,1,25.0,8.666666666666666,nan
ALNS-A,Example1,1,26.0,8.666666666666666,nan
ALNS-A,Example1,1,27.0,8.666666666666666,nan
ALNS-A,Example1,1,28.0,8.666666666666666,nan
ALNS-A,Example1,1,29.0,8.333333333333334,nan
ALNS-A,Example1,1,30.0,8.333333333333334,nan
ALNS-A,Example1,1,31.0,6.0,nan
ALNS-A,Example1,1,32.0,6.0,nan
ALNS-A,Example1,1,33.0,6.0,nan
ALNS-A,Example1,1,34.0,6.0,nan
ALNS-A,Example1,1,35.0,5.666666666666667,nan
ALNS-A,Example1,1,36.0,5.666666666666667,nan
ALNS-A,Example1,1,37.0,5.666666666666667,nan
ALNS-A,Example1,1,38.0,5.666666666666667,nan
ALNS-A,Example1,1,39.0,5.333333333333333,nan
ALNS-A,Example1,1,40.0,5.333333333333333,nan
ALNS-A,Example1,1,41.0,5.333333333333333,nan
ALNS-A,Example1,1,42.0,5.333333333333333,nan
ALNS-A,Example1,1,43.0,5.333333333333333,nan
ALNS-A,Example1,1,44.0,5.333333333333333,nan
ALNS-A,Example1,1,45.0,5.333333333333333,nan
ALNS-A,Example1,1,46.0,5.333333333333333,nan
ALNS-A,Example1,1,47.0,5.333333333333333,nan
ALNS-A,Example1,1,48.0,5.333333333333333,nan
ALNS-A,Example1,1,49.0,5.333333333333333,nan
ALNS-A,Example1,1,50.0,5.333333333333333,nan
ALNS-A,Example1,1,51.0,5.333333333333333,nan
ALNS-A,Example1,1,52.0,5.333333333333333,nan
ALNS-A,Example1,1,53.0,5.333333333333333,nan
ALNS-A,Example1,1,54.0,4.666666666666667,nan
ALNS-A,Example1,1,55.0,4.666666666666667,nan
ALNS-A,Example1,1,56.0,4.666666666666667,nan
ALNS-A,Example1,1,57.0,4.0,nan
ALNS-A,Example1,1,58.0,4.0,nan
ALNS-A,Example1,1,59.0,4.0,nan
ALNS-A,Example1,1,60.0,4.0,nan
ALNS-A,Example1,1,61.0,4.0,nan
ALNS-A,Example1,1,62.0,4.0,nan
ALNS-A,Example1,1,63.0,4.0,nan
ALNS-A,Example1,1,64.0,4.0,nan
ALNS-A,Example1,1,65.0,4.0,nan
ALNS-A,Example1,1,66.0,4.0,nan
ALNS-A,Example1,1,67.0,4.0,nan
ALNS-A,Example1,1,68.0,4.0,nan
ALNS-A,Example1,1,69.0,4.0,nan
ALNS-A,Example1,1,70.0,4.0,nan
ALNS-A,Example1,1,71.0,4.0,nan
ALNS-A,Example1,1,72.0,4.0,nan
ALNS-A,Example1,1,73.0,4.0,nan
ALNS-A,Example1,1,74.0,4.0,nan
ALNS-A,Example1,1,75.0,4.0,nan
ALNS-A,Example1,1,76.0,4.0,nan
ALNS-A,Example1,1,77.0,4.0,nan
ALNS-A,Example1,1,78.0,3.6666666666666665,nan
ALNS-A,Example1,1,79.0,3.3333333333333335,nan
ALNS-A,Example1,1,80.0,3.3333333333333335,nan
ALNS-A,Example1,1,81.0,3.0,nan
ALNS-A,Example1,1,82.0,3.0,nan
ALNS-A,Example1,1,83.0,3.0,nan
ALNS-A,Example1,1,84.0,3.0,nan
ALNS-A,Example1,1,85.0,3.0,nan
ALNS-A,Example1,1,86.0,2.6666666666666665,nan
ALNS-A,Example1,1,87.0,2.6666666666666665,nan
ALNS-A,Example1,1,88.0,2.6666666666666665,nan
ALNS-A,Example1,1,89.0,2.3333333333333335,nan
ALNS-A,Example1,1,90.0,2.3333333333333335,nan
ALNS-A,Example1,1,91.0,2.3333333333333335,nan
ALNS-A,Example1,1,92.0,2.3333333333333335,nan
ALNS-A,Example1,1,93.0,2.3333333333333335,nan
ALNS-A,Example1,1,94.0,2.3333333333333335,nan
ALNS-A,Example1,1,95.0,2.3333333333333335,nan
ALNS-A,Example1,1,96.0,2.3333333333333335,nan
ALNS-A,Example1,1,97.0,2.3333333333333335,nan
ALNS-A,Example1,1,98.0,2.3333333333333335,nan
ALNS-A,Example1,1,99.0,2.3333333333333335,nan
ALNS-A,Example1,1,100.0,2.3333333333333335,nan
ALNS-A,Example1,1,101.0,2.3333333333333335,nan
ALNS-A,Example1,1,102.0,2.3333333333333335,nan
ALNS-A,Example1,1,103.0,2.3333333333333335,nan
ALNS-A,Example1,1,104.0,2.3333333333333335,nan
ALNS-A,Example1,1,105.0,2.3333333333333335,nan
ALNS-A,Example1,1,106.0,2.3333333333333335,nan
ALNS-A,Example1,1,107.0,2.3333333333333335,nan
ALNS-A,Example1,1,108.0,2.3333333333333335,nan
ALNS-A,Example1,1,109.0,2.3333333333333335,nan
ALNS-A,Example1,1,110.0,2.3333333333333335,nan
ALNS-A,Example1,1,111.0,2.3333333333333335,nan
ALNS-A,Example1,1,112.0,2.0,nan
ALNS-A,Example1,1,113.0,2.0,nan
ALNS-A,Example1,1,114.0,2.0,nan
ALNS-A,Example1,1,115.0,2.0,nan
ALNS-A,Example1,1,116.0,2.0,nan
ALNS-A,Example1,1,117.0,2.0,nan
ALNS-A,Example1,1,118.0,2.0,nan
ALNS-A,Example1,1,119.0,2.0,nan
ALNS-A,Example1,1,120.0,2.0,nan
ALNS-A,Example1,1,121.0,2.0,nan
ALNS-A,Example1,1,122.0,2.0,nan
ALNS-A,Example1,1,123.0,2.0,nan
ALNS-A,Example1,1,124.0,2.0,nan
ALNS-A,Example1,1,125.0,2.0,nan
ALNS-A,Example1,1,126.0,2.0,nan
ALNS-A,Example1,1,127.0,2.0,nan
ALNS-A,Example1,1,128.0,2.0,nan
ALNS-A,Example1,1,129.0,2.0,nan
ALNS-A,Example1,1,130.0,2.0,nan
ALNS-A,Example1,1,131.0,2.0,nan
ALNS-A,Example1,1,132.0,2.0,nan
ALNS-A,Example1,1,133.0,1.6666666666666667,nan
ALNS-A,Example1,1,134.0,1.6666666666666667,nan
ALNS-A,Example1,1,135.0,1.6666666666666667,nan
ALNS-A,Example1,1,136.0,1.6666666666666667,nan
ALNS-A,Example1,1,137.0,1.6666666666666667,nan
ALNS-A,Example1,1,138.0,1.6666666666666667,nan
ALNS-A,Example1,1,139.0,1.6666666666666667,nan
ALNS-A,Example1,1,140.0,1.3333333333333333,nan
ALNS-A,Example1,1,141.0,1.3333333333333333,nan
ALNS-A,Example1,1,142.0,1.3333333333333333,nan
ALNS-A,Example1,1,143.0,1.3333333333333333,nan
ALNS-A,Example1,1,144.0,1.3333333333333333,nan
ALNS-A,Example1,1,145.0,1.3333333333333333,nan
ALNS-A,Example1,1,146.0,1.0,nan
ALNS-A,Example1,1,147.0,1.0,nan
ALNS-A,Example1,1,148.0,1.0,nan
ALNS-A,Example1,1,149.0,1.0,nan
ALNS-A,Example1,1,150.0,1.0,nan
ALNS-A,Example1,1,151.0,1.0,nan
ALNS-A,Example1,1,152.0,1.0,nan
ALNS-A,Example1,1,153.0,1.0,nan
ALNS-A,Example1,1,154.0,1.0,nan
ALNS-A,Example1,1,155.0,1.0,nan
ALNS-A,Example1,1,156.0,1.0,nan
ALNS-A,Example1,1,157.0,0.6666666666666666,nan
ALNS-A,Example1,1,158.0,0.6666666666666666,nan
ALNS-A,Example1,1,159.0,0.6666666666666666,nan
ALNS-A,Example1,1,160.0,0.6666666666666666,nan
ALNS-A,Example1,1,161.0,0.6666666666666666,nan
ALNS-A,Example1,1,162.0,0.6666666666666666,nan
ALNS-A,Example1,1,163.0,0.6666666666666666,nan
ALNS-A,Example1,1,164.0,0.6666666666666666,nan
ALNS-A,Example1,1,165.0,0.6666666666666666,nan
ALNS-A,Example1,1,166.0,0.6666666666666666,nan
ALNS-A,Example1,1,167.0,0.6666666666666666,nan
ALNS-A,Example1,1,168.0,0.6666666666666666,nan
ALNS-A,Example1,1,169.0,0.6666666666666666,nan
ALNS-A,Example1,1,170.0,0.6666666666666666,nan
ALNS-A,Example1,1,171.0,0.6666666666666666,nan
ALNS-A,Example1,1,172.0,0.6666666666666666,nan
ALNS-A,Example1,1,173.0,0.6666666666666666,nan
ALNS-A,Example1,1,174.0,0.6666666666666666,nan
ALNS-A,Example1,1,175.0,0.6666666666666666,nan
ALNS-A,Example1,1,176.0,0.6666666666666666,nan
ALNS-A,Example1,1,177.0,0.6666666666666666,nan
ALNS-A,Example1,1,178.0,0.6666666666666666,nan
ALNS-A,Example1,1,179.0,0.6666666666666666,nan
ALNS-A,Example1,1,180.0,0.6666666666666666,nan
ALNS-A,Example1,1,181.0,0.6666666666666666,nan
ALNS-A,Example1,1,182.0,0.6666666666666666,nan
ALNS-A,Example1,1,183.0,0.6666666666666666,nan
ALNS-A,Example1,1,184.0,0.6666666666666666,nan
ALNS-A,Example1,1,185.0,0.6666666666666666,nan
ALNS-A,Example1,1,186.0,0.6666666666666666,nan
ALNS-A,Example1,1,187.0,0.6666666666666666,nan
ALNS-A,Example1,1,188.0,0.6666666666666666,nan
ALNS-A,Example1,1,189.0,0.6666666666666666,nan
ALNS-A,Example1,1,190.0,0.6666666666666666,nan
ALNS-A,Example1,1,191.0,0.6666666666666666,nan
ALNS-A,Example1,1,192.0,0.6666666666666666,nan
ALNS-A,Example1,1,193.0,0.6666666666666666,nan
ALNS-A,Example1,1,194.0,0.6666666666666666,nan
ALNS-A,Example1,1,195.0,0.6666666666666666,nan
ALNS-A,Example1,1,196.0,0.6666666666666666,nan
ALNS-A,Example1,1,197.0,0.6666666666666666,nan
ALNS-A,Example1,1,198.0,0.6666666666666666,nan
ALNS-A,Example1,1,199.0,0.6666666666666666,nan
ALNS-A,Example1,1,200.0,0.6666666666666666,nan
ALNS-A,Example1,1,201.0,0.6666666666666666,nan
ALNS-A,Example1,1,202.0,0.6666666666666666,nan
ALNS-A,Example1,1,203.0,0.6666666666666666,nan
ALNS-A,Example1,1,204.0,0.6666666666666666,nan
ALNS-A,Example1,1,205.0,0.6666666666666666,nan
ALNS-A,Example1,1,206.0,0.6666666666666666,nan
ALNS-A,Example1,1,207.0,0.6666666666666666,nan
ALNS-A,Example1,1,208.0,0.6666666666666666,nan
ALNS-A,Example1,1,209.0,0.6666666666666666,nan
ALNS-A,Example1,1,210.0,0.6666666666666666,nan
ALNS-A,Example1,1,211.0,0.6666666666666666,nan
ALNS-A,Example1,1,212.0,0.6666666666666666,nan
ALNS-A,Example1,1,213.0,0.6666666666666666,nan
ALNS-A,Example1,1,214.0,0.6666666666666666,nan
ALNS-A,Example1,1,215.0,0.6666666666666666,nan
ALNS-A,Example1,1,216.0,0.6666666666666666,nan
ALNS-A,Example1,1,217.0,0.6666666666666666,nan
ALNS-A,Example1,1,218.0,0.6666666666666666,nan
ALNS-A,Example1,1,219.0,0.6666666666666666,nan
ALNS-A,Example1,1,220.0,0.6666666666666666,nan
ALNS-A,Example1,1,221.0,0.6666666666666666,nan
ALNS-A,Example1,1,222.0,0.6666666666666666,nan
ALNS-A,Example1,1,223.0,0.6666666666666666,nan
ALNS-A,Example1,1,224.0,0.6666666666666666,nan
ALNS-A,Example1,1,225.0,0.6666666666666666,nan
ALNS-A,Example1,1,226.0,0.6666666666666666,nan
ALNS-A,Example1,1,227.0,0.6666666666666666,nan
ALNS-A,Example1,1,228.0,0.6666666666666666,nan
ALNS-A,Example1,1,229.0,0.6666666666666666,nan
ALNS-A,Example1,1,230.0,0.6666666666666666,nan
ALNS-A,Example1,1,231.0,0.6666666666666666,nan
ALNS-A,Example1,1,232.0,0.6666666666666666,nan
ALNS-A,Example1,1,233.0,0.6666666666666666,nan
ALNS-A,Example1,1,234.0,0.6666666666666666,nan
ALNS-A,Example1,1,235.0,0.6666666666666666,nan
ALNS-A,Example1,1,236.0,0.6666666666666666,nan
ALNS-A,Example1,1,237.0,0.6666666666666666,nan
ALNS-A,Example1,1,238.0,0.6666666666666666,nan
ALNS-A,Example1,1,239.0,0.6666666666666666,nan
ALNS-A,Example1,1,240.0,0.6666666666666666,nan
ALNS-A,Example1,1,241.0,0.6666666666666666,nan
ALNS-A,Example1,1,242.0,0.6666666666666666,nan
ALNS-A,Example1,1,243.0,0.6666666666666666,nan
ALNS-A,Example1,1,244.0,0.6666666666666666,nan
ALNS-A,Example1,1,245.0,0.6666666666666666,nan
ALNS-A,Example1,1,246.0,0.6666666666666666,nan
ALNS-A,Example1,1,247.0,0.6666666666666666,nan
ALNS-A,Example1,1,248.0,0.6666666666666666,nan
ALNS-A,Example1,1,249.0,0.6666666666666666,nan
ALNS-A,Example1,1,250.0,0.6666666666666666,nan
ALNS-A,Example1,1,251.0,0.6666666666666666,nan
ALNS-A,Example1,1,252.0,0.6666666666666666,nan
ALNS-A,Example1,1,253.0,0.6666666666666666,nan
ALNS-A,Example1,1,254.0,0.6666666666666666,nan
ALNS-A,Example1,1,255.0,0.6666666666666666,nan
ALNS-A,Example1,1,256.0,0.6666666666666666,nan
ALNS-A,Example1,1,257.0,0.6666666666666666,nan
ALNS-A,Example1,1,258.0,0.6666666666666666,nan
ALNS-A,Example1,1,259.0,0.6666666666666666,nan
ALNS-A,Example1,1,260.0,0.6666666666666666,nan
ALNS-A,Example1,1,261.0,0.6666666666666666,nan
ALNS-A,Example1,1,262.0,0.6666666666666666,nan
ALNS-A,Example1,1,263.0,0.6666666666666666,nan
ALNS-A,Example1,1,264.0,0.6666666666666666,nan
ALNS-A,Example1,1,265.0,0.6666666666666666,nan
ALNS-A,Example1,1,266.0,0.6666666666666666,nan
ALNS-A,Example1,1,267.0,0.6666666666666666,nan
ALNS-A,Example1,1,268.0,0.6666666666666666,nan
ALNS-A,Example1,1,269.0,0.6666666666666666,nan
ALNS-A,Example1,1,270.0,0.6666666666666666,nan
ALNS-A,Example1,1,271.0,0.6666666666666666,nan
ALNS-A,Example1,1,272.0,0.6666666666666666,nan
ALNS-A,Example1,1,273.0,0.6666666666666666,nan
ALNS-A,Example2,2,0.0,62.666666666666664,nan
ALNS-A,Example2,2,1.0,62.666666666666664,nan
ALNS-A,Example2,2,2.0,58.0,nan
ALNS-A,Example2,2,3.0,54.666666666666664,nan
ALNS-A,Example2,2,4.0,54.666666666666664,nan
ALNS-A,Example2,2,5.0,52.666666666666664,nan
ALNS-A,Example2,2,6.0,49.333333333333336,nan
ALNS-A,Example2,2,7.0,48.333333333333336,nan
ALNS-A,Example2,2,8.0,39.0,nan
ALNS-A,Example2,2,9.0,39.0,nan
ALNS-A,Example2,2,10.0,35.333333333333336,nan
ALNS-A,Example2,2,11.0,35.333333333333336,nan
ALNS-A,Example2,2,12.0,35.333333333333336,nan
ALNS-A,Example2,2,13.0,34.666666666666664,nan
ALNS-A,Example2,2,14.0,34.666666666666664,nan
ALNS-A,Example2,2,15.0,34.666666666666664,nan
ALNS-A,Example2,2,16.0,31.333333333333332,nan
ALNS-A,Example2,2,17.0,31.0,nan
ALNS-A,Example2,2,18.0,23.666666666666668,nan
ALNS-A,Example2,2,19.0,23.666666666666668,nan
ALNS-A,Example2,2,20.0,23.666666666666668,nan
ALNS-A,Example2,2,21.0,23.666666666666668,nan
ALNS-A,Example2,2,22.0,17.666666666666668,nan
ALNS-A,Example2,2,23.0,17.666666666666668,nan
ALNS-A,Example2,2,24.0,11.666666666666666,nan
ALNS-A,Example2,2,25.0,11.333333333333334,nan
ALNS-A,Example2,2,26.0,11.333333333333334,nan
ALNS-A,Example2,2,27.0,11.333333333333334,nan
ALNS-A,Example2,2,28.0,8.666666666666666,nan
ALNS-A,Example2,2,29.0,3.0,nan
ALNS-A,Example2,2,30.0,3.0,nan
ALNS-A,Example2,2,31.0,3.0,nan
ALNS-A,Example2,2,32.0,2.6666666666666665,nan
ALNS-A,Example2,2,33.0,2.0,nan
ALNS-A,Example2,2,34.0,2.0,nan
ALNS-A,Example2,2,35.0,2.0,nan
ALNS-A,Example2,2,36.0,2.0,nan
ALNS-A,Example2,2,37.0,2.0,nan
ALNS-A,Example2,2,38.0,1.6666666666666667,nan
ALNS-A,Example2,2,39.0,1.6666666666666667,nan
ALNS-A,Example2,2,40.0,1.6666666666666667,nan
ALNS-A,Example2,2,41.0,1.6666666666666667,nan
ALNS-A,Example2,2,42.0,1.6666666666666667,nan
ALNS-A,Example2,2,43.0,1.6666666666666667,nan
ALNS-A,Example2,2,44.0,1.6666666666666667,nan
ALNS-A,Example2,2,45.0,1.6666666666666667,nan
ALNS-A,Example2,2,46.0,1.6666666666666667,nan
ALNS-A,Example2,2,47.0,1.6666666666666667,nan
ALNS-A,Example2,2,48.0,1.6666666666666667,nan
ALNS-A,Example2,2,49.0,1.6666666666666667,nan
ALNS-A,Example2,2,50.0,1.6666666666666667,nan
ALNS-A,Example2,2,51.0,1.6666666666666667,nan
ALNS-A,Example2,2,52.0,1.0,nan
ALNS-A,Example2,2,53.0,1.0,nan
ALNS-A,Example2,2,54.0,1.0,nan
ALNS-A,Example2,2,55.0,1.0,nan
ALNS-A,Example2,2,56.0,1.0,nan
ALNS-A,Example2,2,57.0,1.0,nan
ALNS-A,Example2,2,58.0,1.0,nan
ALNS-A,Example2,2,59.0,1.0,nan
ALNS-A,Example2,2,60.0,1.0,nan
ALNS-A,Example2,2,61.0,1.0,nan
ALNS-A,Example2,2,62.0,1.0,nan
ALNS-A,Example2,2,63.0,1.0,nan
ALNS-A,Example2,2,64.0,1.0,nan
ALNS-A,Example2,2,65.0,1.0,nan
ALNS-A,Example2,2,66.0,1.0,nan
ALNS-A,Example2,2,67.0,1.0,nan
ALNS-A,Example2,2,68.0,1.0,nan
ALNS-A,Example2,2,69.0,1.0,nan
ALNS-A,Example2,2,70.0,1.0,nan
ALNS-A,Example2,2,71.0,1.0,nan
ALNS-A,Example2,2,72.0,1.0,nan
ALNS-A,Example2,2,73.0,1.0,nan
ALNS-A,Example2,2,74.0,1.0,nan
ALNS-A,Example2,2,75.0,1.0,nan
ALNS-A,Example2,2,76.0,1.0,nan
ALNS-A,Example2,2,77.0,1.0,nan
ALNS-A,Example2,2,78.0,1.0,nan
ALNS-A,Example2,2,79.0,1.0,nan
ALNS-A,Example2,2,80.0,1.0,nan
ALNS-A,Example2,2,81.0,1.0,nan
ALNS-A,Example2,2,82.0,1.0,nan
ALNS-A,Example2,2,83.0,1.0,nan
ALNS-A,Example2,2,84.0,1.0,nan
ALNS-A,Example2,2,85.0,1.0,nan
ALNS-A,Example2,2,86.0,1.0,nan
ALNS-A,Example2,2,87.0,1.0,nan
ALNS-A,Example2,2,88.0,1.0,nan
ALNS-A,Example2,2,89.0,0.6666666666666666,nan
ALNS-A,Example2,2,90.0,0.6666666666666666,nan
ALNS-A,Example2,2,91.0,0.6666666666666666,nan
ALNS-A,Example2,2,92.0,0.6666666666666666,nan
ALNS-A,Example2,2,93.0,0.6666666666666666,nan
ALNS-A,Example2,2,94.0,0.6666666666666666,nan
ALNS-A,Example2,2,95.0,0.6666666666666666,nan
ALNS-A,Example2,2,96.0,0.6666666666666666,nan
ALNS-A,Example2,2,97.0,0.6666666666666666,nan
ALNS-A,Example2,2,98.0,0.3333333333333333,nan
ALNS-A,Example2,2,99.0,0.3333333333333333,nan
ALNS-A,Example2,2,100.0,0.3333333333333333,nan
ALNS-A,Example2,2,101.0,0.3333333333333333,nan
ALNS-A,Example2,2,102.0,0.3333333333333333,nan
ALNS-A,Example2,2,103.0,0.3333333333333333,nan
ALNS-A,Example2,2,104.0,0.3333333333333333,nan
ALNS-A,Example2,2,105.0,0.3333333333333333,nan
ALNS-A,Example2,2,106.0,0.3333333333333333,nan
ALNS-A,Example2,2,107.0,0.3333333333333333,nan
ALNS-A,Example2,2,108.0,0.3333333333333333,nan
ALNS-A,Example2,2,109.0,0.3333333333333333,nan
ALNS-A,Example2,2,110.0,0.3333333333333333,nan
ALNS-A,Example2,2,111.0,0.3333333333333333,nan
ALNS-A,Example2,2,112.0,0.3333333333333333,nan
ALNS-A,Example2,2,113.0,0.3333333333333333,nan
ALNS-A,Example2,2,114.0,0.3333333333333333,nan
ALNS-A,Example2,2,115.0,0.3333333333333333,nan
ALNS-A,Example2,2,116.0,0.3333333333333333,nan
ALNS-A,Example2,2,117.0,0.3333333333333333,nan
ALNS-A,Example2,2,118.0,0.3333333333333333,nan
ALNS-A,Example2,2,119.0,0.3333333333333333,nan
ALNS-A,Example2,2,120.0,0.3333333333333333,nan
ALNS-A,Example2,2,121.0,0.3333333333333333,nan
ALNS-A,Example2,2,122.0,0.3333333333333333,nan
ALNS-A,Example2,2,123.0,0.3333333333333333,nan
ALNS-A,Example2,2,124.0,0.3333333333333333,nan
ALNS-A,Example2,2,125.0,0.3333333333333333,nan
ALNS-A,Example2,2,126.0,0.3333333333333333,nan
ALNS-A,Example2,2,127.0,0.3333333333333333,nan
ALNS-A,Example2,2,128.0,0.3333333333333333,nan
ALNS-A,Example2,2,129.0,0.3333333333333333,nan
ALNS-A,Example2,2,130.0,0.3333333333333333,nan
ALNS-A,Example2,2,131.0,0.3333333333333333,nan
ALNS-A,Example2,2,132.0,0.3333333333333333,nan
ALNS-A,Example2,2,133.0,0.3333333333333333,nan
ALNS-A,Example2,2,134.0,0.3333333333333333,nan
ALNS-A,Example2,2,135.0,0.3333333333333333,nan
ALNS-A,Example2,2,136.0,0.3333333333333333,nan
ALNS-A,Example2,2,137.0,0.3333333333333333,nan
ALNS-A,Example2,2,138.0,0.3333333333333333,nan
ALNS-A,Example2,2,139.0,0.3333333333333333,nan
ALNS-A,Example2,2,140.0,0.3333333333333333,nan
ALNS-A,Example2,2,141.0,0.3333333333333333,nan
ALNS-A,Example2,2,142.0,0.3333333333333333,nan
ALNS-A,Example2,2,143.0,0.3333333333333333,nan
ALNS-A,Example2,2,144.0,0.3333333333333333,nan
ALNS-A,Example2,2,145.0,0.3333333333333333,nan
ALNS-A,Example2,2,146.0,0.3333333333333333,nan
ALNS-A,Example2,2,147.0,0.3333333333333333,nan
ALNS-A,Example2,2,148.0,0.3333333333333333,nan
ALNS-A,Example2,2,149.0,0.3333333333333333,nan
ALNS-A,Example2,2,150.0,0.3333333333333333,nan
ALNS-A,Example2,2,151.0,0.3333333333333333,nan
ALNS-A,Example2,2,152.0,0.3333333333333333,nan
ALNS-A,Example2,2,153.0,0.3333333333333333,nan
ALNS-A,Example2,2,154.0,0.3333333333333333,nan
ALNS-A,Example2,2,155.0,0.3333333333333333,nan
ALNS-A,Example2,2,156.0,0.3333333333333333,nan
ALNS-A,Example2,2,157.0,0.3333333333333333,nan
ALNS-A,Example2,2,158.0,0.3333333333333333,nan
ALNS-A,Example2,2,159.0,0.3333333333333333,nan
ALNS-A,Example2,2,160.0,0.3333333333333333,nan
ALNS-A,Example2,2,161.0,0.3333333333333333,nan
ALNS-A,Example2,2,162.0,0.3333333333333333,nan
ALNS-A,Example2,2,163.0,0.3333333333333333,nan
ALNS-A,Example2,2,164.0,0.3333333333333333,nan
ALNS-A,Example2,2,165.0,0.3333333333333333,nan
ALNS-A,Example2,2,166.0,0.3333333333333333,nan
ALNS-A,Example2,2,167.0,0.3333333333333333,nan
ALNS-A,Example2,2,168.0,0.3333333333333333,nan
ALNS-A,Example2,2,169.0,0.3333333333333333,nan
ALNS-A,Example2,2,170.0,0.3333333333333333,nan
ALNS-A,Example2,2,171.0,0.3333333333333333,nan
ALNS-A,Example2,2,172.0,0.3333333333333333,nan
ALNS-A,Example2,2,173.0,0.3333333333333333,nan
ALNS-A,Example2,2,174.0,0.3333333333333333,nan
ALNS-A,Example2,2,175.0,0.3333333333333333,nan
ALNS-A,Example2,2,176.0,0.3333333333333333,nan
ALNS-A,Example2,2,177.0,0.3333333333333333,nan
ALNS-A,Example2,2,178.0,0.3333333333333333,nan
ALNS-A,Example2,2,179.0,0.3333333333333333,nan
ALNS-A,Example2,2,180.0,0.3333333333333333,nan
ALNS-A,Example2,2,181.0,0.3333333333333333,nan
ALNS-A,Example2,2,182.0,0.3333333333333333,nan
ALNS-A,Example2,2,183.0,0.3333333333333333,nan
ALNS-A,Example2,2,184.0,0.3333333333333333,nan
ALNS-A,Example2,2,185.0,0.3333333333333333,nan
ALNS-A,Example2,2,186.0,0.3333333333333333,nan
ALNS-A,Example2,2,187.0,0.3333333333333333,nan
ALNS-A,Example2,2,188.0,0.3333333333333333,nan
ALNS-A,Example2,2,189.0,0.3333333333333333,nan
ALNS-A,Example2,2,190.0,0.3333333333333333,nan
ALNS-A,Example2,2,191.0,0.3333333333333333,nan
ALNS-A,Example2,2,192.0,0.3333333333333333,nan
ALNS-A,Example2,2,193.0,0.3333333333333333,nan
ALNS-A,Example2,2,194.0,0.3333333333333333,nan
ALNS-A,Example2,2,195.0,0.3333333333333333,nan
ALNS-A,Example2,2,196.0,0.3333333333333333,nan
ALNS-A,Example2,2,197.0,0.3333333333333333,nan
ALNS-A,Example2,2,198.0,0.3333333333333333,nan
ALNS-A,Example2,2,199.0,0.3333333333333333,nan
ALNS-A,Example2,2,200.0,0.3333333333333333,nan
ALNS-A,Example2,2,201.0,0.3333333333333333,nan
ALNS-A,Example2,2,202.0,0.3333333333333333,nan
ALNS-A,Example2,2,203.0,0.3333333333333333,nan
ALNS-A,Example2,2,204.0,0.3333333333333333,nan
ALNS-A,Example2,2,205.0,0.3333333333333333,nan
ALNS-A,Example2,2,206.0,0.3333333333333333,nan
ALNS-A,Example2,2,207.0,0.3333333333333333,nan
ALNS-A,Example2,2,208.0,0.3333333333333333,nan
ALNS-A,Example2,2,209.0,0.3333333333333333,nan
ALNS-A,Example2,2,210.0,0.3333333333333333,nan
ALNS-A,Example2,2,211.0,0.3333333333333333,nan
ALNS-A,Example2,2,212.0,0.3333333333333333,nan
ALNS-A,Example2,2,213.0,0.3333333333333333,nan
ALNS-A,Example2,2,214.0,0.3333333333333333,nan
ALNS-A,Example2,2,215.0,0.3333333333333333,nan
ALNS-A,Example2,2,216.0,0.3333333333333333,nan
ALNS-A,Example2,2,217.0,0.3333333333333333,nan
ALNS-A,Example2,2,218.0,0.3333333333333333,nan
ALNS-A,Example2,2,219.0,0.3333333333333333,nan
ALNS-A,Example2,2,220.0,0.3333333333333333,nan
ALNS-A,Example2,2,221.0,0.3333333333333333,nan
ALNS-A,Example2,2,222.0,0.3333333333333333,nan
ALNS-A,Example2,2,223.0,0.3333333333333333,nan
ALNS-A,Example2,2,224.0,0.3333333333333333,nan
ALNS-A,Example2,2,225.0,0.3333333333333333,nan
ALNS-A,Example2,2,226.0,0.3333333333333333,nan
ALNS-A,Example2,2,227.0,0.3333333333333333,nan
ALNS-A,Example2,2,228.0,0.3333333333333333,nan
ALNS-A,Example2,2,229.0,0.3333333333333333,nan
ALNS-A,Example2,2,230.0,0.3333333333333333,nan
ALNS-A,Example2,2,231.0,0.3333333333333333,nan
ALNS-A,Example2,2,232.0,0.3333333333333333,nan
ALNS-A,Example2,2,233.0,0.3333333333333333,nan
ALNS-A,Example2,2,234.0,0.3333333333333333,nan
ALNS-A,Example2,2,235.0,0.3333333333333333,nan
ALNS-A,Example2,2,236.0,0.3333333333333333,nan
ALNS-A,Example2,2,237.0,0.3333333333333333,nan
ALNS-A,Example2,2,238.0,0.3333333333333333,nan
ALNS-A,Example2,2,239.0,0.3333333333333333,nan
ALNS-A,Example2,2,240.0,0.3333333333333333,nan
ALNS-A,Example2,2,241.0,0.3333333333333333,nan
ALNS-A,Example2,2,242.0,0.3333333333333333,nan
ALNS-A,Example2,2,243.0,0.3333333333333333,nan
ALNS-A,Example2,2,244.0,0.3333333333333333,nan
ALNS-A,Example2,2,245.0,0.3333333333333333,nan
ALNS-A,Example2,2,246.0,0.3333333333333333,nan
ALNS-A,Example2,2,247.0,0.3333333333333333,nan
ALNS-A,Example2,2,248.0,0.3333333333333333,nan
ALNS-A,Example2,2,249.0,0.3333333333333333,nan
ALNS-A,Example2,2,250.0,0.3333333333333333,nan
ALNS-A,Example2,2,251.0,0.3333333333333333,nan
ALNS-A,Example2,2,252.0,0.3333333333333333,nan
ALNS-A,Example2,2,253.0,0.3333333333333333,nan
ALNS-A,Example2,2,254.0,0.3333333333333333,nan
ALNS-A,Example2,2,255.0,0.3333333333333333,nan
ALNS-A,Example2,2,256.0,0.3333333333333333,nan
ALNS-A,Example2,2,257.0,0.3333333333333333,nan
ALNS-A,Example2,2,258.0,0.3333333333333333,nan
ALNS-A,Example2,2,259.0,0.3333333333333333,nan
ALNS-A,Example2,2,260.0,0.3333333333333333,nan
ALNS-A,Example2,2,261.0,0.3333333333333333,nan
ALNS-A,Example2,2,262.0,0.3333333333333333,nan
ALNS-A,Example2,2,263.0,0.3333333333333333,nan
ALNS-A,Example2,2,264.0,0.3333333333333333,nan
ALNS-A,Example2,2,265.0,0.3333333333333333,nan
ALNS-A,Example2,2,266.0,0.3333333333333333,nan
ALNS-A,Example2,2,267.0,0.3333333333333333,nan
ALNS-A,Example2,2,268.0,0.3333333333333333,nan
ALNS-A,Example2,2,269.0,0.3333333333333333,nan
ALNS-A,Example2,2,270.0,0.3333333333333333,nan
ALNS-A,Example2,2,271.0,0.3333333333333333,nan
ALNS-A,Example2,2,272.0,0.3333333333333333,nan
ALNS-A,Example2,2,273.0,0.3333333333333333,nan
ALNS-A,Example3,3,0.0,162.33333333333334,nan
ALNS-A,Example3,3,1.0,162.33333333333334,nan
ALNS-A,Example3,3,2.0,162.33333333333334,nan
ALNS-A,Example3,3,3.0,162.0,nan
ALNS-A,Example3,3,4.0,162.0,nan
ALNS-A,Example3,3,5.0,93.0,nan
ALNS-A,Example3,3,6.0,51.666666666666664,nan
ALNS-A,Example3,3,7.0,51.666666666666664,nan
ALNS-A,Example3,3,8.0,51.666666666666664,nan
ALNS-A,Example3,3,9.0,39.0,nan
ALNS-A,Example3,3,10.0,34.333333333333336,nan
ALNS-A,Example3,3,11.0,34.333333333333336,nan
ALNS-A,Example3,3,12.0,34.333333333333336,nan
ALNS-A,Example3,3,13.0,34.333333333333336,nan
ALNS-A,Example3,3,14.0,29.666666666666668,nan
ALNS-A,Example3,3,15.0,29.666666666666668,nan
ALNS-A,Example3,3,16.0,29.666666666666668,nan
ALNS-A,Example3,3,17.0,29.666666666666668,nan
ALNS-A,Example3,3,18.0,29.666666666666668,nan
ALNS-A,Example3,3,19.0,29.666666666666668,nan
ALNS-A,Example3,3,20.0,29.666666666666668,nan
ALNS-A,Example3,3,21.0,29.666666666666668,nan
ALNS-A,Example3,3,22.0,29.666666666666668,nan
ALNS-A,Example3,3,23.0,29.666666666666668,nan
ALNS-A,Example3,3,24.0,29.666666666666668,nan
ALNS-A,Example3,3,25.0,29.666666666666668,nan
ALNS-A,Example3,3,26.0,29.666666666666668,nan
ALNS-A,Example3,3,27.0,29.666666666666668,nan
ALNS-A,Example3,3,28.0,29.666666666666668,nan
ALNS-A,Example3,3,29.0,29.666666666666668,nan
ALNS-A,Example3,3,30.0,29.666666666666668,nan
ALNS-A,Example3,3,31.0,29.666666666666668,nan
ALNS-A,Example3,3,32.0,29.666666666666668,nan
ALNS-A,Example3,3,33.0,29.666666666666668,nan
ALNS-A,Example3,3,34.0,29.666666666666668,nan
ALNS-A,Example3,3,35.0,29.666666666666668,nan
ALNS-A,Example3,3,36.0,29.666666666666668,nan
ALNS-A,Example3,3,37.0,29.666666666666668,nan
ALNS-A,Example3,3,38.0,28.333333333333332,nan
ALNS-A,Example3,3,39.0,28.333333333333332,nan
ALNS-A,Example3,3,40.0,28.333333333333332,nan
ALNS-A,Example3,3,41.0,28.333333333333332,nan
ALNS-A,Example3,3,42.0,28.333333333333332,nan
ALNS-A,Example3,3,43.0,28.333333333333332,nan
ALNS-A,Example3,3,44.0,28.333333333333332,nan
ALNS-A,Example3,3,45.0,28.333333333333332,nan
ALNS-A,Example3,3,46.0,28.333333333333332,nan
ALNS-A,Example3,3,47.0,28.333333333333332,nan
ALNS-A,Example3,3,48.0,28.333333333333332,nan
ALNS-A,Example3,3,49.0,28.333333333333332,nan
ALNS-A,Example3,3,50.0,28.333333333333332,nan
ALNS-A,Example3,3,51.0,27.333333333333332,nan
ALNS-A,Example3,3,52.0,27.333333333333332,nan
ALNS-A,Example3,3,53.0,27.333333333333332,nan
ALNS-A,Example3,3,54.0,27.333333333333332,nan
ALNS-A,Example3,3,55.0,27.333333333333332,nan
ALNS-A,Example3,3,56.0,27.333333333333332,nan
ALNS-A,Example3,3,57.0,27.333333333333332,nan
ALNS-A,Example3,3,58.0,27.333333333333332,nan
ALNS-A,Example3,3,59.0,27.333333333333332,nan
ALNS-A,Example3,3,60.0,27.333333333333332,nan
ALNS-A,Example3,3,61.0,27.333333333333332,nan
ALNS-A,Example3,3,62.0,27.333333333333332,nan
ALNS-A,Example3,3,63.0,27.333333333333332,nan
ALNS-A,Example3,3,64.0,27.333333333333332,nan
ALNS-A,Example3,3,65.0,27.333333333333332,nan
ALNS-A,Example3,3,66.0,27.333333333333332,nan
ALNS-A,Example3,3,67.0,27.333333333333332,nan
ALNS-A,Example3,3,68.0,27.333333333333332,nan
ALNS-A,Example3,3,69.0,27.333333333333332,nan
ALNS-A,Example3,3,70.0,27.333333333333332,nan
ALNS-A,Example3,3,71.0,27.0,nan
ALNS-A,Example3,3,72.0,27.0,nan
ALNS-A,Example3,3,73.0,27.0,nan
ALNS-A,Example3,3,74.0,27.0,nan
ALNS-A,Example3,3,75.0,27.0,nan
ALNS-A,Example3,3,76.0,27.0,nan
ALNS-A,Example3,3,77.0,27.0,nan
ALNS-A,Example3,3,78.0,27.0,nan
ALNS-A,Example3,3,79.0,26.333333333333332,nan
ALNS-A,Example3,3,80.0,26.333333333333332,nan
ALNS-A,Example3,3,81.0,26.333333333333332,nan
ALNS-A,Example3,3,82.0,26.333333333333332,nan
ALNS-A,Example3,3,83.0,26.333333333333332,nan
ALNS-A,Example3,3,84.0,25.333333333333332,nan
ALNS-A,Example3,3,85.0,25.333333333333332,nan
ALNS-A,Example3,3,86.0,25.333333333333332,nan
ALNS-A,Example3,3,87.0,25.333333333333332,nan
ALNS-A,Example3,3,88.0,25.333333333333332,nan
ALNS-A,Example3,3,89.0,25.333333333333332,nan
ALNS-A,Example3,3,90.0,25.333333333333332,nan
ALNS-A,Example3,3,91.0,25.333333333333332,nan
ALNS-A,Example3,3,92.0,25.333333333333332,nan
ALNS-A,Example3,3,93.0,25.333333333333332,nan
ALNS-A,Example3,3,94.0,25.333333333333332,nan
ALNS-A,Example3,3,95.0,25.333333333333332,nan
ALNS-A,Example3,3,96.0,25.333333333333332,nan
ALNS-A,Example3,3,97.0,25.333333333333332,nan
ALNS-A,Example3,3,98.0,25.333333333333332,nan
ALNS-A,Example3,3,99.0,25.333333333333332,nan
ALNS-A,Example3,3,100.0,25.333333333333332,nan
ALNS-A,Example3,3,101.0,25.333333333333332,nan
ALNS-A,Example3,3,102.0,25.333333333333332,nan
ALNS-A,Example3,3,103.0,25.333333333333332,nan
ALNS-A,Example3,3,104.0,25.333333333333332,nan
ALNS-A,Example3,3,105.0,25.333333333333332,nan
ALNS-A,Example3,3,106.0,25.333333333333332,nan
ALNS-A,Example3,3,107.0,25.333333333333332,nan
ALNS-A,Example3,3,108.0,25.333333333333332,nan
ALNS-A,Example3,3,109.0,25.333333333333332,nan
ALNS-A,Example3,3,110.0,25.333333333333332,nan
ALNS-A,Example3,3,111.0,25.333333333333332,nan
ALNS-A,Example3,3,112.0,25.333333333333332,nan
ALNS-A,Example3,3,113.0,25.333333333333332,nan
ALNS-A,Example3,3,114.0,25.333333333333332,nan
ALNS-A,Example3,3,115.0,25.333333333333332,nan
ALNS-A,Example3,3,116.0,25.333333333333332,nan
ALNS-A,Example3,3,117.0,25.333333333333332,nan
ALNS-A,Example3,3,118.0,25.333333333333332,nan
ALNS-A,Example3,3,119.0,25.333333333333332,nan
ALNS-A,Example3,3,120.0,25.333333333333332,nan
ALNS-A,Example3,3,121.0,25.333333333333332,nan
ALNS-A,Example3,3,122.0,25.333333333333332,nan
ALNS-A,Example3,3,123.0,25.333333333333332,nan
ALNS-A,Example3,3,124.0,25.333333333333332,nan
ALNS-A,Example3,3,125.0,25.333333333333332,nan
ALNS-A,Example3,3,126.0,25.333333333333332,nan
ALNS-A,Example3,3,127.0,25.333333333333332,nan
ALNS-A,Example3,3,128.0,25.333333333333332,nan
ALNS-A,Example3,3,129.0,25.333333333333332,nan
ALNS-A,Example3,3,130.0,25.333333333333332,nan
ALNS-A,Example3,3,131.0,25.333333333333332,nan
ALNS-A,Example3,3,132.0,25.333333333333332,nan
ALNS-A,Example3,3,133.0,25.333333333333332,nan
ALNS-A,Example3,3,134.0,25.333333333333332,nan
ALNS-A,Example3,3,135.0,25.333333333333332,nan
ALNS-A,Example3,3,136.0,25.333333333333332,nan
ALNS-A,Example3,3,137.0,25.333333333333332,nan
ALNS-A,Example3,3,138.0,25.333333333333332,nan
ALNS-A,Example3,3,139.0,25.333333333333332,nan
ALNS-A,Example3,3,140.0,25.333333333333332,nan
ALNS-A,Example3,3,141.0,25.333333333333332,nan
ALNS-A,Example3,3,142.0,25.333333333333332,nan
ALNS-A,Example3,3,143.0,25.333333333333332,nan
ALNS-A,Example3,3,144.0,25.333333333333332,nan
ALNS-A,Example3,3,145.0,25.333333333333332,nan
ALNS-A,Example3,3,146.0,25.333333333333332,nan
ALNS-A,Example3,3,147.0,25.333333333333332,nan
ALNS-A,Example3,3,148.0,25.333333333333332,nan
ALNS-A,Example3,3,149.0,25.333333333333332,nan
ALNS-A,Example3,3,150.0,25.0,nan
ALNS-A,Example3,3,151.0,25.0,nan
ALNS-A,Example3,3,152.0,25.0,nan
ALNS-A,Example3,3,153.0,25.0,nan
ALNS-A,Example3,3,154.0,25.0,nan
ALNS-A,Example3,3,155.0,25.0,nan
ALNS-A,Example3,3,156.0,25.0,nan
ALNS-A,Example3,3,157.0,25.0,nan
ALNS-A,Example3,3,158.0,25.0,nan
ALNS-A,Example3,3,159.0,25.0,nan
ALNS-A,Example3,3,160.0,25.0,nan
ALNS-A,Example3,3,161.0,25.0,nan
ALNS-A,Example3,3,162.0,25.0,nan
ALNS-A,Example3,3,163.0,25.0,nan
ALNS-A,Example3,3,164.0,25.0,nan
ALNS-A,Example3,3,165.0,25.0,nan
ALNS-A,Example3,3,166.0,25.0,nan
ALNS-A,Example3,3,167.0,25.0,nan
ALNS-A,Example3,3,168.0,25.0,nan
ALNS-A,Example3,3,169.0,25.0,nan
ALNS-A,Example3,3,170.0,25.0,nan
ALNS-A,Example3,3,171.0,25.0,nan
ALNS-A,Example3,3,172.0,25.0,nan
ALNS-A,Example3,3,173.0,25.0,nan
ALNS-A,Example3,3,174.0,25.0,nan
ALNS-A,Example3,3,175.0,25.0,nan
ALNS-A,Example3,3,176.0,25.0,nan
ALNS-A,Example3,3,177.0,25.0,nan
ALNS-A,Example3,3,178.0,25.0,nan
ALNS-A,Example3,3,179.0,25.0,nan
ALNS-A,Example3,3,180.0,25.0,nan
ALNS-A,Example3,3,181.0,25.0,nan
ALNS-A,Example3,3,182.0,25.0,nan
ALNS-A,Example3,3,183.0,25.0,nan
ALNS-A,Example3,3,184.0,25.0,nan
ALNS-A,Example3,3,185.0,25.0,nan
ALNS-A,Example3,3,186.0,25.0,nan
ALNS-A,Example3,3,187.0,25.0,nan
ALNS-A,Example3,3,188.0,25.0,nan
ALNS-A,Example3,3,189.0,25.0,nan
ALNS-A,Example3,3,190.0,25.0,nan
ALNS-A,Example3,3,191.0,25.0,nan
ALNS-A,Example3,3,192.0,25.0,nan
ALNS-A,Example3,3,193.0,25.0,nan
ALNS-A,Example3,3,194.0,25.0,nan
ALNS-A,Example3,3,195.0,25.0,nan
ALNS-A,Example3,3,196.0,25.0,nan
ALNS-A,Example3,3,197.0,25.0,nan
ALNS-A,Example3,3,198.0,25.0,nan
ALNS-A,Example3,3,199.0,25.0,nan
ALNS-A,Example3,3,200.0,25.0,nan
ALNS-A,Example3,3,201.0,25.0,nan
ALNS-A,Example3,3,202.0,25.0,nan
ALNS-A,Example3,3,203.0,25.0,nan
ALNS-A,Example3,3,204.0,25.0,nan
ALNS-A,Example3,3,205.0,25.0,nan
ALNS-A,Example3,3,206.0,25.0,nan
ALNS-A,Example3,3,207.0,25.0,nan
ALNS-A,Example3,3,208.0,25.0,nan
ALNS-A,Example3,3,209.0,25.0,nan
ALNS-A,Example3,3,210.0,25.0,nan
ALNS-A,Example3,3,211.0,25.0,nan
ALNS-A,Example3,3,212.0,25.0,nan
ALNS-A,Example3,3,213.0,25.0,nan
ALNS-A,Example3,3,214.0,25.0,nan
ALNS-A,Example3,3,215.0,25.0,nan
ALNS-A,Example3,3,216.0,25.0,nan
ALNS-A,Example3,3,217.0,25.0,nan
ALNS-A,Example3,3,218.0,25.0,nan
ALNS-A,Example3,3,219.0,25.0,nan
ALNS-A,Example3,3,220.0,25.0,nan
ALNS-A,Example3,3,221.0,25.0,nan
ALNS-A,Example3,3,222.0,25.0,nan
ALNS-A,Example3,3,223.0,25.0,nan
ALNS-A,Example3,3,224.0,25.0,nan
ALNS-A,Example3,3,225.0,25.0,nan
ALNS-A,Example3,3,226.0,25.0,nan
ALNS-A,Example3,3,227.0,25.0,nan
ALNS-A,Example3,3,228.0,25.0,nan
ALNS-A,Example3,3,229.0,25.0,nan
ALNS-A,Example3,3,230.0,25.0,nan
ALNS-A,Example3,3,231.0,25.0,nan
ALNS-A,Example3,3,232.0,25.0,nan
ALNS-A,Example3,3,233.0,25.0,nan
ALNS-A,Example3,3,234.0,25.0,nan
ALNS-A,Example3,3,235.0,25.0,nan
ALNS-A,Example3,3,236.0,25.0,nan
ALNS-A,Example3,3,237.0,25.0,nan
ALNS-A,Example3,3,238.0,25.0,nan
ALNS-A,Example3,3,239.0,25.0,nan
ALNS-A,Example3,3,240.0,25.0,nan
ALNS-A,Example3,3,241.0,25.0,nan
ALNS-A,Example3,3,242.0,25.0,nan
ALNS-A,Example3,3,243.0,25.0,nan
ALNS-A,Example3,3,244.0,25.0,nan
ALNS-A,Example3,3,245.0,25.0,nan
ALNS-A,Example3,3,246.0,25.0,nan
ALNS-A,Example3,3,247.0,25.0,nan
ALNS-A,Example3,3,248.0,25.0,nan
ALNS-A,Example3,3,249.0,25.0,nan
ALNS-A,Example3,3,250.0,25.0,nan
ALNS-A,Example3,3,251.0,25.0,nan
ALNS-A,Example3,3,252.0,25.0,nan
ALNS-A,Example3,3,253.0,25.0,nan
ALNS-A,Example3,3,254.0,25.0,nan
ALNS-A,Example3,3,255.0,25.0,nan
ALNS-A,Example3,3,256.0,25.0,nan
ALNS-A,Example3,3,257.0,25.0,nan
ALNS-A,Example3,3,258.0,25.0,nan
ALNS-A,Example3,3,259.0,25.0,nan
ALNS-A,Example3,3,260.0,25.0,nan
ALNS-A,Example3,3,261.0,25.0,nan
ALNS-A,Example3,3,262.0,25.0,nan
ALNS-A,Example3,3,263.0,25.0,nan
ALNS-A,Example3,3,264.0,25.0,nan
ALNS-A,Example3,3,265.0,25.0,nan
ALNS-A,Example3,3,266.0,25.0,nan
ALNS-A,Example3,3,267.0,25.0,nan
ALNS-A,Example3,3,268.0,25.0,nan
ALNS-A,Example3,3,269.0,25.0,nan
ALNS-A,Example3,3,270.0,25.0,nan
ALNS-A,Example3,3,271.0,25.0,nan
ALNS-A,Example3,3,272.0,25.0,nan
ALNS-A,Example3,3,273.0,25.0,nan
ALNS-A,Example4,4,0.0,20.333333333333332,nan
ALNS-A,Example4,4,1.0,20.333333333333332,nan
ALNS-A,Example4,4,2.0,20.333333333333332,nan
ALNS-A,Example4,4,3.0,20.333333333333332,nan
ALNS-A,Example4,4,4.0,16.0,nan
ALNS-A,Example4,4,5.0,16.0,nan
ALNS-A,Example4,4,6.0,16.0,nan
ALNS-A,Example4,4,7.0,16.0,nan
ALNS-A,Example4,4,8.0,16.0,nan
ALNS-A,Example4,4,9.0,11.333333333333334,nan
ALNS-A,Example4,4,10.0,10.333333333333334,nan
ALNS-A,Example4,4,11.0,10.333333333333334,nan
ALNS-A,Example4,4,12.0,10.333333333333334,nan
ALNS-A,Example4,4,13.0,10.333333333333334,nan
ALNS-A,Example4,4,14.0,10.333333333333334,nan
ALNS-A,Example4,4,15.0,10.333333333333334,nan
ALNS-A,Example4,4,16.0,10.333333333333334,nan
ALNS-A,Example4,4,17.0,10.0,nan
ALNS-A,Example4,4,18.0,10.0,nan
ALNS-A,Example4,4,19.0,8.0,nan
ALNS-A,Example4,4,20.0,8.0,nan
ALNS-A,Example4,4,21.0,7.666666666666667,nan
ALNS-A,Example4,4,22.0,7.666666666666667,nan
ALNS-A,Example4,4,23.0,7.333333333333333,nan
ALNS-A,Example4,4,24.0,7.333333333333333,nan
ALNS-A,Example4,4,25.0,7.0,nan
ALNS-A,Example4,4,26.0,6.666666666666667,nan
ALNS-A,Example4,4,27.0,6.666666666666667,nan
ALNS-A,Example4,4,28.0,6.666666666666667,nan
ALNS-A,Example4,4,29.0,6.666666666666667,nan
ALNS-A,Example4,4,30.0,6.333333333333333,nan
ALNS-A,Example4,4,31.0,6.333333333333333,nan
ALNS-A,Example4,4,32.0,6.333333333333333,nan
ALNS-A,Example4,4,33.0,6.0,nan
ALNS-A,Example4,4,34.0,6.0,nan
ALNS-A,Example4,4,35.0,6.0,nan
ALNS-A,Example4,4,36.0,6.0,nan
ALNS-A,Example4,4,37.0,6.0,nan
ALNS-A,Example4,4,38.0,6.0,nan
ALNS-A,Example4,4,39.0,5.333333333333333,nan
ALNS-A,Example4,4,40.0,5.333333333333333,nan
ALNS-A,Example4,4,41.0,5.333333333333333,nan
ALNS-A,Example4,4,42.0,5.0,nan
ALNS-A,Example4,4,43.0,4.666666666666667,nan
ALNS-A,Example4,4,44.0,4.666666666666667,nan
ALNS-A,Example4,4,45.0,4.666666666666667,nan
ALNS-A,Example4,4,46.0,4.666666666666667,nan
ALNS-A,Example4,4,47.0,4.666666666666667,nan
ALNS-A,Example4,4,48.0,4.666666666666667,nan
ALNS-A,Example4,4,49.0,4.666666666666667,nan
ALNS-A,Example4,4,50.0,4.666666666666667,nan
ALNS-A,Example4,4,51.0,4.666666666666667,nan
ALNS-A,Example4,4,52.0,4.666666666666667,nan
ALNS-A,Example4,4,53.0,4.666666666666667,nan
ALNS-A,Example4,4,54.0,4.666666666666667,nan
ALNS-A,Example4,4,55.0,4.666666666666667,nan
ALNS-A,Example4,4,56.0,4.666666666666667,nan
ALNS-A,Example4,4,57.0,4.666666666666667,nan
ALNS-A,Example4,4,58.0,4.666666666666667,nan
ALNS-A,Example4,4,59.0,4.666666666666667,nan
ALNS-A,Example4,4,60.0,4.666666666666667,nan
ALNS-A,Example4,4,61.0,4.666666666666667,nan
ALNS-A,Example4,4,62.0,4.666666666666667,nan
ALNS-A,Example4,4,63.0,4.666666666666667,nan
ALNS-A,Example4,4,64.0,4.666666666666667,nan
ALNS-A,Example4,4,65.0,4.333333333333333,nan
ALNS-A,Example4,4,66.0,4.0,nan
ALNS-A,Example4,4,67.0,4.0,nan
ALNS-A,Example4,4,68.0,4.0,nan
ALNS-A,Example4,4,69.0,4.0,nan
ALNS-A,Example4,4,70.0,4.0,nan
ALNS-A,Example4,4,71.0,4.0,nan
ALNS-A,Example4,4,72.0,4.0,nan
ALNS-A,Example4,4,73.0,4.0,nan
ALNS-A,Example4,4,74.0,4.0,nan
ALNS-A,Example4,4,75.0,4.0,nan
ALNS-A,Example4,4,76.0,3.6666666666666665,nan
ALNS-A,Example4,4,77.0,3.6666666666666665,nan
ALNS-A,Example4,4,78.0,3.6666666666666665,nan
ALNS-A,Example4,4,79.0,3.6666666666666665,nan
ALNS-A,Example4,4,80.0,3.6666666666666665,nan
ALNS-A,Example4,4,81.0,3.6666666666666665,nan
ALNS-A,Example4,4,82.0,3.6666666666666665,nan
ALNS-A,Example4,4,83.0,3.6666666666666665,nan
ALNS-A,Example4,4,84.0,3.6666666666666665,nan
ALNS-A,Example4,4,85.0,3.6666666666666665,nan
ALNS-A,Example4,4,86.0,3.6666666666666665,nan
ALNS-A,Example4,4,87.0,3.6666666666666665,nan
ALNS-A,Example4,4,88.0,3.6666666666666665,nan
ALNS-A,Example4,4,89.0,3.6666666666666665,nan
ALNS-A,Example4,4,90.0,3.6666666666666665,nan
ALNS-A,Example4,4,91.0,3.6666666666666665,nan
ALNS-A,Example4,4,92.0,3.6666666666666665,nan
ALNS-A,Example4,4,93.0,3.6666666666666665,nan
ALNS-A,Example4,4,94.0,3.6666666666666665,nan
ALNS-A,Example4,4,95.0,3.6666666666666665,nan
ALNS-A,Example4,4,96.0,3.6666666666666665,nan
ALNS-A,Example4,4,97.0,3.6666666666666665,nan
ALNS-A,Example4,4,98.0,3.6666666666666665,nan
ALNS-A,Example4,4,99.0,3.6666666666666665,nan
ALNS-A,Example4,4,100.0,3.6666666666666665,nan
ALNS-A,Example4,4,101.0,3.6666666666666665,nan
ALNS-A,Example4,4,102.0,3.6666666666666665,nan
ALNS-A,Example4,4,103.0,3.6666666666666665,nan
ALNS-A,Example4,4,104.0,3.6666666666666665,nan
ALNS-A,Example4,4,105.0,3.6666666666666665,nan
ALNS-A,Example4,4,106.0,3.6666666666666665,nan
ALNS-A,Example4,4,107.0,3.6666666666666665,nan
ALNS-A,Example4,4,108.0,3.6666666666666665,nan
ALNS-A,Example4,4,109.0,3.6666666666666665,nan
ALNS-A,Example4,4,110.0,3.6666666666666665,nan
ALNS-A,Example4,4,111.0,3.6666666666666665,nan
ALNS-A,Example4,4,112.0,3.6666666666666665,nan
ALNS-A,Example4,4,113.0,3.6666666666666665,nan
ALNS-A,Example4,4,114.0,3.6666666666666665,nan
ALNS-A,Example4,4,115.0,3.6666666666666665,nan
ALNS-A,Example4,4,116.0,3.6666666666666665,nan
ALNS-A,Example4,4,117.0,3.6666666666666665,nan
ALNS-A,Example4,4,118.0,3.6666666666666665,nan
ALNS-A,Example4,4,119.0,3.6666666666666665,nan
ALNS-A,Example4,4,120.0,3.6666666666666665,nan
ALNS-A,Example4,4,121.0,3.6666666666666665,nan
ALNS-A,Example4,4,122.0,3.0,nan
ALNS-A,Example4,4,123.0,3.0,nan
ALNS-A,Example4,4,124.0,3.0,nan
ALNS-A,Example4,4,125.0,3.0,nan
ALNS-A,Example4,4,126.0,3.0,nan
ALNS-A,Example4,4,127.0,3.0,nan
ALNS-A,Example4,4,128.0,3.0,nan
ALNS-A,Example4,4,129.0,3.0,nan
ALNS-A,Example4,4,130.0,3.0,nan
ALNS-A,Example4,4,131.0,3.0,nan
ALNS-A,Example4,4,132.0,3.0,nan
ALNS-A,Example4,4,133.0,3.0,nan
ALNS-A,Example4,4,134.0,3.0,nan
ALNS-A,Example4,4,135.0,3.0,nan
ALNS-A,Example4,4,136.0,3.0,nan
ALNS-A,Example4,4,137.0,3.0,nan
ALNS-A,Example4,4,138.0,3.0,nan
ALNS-A,Example4,4,139.0,3.0,nan
ALNS-A,Example4,4,140.0,3.0,nan
ALNS-A,Example4,4,141.0,3.0,nan
ALNS-A,Example4,4,142.0,3.0,nan
ALNS-A,Example4,4,143.0,3.0,nan
ALNS-A,Example4,4,144.0,3.0,nan
ALNS-A,Example4,4,145.0,3.0,nan
ALNS-A,Example4,4,146.0,3.0,nan
ALNS-A,Example4,4,147.0,3.0,nan
ALNS-A,Example4,4,148.0,3.0,nan
ALNS-A,Example4,4,149.0,3.0,nan
ALNS-A,Example4,4,150.0,3.0,nan
ALNS-A,Example4,4,151.0,3.0,nan
ALNS-A,Example4,4,152.0,3.0,nan
ALNS-A,Example4,4,153.0,3.0,nan
ALNS-A,Example4,4,154.0,3.0,nan
ALNS-A,Example4,4,155.0,3.0,nan
ALNS-A,Example4,4,156.0,3.0,nan
ALNS-A,Example4,4,157.0,3.0,nan
ALNS-A,Example4,4,158.0,3.0,nan
ALNS-A,Example4,4,159.0,3.0,nan
ALNS-A,Example4,4,160.0,3.0,nan
ALNS-A,Example4,4,161.0,3.0,nan
ALNS-A,Example4,4,162.0,3.0,nan
ALNS-A,Example4,4,163.0,3.0,nan
ALNS-A,Example4,4,164.0,3.0,nan
ALNS-A,Example4,4,165.0,3.0,nan
ALNS-A,Example4,4,166.0,3.0,nan
ALNS-A,Example4,4,167.0,2.6666666666666665,nan
ALNS-A,Example4,4,168.0,2.6666666666666665,nan
ALNS-A,Example4,4,169.0,2.6666666666666665,nan
ALNS-A,Example4,4,170.0,2.6666666666666665,nan
ALNS-A,Example4,4,171.0,2.6666666666666665,nan
ALNS-A,Example4,4,172.0,2.6666666666666665,nan
ALNS-A,Example4,4,173.0,2.6666666666666665,nan
ALNS-A,Example4,4,174.0,2.6666666666666665,nan
ALNS-A,Example4,4,175.0,2.6666666666666665,nan
ALNS-A,Example4,4,176.0,2.6666666666666665,nan
ALNS-A,Example4,4,177.0,2.6666666666666665,nan
ALNS-A,Example4,4,178.0,2.6666666666666665,nan
ALNS-A,Example4,4,179.0,2.6666666666666665,nan
ALNS-A,Example4,4,180.0,2.3333333333333335,nan
ALNS-A,Example4,4,181.0,2.3333333333333335,nan
ALNS-A,Example4,4,182.0,2.3333333333333335,nan
ALNS-A,Example4,4,183.0,2.3333333333333335,nan
ALNS-A,Example4,4,184.0,2.3333333333333335,nan
ALNS-A,Example4,4,185.0,2.3333333333333335,nan
ALNS-A,Example4,4,186.0,2.3333333333333335,nan
ALNS-A,Example4,4,187.0,2.3333333333333335,nan
ALNS-A,Example4,4,188.0,2.3333333333333335,nan
ALNS-A,Example4,4,189.0,2.3333333333333335,nan
ALNS-A,Example4,4,190.0,2.3333333333333335,nan
ALNS-A,Example4,4,191.0,2.3333333333333335,nan
ALNS-A,Example4,4,192.0,2.3333333333333335,nan
ALNS-A,Example4,4,193.0,2.3333333333333335,nan
ALNS-A,Example4,4,194.0,2.3333333333333335,nan
ALNS-A,Example4,4,195.0,2.3333333333333335,nan
ALNS-A,Example4,4,196.0,2.3333333333333335,nan
ALNS-A,Example4,4,197.0,2.3333333333333335,nan
ALNS-A,Example4,4,198.0,2.3333333333333335,nan
ALNS-A,Example4,4,199.0,2.3333333333333335,nan
ALNS-A,Example4,4,200.0,2.3333333333333335,nan
ALNS-A,Example4,4,201.0,2.3333333333333335,nan
ALNS-A,Example4,4,202.0,2.3333333333333335,nan
ALNS-A,Example4,4,203.0,2.3333333333333335,nan
ALNS-A,Example4,4,204.0,2.3333333333333335,nan
ALNS-A,Example4,4,205.0,2.3333333333333335,nan
ALNS-A,Example4,4,206.0,2.3333333333333335,nan
ALNS-A,Example4,4,207.0,2.3333333333333335,nan
ALNS-A,Example4,4,208.0,2.3333333333333335,nan
ALNS-A,Example4,4,209.0,2.3333333333333335,nan
ALNS-A,Example4,4,210.0,2.3333333333333335,nan
ALNS-A,Example4,4,211.0,2.3333333333333335,nan
ALNS-A,Example4,4,212.0,2.3333333333333335,nan
ALNS-A,Example4,4,213.0,2.3333333333333335,nan
ALNS-A,Example4,4,214.0,2.3333333333333335,nan
ALNS-A,Example4,4,215.0,2.3333333333333335,nan
ALNS-A,Example4,4,216.0,2.3333333333333335,nan
ALNS-A,Example4,4,217.0,2.3333333333333335,nan
ALNS-A,Example4,4,218.0,2.3333333333333335,nan
ALNS-A,Example4,4,219.0,2.3333333333333335,nan
ALNS-A,Example4,4,220.0,2.3333333333333335,nan
ALNS-A,Example4,4,221.0,2.3333333333333335,nan
ALNS-A,Example4,4,222.0,2.3333333333333335,nan
ALNS-A,Example4,4,223.0,2.3333333333333335,nan
ALNS-A,Example4,4,224.0,2.3333333333333335,nan
ALNS-A,Example4,4,225.0,2.3333333333333335,nan
ALNS-A,Example4,4,226.0,2.3333333333333335,nan
ALNS-A,Example4,4,227.0,2.3333333333333335,nan
ALNS-A,Example4,4,228.0,2.3333333333333335,nan
ALNS-A,Example4,4,229.0,2.3333333333333335,nan
ALNS-A,Example4,4,230.0,2.3333333333333335,nan
ALNS-A,Example4,4,231.0,2.3333333333333335,nan
ALNS-A,Example4,4,232.0,2.3333333333333335,nan
ALNS-A,Example4,4,233.0,2.3333333333333335,nan
ALNS-A,Example4,4,234.0,2.3333333333333335,nan
ALNS-A,Example4,4,235.0,2.3333333333333335,nan
ALNS-A,Example4,4,236.0,2.3333333333333335,nan
ALNS-A,Example4,4,237.0,2.3333333333333335,nan
ALNS-A,Example4,4,238.0,2.3333333333333335,nan
ALNS-A,Example4,4,239.0,2.3333333333333335,nan
ALNS-A,Example4,4,240.0,2.3333333333333335,nan
ALNS-A,Example4,4,241.0,2.3333333333333335,nan
ALNS-A,Example4,4,242.0,2.3333333333333335,nan
ALNS-A,Example4,4,243.0,2.3333333333333335,nan
ALNS-A,Example4,4,244.0,2.3333333333333335,nan
ALNS-A,Example4,4,245.0,2.3333333333333335,nan
ALNS-A,Example4,4,246.0,2.3333333333333335,nan
ALNS-A,Example4,4,247.0,2.3333333333333335,nan
ALNS-A,Example4,4,248.0,2.3333333333333335,nan
ALNS-A,Example4,4,249.0,2.3333333333333335,nan
ALNS-A,Example4,4,250.0,2.3333333333333335,nan
ALNS-A,Example4,4,251.0,2.3333333333333335,nan
ALNS-A,Example4,4,252.0,2.3333333333333335,nan
ALNS-A,Example4,4,253.0,2.3333333333333335,nan
ALNS-A,Example4,4,254.0,2.3333333333333335,nan
ALNS-A,Example4,4,255.0,2.3333333333333335,nan
ALNS-A,Example4,4,256.0,2.3333333333333335,nan
ALNS-A,Example4,4,257.0,2.3333333333333335,nan
ALNS-A,Example4,4,258.0,2.3333333333333335,nan
ALNS-A,Example4,4,259.0,2.3333333333333335,nan
ALNS-A,Example4,4,260.0,2.3333333333333335,nan
ALNS-A,Example4,4,261.0,2.3333333333333335,nan
ALNS-A,Example4,4,262.0,2.3333333333333335,nan
ALNS-A,Example4,4,263.0,2.3333333333333335,nan
ALNS-A,Example4,4,264.0,2.3333333333333335,nan
ALNS-A,Example4,4,265.0,2.3333333333333335,nan
ALNS-A,Example4,4,266.0,2.3333333333333335,nan
ALNS-A,Example4,4,267.0,2.3333333333333335,nan
ALNS-A,Example4,4,268.0,2.3333333333333335,nan
ALNS-A,Example4,4,269.0,2.3333333333333335,nan
ALNS-A,Example4,4,270.0,2.3333333333333335,nan
ALNS-A,Example4,4,271.0,2.3333333333333335,nan
ALNS-A,Example4,4,272.0,2.3333333333333335,nan
ALNS-A,Example4,4,273.0,2.3333333333333335,nan
ALNS-A,Example5,5,0.0,39.0,nan
ALNS-A,Example5,5,1.0,39.0,nan
ALNS-A,Example5,5,2.0,39.0,nan
ALNS-A,Example5,5,3.0,32.666666666666664,nan
ALNS-A,Example5,5,4.0,31.333333333333332,nan
ALNS-A,Example5,5,5.0,31.333333333333332,nan
ALNS-A,Example5,5,6.0,24.333333333333332,nan
ALNS-A,Example5,5,7.0,22.333333333333332,nan
ALNS-A,Example5,5,8.0,21.0,nan
ALNS-A,Example5,5,9.0,19.333333333333332,nan
ALNS-A,Example5,5,10.0,18.333333333333332,nan
ALNS-A,Example5,5,11.0,18.333333333333332,nan
ALNS-A,Example5,5,12.0,18.333333333333332,nan
ALNS-A,Example5,5,13.0,17.333333333333332,nan
ALNS-A,Example5,5,14.0,17.333333333333332,nan
ALNS-A,Example5,5,15.0,17.333333333333332,nan
ALNS-A,Example5,5,16.0,17.333333333333332,nan
ALNS-A,Example5,5,17.0,17.333333333333332,nan
ALNS-A,Example5,5,18.0,17.333333333333332,nan
ALNS-A,Example5,5,19.0,17.333333333333332,nan
ALNS-A,Example5,5,20.0,17.333333333333332,nan
ALNS-A,Example5,5,21.0,17.333333333333332,nan
ALNS-A,Example5,5,22.0,16.333333333333332,nan
ALNS-A,Example5,5,23.0,16.333333333333332,nan
ALNS-A,Example5,5,24.0,16.0,nan
ALNS-A,Example5,5,25.0,16.0,nan
ALNS-A,Example5,5,26.0,16.0,nan
ALNS-A,Example5,5,27.0,16.0,nan
ALNS-A,Example5,5,28.0,16.0,nan
ALNS-A,Example5,5,29.0,16.0,nan
ALNS-A,Example5,5,30.0,16.0,nan
ALNS-A,Example5,5,31.0,16.0,nan
ALNS-A,Example5,5,32.0,16.0,nan
ALNS-A,Example5,5,33.0,16.0,nan
ALNS-A,Example5,5,34.0,15.0,nan
ALNS-A,Example5,5,35.0,15.0,nan
ALNS-A,Example5,5,36.0,15.0,nan
ALNS-A,Example5,5,37.0,15.0,nan
ALNS-A,Example5,5,38.0,15.0,nan
ALNS-A,Example5,5,39.0,15.0,nan
ALNS-A,Example5,5,40.0,15.0,nan
ALNS-A,Example5,5,41.0,15.0,nan
ALNS-A,Example5,5,42.0,15.0,nan
ALNS-A,Example5,5,43.0,15.0,nan
ALNS-A,Example5,5,44.0,15.0,nan
ALNS-A,Example5,5,45.0,15.0,nan
ALNS-A,Example5,5,46.0,15.0,nan
ALNS-A,Example5,5,47.0,15.0,nan
ALNS-A,Example5,5,48.0,14.666666666666666,nan
ALNS-A,Example5,5,49.0,14.666666666666666,nan
ALNS-A,Example5,5,50.0,14.666666666666666,nan
ALNS-A,Example5,5,51.0,14.666666666666666,nan
ALNS-A,Example5,5,52.0,12.333333333333334,nan
ALNS-A,Example5,5,53.0,12.333333333333334,nan
ALNS-A,Example5,5,54.0,11.666666666666666,nan
ALNS-A,Example5,5,55.0,11.333333333333334,nan
ALNS-A,Example5,5,56.0,11.333333333333334,nan
ALNS-A,Example5,5,57.0,11.333333333333334,nan
ALNS-A,Example5,5,58.0,11.333333333333334,nan
ALNS-A,Example5,5,59.0,11.333333333333334,nan
ALNS-A,Example5,5,60.0,11.333333333333334,nan
ALNS-A,Example5,5,61.0,11.333333333333334,nan
ALNS-A,Example5,5,62.0,11.333333333333334,nan
ALNS-A,Example5,5,63.0,11.333333333333334,nan
ALNS-A,Example5,5,64.0,11.333333333333334,nan
ALNS-A,Example5,5,65.0,11.333333333333334,nan
ALNS-A,Example5,5,66.0,11.333333333333334,nan
ALNS-A,Example5,5,67.0,11.333333333333334,nan
ALNS-A,Example5,5,68.0,11.333333333333334,nan
ALNS-A,Example5,5,69.0,11.333333333333334,nan
ALNS-A,Example5,5,70.0,11.333333333333334,nan
ALNS-A,Example5,5,71.0,11.333333333333334,nan
ALNS-A,Example5,5,72.0,11.333333333333334,nan
ALNS-A,Example5,5,73.0,11.333333333333334,nan
ALNS-A,Example5,5,74.0,11.0,nan
ALNS-A,Example5,5,75.0,11.0,nan
ALNS-A,Example5,5,76.0,11.0,nan
ALNS-A,Example5,5,77.0,11.0,nan
ALNS-A,Example5,5,78.0,10.333333333333334,nan
ALNS-A,Example5,5,79.0,9.666666666666666,nan
ALNS-A,Example5,5,80.0,9.666666666666666,nan
ALNS-A,Example5,5,81.0,8.0,nan
ALNS-A,Example5,5,82.0,7.666666666666667,nan
ALNS-A,Example5,5,83.0,7.333333333333333,nan
ALNS-A,Example5,5,84.0,7.333333333333333,nan
ALNS-A,Example5,5,85.0,7.333333333333333,nan
ALNS-A,Example5,5,86.0,7.333333333333333,nan
ALNS-A,Example5,5,87.0,7.333333333333333,nan
ALNS-A,Example5,5,88.0,7.333333333333333,nan
ALNS-A,Example5,5,89.0,7.333333333333333,nan
ALNS-A,Example5,5,90.0,7.333333333333333,nan
ALNS-A,Example5,5,91.0,7.333333333333333,nan
ALNS-A,Example5,5,92.0,7.333333333333333,nan
ALNS-A,Example5,5,93.0,7.333333333333333,nan
ALNS-A,Example5,5,94.0,7.333333333333333,nan
ALNS-A,Example5,5,95.0,7.333333333333333,nan
ALNS-A,Example5,5,96.0,7.333333333333333,nan
ALNS-A,Example5,5,97.0,7.333333333333333,nan
ALNS-A,Example5,5,98.0,7.333333333333333,nan
ALNS-A,Example5,5,99.0,7.333333333333333,nan
ALNS-A,Example5,5,100.0,7.333333333333333,nan
ALNS-A,Example5,5,101.0,7.333333333333333,nan
ALNS-A,Example5,5,102.0,7.333333333333333,nan
ALNS-A,Example5,5,103.0,7.333333333333333,nan
ALNS-A,Example5,5,104.0,7.333333333333333,nan
ALNS-A,Example5,5,105.0,7.333333333333333,nan
ALNS-A,Example5,5,106.0,6.333333333333333,nan
ALNS-A,Example5,5,107.0,6.333333333333333,nan
ALNS-A,Example5,5,108.0,6.333333333333333,nan
ALNS-A,Example5,5,109.0,6.333333333333333,nan
ALNS-A,Example5,5,110.0,6.333333333333333,nan
ALNS-A,Example5,5,111.0,6.333333333333333,nan
ALNS-A,Example5,5,112.0,6.333333333333333,nan
ALNS-A,Example5,5,113.0,6.333333333333333,nan
ALNS-A,Example5,5,114.0,5.333333333333333,nan
ALNS-A,Example5,5,115.0,4.333333333333333,nan
ALNS-A,Example5,5,116.0,4.333333333333333,nan
ALNS-A,Example5,5,117.0,4.333333333333333,nan
ALNS-A,Example5,5,118.0,4.333333333333333,nan
ALNS-A,Example5,5,119.0,4.333333333333333,nan
ALNS-A,Example5,5,120.0,4.333333333333333,nan
ALNS-A,Example5,5,121.0,4.333333333333333,nan
ALNS-A,Example5,5,122.0,4.333333333333333,nan
ALNS-A,Example5,5,123.0,4.333333333333333,nan
ALNS-A,Example5,5,124.0,4.333333333333333,nan
ALNS-A,Example5,5,125.0,4.333333333333333,nan
ALNS-A,Example5,5,126.0,4.333333333333333,nan
ALNS-A,Example5,5,127.0,4.333333333333333,nan
ALNS-A,Example5,5,128.0,4.333333333333333,nan
ALNS-A,Example5,5,129.0,4.333333333333333,nan
ALNS-A,Example5,5,130.0,4.333333333333333,nan
ALNS-A,Example5,5,131.0,4.333333333333333,nan
ALNS-A,Example5,5,132.0,4.333333333333333,nan
ALNS-A,Example5,5,133.0,4.333333333333333,nan
ALNS-A,Example5,5,134.0,4.333333333333333,nan
ALNS-A,Example5,5,135.0,4.333333333333333,nan
ALNS-A,Example5,5,136.0,4.333333333333333,nan
ALNS-A,Example5,5,137.0,4.333333333333333,nan
ALNS-A,Example5,5,138.0,4.333333333333333,nan
ALNS-A,Example5,5,139.0,4.333333333333333,nan
ALNS-A,Example5,5,140.0,4.333333333333333,nan
ALNS-A,Example5,5,141.0,4.333333333333333,nan
ALNS-A,Example5,5,142.0,4.333333333333333,nan
ALNS-A,Example5,5,143.0,4.333333333333333,nan
ALNS-A,Example5,5,144.0,4.333333333333333,nan
ALNS-A,Example5,5,145.0,4.333333333333333,nan
ALNS-A,Example5,5,146.0,4.333333333333333,nan
ALNS-A,Example5,5,147.0,4.333333333333333,nan
ALNS-A,Example5,5,148.0,4.333333333333333,nan
ALNS-A,Example5,5,149.0,4.333333333333333,nan
ALNS-A,Example5,5,150.0,4.333333333333333,nan
ALNS-A,Example5,5,151.0,4.333333333333333,nan
ALNS-A,Example5,5,152.0,4.333333333333333,nan
ALNS-A,Example5,5,153.0,4.333333333333333,nan
ALNS-A,Example5,5,154.0,4.333333333333333,nan
ALNS-A,Example5,5,155.0,4.333333333333333,nan
ALNS-A,Example5,5,156.0,4.333333333333333,nan
ALNS-A,Example5,5,157.0,4.333333333333333,nan
ALNS-A,Example5,5,158.0,4.333333333333333,nan
ALNS-A,Example5,5,159.0,4.333333333333333,nan
ALNS-A,Example5,5,160.0,4.333333333333333,nan
ALNS-A,Example5,5,161.0,4.333333333333333,nan
ALNS-A,Example5,5,162.0,4.333333333333333,nan
ALNS-A,Example5,5,163.0,4.333333333333333,nan
ALNS-A,Example5,5,164.0,4.333333333333333,nan
ALNS-A,Example5,5,165.0,4.333333333333333,nan
ALNS-A,Example5,5,166.0,4.333333333333333,nan
ALNS-A,Example5,5,167.0,4.333333333333333,nan
ALNS-A,Example5,5,168.0,4.333333333333333,nan
ALNS-A,Example5,5,169.0,4.333333333333333,nan
ALNS-A,Example5,5,170.0,4.333333333333333,nan
ALNS-A,Example5,5,171.0,4.333333333333333,nan
ALNS-A,Example5,5,172.0,4.333333333333333,nan
ALNS-A,Example5,5,173.0,4.333333333333333,nan
ALNS-A,Example5,5,174.0,4.333333333333333,nan
ALNS-A,Example5,5,175.0,4.333333333333333,nan
ALNS-A,Example5,5,176.0,4.333333333333333,nan
ALNS-A,Example5,5,177.0,4.333333333333333,nan
ALNS-A,Example5,5,178.0,4.333333333333333,nan
ALNS-A,Example5,5,179.0,4.333333333333333,nan
ALNS-A,Example5,5,180.0,4.333333333333333,nan
ALNS-A,Example5,5,181.0,4.333333333333333,nan
ALNS-A,Example5,5,182.0,4.333333333333333,nan
ALNS-A,Example5,5,183.0,4.333333333333333,nan
ALNS-A,Example5,5,184.0,4.333333333333333,nan
ALNS-A,Example5,5,185.0,4.333333333333333,nan
ALNS-A,Example5,5,186.0,4.333333333333333,nan
ALNS-A,Example5,5,187.0,4.333333333333333,nan
ALNS-A,Example5,5,188.0,4.333333333333333,nan
ALNS-A,Example5,5,189.0,4.333333333333333,nan
ALNS-A,Example5,5,190.0,4.333333333333333,nan
ALNS-A,Example5,5,191.0,4.333333333333333,nan
ALNS-A,Example5,5,192.0,4.333333333333333,nan
ALNS-A,Example5,5,193.0,4.333333333333333,nan
ALNS-A,Example5,5,194.0,4.333333333333333,nan
ALNS-A,Example5,5,195.0,4.333333333333333,nan
ALNS-A,Example5,5,196.0,4.333333333333333,nan
ALNS-A,Example5,5,197.0,4.333333333333333,nan
ALNS-A,Example5,5,198.0,4.333333333333333,nan
ALNS-A,Example5,5,199.0,4.333333333333333,nan
ALNS-A,Example5,5,200.0,4.333333333333333,nan
ALNS-A,Example5,5,201.0,4.333333333333333,nan
ALNS-A,Example5,5,202.0,4.333333333333333,nan
ALNS-A,Example5,5,203.0,4.333333333333333,nan
ALNS-A,Example5,5,204.0,4.333333333333333,nan
ALNS-A,Example5,5,205.0,4.333333333333333,nan
ALNS-A,Example5,5,206.0,4.333333333333333,nan
ALNS-A,Example5,5,207.0,4.333333333333333,nan
ALNS-A,Example5,5,208.0,4.333333333333333,nan
ALNS-A,Example5,5,209.0,4.333333333333333,nan
ALNS-A,Example5,5,210.0,4.333333333333333,nan
ALNS-A,Example5,5,211.0,4.333333333333333,nan
ALNS-A,Example5,5,212.0,4.333333333333333,nan
ALNS-A,Example5,5,213.0,4.333333333333333,nan
ALNS-A,Example5,5,214.0,4.333333333333333,nan
ALNS-A,Example5,5,215.0,4.333333333333333,nan
ALNS-A,Example5,5,216.0,4.333333333333333,nan
ALNS-A,Example5,5,217.0,4.333333333333333,nan
ALNS-A,Example5,5,218.0,4.333333333333333,nan
ALNS-A,Example5,5,219.0,4.333333333333333,nan
ALNS-A,Example5,5,220.0,4.333333333333333,nan
ALNS-A,Example5,5,221.0,4.333333333333333,nan
ALNS-A,Example5,5,222.0,4.333333333333333,nan
ALNS-A,Example5,5,223.0,4.333333333333333,nan
ALNS-A,Example5,5,224.0,4.333333333333333,nan
ALNS-A,Example5,5,225.0,4.333333333333333,nan
ALNS-A,Example5,5,226.0,4.333333333333333,nan
ALNS-A,Example5,5,227.0,4.333333333333333,nan
ALNS-A,Example5,5,228.0,4.333333333333333,nan
ALNS-A,Example5,5,229.0,4.333333333333333,nan
ALNS-A,Example5,5,230.0,4.333333333333333,nan
ALNS-A,Example5,5,231.0,4.333333333333333,nan
ALNS-A,Example5,5,232.0,4.333333333333333,nan
ALNS-A,Example5,5,233.0,4.333333333333333,nan
ALNS-A,Example5,5,234.0,4.333333333333333,nan
ALNS-A,Example5,5,235.0,4.333333333333333,nan
ALNS-A,Example5,5,236.0,4.333333333333333,nan
ALNS-A,Example5,5,237.0,4.333333333333333,nan
ALNS-A,Example5,5,238.0,4.333333333333333,nan
ALNS-A,Example5,5,239.0,4.333333333333333,nan
ALNS-A,Example5,5,240.0,4.333333333333333,nan
ALNS-A,Example5,5,241.0,4.333333333333333,nan
ALNS-A,Example5,5,242.0,4.333333333333333,nan
ALNS-A,Example5,5,243.0,4.333333333333333,nan
ALNS-A,Example5,5,244.0,4.333333333333333,nan
ALNS-A,Example5,5,245.0,4.333333333333333,nan
ALNS-A,Example5,5,246.0,4.333333333333333,nan
ALNS-A,Example5,5,247.0,4.333333333333333,nan
ALNS-A,Example5,5,248.0,4.333333333333333,nan
ALNS-A,Example5,5,249.0,4.333333333333333,nan
ALNS-A,Example5,5,250.0,4.333333333333333,nan
ALNS-A,Example5,5,251.0,4.333333333333333,nan
ALNS-A,Example5,5,252.0,4.333333333333333,nan
ALNS-A,Example5,5,253.0,4.333333333333333,nan
ALNS-A,Example5,5,254.0,4.333333333333333,nan
ALNS-A,Example5,5,255.0,4.333333333333333,nan
ALNS-A,Example5,5,256.0,4.333333333333333,nan
ALNS-A,Example5,5,257.0,4.333333333333333,nan
ALNS-A,Example5,5,258.0,4.333333333333333,nan
ALNS-A,Example5,5,259.0,4.333333333333333,nan
ALNS-A,Example5,5,260.0,4.333333333333333,nan
ALNS-A,Example5,5,261.0,4.333333333333333,nan
ALNS-A,Example5,5,262.0,4.333333333333333,nan
ALNS-A,Example5,5,263.0,4.333333333333333,nan
ALNS-A,Example5,5,264.0,4.333333333333333,nan
ALNS-A,Example5,5,265.0,4.333333333333333,nan
ALNS-A,Example5,5,266.0,4.333333333333333,nan
ALNS-A,Example5,5,267.0,4.333333333333333,nan
ALNS-A,Example5,5,268.0,4.333333333333333,nan
ALNS-A,Example5,5,269.0,4.333333333333333,nan
ALNS-A,Example5,5,270.0,4.333333333333333,nan
ALNS-A,Example5,5,271.0,4.333333333333333,nan
ALNS-A,Example5,5,272.0,4.333333333333333,nan
ALNS-A,Example5,5,273.0,4.333333333333333,nan
ALNS-A,Example6,6,0.0,21.666666666666668,nan
ALNS-A,Example6,6,1.0,21.666666666666668,nan
ALNS-A,Example6,6,2.0,20.666666666666668,nan
ALNS-A,Example6,6,3.0,19.333333333333332,nan
ALNS-A,Example6,6,4.0,16.666666666666668,nan
ALNS-A,Example6,6,5.0,15.0,nan
ALNS-A,Example6,6,6.0,15.0,nan
ALNS-A,Example6,6,7.0,15.0,nan
ALNS-A,Example6,6,8.0,15.0,nan
ALNS-A,Example6,6,9.0,13.666666666666666,nan
ALNS-A,Example6,6,10.0,13.0,nan
ALNS-A,Example6,6,11.0,11.666666666666666,nan
ALNS-A,Example6,6,12.0,11.333333333333334,nan
ALNS-A,Example6,6,13.0,11.333333333333334,nan
ALNS-A,Example6,6,14.0,10.666666666666666,nan
ALNS-A,Example6,6,15.0,9.666666666666666,nan
ALNS-A,Example6,6,16.0,6.666666666666667,nan
ALNS-A,Example6,6,17.0,6.666666666666667,nan
ALNS-A,Example6,6,18.0,5.333333333333333,nan
ALNS-A,Example6,6,19.0,5.333333333333333,nan
ALNS-A,Example6,6,20.0,5.333333333333333,nan
ALNS-A,Example6,6,21.0,5.333333333333333,nan
ALNS-A,Example6,6,22.0,3.6666666666666665,nan
ALNS-A,Example6,6,23.0,3.6666666666666665,nan
ALNS-A,Example6,6,24.0,2.6666666666666665,nan
ALNS-A,Example6,6,25.0,2.3333333333333335,nan
ALNS-A,Example6,6,26.0,2.3333333333333335,nan
ALNS-A,Example6,6,27.0,2.3333333333333335,nan
ALNS-A,Example6,6,28.0,2.3333333333333335,nan
ALNS-A,Example6,6,29.0,2.3333333333333335,nan
ALNS-A,Example6,6,30.0,1.6666666666666667,nan
ALNS-A,Example6,6,31.0,1.6666666666666667,nan
ALNS-A,Example6,6,32.0,1.6666666666666667,nan
ALNS-A,Example6,6,33.0,1.6666666666666667,nan
ALNS-A,Example6,6,34.0,1.6666666666666667,nan
ALNS-A,Example6,6,35.0,1.6666666666666667,nan
ALNS-A,Example6,6,36.0,1.6666666666666667,nan
ALNS-A,Example6,6,37.0,1.6666666666666667,nan
ALNS-A,Example6,6,38.0,1.6666666666666667,nan
ALNS-A,Example6,6,39.0,1.6666666666666667,nan
ALNS-A,Example6,6,40.0,1.6666666666666667,nan
ALNS-A,Example6,6,41.0,1.6666666666666667,nan
ALNS-A,Example6,6,42.0,1.6666666666666667,nan
ALNS-A,Example6,6,43.0,1.6666666666666667,nan
ALNS-A,Example6,6,44.0,1.6666666666666667,nan
ALNS-A,Example6,6,45.0,1.6666666666666667,nan
ALNS-A,Example6,6,46.0,1.6666666666666667,nan
ALNS-A,Example6,6,47.0,1.6666666666666667,nan
ALNS-A,Example6,6,48.0,1.6666666666666667,nan
ALNS-A,Example6,6,49.0,1.6666666666666667,nan
ALNS-A,Example6,6,50.0,1.6666666666666667,nan
ALNS-A,Example6,6,51.0,1.3333333333333333,nan
ALNS-A,Example6,6,52.0,1.3333333333333333,nan
ALNS-A,Example6,6,53.0,1.3333333333333333,nan
ALNS-A,Example6,6,54.0,1.3333333333333333,nan
ALNS-A,Example6,6,55.0,1.3333333333333333,nan
ALNS-A,Example6,6,56.0,1.3333333333333333,nan
ALNS-A,Example6,6,57.0,1.3333333333333333,nan
ALNS-A,Example6,6,58.0,1.3333333333333333,nan
ALNS-A,Example6,6,59.0,1.3333333333333333,nan
ALNS-A,Example6,6,60.0,1.0,nan
ALNS-A,Example6,6,61.0,1.0,nan
ALNS-A,Example6,6,62.0,1.0,nan
ALNS-A,Example6,6,63.0,1.0,nan
ALNS-A,Example6,6,64.0,1.0,nan
ALNS-A,Example6,6,65.0,1.0,nan
ALNS-A,Example6,6,66.0,1.0,nan
ALNS-A,Example6,6,67.0,1.0,nan
ALNS-A,Example6,6,68.0,1.0,nan
ALNS-A,Example6,6,69.0,1.0,nan
ALNS-A,Example6,6,70.0,1.0,nan
ALNS-A,Example6,6,71.0,1.0,nan
ALNS-A,Example6,6,72.0,1.0,nan
ALNS-A,Example6,6,73.0,1.0,nan
ALNS-A,Example6,6,74.0,1.0,nan
ALNS-A,Example6,6,75.0,1.0,nan
ALNS-A,Example6,6,76.0,1.0,nan
ALNS-A,Example6,6,77.0,1.0,nan
ALNS-A,Example6,6,78.0,1.0,nan
ALNS-A,Example6,6,79.0,1.0,nan
ALNS-A,Example6,6,80.0,1.0,nan
ALNS-A,Example6,6,81.0,1.0,nan
ALNS-A,Example6,6,82.0,1.0,nan
ALNS-A,Example6,6,83.0,1.0,nan
ALNS-A,Example6,6,84.0,1.0,nan
ALNS-A,Example6,6,85.0,1.0,nan
ALNS-A,Example6,6,86.0,1.0,nan
ALNS-A,Example6,6,87.0,1.0,nan
ALNS-A,Example6,6,88.0,1.0,nan
ALNS-A,Example6,6,89.0,1.0,nan
ALNS-A,Example6,6,90.0,1.0,nan
ALNS-A,Example6,6,91.0,1.0,nan
ALNS-A,Example6,6,92.0,1.0,nan
ALNS-A,Example6,6,93.0,1.0,nan
ALNS-A,Example6,6,94.0,1.0,nan
ALNS-A,Example6,6,95.0,1.0,nan
ALNS-A,Example6,6,96.0,1.0,nan
ALNS-A,Example6,6,97.0,1.0,nan
ALNS-A,Example6,6,98.0,1.0,nan
ALNS-A,Example6,6,99.0,1.0,nan
ALNS-A,Example6,6,100.0,1.0,nan
ALNS-A,Example6,6,101.0,1.0,nan
ALNS-A,Example6,6,102.0,1.0,nan
ALNS-A,Example6,6,103.0,1.0,nan
ALNS-A,Example6,6,104.0,1.0,nan
ALNS-A,Example6,6,105.0,1.0,nan
ALNS-A,Example6,6,106.0,1.0,nan
ALNS-A,Example6,6,107.0,1.0,nan
ALNS-A,Example6,6,108.0,1.0,nan
ALNS-A,Example6,6,109.0,1.0,nan
ALNS-A,Example6,6,110.0,1.0,nan
ALNS-A,Example6,6,111.0,1.0,nan
ALNS-A,Example6,6,112.0,1.0,nan
ALNS-A,Example6,6,113.0,1.0,nan
ALNS-A,Example6,6,114.0,1.0,nan
ALNS-A,Example6,6,115.0,1.0,nan
ALNS-A,Example6,6,116.0,1.0,nan
ALNS-A,Example6,6,117.0,1.0,nan
ALNS-A,Example6,6,118.0,1.0,nan
ALNS-A,Example6,6,119.0,1.0,nan
ALNS-A,Example6,6,120.0,1.0,nan
ALNS-A,Example6,6,121.0,1.0,nan
ALNS-A,Example6,6,122.0,1.0,nan
ALNS-A,Example6,6,123.0,1.0,nan
ALNS-A,Example6,6,124.0,1.0,nan
ALNS-A,Example6,6,125.0,1.0,nan
ALNS-A,Example6,6,126.0,1.0,nan
ALNS-A,Example6,6,127.0,1.0,nan
ALNS-A,Example6,6,128.0,1.0,nan
ALNS-A,Example6,6,129.0,1.0,nan
ALNS-A,Example6,6,130.0,1.0,nan
ALNS-A,Example6,6,131.0,1.0,nan
ALNS-A,Example6,6,132.0,1.0,nan
ALNS-A,Example6,6,133.0,1.0,nan
ALNS-A,Example6,6,134.0,1.0,nan
ALNS-A,Example6,6,135.0,1.0,nan
ALNS-A,Example6,6,136.0,1.0,nan
ALNS-A,Example6,6,137.0,1.0,nan
ALNS-A,Example6,6,138.0,1.0,nan
ALNS-A,Example6,6,139.0,1.0,nan
ALNS-A,Example6,6,140.0,1.0,nan
ALNS-A,Example6,6,141.0,1.0,nan
ALNS-A,Example6,6,142.0,1.0,nan
ALNS-A,Example6,6,143.0,1.0,nan
ALNS-A,Example6,6,144.0,1.0,nan
ALNS-A,Example6,6,145.0,1.0,nan
ALNS-A,Example6,6,146.0,1.0,nan
ALNS-A,Example6,6,147.0,1.0,nan
ALNS-A,Example6,6,148.0,1.0,nan
ALNS-A,Example6,6,149.0,1.0,nan
ALNS-A,Example6,6,150.0,0.6666666666666666,nan
ALNS-A,Example6,6,151.0,0.6666666666666666,nan
ALNS-A,Example6,6,152.0,0.6666666666666666,nan
ALNS-A,Example6,6,153.0,0.6666666666666666,nan
ALNS-A,Example6,6,154.0,0.6666666666666666,nan
ALNS-A,Example6,6,155.0,0.6666666666666666,nan
ALNS-A,Example6,6,156.0,0.6666666666666666,nan
ALNS-A,Example6,6,157.0,0.6666666666666666,nan
ALNS-A,Example6,6,158.0,0.6666666666666666,nan
ALNS-A,Example6,6,159.0,0.6666666666666666,nan
ALNS-A,Example6,6,160.0,0.6666666666666666,nan
ALNS-A,Example6,6,161.0,0.6666666666666666,nan
ALNS-A,Example6,6,162.0,0.6666666666666666,nan
ALNS-A,Example6,6,163.0,0.6666666666666666,nan
ALNS-A,Example6,6,164.0,0.6666666666666666,nan
ALNS-A,Example6,6,165.0,0.6666666666666666,nan
ALNS-A,Example6,6,166.0,0.6666666666666666,nan
ALNS-A,Example6,6,167.0,0.6666666666666666,nan
ALNS-A,Example6,6,168.0,0.6666666666666666,nan
ALNS-A,Example6,6,169.0,0.6666666666666666,nan
ALNS-A,Example6,6,170.0,0.6666666666666666,nan
ALNS-A,Example6,6,171.0,0.6666666666666666,nan
ALNS-A,Example6,6,172.0,0.6666666666666666,nan
ALNS-A,Example6,6,173.0,0.6666666666666666,nan
ALNS-A,Example6,6,174.0,0.6666666666666666,nan
ALNS-A,Example6,6,175.0,0.6666666666666666,nan
ALNS-A,Example6,6,176.0,0.6666666666666666,nan
ALNS-A,Example6,6,177.0,0.6666666666666666,nan
ALNS-A,Example6,6,178.0,0.6666666666666666,nan
ALNS-A,Example6,6,179.0,0.6666666666666666,nan
ALNS-A,Example6,6,180.0,0.6666666666666666,nan
ALNS-A,Example6,6,181.0,0.6666666666666666,nan
ALNS-A,Example6,6,182.0,0.6666666666666666,nan
ALNS-A,Example6,6,183.0,0.6666666666666666,nan
ALNS-A,Example6,6,184.0,0.6666666666666666,nan
ALNS-A,Example6,6,185.0,0.6666666666666666,nan
ALNS-A,Example6,6,186.0,0.6666666666666666,nan
ALNS-A,Example6,6,187.0,0.6666666666666666,nan
ALNS-A,Example6,6,188.0,0.6666666666666666,nan
ALNS-A,Example6,6,189.0,0.6666666666666666,nan
ALNS-A,Example6,6,190.0,0.6666666666666666,nan
ALNS-A,Example6,6,191.0,0.6666666666666666,nan
ALNS-A,Example6,6,192.0,0.6666666666666666,nan
ALNS-A,Example6,6,193.0,0.6666666666666666,nan
ALNS-A,Example6,6,194.0,0.6666666666666666,nan
ALNS-A,Example6,6,195.0,0.6666666666666666,nan
ALNS-A,Example6,6,196.0,0.6666666666666666,nan
ALNS-A,Example6,6,197.0,0.6666666666666666,nan
ALNS-A,Example6,6,198.0,0.6666666666666666,nan
ALNS-A,Example6,6,199.0,0.6666666666666666,nan
ALNS-A,Example6,6,200.0,0.6666666666666666,nan
ALNS-A,Example6,6,201.0,0.6666666666666666,nan
ALNS-A,Example6,6,202.0,0.6666666666666666,nan
ALNS-A,Example6,6,203.0,0.6666666666666666,nan
ALNS-A,Example6,6,204.0,0.6666666666666666,nan
ALNS-A,Example6,6,205.0,0.6666666666666666,nan
ALNS-A,Example6,6,206.0,0.6666666666666666,nan
ALNS-A,Example6,6,207.0,0.6666666666666666,nan
ALNS-A,Example6,6,208.0,0.6666666666666666,nan
ALNS-A,Example6,6,209.0,0.6666666666666666,nan
ALNS-A,Example6,6,210.0,0.6666666666666666,nan
ALNS-A,Example6,6,211.0,0.6666666666666666,nan
ALNS-A,Example6,6,212.0,0.6666666666666666,nan
ALNS-A,Example6,6,213.0,0.6666666666666666,nan
ALNS-A,Example6,6,214.0,0.6666666666666666,nan
ALNS-A,Example6,6,215.0,0.6666666666666666,nan
ALNS-A,Example6,6,216.0,0.6666666666666666,nan
ALNS-A,Example6,6,217.0,0.6666666666666666,nan
ALNS-A,Example6,6,218.0,0.6666666666666666,nan
ALNS-A,Example6,6,219.0,0.6666666666666666,nan
ALNS-A,Example6,6,220.0,0.6666666666666666,nan
ALNS-A,Example6,6,221.0,0.6666666666666666,nan
ALNS-A,Example6,6,222.0,0.6666666666666666,nan
ALNS-A,Example6,6,223.0,0.6666666666666666,nan
ALNS-A,Example6,6,224.0,0.6666666666666666,nan
ALNS-A,Example6,6,225.0,0.6666666666666666,nan
ALNS-A,Example6,6,226.0,0.6666666666666666,nan
ALNS-A,Example6,6,227.0,0.6666666666666666,nan
ALNS-A,Example6,6,228.0,0.6666666666666666,nan
ALNS-A,Example6,6,229.0,0.6666666666666666,nan
ALNS-A,Example6,6,230.0,0.6666666666666666,nan
ALNS-A,Example6,6,231.0,0.6666666666666666,nan
ALNS-A,Example6,6,232.0,0.6666666666666666,nan
ALNS-A,Example6,6,233.0,0.6666666666666666,nan
ALNS-A,Example6,6,234.0,0.6666666666666666,nan
ALNS-A,Example6,6,235.0,0.6666666666666666,nan
ALNS-A,Example6,6,236.0,0.6666666666666666,nan
ALNS-A,Example6,6,237.0,0.6666666666666666,nan
ALNS-A,Example6,6,238.0,0.6666666666666666,nan
ALNS-A,Example6,6,239.0,0.6666666666666666,nan
ALNS-A,Example6,6,240.0,0.6666666666666666,nan
ALNS-A,Example6,6,241.0,0.6666666666666666,nan
ALNS-A,Example6,6,242.0,0.6666666666666666,nan
ALNS-A,Example6,6,243.0,0.6666666666666666,nan
ALNS-A,Example6,6,244.0,0.6666666666666666,nan
ALNS-A,Example6,6,245.0,0.6666666666666666,nan
ALNS-A,Example6,6,246.0,0.6666666666666666,nan
ALNS-A,Example6,6,247.0,0.6666666666666666,nan
ALNS-A,Example6,6,248.0,0.6666666666666666,nan
ALNS-A,Example6,6,249.0,0.6666666666666666,nan
ALNS-A,Example6,6,250.0,0.6666666666666666,nan
ALNS-A,Example6,6,251.0,0.6666666666666666,nan
ALNS-A,Example6,6,252.0,0.6666666666666666,nan
ALNS-A,Example6,6,253.0,0.6666666666666666,nan
ALNS-A,Example6,6,254.0,0.6666666666666666,nan
ALNS-A,Example6,6,255.0,0.6666666666666666,nan
ALNS-A,Example6,6,256.0,0.6666666666666666,nan
ALNS-A,Example6,6,257.0,0.6666666666666666,nan
ALNS-A,Example6,6,258.0,0.6666666666666666,nan
ALNS-A,Example6,6,259.0,0.6666666666666666,nan
ALNS-A,Example6,6,260.0,0.6666666666666666,nan
ALNS-A,Example6,6,261.0,0.6666666666666666,nan
ALNS-A,Example6,6,262.0,0.6666666666666666,nan
ALNS-A,Example6,6,263.0,0.6666666666666666,nan
ALNS-A,Example6,6,264.0,0.6666666666666666,nan
ALNS-A,Example6,6,265.0,0.6666666666666666,nan
ALNS-A,Example6,6,266.0,0.6666666666666666,nan
ALNS-A,Example6,6,267.0,0.6666666666666666,nan
ALNS-A,Example6,6,268.0,0.6666666666666666,nan
ALNS-A,Example6,6,269.0,0.6666666666666666,nan
ALNS-A,Example6,6,270.0,0.6666666666666666,nan
ALNS-A,Example6,6,271.0,0.6666666666666666,nan
ALNS-A,Example6,6,272.0,0.6666666666666666,nan
ALNS-A,Example6,6,273.0,0.6666666666666666,nan
ALNS-A,Example7,7,0.0,446.6666666666667,nan
ALNS-A,Example7,7,1.0,446.6666666666667,nan
ALNS-A,Example7,7,2.0,446.6666666666667,nan
ALNS-A,Example7,7,3.0,446.6666666666667,nan
ALNS-A,Example7,7,4.0,446.6666666666667,nan
ALNS-A,Example7,7,5.0,446.6666666666667,nan
ALNS-A,Example7,7,6.0,446.6666666666667,nan
ALNS-A,Example7,7,7.0,446.6666666666667,nan
ALNS-A,Example7,7,8.0,416.3333333333333,nan
ALNS-A,Example7,7,9.0,416.3333333333333,nan
ALNS-A,Example7,7,10.0,373.0,nan
ALNS-A,Example7,7,11.0,291.6666666666667,nan
ALNS-A,Example7,7,12.0,291.6666666666667,nan
ALNS-A,Example7,7,13.0,291.6666666666667,nan
ALNS-A,Example7,7,14.0,275.0,nan
ALNS-A,Example7,7,15.0,275.0,nan
ALNS-A,Example7,7,16.0,275.0,nan
ALNS-A,Example7,7,17.0,275.0,nan
ALNS-A,Example7,7,18.0,275.0,nan
ALNS-A,Example7,7,19.0,275.0,nan
ALNS-A,Example7,7,20.0,275.0,nan
ALNS-A,Example7,7,21.0,191.0,nan
ALNS-A,Example7,7,22.0,191.0,nan
ALNS-A,Example7,7,23.0,191.0,nan
ALNS-A,Example7,7,24.0,191.0,nan
ALNS-A,Example7,7,25.0,191.0,nan
ALNS-A,Example7,7,26.0,191.0,nan
ALNS-A,Example7,7,27.0,190.0,nan
ALNS-A,Example7,7,28.0,190.0,nan
ALNS-A,Example7,7,29.0,190.0,nan
ALNS-A,Example7,7,30.0,190.0,nan
ALNS-A,Example7,7,31.0,190.0,nan
ALNS-A,Example7,7,32.0,190.0,nan
ALNS-A,Example7,7,33.0,190.0,nan
ALNS-A,Example7,7,34.0,190.0,nan
ALNS-A,Example7,7,35.0,190.0,nan
ALNS-A,Example7,7,36.0,190.0,nan
ALNS-A,Example7,7,37.0,190.0,nan
ALNS-A,Example7,7,38.0,179.66666666666666,nan
ALNS-A,Example7,7,39.0,179.66666666666666,nan
ALNS-A,Example7,7,40.0,160.0,nan
ALNS-A,Example7,7,41.0,160.0,nan
ALNS-A,Example7,7,42.0,160.0,nan
ALNS-A,Example7,7,43.0,160.0,nan
ALNS-A,Example7,7,44.0,160.0,nan
ALNS-A,Example7,7,45.0,160.0,nan
ALNS-A,Example7,7,46.0,160.0,nan
ALNS-A,Example7,7,47.0,160.0,nan
ALNS-A,Example7,7,48.0,160.0,nan
ALNS-A,Example7,7,49.0,145.66666666666666,nan
ALNS-A,Example7,7,50.0,145.66666666666666,nan
ALNS-A,Example7,7,51.0,145.66666666666666,nan
ALNS-A,Example7,7,52.0,145.66666666666666,nan
ALNS-A,Example7,7,53.0,145.66666666666666,nan
ALNS-A,Example7,7,54.0,145.66666666666666,nan
ALNS-A,Example7,7,55.0,145.66666666666666,nan
ALNS-A,Example7,7,56.0,145.66666666666666,nan
ALNS-A,Example7,7,57.0,145.66666666666666,nan
ALNS-A,Example7,7,58.0,145.66666666666666,nan
ALNS-A,Example7,7,59.0,145.66666666666666,nan
ALNS-A,Example7,7,60.0,145.66666666666666,nan
ALNS-A,Example7,7,61.0,145.66666666666666,nan
ALNS-A,Example7,7,62.0,145.66666666666666,nan
ALNS-A,Example7,7,63.0,145.66666666666666,nan
ALNS-A,Example7,7,64.0,145.66666666666666,nan
ALNS-A,Example7,7,65.0,145.66666666666666,nan
ALNS-A,Example7,7,66.0,145.66666666666666,nan
ALNS-A,Example7,7,67.0,145.66666666666666,nan
ALNS-A,Example7,7,68.0,145.66666666666666,nan
ALNS-A,Example7,7,69.0,145.66666666666666,nan
ALNS-A,Example7,7,70.0,145.66666666666666,nan
ALNS-A,Example7,7,71.0,145.66666666666666,nan
ALNS-A,Example7,7,72.0,145.33333333333334,nan
ALNS-A,Example7,7,73.0,145.33333333333334,nan
ALNS-A,Example7,7,74.0,145.33333333333334,nan
ALNS-A,Example7,7,75.0,145.33333333333334,nan
ALNS-A,Example7,7,76.0,145.33333333333334,nan
ALNS-A,Example7,7,77.0,145.33333333333334,nan
ALNS-A,Example7,7,78.0,144.66666666666666,nan
ALNS-A,Example7,7,79.0,144.66666666666666,nan
ALNS-A,Example7,7,80.0,144.66666666666666,nan
ALNS-A,Example7,7,81.0,144.66666666666666,nan
ALNS-A,Example7,7,82.0,144.66666666666666,nan
ALNS-A,Example7,7,83.0,144.66666666666666,nan
ALNS-A,Example7,7,84.0,144.66666666666666,nan
ALNS-A,Example7,7,85.0,144.66666666666666,nan
ALNS-A,Example7,7,86.0,138.0,nan
ALNS-A,Example7,7,87.0,138.0,nan
ALNS-A,Example7,7,88.0,138.0,nan
ALNS-A,Example7,7,89.0,138.0,nan
ALNS-A,Example7,7,90.0,138.0,nan
ALNS-A,Example7,7,91.0,138.0,nan
ALNS-A,Example7,7,92.0,138.0,nan
ALNS-A,Example7,7,93.0,138.0,nan
ALNS-A,Example7,7,94.0,138.0,nan
ALNS-A,Example7,7,95.0,138.0,nan
ALNS-A,Example7,7,96.0,125.33333333333333,nan
ALNS-A,Example7,7,97.0,125.33333333333333,nan
ALNS-A,Example7,7,98.0,125.33333333333333,nan
ALNS-A,Example7,7,99.0,125.33333333333333,nan
ALNS-A,Example7,7,100.0,125.33333333333333,nan
ALNS-A,Example7,7,101.0,125.33333333333333,nan
ALNS-A,Example7,7,102.0,125.33333333333333,nan
ALNS-A,Example7,7,103.0,125.33333333333333,nan
ALNS-A,Example7,7,104.0,125.33333333333333,nan
ALNS-A,Example7,7,105.0,125.33333333333333,nan
ALNS-A,Example7,7,106.0,125.33333333333333,nan
ALNS-A,Example7,7,107.0,125.33333333333333,nan
ALNS-A,Example7,7,108.0,125.33333333333333,nan
ALNS-A,Example7,7,109.0,125.33333333333333,nan
ALNS-A,Example7,7,110.0,125.33333333333333,nan
ALNS-A,Example7,7,111.0,125.33333333333333,nan
ALNS-A,Example7,7,112.0,125.33333333333333,nan
ALNS-A,Example7,7,113.0,125.33333333333333,nan
ALNS-A,Example7,7,114.0,125.33333333333333,nan
ALNS-A,Example7,7,115.0,125.33333333333333,nan
ALNS-A,Example7,7,116.0,125.33333333333333,nan
ALNS-A,Example7,7,117.0,125.33333333333333,nan
ALNS-A,Example7,7,118.0,125.33333333333333,nan
ALNS-A,Example7,7,119.0,125.33333333333333,nan
ALNS-A,Example7,7,120.0,125.33333333333333,nan
ALNS-A,Example7,7,121.0,125.33333333333333,nan
ALNS-A,Example7,7,122.0,125.33333333333333,nan
ALNS-A,Example7,7,123.0,125.33333333333333,nan
ALNS-A,Example7,7,124.0,125.33333333333333,nan
ALNS-A,Example7,7,125.0,125.33333333333333,nan
ALNS-A,Example7,7,126.0,125.33333333333333,nan
ALNS-A,Example7,7,127.0,123.0,nan
ALNS-A,Example7,7,128.0,123.0,nan
ALNS-A,Example7,7,129.0,123.0,nan
ALNS-A,Example7,7,130.0,123.0,nan
ALNS-A,Example7,7,131.0,123.0,nan
ALNS-A,Example7,7,132.0,123.0,nan
ALNS-A,Example7,7,133.0,123.0,nan
ALNS-A,Example7,7,134.0,123.0,nan
ALNS-A,Example7,7,135.0,123.0,nan
ALNS-A,Example7,7,136.0,123.0,nan
ALNS-A,Example7,7,137.0,123.0,nan
ALNS-A,Example7,7,138.0,123.0,nan
ALNS-A,Example7,7,139.0,123.0,nan
ALNS-A,Example7,7,140.0,123.0,nan
ALNS-A,Example7,7,141.0,123.0,nan
ALNS-A,Example7,7,142.0,123.0,nan
ALNS-A,Example7,7,143.0,123.0,nan
ALNS-A,Example7,7,144.0,123.0,nan
ALNS-A,Example7,7,145.0,123.0,nan
ALNS-A,Example7,7,146.0,123.0,nan
ALNS-A,Example7,7,147.0,123.0,nan
ALNS-A,Example7,7,148.0,123.0,nan
ALNS-A,Example7,7,149.0,123.0,nan
ALNS-A,Example7,7,150.0,121.66666666666667,nan
ALNS-A,Example7,7,151.0,121.66666666666667,nan
ALNS-A,Example7,7,152.0,121.66666666666667,nan
ALNS-A,Example7,7,153.0,121.66666666666667,nan
ALNS-A,Example7,7,154.0,121.66666666666667,nan
ALNS-A,Example7,7,155.0,121.66666666666667,nan
ALNS-A,Example7,7,156.0,121.66666666666667,nan
ALNS-A,Example7,7,157.0,121.66666666666667,nan
ALNS-A,Example7,7,158.0,121.66666666666667,nan
ALNS-A,Example7,7,159.0,121.66666666666667,nan
ALNS-A,Example7,7,160.0,121.66666666666667,nan
ALNS-A,Example7,7,161.0,121.66666666666667,nan
ALNS-A,Example7,7,162.0,121.66666666666667,nan
ALNS-A,Example7,7,163.0,121.66666666666667,nan
ALNS-A,Example7,7,164.0,121.66666666666667,nan
ALNS-A,Example7,7,165.0,121.66666666666667,nan
ALNS-A,Example7,7,166.0,121.66666666666667,nan
ALNS-A,Example7,7,167.0,121.66666666666667,nan
ALNS-A,Example7,7,168.0,121.66666666666667,nan
ALNS-A,Example7,7,169.0,121.66666666666667,nan
ALNS-A,Example7,7,170.0,121.66666666666667,nan
ALNS-A,Example7,7,171.0,121.66666666666667,nan
ALNS-A,Example7,7,172.0,121.66666666666667,nan
ALNS-A,Example7,7,173.0,121.66666666666667,nan
ALNS-A,Example7,7,174.0,121.66666666666667,nan
ALNS-A,Example7,7,175.0,121.66666666666667,nan
ALNS-A,Example7,7,176.0,121.66666666666667,nan
ALNS-A,Example7,7,177.0,121.66666666666667,nan
ALNS-A,Example7,7,178.0,121.66666666666667,nan
ALNS-A,Example7,7,179.0,121.66666666666667,nan
ALNS-A,Example7,7,180.0,121.66666666666667,nan
ALNS-A,Example7,7,181.0,121.66666666666667,nan
ALNS-A,Example7,7,182.0,110.66666666666667,nan
ALNS-A,Example7,7,183.0,100.33333333333333,nan
ALNS-A,Example7,7,184.0,100.33333333333333,nan
ALNS-A,Example7,7,185.0,100.33333333333333,nan
ALNS-A,Example7,7,186.0,100.33333333333333,nan
ALNS-A,Example7,7,187.0,100.33333333333333,nan
ALNS-A,Example7,7,188.0,100.33333333333333,nan
ALNS-A,Example7,7,189.0,100.33333333333333,nan
ALNS-A,Example7,7,190.0,100.33333333333333,nan
ALNS-A,Example7,7,191.0,100.33333333333333,nan
ALNS-A,Example7,7,192.0,100.33333333333333,nan
ALNS-A,Example7,7,193.0,100.33333333333333,nan
ALNS-A,Example7,7,194.0,100.33333333333333,nan
ALNS-A,Example7,7,195.0,100.33333333333333,nan
ALNS-A,Example7,7,196.0,100.33333333333333,nan
ALNS-A,Example7,7,197.0,100.33333333333333,nan
ALNS-A,Example7,7,198.0,100.33333333333333,nan
ALNS-A,Example7,7,199.0,100.33333333333333,nan
ALNS-A,Example7,7,200.0,100.33333333333333,nan
ALNS-A,Example7,7,201.0,100.33333333333333,nan
ALNS-A,Example7,7,202.0,100.33333333333333,nan
ALNS-A,Example7,7,203.0,100.33333333333333,nan
ALNS-A,Example7,7,204.0,100.33333333333333,nan
ALNS-A,Example7,7,205.0,100.33333333333333,nan
ALNS-A,Example7,7,206.0,100.33333333333333,nan
ALNS-A,Example7,7,207.0,100.33333333333333,nan
ALNS-A,Example7,7,208.0,100.33333333333333,nan
ALNS-A,Example7,7,209.0,100.33333333333333,nan
ALNS-A,Example7,7,210.0,100.33333333333333,nan
ALNS-A,Example7,7,211.0,100.33333333333333,nan
ALNS-A,Example7,7,212.0,100.33333333333333,nan
ALNS-A,Example7,7,213.0,100.33333333333333,nan
ALNS-A,Example7,7,214.0,100.33333333333333,nan
ALNS-A,Example7,7,215.0,100.33333333333333,nan
ALNS-A,Example7,7,216.0,100.33333333333333,nan
ALNS-A,Example7,7,217.0,100.33333333333333,nan
ALNS-A,Example7,7,218.0,100.33333333333333,nan
ALNS-A,Example7,7,219.0,100.33333333333333,nan
ALNS-A,Example7,7,220.0,100.33333333333333,nan
ALNS-A,Example7,7,221.0,100.33333333333333,nan
ALNS-A,Example7,7,222.0,100.33333333333333,nan
ALNS-A,Example7,7,223.0,100.33333333333333,nan
ALNS-A,Example7,7,224.0,100.33333333333333,nan
ALNS-A,Example7,7,225.0,100.33333333333333,nan
ALNS-A,Example7,7,226.0,100.33333333333333,nan
ALNS-A,Example7,7,227.0,100.33333333333333,nan
ALNS-A,Example7,7,228.0,100.33333333333333,nan
ALNS-A,Example7,7,229.0,100.33333333333333,nan
ALNS-A,Example7,7,230.0,100.33333333333333,nan
ALNS-A,Example7,7,231.0,100.33333333333333,nan
ALNS-A,Example7,7,232.0,100.33333333333333,nan
ALNS-A,Example7,7,233.0,100.33333333333333,nan
ALNS-A,Example7,7,234.0,100.33333333333333,nan
ALNS-A,Example7,7,235.0,100.33333333333333,nan
ALNS-A,Example7,7,236.0,100.33333333333333,nan
ALNS-A,Example7,7,237.0,100.33333333333333,nan
ALNS-A,Example7,7,238.0,100.33333333333333,nan
ALNS-A,Example7,7,239.0,100.33333333333333,nan
ALNS-A,Example7,7,240.0,100.33333333333333,nan
ALNS-A,Example7,7,241.0,100.33333333333333,nan
ALNS-A,Example7,7,242.0,100.33333333333333,nan
ALNS-A,Example7,7,243.0,100.33333333333333,nan
ALNS-A,Example7,7,244.0,100.33333333333333,nan
ALNS-A,Example7,7,245.0,100.33333333333333,nan
ALNS-A,Example7,7,246.0,100.33333333333333,nan
ALNS-A,Example7,7,247.0,100.33333333333333,nan
ALNS-A,Example7,7,248.0,100.33333333333333,nan
ALNS-A,Example7,7,249.0,100.33333333333333,nan
ALNS-A,Example7,7,250.0,100.33333333333333,nan
ALNS-A,Example7,7,251.0,100.33333333333333,nan
ALNS-A,Example7,7,252.0,100.33333333333333,nan
ALNS-A,Example7,7,253.0,100.33333333333333,nan
ALNS-A,Example7,7,254.0,100.33333333333333,nan
ALNS-A,Example7,7,255.0,100.33333333333333,nan
ALNS-A,Example7,7,256.0,100.33333333333333,nan
ALNS-A,Example7,7,257.0,100.33333333333333,nan
ALNS-A,Example7,7,258.0,100.33333333333333,nan
ALNS-A,Example7,7,259.0,100.33333333333333,nan
ALNS-A,Example7,7,260.0,100.33333333333333,nan
ALNS-A,Example7,7,261.0,100.33333333333333,nan
ALNS-A,Example7,7,262.0,100.33333333333333,nan
ALNS-A,Example7,7,263.0,100.33333333333333,nan
ALNS-A,Example7,7,264.0,100.33333333333333,nan
ALNS-A,Example7,7,265.0,100.33333333333333,nan
ALNS-A,Example7,7,266.0,100.33333333333333,nan
ALNS-A,Example7,7,267.0,100.33333333333333,nan
ALNS-A,Example7,7,268.0,100.33333333333333,nan
ALNS-A,Example7,7,269.0,100.33333333333333,nan
ALNS-A,Example7,7,270.0,100.33333333333333,nan
ALNS-A,Example7,7,271.0,100.33333333333333,nan
ALNS-A,Example7,7,272.0,100.33333333333333,nan
ALNS-A,Example7,7,273.0,100.33333333333333,nan
ALNS-A,Example8,8,0.0,65.33333333333333,nan
ALNS-A,Example8,8,1.0,65.33333333333333,nan
ALNS-A,Example8,8,2.0,65.0,nan
ALNS-A,Example8,8,3.0,65.0,nan
ALNS-A,Example8,8,4.0,65.0,nan
ALNS-A,Example8,8,5.0,59.0,nan
ALNS-A,Example8,8,6.0,44.0,nan
ALNS-A,Example8,8,7.0,44.0,nan
ALNS-A,Example8,8,8.0,44.0,nan
ALNS-A,Example8,8,9.0,42.0,nan
ALNS-A,Example8,8,10.0,37.666666666666664,nan
ALNS-A,Example8,8,11.0,31.666666666666668,nan
ALNS-A,Example8,8,12.0,31.666666666666668,nan
ALNS-A,Example8,8,13.0,30.333333333333332,nan
ALNS-A,Example8,8,14.0,30.333333333333332,nan
ALNS-A,Example8,8,15.0,30.333333333333332,nan
ALNS-A,Example8,8,16.0,30.333333333333332,nan
ALNS-A,Example8,8,17.0,30.333333333333332,nan
ALNS-A,Example8,8,18.0,30.333333333333332,nan
ALNS-A,Example8,8,19.0,29.666666666666668,nan
ALNS-A,Example8,8,20.0,29.666666666666668,nan
ALNS-A,Example8,8,21.0,29.666666666666668,nan
ALNS-A,Example8,8,22.0,27.666666666666668,nan
ALNS-A,Example8,8,23.0,27.666666666666668,nan
ALNS-A,Example8,8,24.0,27.666666666666668,nan
ALNS-A,Example8,8,25.0,27.666666666666668,nan
ALNS-A,Example8,8,26.0,27.666666666666668,nan
ALNS-A,Example8,8,27.0,27.666666666666668,nan
ALNS-A,Example8,8,28.0,27.666666666666668,nan
ALNS-A,Example8,8,29.0,27.666666666666668,nan
ALNS-A,Example8,8,30.0,16.333333333333332,nan
ALNS-A,Example8,8,31.0,14.333333333333334,nan
ALNS-A,Example8,8,32.0,14.0,nan
ALNS-A,Example8,8,33.0,14.0,nan
ALNS-A,Example8,8,34.0,14.0,nan
ALNS-A,Example8,8,35.0,13.0,nan
ALNS-A,Example8,8,36.0,13.0,nan
ALNS-A,Example8,8,37.0,13.0,nan
ALNS-A,Example8,8,38.0,13.0,nan
ALNS-A,Example8,8,39.0,13.0,nan
ALNS-A,Example8,8,40.0,13.0,nan
ALNS-A,Example8,8,41.0,13.0,nan
ALNS-A,Example8,8,42.0,13.0,nan
ALNS-A,Example8,8,43.0,13.0,nan
ALNS-A,Example8,8,44.0,13.0,nan
ALNS-A,Example8,8,45.0,13.0,nan
ALNS-A,Example8,8,46.0,13.0,nan
ALNS-A,Example8,8,47.0,13.0,nan
ALNS-A,Example8,8,48.0,13.0,nan
ALNS-A,Example8,8,49.0,13.0,nan
ALNS-A,Example8,8,50.0,13.0,nan
ALNS-A,Example8,8,51.0,12.0,nan
ALNS-A,Example8,8,52.0,12.0,nan
ALNS-A,Example8,8,53.0,12.0,nan
ALNS-A,Example8,8,54.0,12.0,nan
ALNS-A,Example8,8,55.0,12.0,nan
ALNS-A,Example8,8,56.0,12.0,nan
ALNS-A,Example8,8,57.0,12.0,nan
ALNS-A,Example8,8,58.0,12.0,nan
ALNS-A,Example8,8,59.0,12.0,nan
ALNS-A,Example8,8,60.0,12.0,nan
ALNS-A,Example8,8,61.0,12.0,nan
ALNS-A,Example8,8,62.0,12.0,nan
ALNS-A,Example8,8,63.0,12.0,nan
ALNS-A,Example8,8,64.0,12.0,nan
ALNS-A,Example8,8,65.0,12.0,nan
ALNS-A,Example8,8,66.0,12.0,nan
ALNS-A,Example8,8,67.0,12.0,nan
ALNS-A,Example8,8,68.0,12.0,nan
ALNS-A,Example8,8,69.0,11.666666666666666,nan
ALNS-A,Example8,8,70.0,11.666666666666666,nan
ALNS-A,Example8,8,71.0,11.666666666666666,nan
ALNS-A,Example8,8,72.0,11.666666666666666,nan
ALNS-A,Example8,8,73.0,11.666666666666666,nan
ALNS-A,Example8,8,74.0,11.666666666666666,nan
ALNS-A,Example8,8,75.0,11.666666666666666,nan
ALNS-A,Example8,8,76.0,11.666666666666666,nan
ALNS-A,Example8,8,77.0,11.666666666666666,nan
ALNS-A,Example8,8,78.0,11.666666666666666,nan
ALNS-A,Example8,8,79.0,11.666666666666666,nan
ALNS-A,Example8,8,80.0,11.666666666666666,nan
ALNS-A,Example8,8,81.0,11.666666666666666,nan
ALNS-A,Example8,8,82.0,11.666666666666666,nan
ALNS-A,Example8,8,83.0,11.666666666666666,nan
ALNS-A,Example8,8,84.0,11.666666666666666,nan
ALNS-A,Example8,8,85.0,11.666666666666666,nan
ALNS-A,Example8,8,86.0,11.666666666666666,nan
ALNS-A,Example8,8,87.0,11.666666666666666,nan
ALNS-A,Example8,8,88.0,11.666666666666666,nan
ALNS-A,Example8,8,89.0,11.666666666666666,nan
ALNS-A,Example8,8,90.0,11.666666666666666,nan
ALNS-A,Example8,8,91.0,11.666666666666666,nan
ALNS-A,Example8,8,92.0,11.666666666666666,nan
ALNS-A,Example8,8,93.0,11.666666666666666,nan
ALNS-A,Example8,8,94.0,11.666666666666666,nan
ALNS-A,Example8,8,95.0,11.666666666666666,nan
ALNS-A,Example8,8,96.0,11.666666666666666,nan
ALNS-A,Example8,8,97.0,11.666666666666666,nan
ALNS-A,Example8,8,98.0,11.666666666666666,nan
ALNS-A,Example8,8,99.0,11.666666666666666,nan
ALNS-A,Example8,8,100.0,11.666666666666666,nan
ALNS-A,Example8,8,101.0,11.666666666666666,nan
ALNS-A,Example8,8,102.0,11.666666666666666,nan
ALNS-A,Example8,8,103.0,11.666666666666666,nan
ALNS-A,Example8,8,104.0,11.666666666666666,nan
ALNS-A,Example8,8,105.0,11.333333333333334,nan
ALNS-A,Example8,8,106.0,11.333333333333334,nan
ALNS-A,Example8,8,107.0,11.333333333333334,nan
ALNS-A,Example8,8,108.0,11.333333333333334,nan
ALNS-A,Example8,8,109.0,11.333333333333334,nan
ALNS-A,Example8,8,110.0,11.333333333333334,nan
ALNS-A,Example8,8,111.0,11.333333333333334,nan
ALNS-A,Example8,8,112.0,11.0,nan
ALNS-A,Example8,8,113.0,11.0,nan
ALNS-A,Example8,8,114.0,11.0,nan
ALNS-A,Example8,8,115.0,11.0,nan
ALNS-A,Example8,8,116.0,11.0,nan
ALNS-A,Example8,8,117.0,11.0,nan
ALNS-A,Example8,8,118.0,10.666666666666666,nan
ALNS-A,Example8,8,119.0,10.666666666666666,nan
ALNS-A,Example8,8,120.0,10.666666666666666,nan
ALNS-A,Example8,8,121.0,10.666666666666666,nan
ALNS-A,Example8,8,122.0,10.666666666666666,nan
ALNS-A,Example8,8,123.0,10.333333333333334,nan
ALNS-A,Example8,8,124.0,10.333333333333334,nan
ALNS-A,Example8,8,125.0,10.333333333333334,nan
ALNS-A,Example8,8,126.0,10.333333333333334,nan
ALNS-A,Example8,8,127.0,10.333333333333334,nan
ALNS-A,Example8,8,128.0,10.333333333333334,nan
ALNS-A,Example8,8,129.0,10.333333333333334,nan
ALNS-A,Example8,8,130.0,10.333333333333334,nan
ALNS-A,Example8,8,131.0,10.333333333333334,nan
ALNS-A,Example8,8,132.0,10.333333333333334,nan
ALNS-A,Example8,8,133.0,10.333333333333334,nan
ALNS-A,Example8,8,134.0,10.333333333333334,nan
ALNS-A,Example8,8,135.0,10.333333333333334,nan
ALNS-A,Example8,8,136.0,10.333333333333334,nan
ALNS-A,Example8,8,137.0,10.333333333333334,nan
ALNS-A,Example8,8,138.0,10.333333333333334,nan
ALNS-A,Example8,8,139.0,10.333333333333334,nan
ALNS-A,Example8,8,140.0,8.333333333333334,nan
ALNS-A,Example8,8,141.0,8.333333333333334,nan
ALNS-A,Example8,8,142.0,8.333333333333334,nan
ALNS-A,Example8,8,143.0,8.333333333333334,nan
ALNS-A,Example8,8,144.0,8.333333333333334,nan
ALNS-A,Example8,8,145.0,8.333333333333334,nan
ALNS-A,Example8,8,146.0,8.333333333333334,nan
ALNS-A,Example8,8,147.0,8.333333333333334,nan
ALNS-A,Example8,8,148.0,8.0,nan
ALNS-A,Example8,8,149.0,8.0,nan
ALNS-A,Example8,8,150.0,7.666666666666667,nan
ALNS-A,Example8,8,151.0,7.666666666666667,nan
ALNS-A,Example8,8,152.0,7.666666666666667,nan
ALNS-A,Example8,8,153.0,7.666666666666667,nan
ALNS-A,Example8,8,154.0,7.666666666666667,nan
ALNS-A,Example8,8,155.0,7.666666666666667,nan
ALNS-A,Example8,8,156.0,7.666666666666667,nan
ALNS-A,Example8,8,157.0,7.666666666666667,nan
ALNS-A,Example8,8,158.0,7.666666666666667,nan
ALNS-A,Example8,8,159.0,7.666666666666667,nan
ALNS-A,Example8,8,160.0,7.666666666666667,nan
ALNS-A,Example8,8,161.0,7.666666666666667,nan
ALNS-A,Example8,8,162.0,7.666666666666667,nan
ALNS-A,Example8,8,163.0,7.666666666666667,nan
ALNS-A,Example8,8,164.0,7.666666666666667,nan
ALNS-A,Example8,8,165.0,7.666666666666667,nan
ALNS-A,Example8,8,166.0,7.666666666666667,nan
ALNS-A,Example8,8,167.0,7.666666666666667,nan
ALNS-A,Example8,8,168.0,7.666666666666667,nan
ALNS-A,Example8,8,169.0,7.666666666666667,nan
ALNS-A,Example8,8,170.0,7.666666666666667,nan
ALNS-A,Example8,8,171.0,7.666666666666667,nan
ALNS-A,Example8,8,172.0,7.666666666666667,nan
ALNS-A,Example8,8,173.0,7.666666666666667,nan
ALNS-A,Example8,8,174.0,7.666666666666667,nan
ALNS-A,Example8,8,175.0,7.666666666666667,nan
ALNS-A,Example8,8,176.0,7.666666666666667,nan
ALNS-A,Example8,8,177.0,7.666666666666667,nan
ALNS-A,Example8,8,178.0,7.666666666666667,nan
ALNS-A,Example8,8,179.0,7.666666666666667,nan
ALNS-A,Example8,8,180.0,7.666666666666667,nan
ALNS-A,Example8,8,181.0,7.666666666666667,nan
ALNS-A,Example8,8,182.0,7.333333333333333,nan
ALNS-A,Example8,8,183.0,7.333333333333333,nan
ALNS-A,Example8,8,184.0,7.333333333333333,nan
ALNS-A,Example8,8,185.0,7.333333333333333,nan
ALNS-A,Example8,8,186.0,7.333333333333333,nan
ALNS-A,Example8,8,187.0,7.333333333333333,nan
ALNS-A,Example8,8,188.0,7.333333333333333,nan
ALNS-A,Example8,8,189.0,7.333333333333333,nan
ALNS-A,Example8,8,190.0,7.333333333333333,nan
ALNS-A,Example8,8,191.0,7.333333333333333,nan
ALNS-A,Example8,8,192.0,7.333333333333333,nan
ALNS-A,Example8,8,193.0,7.333333333333333,nan
ALNS-A,Example8,8,194.0,7.333333333333333,nan
ALNS-A,Example8,8,195.0,7.333333333333333,nan
ALNS-A,Example8,8,196.0,7.333333333333333,nan
ALNS-A,Example8,8,197.0,7.333333333333333,nan
ALNS-A,Example8,8,198.0,7.333333333333333,nan
ALNS-A,Example8,8,199.0,7.333333333333333,nan
ALNS-A,Example8,8,200.0,7.333333333333333,nan
ALNS-A,Example8,8,201.0,7.333333333333333,nan
ALNS-A,Example8,8,202.0,7.333333333333333,nan
ALNS-A,Example8,8,203.0,7.333333333333333,nan
ALNS-A,Example8,8,204.0,7.333333333333333,nan
ALNS-A,Example8,8,205.0,7.333333333333333,nan
ALNS-A,Example8,8,206.0,7.333333333333333,nan
ALNS-A,Example8,8,207.0,7.333333333333333,nan
ALNS-A,Example8,8,208.0,7.333333333333333,nan
ALNS-A,Example8,8,209.0,7.333333333333333,nan
ALNS-A,Example8,8,210.0,7.333333333333333,nan
ALNS-A,Example8,8,211.0,7.333333333333333,nan
ALNS-A,Example8,8,212.0,7.333333333333333,nan
ALNS-A,Example8,8,213.0,7.333333333333333,nan
ALNS-A,Example8,8,214.0,7.333333333333333,nan
ALNS-A,Example8,8,215.0,7.333333333333333,nan
ALNS-A,Example8,8,216.0,7.333333333333333,nan
ALNS-A,Example8,8,217.0,7.333333333333333,nan
ALNS-A,Example8,8,218.0,7.333333333333333,nan
ALNS-A,Example8,8,219.0,7.333333333333333,nan
ALNS-A,Example8,8,220.0,7.333333333333333,nan
ALNS-A,Example8,8,221.0,7.333333333333333,nan
ALNS-A,Example8,8,222.0,7.333333333333333,nan
ALNS-A,Example8,8,223.0,7.333333333333333,nan
ALNS-A,Example8,8,224.0,7.333333333333333,nan
ALNS-A,Example8,8,225.0,7.333333333333333,nan
ALNS-A,Example8,8,226.0,7.333333333333333,nan
ALNS-A,Example8,8,227.0,7.333333333333333,nan
ALNS-A,Example8,8,228.0,7.333333333333333,nan
ALNS-A,Example8,8,229.0,7.333333333333333,nan
ALNS-A,Example8,8,230.0,7.333333333333333,nan
ALNS-A,Example8,8,231.0,7.333333333333333,nan
ALNS-A,Example8,8,232.0,7.333333333333333,nan
ALNS-A,Example8,8,233.0,7.333333333333333,nan
ALNS-A,Example8,8,234.0,7.333333333333333,nan
ALNS-A,Example8,8,235.0,7.333333333333333,nan
ALNS-A,Example8,8,236.0,7.333333333333333,nan
ALNS-A,Example8,8,237.0,7.333333333333333,nan
ALNS-A,Example8,8,238.0,7.333333333333333,nan
ALNS-A,Example8,8,239.0,7.333333333333333,nan
ALNS-A,Example8,8,240.0,7.333333333333333,nan
ALNS-A,Example8,8,241.0,7.333333333333333,nan
ALNS-A,Example8,8,242.0,7.333333333333333,nan
ALNS-A,Example8,8,243.0,7.333333333333333,nan
ALNS-A,Example8,8,244.0,7.333333333333333,nan
ALNS-A,Example8,8,245.0,7.333333333333333,nan
ALNS-A,Example8,8,246.0,7.333333333333333,nan
ALNS-A,Example8,8,247.0,7.333333333333333,nan
ALNS-A,Example8,8,248.0,7.333333333333333,nan
ALNS-A,Example8,8,249.0,7.333333333333333,nan
ALNS-A,Example8,8,250.0,7.333333333333333,nan
ALNS-A,Example8,8,251.0,7.333333333333333,nan
ALNS-A,Example8,8,252.0,7.333333333333333,nan
ALNS-A,Example8,8,253.0,7.333333333333333,nan
ALNS-A,Example8,8,254.0,7.333333333333333,nan
ALNS-A,Example8,8,255.0,7.333333333333333,nan
ALNS-A,Example8,8,256.0,7.333333333333333,nan
ALNS-A,Example8,8,257.0,7.333333333333333,nan
ALNS-A,Example8,8,258.0,7.333333333333333,nan
ALNS-A,Example8,8,259.0,7.333333333333333,nan
ALNS-A,Example8,8,260.0,7.333333333333333,nan
ALNS-A,Example8,8,261.0,7.333333333333333,nan
ALNS-A,Example8,8,262.0,7.333333333333333,nan
ALNS-A,Example8,8,263.0,7.333333333333333,nan
ALNS-A,Example8,8,264.0,7.333333333333333,nan
ALNS-A,Example8,8,265.0,7.333333333333333,nan
ALNS-A,Example8,8,266.0,7.333333333333333,nan
ALNS-A,Example8,8,267.0,7.333333333333333,nan
ALNS-A,Example8,8,268.0,7.333333333333333,nan
ALNS-A,Example8,8,269.0,7.333333333333333,nan
ALNS-A,Example8,8,270.0,7.333333333333333,nan
ALNS-A,Example8,8,271.0,7.333333333333333,nan
ALNS-A,Example8,8,272.0,7.333333333333333,nan
ALNS-A,Example8,8,273.0,7.333333333333333,nan
ALNS-A,Example9,9,0.0,353.3333333333333,nan
ALNS-A,Example9,9,1.0,353.3333333333333,nan
ALNS-A,Example9,9,2.0,353.3333333333333,nan
ALNS-A,Example9,9,3.0,353.3333333333333,nan
ALNS-A,Example9,9,4.0,353.3333333333333,nan
ALNS-A,Example9,9,5.0,353.3333333333333,nan
ALNS-A,Example9,9,6.0,353.3333333333333,nan
ALNS-A,Example9,9,7.0,353.3333333333333,nan
ALNS-A,Example9,9,8.0,353.3333333333333,nan
ALNS-A,Example9,9,9.0,353.3333333333333,nan
ALNS-A,Example9,9,10.0,353.3333333333333,nan
ALNS-A,Example9,9,11.0,353.3333333333333,nan
ALNS-A,Example9,9,12.0,353.3333333333333,nan
ALNS-A,Example9,9,13.0,353.3333333333333,nan
ALNS-A,Example9,9,14.0,353.3333333333333,nan
ALNS-A,Example9,9,15.0,353.3333333333333,nan
ALNS-A,Example9,9,16.0,353.3333333333333,nan
ALNS-A,Example9,9,17.0,353.3333333333333,nan
ALNS-A,Example9,9,18.0,353.3333333333333,nan
ALNS-A,Example9,9,19.0,353.3333333333333,nan
ALNS-A,Example9,9,20.0,353.3333333333333,nan
ALNS-A,Example9,9,21.0,254.33333333333334,nan
ALNS-A,Example9,9,22.0,254.33333333333334,nan
ALNS-A,Example9,9,23.0,254.33333333333334,nan
ALNS-A,Example9,9,24.0,230.0,nan
ALNS-A,Example9,9,25.0,224.66666666666666,nan
ALNS-A,Example9,9,26.0,146.66666666666666,nan
ALNS-A,Example9,9,27.0,146.66666666666666,nan
ALNS-A,Example9,9,28.0,146.66666666666666,nan
ALNS-A,Example9,9,29.0,146.66666666666666,nan
ALNS-A,Example9,9,30.0,146.66666666666666,nan
ALNS-A,Example9,9,31.0,146.66666666666666,nan
ALNS-A,Example9,9,32.0,146.66666666666666,nan
ALNS-A,Example9,9,33.0,146.66666666666666,nan
ALNS-A,Example9,9,34.0,146.66666666666666,nan
ALNS-A,Example9,9,35.0,146.66666666666666,nan
ALNS-A,Example9,9,36.0,146.66666666666666,nan
ALNS-A,Example9,9,37.0,146.66666666666666,nan
ALNS-A,Example9,9,38.0,146.66666666666666,nan
ALNS-A,Example9,9,39.0,146.66666666666666,nan
ALNS-A,Example9,9,40.0,146.66666666666666,nan
ALNS-A,Example9,9,41.0,146.66666666666666,nan
ALNS-A,Example9,9,42.0,146.66666666666666,nan
ALNS-A,Example9,9,43.0,136.66666666666666,nan
ALNS-A,Example9,9,44.0,136.66666666666666,nan
ALNS-A,Example9,9,45.0,136.66666666666666,nan
ALNS-A,Example9,9,46.0,136.66666666666666,nan
ALNS-A,Example9,9,47.0,136.66666666666666,nan
ALNS-A,Example9,9,48.0,136.66666666666666,nan
ALNS-A,Example9,9,49.0,136.66666666666666,nan
ALNS-A,Example9,9,50.0,136.66666666666666,nan
ALNS-A,Example9,9,51.0,136.66666666666666,nan
ALNS-A,Example9,9,52.0,136.66666666666666,nan
ALNS-A,Example9,9,53.0,136.66666666666666,nan
ALNS-A,Example9,9,54.0,136.66666666666666,nan
ALNS-A,Example9,9,55.0,136.66666666666666,nan
ALNS-A,Example9,9,56.0,136.66666666666666,nan
ALNS-A,Example9,9,57.0,136.66666666666666,nan
ALNS-A,Example9,9,58.0,136.66666666666666,nan
ALNS-A,Example9,9,59.0,136.66666666666666,nan
ALNS-A,Example9,9,60.0,136.66666666666666,nan
ALNS-A,Example9,9,61.0,136.66666666666666,nan
ALNS-A,Example9,9,62.0,136.66666666666666,nan
ALNS-A,Example9,9,63.0,136.66666666666666,nan
ALNS-A,Example9,9,64.0,136.66666666666666,nan
ALNS-A,Example9,9,65.0,136.66666666666666,nan
ALNS-A,Example9,9,66.0,136.66666666666666,nan
ALNS-A,Example9,9,67.0,136.66666666666666,nan
ALNS-A,Example9,9,68.0,136.66666666666666,nan
ALNS-A,Example9,9,69.0,136.66666666666666,nan
ALNS-A,Example9,9,70.0,136.66666666666666,nan
ALNS-A,Example9,9,71.0,136.66666666666666,nan
ALNS-A,Example9,9,72.0,136.66666666666666,nan
ALNS-A,Example9,9,73.0,136.66666666666666,nan
ALNS-A,Example9,9,74.0,136.66666666666666,nan
ALNS-A,Example9,9,75.0,136.66666666666666,nan
ALNS-A,Example9,9,76.0,136.66666666666666,nan
ALNS-A,Example9,9,77.0,136.66666666666666,nan
ALNS-A,Example9,9,78.0,136.66666666666666,nan
ALNS-A,Example9,9,79.0,136.66666666666666,nan
ALNS-A,Example9,9,80.0,136.66666666666666,nan
ALNS-A,Example9,9,81.0,136.66666666666666,nan
ALNS-A,Example9,9,82.0,136.66666666666666,nan
ALNS-A,Example9,9,83.0,136.66666666666666,nan
ALNS-A,Example9,9,84.0,136.66666666666666,nan
ALNS-A,Example9,9,85.0,136.66666666666666,nan
ALNS-A,Example9,9,86.0,136.66666666666666,nan
ALNS-A,Example9,9,87.0,129.33333333333334,nan
ALNS-A,Example9,9,88.0,129.33333333333334,nan
ALNS-A,Example9,9,89.0,129.33333333333334,nan
ALNS-A,Example9,9,90.0,129.33333333333334,nan
ALNS-A,Example9,9,91.0,129.33333333333334,nan
ALNS-A,Example9,9,92.0,129.33333333333334,nan
ALNS-A,Example9,9,93.0,129.33333333333334,nan
ALNS-A,Example9,9,94.0,129.33333333333334,nan
ALNS-A,Example9,9,95.0,129.33333333333334,nan
ALNS-A,Example9,9,96.0,129.33333333333334,nan
ALNS-A,Example9,9,97.0,129.33333333333334,nan
ALNS-A,Example9,9,98.0,129.33333333333334,nan
ALNS-A,Example9,9,99.0,129.33333333333334,nan
ALNS-A,Example9,9,100.0,129.33333333333334,nan
ALNS-A,Example9,9,101.0,129.33333333333334,nan
ALNS-A,Example9,9,102.0,129.33333333333334,nan
ALNS-A,Example9,9,103.0,129.33333333333334,nan
ALNS-A,Example9,9,104.0,129.33333333333334,nan
ALNS-A,Example9,9,105.0,129.33333333333334,nan
ALNS-A,Example9,9,106.0,129.33333333333334,nan
ALNS-A,Example9,9,107.0,129.33333333333334,nan
ALNS-A,Example9,9,108.0,129.33333333333334,nan
ALNS-A,Example9,9,109.0,129.33333333333334,nan
ALNS-A,Example9,9,110.0,129.33333333333334,nan
ALNS-A,Example9,9,111.0,129.33333333333334,nan
ALNS-A,Example9,9,112.0,129.33333333333334,nan
ALNS-A,Example9,9,113.0,129.33333333333334,nan
ALNS-A,Example9,9,114.0,129.33333333333334,nan
ALNS-A,Example9,9,115.0,129.33333333333334,nan
ALNS-A,Example9,9,116.0,129.33333333333334,nan
ALNS-A,Example9,9,117.0,129.33333333333334,nan
ALNS-A,Example9,9,118.0,129.33333333333334,nan
ALNS-A,Example9,9,119.0,129.33333333333334,nan
ALNS-A,Example9,9,120.0,129.33333333333334,nan
ALNS-A,Example9,9,121.0,129.33333333333334,nan
ALNS-A,Example9,9,122.0,129.33333333333334,nan
ALNS-A,Example9,9,123.0,129.33333333333334,nan
ALNS-A,Example9,9,124.0,129.33333333333334,nan
ALNS-A,Example9,9,125.0,129.33333333333334,nan
ALNS-A,Example9,9,126.0,129.33333333333334,nan
ALNS-A,Example9,9,127.0,129.33333333333334,nan
ALNS-A,Example9,9,128.0,129.33333333333334,nan
ALNS-A,Example9,9,129.0,129.33333333333334,nan
ALNS-A,Example9,9,130.0,129.33333333333334,nan
ALNS-A,Example9,9,131.0,129.33333333333334,nan
ALNS-A,Example9,9,132.0,129.33333333333334,nan
ALNS-A,Example9,9,133.0,129.33333333333334,nan
ALNS-A,Example9,9,134.0,129.33333333333334,nan
ALNS-A,Example9,9,135.0,129.33333333333334,nan
ALNS-A,Example9,9,136.0,129.33333333333334,nan
ALNS-A,Example9,9,137.0,129.33333333333334,nan
ALNS-A,Example9,9,138.0,129.33333333333334,nan
ALNS-A,Example9,9,139.0,129.33333333333334,nan
ALNS-A,Example9,9,140.0,129.33333333333334,nan
ALNS-A,Example9,9,141.0,129.33333333333334,nan
ALNS-A,Example9,9,142.0,129.33333333333334,nan
ALNS-A,Example9,9,143.0,129.33333333333334,nan
ALNS-A,Example9,9,144.0,129.33333333333334,nan
ALNS-A,Example9,9,145.0,129.33333333333334,nan
ALNS-A,Example9,9,146.0,129.33333333333334,nan
ALNS-A,Example9,9,147.0,129.33333333333334,nan
ALNS-A,Example9,9,148.0,129.33333333333334,nan
ALNS-A,Example9,9,149.0,129.33333333333334,nan
ALNS-A,Example9,9,150.0,129.33333333333334,nan
ALNS-A,Example9,9,151.0,129.33333333333334,nan
ALNS-A,Example9,9,152.0,129.33333333333334,nan
ALNS-A,Example9,9,153.0,129.33333333333334,nan
ALNS-A,Example9,9,154.0,129.33333333333334,nan
ALNS-A,Example9,9,155.0,129.33333333333334,nan
ALNS-A,Example9,9,156.0,129.33333333333334,nan
ALNS-A,Example9,9,157.0,129.33333333333334,nan
ALNS-A,Example9,9,158.0,129.33333333333334,nan
ALNS-A,Example9,9,159.0,129.33333333333334,nan
ALNS-A,Example9,9,160.0,129.33333333333334,nan
ALNS-A,Example9,9,161.0,129.33333333333334,nan
ALNS-A,Example9,9,162.0,129.33333333333334,nan
ALNS-A,Example9,9,163.0,129.33333333333334,nan
ALNS-A,Example9,9,164.0,129.33333333333334,nan
ALNS-A,Example9,9,165.0,129.33333333333334,nan
ALNS-A,Example9,9,166.0,129.33333333333334,nan
ALNS-A,Example9,9,167.0,129.33333333333334,nan
ALNS-A,Example9,9,168.0,129.33333333333334,nan
ALNS-A,Example9,9,169.0,129.33333333333334,nan
ALNS-A,Example9,9,170.0,129.33333333333334,nan
ALNS-A,Example9,9,171.0,129.33333333333334,nan
ALNS-A,Example9,9,172.0,129.33333333333334,nan
ALNS-A,Example9,9,173.0,129.33333333333334,nan
ALNS-A,Example9,9,174.0,129.33333333333334,nan
ALNS-A,Example9,9,175.0,129.33333333333334,nan
ALNS-A,Example9,9,176.0,129.33333333333334,nan
ALNS-A,Example9,9,177.0,129.33333333333334,nan
ALNS-A,Example9,9,178.0,129.33333333333334,nan
ALNS-A,Example9,9,179.0,129.33333333333334,nan
ALNS-A,Example9,9,180.0,129.33333333333334,nan
ALNS-A,Example9,9,181.0,129.33333333333334,nan
ALNS-A,Example9,9,182.0,129.33333333333334,nan
ALNS-A,Example9,9,183.0,129.33333333333334,nan
ALNS-A,Example9,9,184.0,129.33333333333334,nan
ALNS-A,Example9,9,185.0,129.33333333333334,nan
ALNS-A,Example9,9,186.0,129.33333333333334,nan
ALNS-A,Example9,9,187.0,129.33333333333334,nan
ALNS-A,Example9,9,188.0,129.33333333333334,nan
ALNS-A,Example9,9,189.0,129.33333333333334,nan
ALNS-A,Example9,9,190.0,129.33333333333334,nan
ALNS-A,Example9,9,191.0,129.33333333333334,nan
ALNS-A,Example9,9,192.0,129.33333333333334,nan
ALNS-A,Example9,9,193.0,129.33333333333334,nan
ALNS-A,Example9,9,194.0,129.33333333333334,nan
ALNS-A,Example9,9,195.0,129.33333333333334,nan
ALNS-A,Example9,9,196.0,121.0,nan
ALNS-A,Example9,9,197.0,121.0,nan
ALNS-A,Example9,9,198.0,121.0,nan
ALNS-A,Example9,9,199.0,121.0,nan
ALNS-A,Example9,9,200.0,121.0,nan
ALNS-A,Example9,9,201.0,121.0,nan
ALNS-A,Example9,9,202.0,121.0,nan
ALNS-A,Example9,9,203.0,121.0,nan
ALNS-A,Example9,9,204.0,121.0,nan
ALNS-A,Example9,9,205.0,121.0,nan
ALNS-A,Example9,9,206.0,121.0,nan
ALNS-A,Example9,9,207.0,121.0,nan
ALNS-A,Example9,9,208.0,121.0,nan
ALNS-A,Example9,9,209.0,121.0,nan
ALNS-A,Example9,9,210.0,121.0,nan
ALNS-A,Example9,9,211.0,121.0,nan
ALNS-A,Example9,9,212.0,121.0,nan
ALNS-A,Example9,9,213.0,121.0,nan
ALNS-A,Example9,9,214.0,121.0,nan
ALNS-A,Example9,9,215.0,121.0,nan
ALNS-A,Example9,9,216.0,121.0,nan
ALNS-A,Example9,9,217.0,121.0,nan
ALNS-A,Example9,9,218.0,121.0,nan
ALNS-A,Example9,9,219.0,121.0,nan
ALNS-A,Example9,9,220.0,121.0,nan
ALNS-A,Example9,9,221.0,121.0,nan
ALNS-A,Example9,9,222.0,121.0,nan
ALNS-A,Example9,9,223.0,121.0,nan
ALNS-A,Example9,9,224.0,121.0,nan
ALNS-A,Example9,9,225.0,121.0,nan
ALNS-A,Example9,9,226.0,121.0,nan
ALNS-A,Example9,9,227.0,121.0,nan
ALNS-A,Example9,9,228.0,121.0,nan
ALNS-A,Example9,9,229.0,121.0,nan
ALNS-A,Example9,9,230.0,121.0,nan
ALNS-A,Example9,9,231.0,120.0,nan
ALNS-A,Example9,9,232.0,120.0,nan
ALNS-A,Example9,9,233.0,120.0,nan
ALNS-A,Example9,9,234.0,120.0,nan
ALNS-A,Example9,9,235.0,120.0,nan
ALNS-A,Example9,9,236.0,120.0,nan
ALNS-A,Example9,9,237.0,120.0,nan
ALNS-A,Example9,9,238.0,120.0,nan
ALNS-A,Example9,9,239.0,120.0,nan
ALNS-A,Example9,9,240.0,120.0,nan
ALNS-A,Example9,9,241.0,120.0,nan
ALNS-A,Example9,9,242.0,120.0,nan
ALNS-A,Example9,9,243.0,120.0,nan
ALNS-A,Example9,9,244.0,120.0,nan
ALNS-A,Example9,9,245.0,120.0,nan
ALNS-A,Example9,9,246.0,120.0,nan
ALNS-A,Example9,9,247.0,120.0,nan
ALNS-A,Example9,9,248.0,120.0,nan
ALNS-A,Example9,9,249.0,120.0,nan
ALNS-A,Example9,9,250.0,120.0,nan
ALNS-A,Example9,9,251.0,120.0,nan
ALNS-A,Example9,9,252.0,120.0,nan
ALNS-A,Example9,9,253.0,120.0,nan
ALNS-A,Example9,9,254.0,120.0,nan
ALNS-A,Example9,9,255.0,120.0,nan
ALNS-A,Example9,9,256.0,120.0,nan
ALNS-A,Example9,9,257.0,120.0,nan
ALNS-A,Example9,9,258.0,120.0,nan
ALNS-A,Example9,9,259.0,120.0,nan
ALNS-A,Example9,9,260.0,120.0,nan
ALNS-A,Example9,9,261.0,120.0,nan
ALNS-A,Example9,9,262.0,120.0,nan
ALNS-A,Example9,9,263.0,120.0,nan
ALNS-A,Example9,9,264.0,120.0,nan
ALNS-A,Example9,9,265.0,120.0,nan
ALNS-A,Example9,9,266.0,120.0,nan
ALNS-A,Example9,9,267.0,120.0,nan
ALNS-A,Example9,9,268.0,120.0,nan
ALNS-A,Example9,9,269.0,120.0,nan
ALNS-A,Example9,9,270.0,120.0,nan
ALNS-A,Example9,9,271.0,120.0,nan
ALNS-A,Example9,9,272.0,120.0,nan
ALNS-A,Example9,9,273.0,120.0,nan
ALNS-A,Example10,10,0.0,536.0,nan
ALNS-A,Example10,10,1.0,536.0,nan
ALNS-A,Example10,10,2.0,536.0,nan
ALNS-A,Example10,10,3.0,536.0,nan
ALNS-A,Example10,10,4.0,536.0,nan
ALNS-A,Example10,10,5.0,536.0,nan
ALNS-A,Example10,10,6.0,536.0,nan
ALNS-A,Example10,10,7.0,532.0,nan
ALNS-A,Example10,10,8.0,532.0,nan
ALNS-A,Example10,10,9.0,434.3333333333333,nan
ALNS-A,Example10,10,10.0,434.3333333333333,nan
ALNS-A,Example10,10,11.0,272.0,nan
ALNS-A,Example10,10,12.0,272.0,nan
ALNS-A,Example10,10,13.0,257.3333333333333,nan
ALNS-A,Example10,10,14.0,257.3333333333333,nan
ALNS-A,Example10,10,15.0,257.3333333333333,nan
ALNS-A,Example10,10,16.0,257.3333333333333,nan
ALNS-A,Example10,10,17.0,257.3333333333333,nan
ALNS-A,Example10,10,18.0,257.3333333333333,nan
ALNS-A,Example10,10,19.0,257.3333333333333,nan
ALNS-A,Example10,10,20.0,141.0,nan
ALNS-A,Example10,10,21.0,124.66666666666667,nan
ALNS-A,Example10,10,22.0,124.66666666666667,nan
ALNS-A,Example10,10,23.0,124.66666666666667,nan
ALNS-A,Example10,10,24.0,115.0,nan
ALNS-A,Example10,10,25.0,112.66666666666667,nan
ALNS-A,Example10,10,26.0,112.66666666666667,nan
ALNS-A,Example10,10,27.0,110.66666666666667,nan
ALNS-A,Example10,10,28.0,110.66666666666667,nan
ALNS-A,Example10,10,29.0,110.66666666666667,nan
ALNS-A,Example10,10,30.0,110.66666666666667,nan
ALNS-A,Example10,10,31.0,110.33333333333333,nan
ALNS-A,Example10,10,32.0,105.66666666666667,nan
ALNS-A,Example10,10,33.0,105.66666666666667,nan
ALNS-A,Example10,10,34.0,105.66666666666667,nan
ALNS-A,Example10,10,35.0,105.66666666666667,nan
ALNS-A,Example10,10,36.0,105.0,nan
ALNS-A,Example10,10,37.0,105.0,nan
ALNS-A,Example10,10,38.0,105.0,nan
ALNS-A,Example10,10,39.0,105.0,nan
ALNS-A,Example10,10,40.0,105.0,nan
ALNS-A,Example10,10,41.0,105.0,nan
ALNS-A,Example10,10,42.0,105.0,nan
ALNS-A,Example10,10,43.0,105.0,nan
ALNS-A,Example10,10,44.0,105.0,nan
ALNS-A,Example10,10,45.0,105.0,nan
ALNS-A,Example10,10,46.0,105.0,nan
ALNS-A,Example10,10,47.0,105.0,nan
ALNS-A,Example10,10,48.0,102.66666666666667,nan
ALNS-A,Example10,10,49.0,102.66666666666667,nan
ALNS-A,Example10,10,50.0,102.66666666666667,nan
ALNS-A,Example10,10,51.0,102.66666666666667,nan
ALNS-A,Example10,10,52.0,102.66666666666667,nan
ALNS-A,Example10,10,53.0,102.66666666666667,nan
ALNS-A,Example10,10,54.0,102.66666666666667,nan
ALNS-A,Example10,10,55.0,102.66666666666667,nan
ALNS-A,Example10,10,56.0,102.66666666666667,nan
ALNS-A,Example10,10,57.0,85.66666666666667,nan
ALNS-A,Example10,10,58.0,85.66666666666667,nan
ALNS-A,Example10,10,59.0,85.66666666666667,nan
ALNS-A,Example10,10,60.0,85.66666666666667,nan
ALNS-A,Example10,10,61.0,85.66666666666667,nan
ALNS-A,Example10,10,62.0,85.66666666666667,nan
ALNS-A,Example10,10,63.0,85.66666666666667,nan
ALNS-A,Example10,10,64.0,85.66666666666667,nan
ALNS-A,Example10,10,65.0,85.66666666666667,nan
ALNS-A,Example10,10,66.0,85.66666666666667,nan
ALNS-A,Example10,10,67.0,85.66666666666667,nan
ALNS-A,Example10,10,68.0,85.66666666666667,nan
ALNS-A,Example10,10,69.0,85.66666666666667,nan
ALNS-A,Example10,10,70.0,85.66666666666667,nan
ALNS-A,Example10,10,71.0,85.66666666666667,nan
ALNS-A,Example10,10,72.0,85.66666666666667,nan
ALNS-A,Example10,10,73.0,85.66666666666667,nan
ALNS-A,Example10,10,74.0,85.66666666666667,nan
ALNS-A,Example10,10,75.0,85.66666666666667,nan
ALNS-A,Example10,10,76.0,85.66666666666667,nan
ALNS-A,Example10,10,77.0,74.66666666666667,nan
ALNS-A,Example10,10,78.0,74.66666666666667,nan
ALNS-A,Example10,10,79.0,74.66666666666667,nan
ALNS-A,Example10,10,80.0,74.66666666666667,nan
ALNS-A,Example10,10,81.0,74.66666666666667,nan
ALNS-A,Example10,10,82.0,74.66666666666667,nan
ALNS-A,Example10,10,83.0,74.66666666666667,nan
ALNS-A,Example10,10,84.0,74.66666666666667,nan
ALNS-A,Example10,10,85.0,74.66666666666667,nan
ALNS-A,Example10,10,86.0,74.66666666666667,nan
ALNS-A,Example10,10,87.0,70.33333333333333,nan
ALNS-A,Example10,10,88.0,70.33333333333333,nan
ALNS-A,Example10,10,89.0,70.33333333333333,nan
ALNS-A,Example10,10,90.0,70.33333333333333,nan
ALNS-A,Example10,10,91.0,70.33333333333333,nan
ALNS-A,Example10,10,92.0,70.33333333333333,nan
ALNS-A,Example10,10,93.0,70.33333333333333,nan
ALNS-A,Example10,10,94.0,70.33333333333333,nan
ALNS-A,Example10,10,95.0,70.33333333333333,nan
ALNS-A,Example10,10,96.0,70.33333333333333,nan
ALNS-A,Example10,10,97.0,70.33333333333333,nan
ALNS-A,Example10,10,98.0,69.33333333333333,nan
ALNS-A,Example10,10,99.0,69.33333333333333,nan
ALNS-A,Example10,10,100.0,69.33333333333333,nan
ALNS-A,Example10,10,101.0,69.33333333333333,nan
ALNS-A,Example10,10,102.0,69.33333333333333,nan
ALNS-A,Example10,10,103.0,69.33333333333333,nan
ALNS-A,Example10,10,104.0,69.33333333333333,nan
ALNS-A,Example10,10,105.0,69.33333333333333,nan
ALNS-A,Example10,10,106.0,69.33333333333333,nan
ALNS-A,Example10,10,107.0,69.33333333333333,nan
ALNS-A,Example10,10,108.0,69.33333333333333,nan
ALNS-A,Example10,10,109.0,69.33333333333333,nan
ALNS-A,Example10,10,110.0,69.33333333333333,nan
ALNS-A,Example10,10,111.0,69.33333333333333,nan
ALNS-A,Example10,10,112.0,69.33333333333333,nan
ALNS-A,Example10,10,113.0,69.33333333333333,nan
ALNS-A,Example10,10,114.0,69.33333333333333,nan
ALNS-A,Example10,10,115.0,69.33333333333333,nan
ALNS-A,Example10,10,116.0,69.33333333333333,nan
ALNS-A,Example10,10,117.0,69.33333333333333,nan
ALNS-A,Example10,10,118.0,69.33333333333333,nan
ALNS-A,Example10,10,119.0,69.33333333333333,nan
ALNS-A,Example10,10,120.0,69.33333333333333,nan
ALNS-A,Example10,10,121.0,69.33333333333333,nan
ALNS-A,Example10,10,122.0,69.33333333333333,nan
ALNS-A,Example10,10,123.0,69.33333333333333,nan
ALNS-A,Example10,10,124.0,69.33333333333333,nan
ALNS-A,Example10,10,125.0,69.33333333333333,nan
ALNS-A,Example10,10,126.0,69.33333333333333,nan
ALNS-A,Example10,10,127.0,69.33333333333333,nan
ALNS-A,Example10,10,128.0,69.33333333333333,nan
ALNS-A,Example10,10,129.0,69.33333333333333,nan
ALNS-A,Example10,10,130.0,69.33333333333333,nan
ALNS-A,Example10,10,131.0,69.33333333333333,nan
ALNS-A,Example10,10,132.0,67.66666666666667,nan
ALNS-A,Example10,10,133.0,67.66666666666667,nan
ALNS-A,Example10,10,134.0,67.66666666666667,nan
ALNS-A,Example10,10,135.0,67.66666666666667,nan
ALNS-A,Example10,10,136.0,67.66666666666667,nan
ALNS-A,Example10,10,137.0,67.66666666666667,nan
ALNS-A,Example10,10,138.0,67.66666666666667,nan
ALNS-A,Example10,10,139.0,67.66666666666667,nan
ALNS-A,Example10,10,140.0,67.66666666666667,nan
ALNS-A,Example10,10,141.0,67.66666666666667,nan
ALNS-A,Example10,10,142.0,67.66666666666667,nan
ALNS-A,Example10,10,143.0,67.66666666666667,nan
ALNS-A,Example10,10,144.0,67.66666666666667,nan
ALNS-A,Example10,10,145.0,67.66666666666667,nan
ALNS-A,Example10,10,146.0,67.66666666666667,nan
ALNS-A,Example10,10,147.0,60.0,nan
ALNS-A,Example10,10,148.0,60.0,nan
ALNS-A,Example10,10,149.0,60.0,nan
ALNS-A,Example10,10,150.0,60.0,nan
ALNS-A,Example10,10,151.0,60.0,nan
ALNS-A,Example10,10,152.0,54.333333333333336,nan
ALNS-A,Example10,10,153.0,50.0,nan
ALNS-A,Example10,10,154.0,50.0,nan
ALNS-A,Example10,10,155.0,50.0,nan
ALNS-A,Example10,10,156.0,50.0,nan
ALNS-A,Example10,10,157.0,50.0,nan
ALNS-A,Example10,10,158.0,50.0,nan
ALNS-A,Example10,10,159.0,48.666666666666664,nan
ALNS-A,Example10,10,160.0,48.666666666666664,nan
ALNS-A,Example10,10,161.0,48.666666666666664,nan
ALNS-A,Example10,10,162.0,48.666666666666664,nan
ALNS-A,Example10,10,163.0,48.666666666666664,nan
ALNS-A,Example10,10,164.0,48.666666666666664,nan
ALNS-A,Example10,10,165.0,48.666666666666664,nan
ALNS-A,Example10,10,166.0,48.666666666666664,nan
ALNS-A,Example10,10,167.0,48.666666666666664,nan
ALNS-A,Example10,10,168.0,48.666666666666664,nan
ALNS-A,Example10,10,169.0,48.666666666666664,nan
ALNS-A,Example10,10,170.0,48.666666666666664,nan
ALNS-A,Example10,10,171.0,48.666666666666664,nan
ALNS-A,Example10,10,172.0,48.666666666666664,nan
ALNS-A,Example10,10,173.0,48.666666666666664,nan
ALNS-A,Example10,10,174.0,48.666666666666664,nan
ALNS-A,Example10,10,175.0,48.666666666666664,nan
ALNS-A,Example10,10,176.0,48.666666666666664,nan
ALNS-A,Example10,10,177.0,48.666666666666664,nan
ALNS-A,Example10,10,178.0,48.666666666666664,nan
ALNS-A,Example10,10,179.0,48.666666666666664,nan
ALNS-A,Example10,10,180.0,48.666666666666664,nan
ALNS-A,Example10,10,181.0,48.666666666666664,nan
ALNS-A,Example10,10,182.0,48.666666666666664,nan
ALNS-A,Example10,10,183.0,48.666666666666664,nan
ALNS-A,Example10,10,184.0,48.666666666666664,nan
ALNS-A,Example10,10,185.0,48.666666666666664,nan
ALNS-A,Example10,10,186.0,48.666666666666664,nan
ALNS-A,Example10,10,187.0,48.666666666666664,nan
ALNS-A,Example10,10,188.0,48.666666666666664,nan
ALNS-A,Example10,10,189.0,48.666666666666664,nan
ALNS-A,Example10,10,190.0,48.666666666666664,nan
ALNS-A,Example10,10,191.0,48.666666666666664,nan
ALNS-A,Example10,10,192.0,48.666666666666664,nan
ALNS-A,Example10,10,193.0,48.666666666666664,nan
ALNS-A,Example10,10,194.0,48.666666666666664,nan
ALNS-A,Example10,10,195.0,48.666666666666664,nan
ALNS-A,Example10,10,196.0,48.666666666666664,nan
ALNS-A,Example10,10,197.0,48.666666666666664,nan
ALNS-A,Example10,10,198.0,48.666666666666664,nan
ALNS-A,Example10,10,199.0,48.666666666666664,nan
ALNS-A,Example10,10,200.0,48.666666666666664,nan
ALNS-A,Example10,10,201.0,48.666666666666664,nan
ALNS-A,Example10,10,202.0,48.666666666666664,nan
ALNS-A,Example10,10,203.0,48.666666666666664,nan
ALNS-A,Example10,10,204.0,48.666666666666664,nan
ALNS-A,Example10,10,205.0,48.666666666666664,nan
ALNS-A,Example10,10,206.0,48.666666666666664,nan
ALNS-A,Example10,10,207.0,48.666666666666664,nan
ALNS-A,Example10,10,208.0,48.666666666666664,nan
ALNS-A,Example10,10,209.0,48.666666666666664,nan
ALNS-A,Example10,10,210.0,48.666666666666664,nan
ALNS-A,Example10,10,211.0,48.666666666666664,nan
ALNS-A,Example10,10,212.0,48.666666666666664,nan
ALNS-A,Example10,10,213.0,48.666666666666664,nan
ALNS-A,Example10,10,214.0,48.666666666666664,nan
ALNS-A,Example10,10,215.0,48.666666666666664,nan
ALNS-A,Example10,10,216.0,48.666666666666664,nan
ALNS-A,Example10,10,217.0,48.666666666666664,nan
ALNS-A,Example10,10,218.0,48.666666666666664,nan
ALNS-A,Example10,10,219.0,48.666666666666664,nan
ALNS-A,Example10,10,220.0,48.666666666666664,nan
ALNS-A,Example10,10,221.0,48.666666666666664,nan
ALNS-A,Example10,10,222.0,48.666666666666664,nan
ALNS-A,Example10,10,223.0,48.666666666666664,nan
ALNS-A,Example10,10,224.0,48.666666666666664,nan
ALNS-A,Example10,10,225.0,48.666666666666664,nan
ALNS-A,Example10,10,226.0,48.666666666666664,nan
ALNS-A,Example10,10,227.0,48.666666666666664,nan
ALNS-A,Example10,10,228.0,48.666666666666664,nan
ALNS-A,Example10,10,229.0,48.666666666666664,nan
ALNS-A,Example10,10,230.0,48.666666666666664,nan
ALNS-A,Example10,10,231.0,48.666666666666664,nan
ALNS-A,Example10,10,232.0,48.666666666666664,nan
ALNS-A,Example10,10,233.0,48.666666666666664,nan
ALNS-A,Example10,10,234.0,48.666666666666664,nan
ALNS-A,Example10,10,235.0,48.666666666666664,nan
ALNS-A,Example10,10,236.0,48.666666666666664,nan
ALNS-A,Example10,10,237.0,48.666666666666664,nan
ALNS-A,Example10,10,238.0,48.666666666666664,nan
ALNS-A,Example10,10,239.0,48.666666666666664,nan
ALNS-A,Example10,10,240.0,48.666666666666664,nan
ALNS-A,Example10,10,241.0,48.666666666666664,nan
ALNS-A,Example10,10,242.0,48.666666666666664,nan
ALNS-A,Example10,10,243.0,48.666666666666664,nan
ALNS-A,Example10,10,244.0,48.666666666666664,nan
ALNS-A,Example10,10,245.0,48.666666666666664,nan
ALNS-A,Example10,10,246.0,48.666666666666664,nan
ALNS-A,Example10,10,247.0,48.666666666666664,nan
ALNS-A,Example10,10,248.0,48.666666666666664,nan
ALNS-A,Example10,10,249.0,48.666666666666664,nan
ALNS-A,Example10,10,250.0,48.666666666666664,nan
ALNS-A,Example10,10,251.0,48.666666666666664,nan
ALNS-A,Example10,10,252.0,48.666666666666664,nan
ALNS-A,Example10,10,253.0,48.666666666666664,nan
ALNS-A,Example10,10,254.0,48.666666666666664,nan
ALNS-A,Example10,10,255.0,48.666666666666664,nan
ALNS-A,Example10,10,256.0,48.666666666666664,nan
ALNS-A,Example10,10,257.0,48.666666666666664,nan
ALNS-A,Example10,10,258.0,48.666666666666664,nan
ALNS-A,Example10,10,259.0,48.666666666666664,nan
ALNS-A,Example10,10,260.0,48.666666666666664,nan
ALNS-A,Example10,10,261.0,48.666666666666664,nan
ALNS-A,Example10,10,262.0,48.666666666666664,nan
ALNS-A,Example10,10,263.0,48.666666666666664,nan
ALNS-A,Example10,10,264.0,48.666666666666664,nan
ALNS-A,Example10,10,265.0,48.666666666666664,nan
ALNS-A,Example10,10,266.0,48.666666666666664,nan
ALNS-A,Example10,10,267.0,48.666666666666664,nan
ALNS-A,Example10,10,268.0,48.666666666666664,nan
ALNS-A,Example10,10,269.0,48.666666666666664,nan
ALNS-A,Example10,10,270.0,48.666666666666664,nan
ALNS-A,Example10,10,271.0,48.666666666666664,nan
ALNS-A,Example10,10,272.0,48.666666666666664,nan
ALNS-A,Example10,10,273.0,48.666666666666664,nan
ALNS-A,Example11,11,0.0,749.6666666666666,nan
ALNS-A,Example11,11,1.0,749.6666666666666,nan
ALNS-A,Example11,11,2.0,749.6666666666666,nan
ALNS-A,Example11,11,3.0,749.6666666666666,nan
ALNS-A,Example11,11,4.0,749.6666666666666,nan
ALNS-A,Example11,11,5.0,749.6666666666666,nan
ALNS-A,Example11,11,6.0,749.6666666666666,nan
ALNS-A,Example11,11,7.0,492.0,nan
ALNS-A,Example11,11,8.0,492.0,nan
ALNS-A,Example11,11,9.0,453.3333333333333,nan
ALNS-A,Example11,11,10.0,416.6666666666667,nan
ALNS-A,Example11,11,11.0,416.6666666666667,nan
ALNS-A,Example11,11,12.0,416.6666666666667,nan
ALNS-A,Example11,11,13.0,416.6666666666667,nan
ALNS-A,Example11,11,14.0,412.6666666666667,nan
ALNS-A,Example11,11,15.0,412.6666666666667,nan
ALNS-A,Example11,11,16.0,412.6666666666667,nan
ALNS-A,Example11,11,17.0,412.6666666666667,nan
ALNS-A,Example11,11,18.0,412.6666666666667,nan
ALNS-A,Example11,11,19.0,412.6666666666667,nan
ALNS-A,Example11,11,20.0,92.0,nan
ALNS-A,Example11,11,21.0,92.0,nan
ALNS-A,Example11,11,22.0,92.0,nan
ALNS-A,Example11,11,23.0,92.0,nan
ALNS-A,Example11,11,24.0,92.0,nan
ALNS-A,Example11,11,25.0,92.0,nan
ALNS-A,Example11,11,26.0,92.0,nan
ALNS-A,Example11,11,27.0,92.0,nan
ALNS-A,Example11,11,28.0,80.33333333333333,nan
ALNS-A,Example11,11,29.0,80.33333333333333,nan
ALNS-A,Example11,11,30.0,80.33333333333333,nan
ALNS-A,Example11,11,31.0,80.33333333333333,nan
ALNS-A,Example11,11,32.0,80.33333333333333,nan
ALNS-A,Example11,11,33.0,80.33333333333333,nan
ALNS-A,Example11,11,34.0,80.33333333333333,nan
ALNS-A,Example11,11,35.0,80.33333333333333,nan
ALNS-A,Example11,11,36.0,80.33333333333333,nan
ALNS-A,Example11,11,37.0,80.33333333333333,nan
ALNS-A,Example11,11,38.0,79.66666666666667,nan
ALNS-A,Example11,11,39.0,79.66666666666667,nan
ALNS-A,Example11,11,40.0,79.66666666666667,nan
ALNS-A,Example11,11,41.0,79.66666666666667,nan
ALNS-A,Example11,11,42.0,79.66666666666667,nan
ALNS-A,Example11,11,43.0,79.66666666666667,nan
ALNS-A,Example11,11,44.0,79.66666666666667,nan
ALNS-A,Example11,11,45.0,79.66666666666667,nan
ALNS-A,Example11,11,46.0,79.66666666666667,nan
ALNS-A,Example11,11,47.0,79.66666666666667,nan
ALNS-A,Example11,11,48.0,79.66666666666667,nan
ALNS-A,Example11,11,49.0,79.66666666666667,nan
ALNS-A,Example11,11,50.0,79.66666666666667,nan
ALNS-A,Example11,11,51.0,79.66666666666667,nan
ALNS-A,Example11,11,52.0,79.66666666666667,nan
ALNS-A,Example11,11,53.0,79.66666666666667,nan
ALNS-A,Example11,11,54.0,79.66666666666667,nan
ALNS-A,Example11,11,55.0,79.66666666666667,nan
ALNS-A,Example11,11,56.0,79.66666666666667,nan
ALNS-A,Example11,11,57.0,79.66666666666667,nan
ALNS-A,Example11,11,58.0,79.66666666666667,nan
ALNS-A,Example11,11,59.0,79.66666666666667,nan
ALNS-A,Example11,11,60.0,63.333333333333336,nan
ALNS-A,Example11,11,61.0,63.333333333333336,nan
ALNS-A,Example11,11,62.0,63.333333333333336,nan
ALNS-A,Example11,11,63.0,63.333333333333336,nan
ALNS-A,Example11,11,64.0,63.333333333333336,nan
ALNS-A,Example11,11,65.0,63.333333333333336,nan
ALNS-A,Example11,11,66.0,58.666666666666664,nan
ALNS-A,Example11,11,67.0,58.666666666666664,nan
ALNS-A,Example11,11,68.0,58.666666666666664,nan
ALNS-A,Example11,11,69.0,58.666666666666664,nan
ALNS-A,Example11,11,70.0,58.666666666666664,nan
ALNS-A,Example11,11,71.0,58.666666666666664,nan
ALNS-A,Example11,11,72.0,58.666666666666664,nan
ALNS-A,Example11,11,73.0,58.666666666666664,nan
ALNS-A,Example11,11,74.0,58.666666666666664,nan
ALNS-A,Example11,11,75.0,58.666666666666664,nan
ALNS-A,Example11,11,76.0,58.333333333333336,nan
ALNS-A,Example11,11,77.0,58.333333333333336,nan
ALNS-A,Example11,11,78.0,58.333333333333336,nan
ALNS-A,Example11,11,79.0,58.333333333333336,nan
ALNS-A,Example11,11,80.0,58.0,nan
ALNS-A,Example11,11,81.0,58.0,nan
ALNS-A,Example11,11,82.0,58.0,nan
ALNS-A,Example11,11,83.0,58.0,nan
ALNS-A,Example11,11,84.0,58.0,nan
ALNS-A,Example11,11,85.0,58.0,nan
ALNS-A,Example11,11,86.0,58.0,nan
ALNS-A,Example11,11,87.0,58.0,nan
ALNS-A,Example11,11,88.0,58.0,nan
ALNS-A,Example11,11,89.0,58.0,nan
ALNS-A,Example11,11,90.0,58.0,nan
ALNS-A,Example11,11,91.0,58.0,nan
ALNS-A,Example11,11,92.0,58.0,nan
ALNS-A,Example11,11,93.0,58.0,nan
ALNS-A,Example11,11,94.0,58.0,nan
ALNS-A,Example11,11,95.0,58.0,nan
ALNS-A,Example11,11,96.0,58.0,nan
ALNS-A,Example11,11,97.0,58.0,nan
ALNS-A,Example11,11,98.0,58.0,nan
ALNS-A,Example11,11,99.0,58.0,nan
ALNS-A,Example11,11,100.0,58.0,nan
ALNS-A,Example11,11,101.0,58.0,nan
ALNS-A,Example11,11,102.0,58.0,nan
ALNS-A,Example11,11,103.0,58.0,nan
ALNS-A,Example11,11,104.0,58.0,nan
ALNS-A,Example11,11,105.0,58.0,nan
ALNS-A,Example11,11,106.0,58.0,nan
ALNS-A,Example11,11,107.0,58.0,nan
ALNS-A,Example11,11,108.0,58.0,nan
ALNS-A,Example11,11,109.0,58.0,nan
ALNS-A,Example11,11,110.0,58.0,nan
ALNS-A,Example11,11,111.0,58.0,nan
ALNS-A,Example11,11,112.0,58.0,nan
ALNS-A,Example11,11,113.0,58.0,nan
ALNS-A,Example11,11,114.0,58.0,nan
ALNS-A,Example11,11,115.0,58.0,nan
ALNS-A,Example11,11,116.0,58.0,nan
ALNS-A,Example11,11,117.0,58.0,nan
ALNS-A,Example11,11,118.0,58.0,nan
ALNS-A,Example11,11,119.0,58.0,nan
ALNS-A,Example11,11,120.0,58.0,nan
ALNS-A,Example11,11,121.0,58.0,nan
ALNS-A,Example11,11,122.0,58.0,nan
ALNS-A,Example11,11,123.0,58.0,nan
ALNS-A,Example11,11,124.0,58.0,nan
ALNS-A,Example11,11,125.0,58.0,nan
ALNS-A,Example11,11,126.0,58.0,nan
ALNS-A,Example11,11,127.0,58.0,nan
ALNS-A,Example11,11,128.0,58.0,nan
ALNS-A,Example11,11,129.0,57.0,nan
ALNS-A,Example11,11,130.0,57.0,nan
ALNS-A,Example11,11,131.0,57.0,nan
ALNS-A,Example11,11,132.0,57.0,nan
ALNS-A,Example11,11,133.0,57.0,nan
ALNS-A,Example11,11,134.0,57.0,nan
ALNS-A,Example11,11,135.0,57.0,nan
ALNS-A,Example11,11,136.0,57.0,nan
ALNS-A,Example11,11,137.0,53.333333333333336,nan
ALNS-A,Example11,11,138.0,53.333333333333336,nan
ALNS-A,Example11,11,139.0,53.333333333333336,nan
ALNS-A,Example11,11,140.0,53.333333333333336,nan
ALNS-A,Example11,11,141.0,53.333333333333336,nan
ALNS-A,Example11,11,142.0,53.333333333333336,nan
ALNS-A,Example11,11,143.0,53.333333333333336,nan
ALNS-A,Example11,11,144.0,53.333333333333336,nan
ALNS-A,Example11,11,145.0,53.333333333333336,nan
ALNS-A,Example11,11,146.0,53.333333333333336,nan
ALNS-A,Example11,11,147.0,53.333333333333336,nan
ALNS-A,Example11,11,148.0,53.333333333333336,nan
ALNS-A,Example11,11,149.0,53.333333333333336,nan
ALNS-A,Example11,11,150.0,53.333333333333336,nan
ALNS-A,Example11,11,151.0,53.333333333333336,nan
ALNS-A,Example11,11,152.0,53.333333333333336,nan
ALNS-A,Example11,11,153.0,53.333333333333336,nan
ALNS-A,Example11,11,154.0,53.333333333333336,nan
ALNS-A,Example11,11,155.0,46.333333333333336,nan
ALNS-A,Example11,11,156.0,46.333333333333336,nan
ALNS-A,Example11,11,157.0,46.333333333333336,nan
ALNS-A,Example11,11,158.0,46.333333333333336,nan
ALNS-A,Example11,11,159.0,46.333333333333336,nan
ALNS-A,Example11,11,160.0,46.333333333333336,nan
ALNS-A,Example11,11,161.0,46.333333333333336,nan
ALNS-A,Example11,11,162.0,46.333333333333336,nan
ALNS-A,Example11,11,163.0,46.333333333333336,nan
ALNS-A,Example11,11,164.0,46.333333333333336,nan
ALNS-A,Example11,11,165.0,46.333333333333336,nan
ALNS-A,Example11,11,166.0,46.333333333333336,nan
ALNS-A,Example11,11,167.0,46.333333333333336,nan
ALNS-A,Example11,11,168.0,46.333333333333336,nan
ALNS-A,Example11,11,169.0,46.333333333333336,nan
ALNS-A,Example11,11,170.0,46.333333333333336,nan
ALNS-A,Example11,11,171.0,46.333333333333336,nan
ALNS-A,Example11,11,172.0,46.333333333333336,nan
ALNS-A,Example11,11,173.0,46.333333333333336,nan
ALNS-A,Example11,11,174.0,46.333333333333336,nan
ALNS-A,Example11,11,175.0,46.333333333333336,nan
ALNS-A,Example11,11,176.0,46.333333333333336,nan
ALNS-A,Example11,11,177.0,46.333333333333336,nan
ALNS-A,Example11,11,178.0,46.333333333333336,nan
ALNS-A,Example11,11,179.0,46.333333333333336,nan
ALNS-A,Example11,11,180.0,46.333333333333336,nan
ALNS-A,Example11,11,181.0,46.333333333333336,nan
ALNS-A,Example11,11,182.0,46.333333333333336,nan
ALNS-A,Example11,11,183.0,46.333333333333336,nan
ALNS-A,Example11,11,184.0,46.333333333333336,nan
ALNS-A,Example11,11,185.0,46.333333333333336,nan
ALNS-A,Example11,11,186.0,46.333333333333336,nan
ALNS-A,Example11,11,187.0,45.666666666666664,nan
ALNS-A,Example11,11,188.0,45.666666666666664,nan
ALNS-A,Example11,11,189.0,45.666666666666664,nan
ALNS-A,Example11,11,190.0,45.666666666666664,nan
ALNS-A,Example11,11,191.0,45.666666666666664,nan
ALNS-A,Example11,11,192.0,45.666666666666664,nan
ALNS-A,Example11,11,193.0,45.666666666666664,nan
ALNS-A,Example11,11,194.0,45.666666666666664,nan
ALNS-A,Example11,11,195.0,45.666666666666664,nan
ALNS-A,Example11,11,196.0,45.666666666666664,nan
ALNS-A,Example11,11,197.0,45.666666666666664,nan
ALNS-A,Example11,11,198.0,45.666666666666664,nan
ALNS-A,Example11,11,199.0,45.666666666666664,nan
ALNS-A,Example11,11,200.0,45.666666666666664,nan
ALNS-A,Example11,11,201.0,45.666666666666664,nan
ALNS-A,Example11,11,202.0,45.666666666666664,nan
ALNS-A,Example11,11,203.0,45.666666666666664,nan
ALNS-A,Example11,11,204.0,45.666666666666664,nan
ALNS-A,Example11,11,205.0,45.666666666666664,nan
ALNS-A,Example11,11,206.0,45.666666666666664,nan
ALNS-A,Example11,11,207.0,45.666666666666664,nan
ALNS-A,Example11,11,208.0,45.666666666666664,nan
ALNS-A,Example11,11,209.0,45.666666666666664,nan
ALNS-A,Example11,11,210.0,45.666666666666664,nan
ALNS-A,Example11,11,211.0,45.666666666666664,nan
ALNS-A,Example11,11,212.0,45.666666666666664,nan
ALNS-A,Example11,11,213.0,45.666666666666664,nan
ALNS-A,Example11,11,214.0,45.666666666666664,nan
ALNS-A,Example11,11,215.0,45.666666666666664,nan
ALNS-A,Example11,11,216.0,45.666666666666664,nan
ALNS-A,Example11,11,217.0,45.666666666666664,nan
ALNS-A,Example11,11,218.0,45.666666666666664,nan
ALNS-A,Example11,11,219.0,45.666666666666664,nan
ALNS-A,Example11,11,220.0,45.666666666666664,nan
ALNS-A,Example11,11,221.0,45.666666666666664,nan
ALNS-A,Example11,11,222.0,45.666666666666664,nan
ALNS-A,Example11,11,223.0,45.666666666666664,nan
ALNS-A,Example11,11,224.0,45.666666666666664,nan
ALNS-A,Example11,11,225.0,45.666666666666664,nan
ALNS-A,Example11,11,226.0,45.666666666666664,nan
ALNS-A,Example11,11,227.0,45.666666666666664,nan
ALNS-A,Example11,11,228.0,45.666666666666664,nan
ALNS-A,Example11,11,229.0,45.666666666666664,nan
ALNS-A,Example11,11,230.0,45.666666666666664,nan
ALNS-A,Example11,11,231.0,45.666666666666664,nan
ALNS-A,Example11,11,232.0,45.666666666666664,nan
ALNS-A,Example11,11,233.0,45.666666666666664,nan
ALNS-A,Example11,11,234.0,45.666666666666664,nan
ALNS-A,Example11,11,235.0,45.666666666666664,nan
ALNS-A,Example11,11,236.0,45.666666666666664,nan
ALNS-A,Example11,11,237.0,45.666666666666664,nan
ALNS-A,Example11,11,238.0,45.666666666666664,nan
ALNS-A,Example11,11,239.0,45.666666666666664,nan
ALNS-A,Example11,11,240.0,45.666666666666664,nan
ALNS-A,Example11,11,241.0,45.666666666666664,nan
ALNS-A,Example11,11,242.0,45.666666666666664,nan
ALNS-A,Example11,11,243.0,45.666666666666664,nan
ALNS-A,Example11,11,244.0,45.666666666666664,nan
ALNS-A,Example11,11,245.0,45.666666666666664,nan
ALNS-A,Example11,11,246.0,45.666666666666664,nan
ALNS-A,Example11,11,247.0,45.666666666666664,nan
ALNS-A,Example11,11,248.0,45.666666666666664,nan
ALNS-A,Example11,11,249.0,45.666666666666664,nan
ALNS-A,Example11,11,250.0,45.666666666666664,nan
ALNS-A,Example11,11,251.0,45.666666666666664,nan
ALNS-A,Example11,11,252.0,45.666666666666664,nan
ALNS-A,Example11,11,253.0,45.666666666666664,nan
ALNS-A,Example11,11,254.0,45.666666666666664,nan
ALNS-A,Example11,11,255.0,45.666666666666664,nan
ALNS-A,Example11,11,256.0,45.666666666666664,nan
ALNS-A,Example11,11,257.0,45.666666666666664,nan
ALNS-A,Example11,11,258.0,45.666666666666664,nan
ALNS-A,Example11,11,259.0,45.666666666666664,nan
ALNS-A,Example11,11,260.0,45.666666666666664,nan
ALNS-A,Example11,11,261.0,45.666666666666664,nan
ALNS-A,Example11,11,262.0,45.666666666666664,nan
ALNS-A,Example11,11,263.0,45.666666666666664,nan
ALNS-A,Example11,11,264.0,45.666666666666664,nan
ALNS-A,Example11,11,265.0,45.666666666666664,nan
ALNS-A,Example11,11,266.0,45.666666666666664,nan
ALNS-A,Example11,11,267.0,45.666666666666664,nan
ALNS-A,Example11,11,268.0,45.666666666666664,nan
ALNS-A,Example11,11,269.0,45.666666666666664,nan
ALNS-A,Example11,11,270.0,45.666666666666664,nan
ALNS-A,Example11,11,271.0,45.666666666666664,nan
ALNS-A,Example11,11,272.0,45.666666666666664,nan
ALNS-A,Example11,11,273.0,45.666666666666664,nan
ALNS-A,Example12,12,0.0,275.6666666666667,nan
ALNS-A,Example12,12,1.0,275.6666666666667,nan
ALNS-A,Example12,12,2.0,275.6666666666667,nan
ALNS-A,Example12,12,3.0,275.6666666666667,nan
ALNS-A,Example12,12,4.0,275.6666666666667,nan
ALNS-A,Example12,12,5.0,195.66666666666666,nan
ALNS-A,Example12,12,6.0,193.33333333333334,nan
ALNS-A,Example12,12,7.0,193.33333333333334,nan
ALNS-A,Example12,12,8.0,193.33333333333334,nan
ALNS-A,Example12,12,9.0,193.33333333333334,nan
ALNS-A,Example12,12,10.0,193.33333333333334,nan
ALNS-A,Example12,12,11.0,193.33333333333334,nan
ALNS-A,Example12,12,12.0,193.33333333333334,nan
ALNS-A,Example12,12,13.0,193.33333333333334,nan
ALNS-A,Example12,12,14.0,193.33333333333334,nan
ALNS-A,Example12,12,15.0,193.33333333333334,nan
ALNS-A,Example12,12,16.0,193.33333333333334,nan
ALNS-A,Example12,12,17.0,193.33333333333334,nan
ALNS-A,Example12,12,18.0,193.33333333333334,nan
ALNS-A,Example12,12,19.0,193.33333333333334,nan
ALNS-A,Example12,12,20.0,97.66666666666667,nan
ALNS-A,Example12,12,21.0,83.66666666666667,nan
ALNS-A,Example12,12,22.0,83.66666666666667,nan
ALNS-A,Example12,12,23.0,83.66666666666667,nan
ALNS-A,Example12,12,24.0,83.66666666666667,nan
ALNS-A,Example12,12,25.0,83.66666666666667,nan
ALNS-A,Example12,12,26.0,83.66666666666667,nan
ALNS-A,Example12,12,27.0,83.66666666666667,nan
ALNS-A,Example12,12,28.0,77.0,nan
ALNS-A,Example12,12,29.0,77.0,nan
ALNS-A,Example12,12,30.0,77.0,nan
ALNS-A,Example12,12,31.0,77.0,nan
ALNS-A,Example12,12,32.0,77.0,nan
ALNS-A,Example12,12,33.0,77.0,nan
ALNS-A,Example12,12,34.0,77.0,nan
ALNS-A,Example12,12,35.0,77.0,nan
ALNS-A,Example12,12,36.0,77.0,nan
ALNS-A,Example12,12,37.0,77.0,nan
ALNS-A,Example12,12,38.0,76.0,nan
ALNS-A,Example12,12,39.0,76.0,nan
ALNS-A,Example12,12,40.0,76.0,nan
ALNS-A,Example12,12,41.0,71.0,nan
ALNS-A,Example12,12,42.0,71.0,nan
ALNS-A,Example12,12,43.0,71.0,nan
ALNS-A,Example12,12,44.0,71.0,nan
ALNS-A,Example12,12,45.0,71.0,nan
ALNS-A,Example12,12,46.0,71.0,nan
ALNS-A,Example12,12,47.0,71.0,nan
ALNS-A,Example12,12,48.0,69.33333333333333,nan
ALNS-A,Example12,12,49.0,66.66666666666667,nan
ALNS-A,Example12,12,50.0,61.333333333333336,nan
ALNS-A,Example12,12,51.0,61.333333333333336,nan
ALNS-A,Example12,12,52.0,61.333333333333336,nan
ALNS-A,Example12,12,53.0,61.333333333333336,nan
ALNS-A,Example12,12,54.0,61.333333333333336,nan
ALNS-A,Example12,12,55.0,61.333333333333336,nan
ALNS-A,Example12,12,56.0,61.333333333333336,nan
ALNS-A,Example12,12,57.0,61.333333333333336,nan
ALNS-A,Example12,12,58.0,61.333333333333336,nan
ALNS-A,Example12,12,59.0,61.333333333333336,nan
ALNS-A,Example12,12,60.0,61.333333333333336,nan
ALNS-A,Example12,12,61.0,61.333333333333336,nan
ALNS-A,Example12,12,62.0,61.333333333333336,nan
ALNS-A,Example12,12,63.0,61.333333333333336,nan
ALNS-A,Example12,12,64.0,61.333333333333336,nan
ALNS-A,Example12,12,65.0,61.333333333333336,nan
ALNS-A,Example12,12,66.0,61.333333333333336,nan
ALNS-A,Example12,12,67.0,61.333333333333336,nan
ALNS-A,Example12,12,68.0,61.333333333333336,nan
ALNS-A,Example12,12,69.0,61.333333333333336,nan
ALNS-A,Example12,12,70.0,61.333333333333336,nan
ALNS-A,Example12,12,71.0,61.333333333333336,nan
ALNS-A,Example12,12,72.0,56.333333333333336,nan
ALNS-A,Example12,12,73.0,56.333333333333336,nan
ALNS-A,Example12,12,74.0,56.333333333333336,nan
ALNS-A,Example12,12,75.0,56.333333333333336,nan
ALNS-A,Example12,12,76.0,55.333333333333336,nan
ALNS-A,Example12,12,77.0,55.333333333333336,nan
ALNS-A,Example12,12,78.0,55.333333333333336,nan
ALNS-A,Example12,12,79.0,55.333333333333336,nan
ALNS-A,Example12,12,80.0,55.333333333333336,nan
ALNS-A,Example12,12,81.0,55.333333333333336,nan
ALNS-A,Example12,12,82.0,55.333333333333336,nan
ALNS-A,Example12,12,83.0,55.333333333333336,nan
ALNS-A,Example12,12,84.0,55.333333333333336,nan
ALNS-A,Example12,12,85.0,55.333333333333336,nan
ALNS-A,Example12,12,86.0,55.333333333333336,nan
ALNS-A,Example12,12,87.0,53.666666666666664,nan
ALNS-A,Example12,12,88.0,53.666666666666664,nan
ALNS-A,Example12,12,89.0,53.666666666666664,nan
ALNS-A,Example12,12,90.0,51.0,nan
ALNS-A,Example12,12,91.0,40.333333333333336,nan
ALNS-A,Example12,12,92.0,40.333333333333336,nan
ALNS-A,Example12,12,93.0,40.333333333333336,nan
ALNS-A,Example12,12,94.0,40.333333333333336,nan
ALNS-A,Example12,12,95.0,40.333333333333336,nan
ALNS-A,Example12,12,96.0,40.333333333333336,nan
ALNS-A,Example12,12,97.0,40.333333333333336,nan
ALNS-A,Example12,12,98.0,40.333333333333336,nan
ALNS-A,Example12,12,99.0,40.333333333333336,nan
ALNS-A,Example12,12,100.0,40.333333333333336,nan
ALNS-A,Example12,12,101.0,40.333333333333336,nan
ALNS-A,Example12,12,102.0,40.333333333333336,nan
ALNS-A,Example12,12,103.0,40.0,nan
ALNS-A,Example12,12,104.0,40.0,nan
ALNS-A,Example12,12,105.0,40.0,nan
ALNS-A,Example12,12,106.0,36.666666666666664,nan
ALNS-A,Example12,12,107.0,32.666666666666664,nan
ALNS-A,Example12,12,108.0,32.666666666666664,nan
ALNS-A,Example12,12,109.0,32.666666666666664,nan
ALNS-A,Example12,12,110.0,32.666666666666664,nan
ALNS-A,Example12,12,111.0,32.666666666666664,nan
ALNS-A,Example12,12,112.0,32.666666666666664,nan
ALNS-A,Example12,12,113.0,32.666666666666664,nan
ALNS-A,Example12,12,114.0,32.666666666666664,nan
ALNS-A,Example12,12,115.0,30.333333333333332,nan
ALNS-A,Example12,12,116.0,30.333333333333332,nan
ALNS-A,Example12,12,117.0,30.333333333333332,nan
ALNS-A,Example12,12,118.0,30.333333333333332,nan
ALNS-A,Example12,12,119.0,30.333333333333332,nan
ALNS-A,Example12,12,120.0,30.333333333333332,nan
ALNS-A,Example12,12,121.0,30.333333333333332,nan
ALNS-A,Example12,12,122.0,30.333333333333332,nan
ALNS-A,Example12,12,123.0,30.333333333333332,nan
ALNS-A,Example12,12,124.0,30.333333333333332,nan
ALNS-A,Example12,12,125.0,30.333333333333332,nan
ALNS-A,Example12,12,126.0,30.333333333333332,nan
ALNS-A,Example12,12,127.0,30.333333333333332,nan
ALNS-A,Example12,12,128.0,30.333333333333332,nan
ALNS-A,Example12,12,129.0,30.333333333333332,nan
ALNS-A,Example12,12,130.0,30.333333333333332,nan
ALNS-A,Example12,12,131.0,30.333333333333332,nan
ALNS-A,Example12,12,132.0,30.333333333333332,nan
ALNS-A,Example12,12,133.0,30.333333333333332,nan
ALNS-A,Example12,12,134.0,30.333333333333332,nan
ALNS-A,Example12,12,135.0,30.333333333333332,nan
ALNS-A,Example12,12,136.0,30.333333333333332,nan
ALNS-A,Example12,12,137.0,30.333333333333332,nan
ALNS-A,Example12,12,138.0,30.333333333333332,nan
ALNS-A,Example12,12,139.0,30.333333333333332,nan
ALNS-A,Example12,12,140.0,30.333333333333332,nan
ALNS-A,Example12,12,141.0,30.333333333333332,nan
ALNS-A,Example12,12,142.0,30.333333333333332,nan
ALNS-A,Example12,12,143.0,30.333333333333332,nan
ALNS-A,Example12,12,144.0,30.333333333333332,nan
ALNS-A,Example12,12,145.0,30.333333333333332,nan
ALNS-A,Example12,12,146.0,30.333333333333332,nan
ALNS-A,Example12,12,147.0,30.333333333333332,nan
ALNS-A,Example12,12,148.0,30.333333333333332,nan
ALNS-A,Example12,12,149.0,30.333333333333332,nan
ALNS-A,Example12,12,150.0,30.333333333333332,nan
ALNS-A,Example12,12,151.0,30.333333333333332,nan
ALNS-A,Example12,12,152.0,30.333333333333332,nan
ALNS-A,Example12,12,153.0,30.333333333333332,nan
ALNS-A,Example12,12,154.0,30.333333333333332,nan
ALNS-A,Example12,12,155.0,30.333333333333332,nan
ALNS-A,Example12,12,156.0,30.333333333333332,nan
ALNS-A,Example12,12,157.0,30.333333333333332,nan
ALNS-A,Example12,12,158.0,30.333333333333332,nan
ALNS-A,Example12,12,159.0,30.333333333333332,nan
ALNS-A,Example12,12,160.0,30.333333333333332,nan
ALNS-A,Example12,12,161.0,28.666666666666668,nan
ALNS-A,Example12,12,162.0,28.666666666666668,nan
ALNS-A,Example12,12,163.0,28.666666666666668,nan
ALNS-A,Example12,12,164.0,28.666666666666668,nan
ALNS-A,Example12,12,165.0,28.666666666666668,nan
ALNS-A,Example12,12,166.0,28.666666666666668,nan
ALNS-A,Example12,12,167.0,26.666666666666668,nan
ALNS-A,Example12,12,168.0,26.666666666666668,nan
ALNS-A,Example12,12,169.0,26.666666666666668,nan
ALNS-A,Example12,12,170.0,26.666666666666668,nan
ALNS-A,Example12,12,171.0,26.666666666666668,nan
ALNS-A,Example12,12,172.0,26.666666666666668,nan
ALNS-A,Example12,12,173.0,26.666666666666668,nan
ALNS-A,Example12,12,174.0,26.666666666666668,nan
ALNS-A,Example12,12,175.0,26.666666666666668,nan
ALNS-A,Example12,12,176.0,26.333333333333332,nan
ALNS-A,Example12,12,177.0,26.333333333333332,nan
ALNS-A,Example12,12,178.0,26.333333333333332,nan
ALNS-A,Example12,12,179.0,26.333333333333332,nan
ALNS-A,Example12,12,180.0,26.333333333333332,nan
ALNS-A,Example12,12,181.0,26.333333333333332,nan
ALNS-A,Example12,12,182.0,26.333333333333332,nan
ALNS-A,Example12,12,183.0,26.333333333333332,nan
ALNS-A,Example12,12,184.0,26.333333333333332,nan
ALNS-A,Example12,12,185.0,26.333333333333332,nan
ALNS-A,Example12,12,186.0,26.333333333333332,nan
ALNS-A,Example12,12,187.0,26.333333333333332,nan
ALNS-A,Example12,12,188.0,26.333333333333332,nan
ALNS-A,Example12,12,189.0,26.333333333333332,nan
ALNS-A,Example12,12,190.0,26.333333333333332,nan
ALNS-A,Example12,12,191.0,26.333333333333332,nan
ALNS-A,Example12,12,192.0,26.333333333333332,nan
ALNS-A,Example12,12,193.0,26.333333333333332,nan
ALNS-A,Example12,12,194.0,26.333333333333332,nan
ALNS-A,Example12,12,195.0,26.333333333333332,nan
ALNS-A,Example12,12,196.0,26.333333333333332,nan
ALNS-A,Example12,12,197.0,26.333333333333332,nan
ALNS-A,Example12,12,198.0,26.333333333333332,nan
ALNS-A,Example12,12,199.0,26.333333333333332,nan
ALNS-A,Example12,12,200.0,26.333333333333332,nan
ALNS-A,Example12,12,201.0,26.333333333333332,nan
ALNS-A,Example12,12,202.0,26.333333333333332,nan
ALNS-A,Example12,12,203.0,26.333333333333332,nan
ALNS-A,Example12,12,204.0,26.333333333333332,nan
ALNS-A,Example12,12,205.0,26.333333333333332,nan
ALNS-A,Example12,12,206.0,26.333333333333332,nan
ALNS-A,Example12,12,207.0,26.333333333333332,nan
ALNS-A,Example12,12,208.0,26.333333333333332,nan
ALNS-A,Example12,12,209.0,26.333333333333332,nan
ALNS-A,Example12,12,210.0,26.333333333333332,nan
ALNS-A,Example12,12,211.0,26.333333333333332,nan
ALNS-A,Example12,12,212.0,26.333333333333332,nan
ALNS-A,Example12,12,213.0,26.333333333333332,nan
ALNS-A,Example12,12,214.0,26.333333333333332,nan
ALNS-A,Example12,12,215.0,26.333333333333332,nan
ALNS-A,Example12,12,216.0,26.333333333333332,nan
ALNS-A,Example12,12,217.0,26.333333333333332,nan
ALNS-A,Example12,12,218.0,26.333333333333332,nan
ALNS-A,Example12,12,219.0,26.333333333333332,nan
ALNS-A,Example12,12,220.0,26.333333333333332,nan
ALNS-A,Example12,12,221.0,26.333333333333332,nan
ALNS-A,Example12,12,222.0,26.333333333333332,nan
ALNS-A,Example12,12,223.0,26.333333333333332,nan
ALNS-A,Example12,12,224.0,26.333333333333332,nan
ALNS-A,Example12,12,225.0,26.333333333333332,nan
ALNS-A,Example12,12,226.0,26.333333333333332,nan
ALNS-A,Example12,12,227.0,26.333333333333332,nan
ALNS-A,Example12,12,228.0,26.333333333333332,nan
ALNS-A,Example12,12,229.0,26.333333333333332,nan
ALNS-A,Example12,12,230.0,26.333333333333332,nan
ALNS-A,Example12,12,231.0,26.333333333333332,nan
ALNS-A,Example12,12,232.0,26.333333333333332,nan
ALNS-A,Example12,12,233.0,26.333333333333332,nan
ALNS-A,Example12,12,234.0,26.333333333333332,nan
ALNS-A,Example12,12,235.0,26.333333333333332,nan
ALNS-A,Example12,12,236.0,26.333333333333332,nan
ALNS-A,Example12,12,237.0,26.333333333333332,nan
ALNS-A,Example12,12,238.0,26.333333333333332,nan
ALNS-A,Example12,12,239.0,26.333333333333332,nan
ALNS-A,Example12,12,240.0,26.333333333333332,nan
ALNS-A,Example12,12,241.0,26.333333333333332,nan
ALNS-A,Example12,12,242.0,26.333333333333332,nan
ALNS-A,Example12,12,243.0,26.333333333333332,nan
ALNS-A,Example12,12,244.0,26.333333333333332,nan
ALNS-A,Example12,12,245.0,26.333333333333332,nan
ALNS-A,Example12,12,246.0,26.333333333333332,nan
ALNS-A,Example12,12,247.0,26.333333333333332,nan
ALNS-A,Example12,12,248.0,26.333333333333332,nan
ALNS-A,Example12,12,249.0,26.333333333333332,nan
ALNS-A,Example12,12,250.0,26.333333333333332,nan
ALNS-A,Example12,12,251.0,26.333333333333332,nan
ALNS-A,Example12,12,252.0,26.333333333333332,nan
ALNS-A,Example12,12,253.0,26.333333333333332,nan
ALNS-A,Example12,12,254.0,26.333333333333332,nan
ALNS-A,Example12,12,255.0,26.333333333333332,nan
ALNS-A,Example12,12,256.0,26.333333333333332,nan
ALNS-A,Example12,12,257.0,26.333333333333332,nan
ALNS-A,Example12,12,258.0,26.333333333333332,nan
ALNS-A,Example12,12,259.0,26.333333333333332,nan
ALNS-A,Example12,12,260.0,26.333333333333332,nan
ALNS-A,Example12,12,261.0,26.333333333333332,nan
ALNS-A,Example12,12,262.0,26.333333333333332,nan
ALNS-A,Example12,12,263.0,26.333333333333332,nan
ALNS-A,Example12,12,264.0,26.333333333333332,nan
ALNS-A,Example12,12,265.0,26.333333333333332,nan
ALNS-A,Example12,12,266.0,26.333333333333332,nan
ALNS-A,Example12,12,267.0,26.333333333333332,nan
ALNS-A,Example12,12,268.0,26.333333333333332,nan
ALNS-A,Example12,12,269.0,26.333333333333332,nan
ALNS-A,Example12,12,270.0,26.333333333333332,nan
ALNS-A,Example12,12,271.0,26.333333333333332,nan
ALNS-A,Example12,12,272.0,26.333333333333332,nan
ALNS-A,Example12,12,273.0,26.333333333333332,nan
ALNS-A,Example13,13,0.0,291.0,nan
ALNS-A,Example13,13,1.0,291.0,nan
ALNS-A,Example13,13,2.0,291.0,nan
ALNS-A,Example13,13,3.0,235.0,nan
ALNS-A,Example13,13,4.0,235.0,nan
ALNS-A,Example13,13,5.0,235.0,nan
ALNS-A,Example13,13,6.0,210.0,nan
ALNS-A,Example13,13,7.0,175.0,nan
ALNS-A,Example13,13,8.0,175.0,nan
ALNS-A,Example13,13,9.0,175.0,nan
ALNS-A,Example13,13,10.0,169.0,nan
ALNS-A,Example13,13,11.0,169.0,nan
ALNS-A,Example13,13,12.0,169.0,nan
ALNS-A,Example13,13,13.0,169.0,nan
ALNS-A,Example13,13,14.0,169.0,nan
ALNS-A,Example13,13,15.0,167.33333333333334,nan
ALNS-A,Example13,13,16.0,167.33333333333334,nan
ALNS-A,Example13,13,17.0,167.33333333333334,nan
ALNS-A,Example13,13,18.0,167.33333333333334,nan
ALNS-A,Example13,13,19.0,167.33333333333334,nan
ALNS-A,Example13,13,20.0,75.0,nan
ALNS-A,Example13,13,21.0,75.0,nan
ALNS-A,Example13,13,22.0,73.0,nan
ALNS-A,Example13,13,23.0,66.66666666666667,nan
ALNS-A,Example13,13,24.0,43.0,nan
ALNS-A,Example13,13,25.0,43.0,nan
ALNS-A,Example13,13,26.0,43.0,nan
ALNS-A,Example13,13,27.0,43.0,nan
ALNS-A,Example13,13,28.0,43.0,nan
ALNS-A,Example13,13,29.0,43.0,nan
ALNS-A,Example13,13,30.0,43.0,nan
ALNS-A,Example13,13,31.0,43.0,nan
ALNS-A,Example13,13,32.0,38.0,nan
ALNS-A,Example13,13,33.0,38.0,nan
ALNS-A,Example13,13,34.0,38.0,nan
ALNS-A,Example13,13,35.0,38.0,nan
ALNS-A,Example13,13,36.0,38.0,nan
ALNS-A,Example13,13,37.0,38.0,nan
ALNS-A,Example13,13,38.0,38.0,nan
ALNS-A,Example13,13,39.0,38.0,nan
ALNS-A,Example13,13,40.0,38.0,nan
ALNS-A,Example13,13,41.0,38.0,nan
ALNS-A,Example13,13,42.0,38.0,nan
ALNS-A,Example13,13,43.0,38.0,nan
ALNS-A,Example13,13,44.0,38.0,nan
ALNS-A,Example13,13,45.0,38.0,nan
ALNS-A,Example13,13,46.0,38.0,nan
ALNS-A,Example13,13,47.0,38.0,nan
ALNS-A,Example13,13,48.0,38.0,nan
ALNS-A,Example13,13,49.0,38.0,nan
ALNS-A,Example13,13,50.0,38.0,nan
ALNS-A,Example13,13,51.0,38.0,nan
ALNS-A,Example13,13,52.0,38.0,nan
ALNS-A,Example13,13,53.0,38.0,nan
ALNS-A,Example13,13,54.0,38.0,nan
ALNS-A,Example13,13,55.0,38.0,nan
ALNS-A,Example13,13,56.0,38.0,nan
ALNS-A,Example13,13,57.0,38.0,nan
ALNS-A,Example13,13,58.0,38.0,nan
ALNS-A,Example13,13,59.0,37.0,nan
ALNS-A,Example13,13,60.0,37.0,nan
ALNS-A,Example13,13,61.0,37.0,nan
ALNS-A,Example13,13,62.0,37.0,nan
ALNS-A,Example13,13,63.0,37.0,nan
ALNS-A,Example13,13,64.0,37.0,nan
ALNS-A,Example13,13,65.0,37.0,nan
ALNS-A,Example13,13,66.0,37.0,nan
ALNS-A,Example13,13,67.0,37.0,nan
ALNS-A,Example13,13,68.0,37.0,nan
ALNS-A,Example13,13,69.0,37.0,nan
ALNS-A,Example13,13,70.0,37.0,nan
ALNS-A,Example13,13,71.0,37.0,nan
ALNS-A,Example13,13,72.0,37.0,nan
ALNS-A,Example13,13,73.0,37.0,nan
ALNS-A,Example13,13,74.0,35.333333333333336,nan
ALNS-A,Example13,13,75.0,35.333333333333336,nan
ALNS-A,Example13,13,76.0,35.333333333333336,nan
ALNS-A,Example13,13,77.0,35.333333333333336,nan
ALNS-A,Example13,13,78.0,35.333333333333336,nan
ALNS-A,Example13,13,79.0,35.333333333333336,nan
ALNS-A,Example13,13,80.0,35.333333333333336,nan
ALNS-A,Example13,13,81.0,35.333333333333336,nan
ALNS-A,Example13,13,82.0,35.333333333333336,nan
ALNS-A,Example13,13,83.0,30.0,nan
ALNS-A,Example13,13,84.0,30.0,nan
ALNS-A,Example13,13,85.0,30.0,nan
ALNS-A,Example13,13,86.0,30.0,nan
ALNS-A,Example13,13,87.0,30.0,nan
ALNS-A,Example13,13,88.0,30.0,nan
ALNS-A,Example13,13,89.0,30.0,nan
ALNS-A,Example13,13,90.0,30.0,nan
ALNS-A,Example13,13,91.0,30.0,nan
ALNS-A,Example13,13,92.0,30.0,nan
ALNS-A,Example13,13,93.0,30.0,nan
ALNS-A,Example13,13,94.0,30.0,nan
ALNS-A,Example13,13,95.0,30.0,nan
ALNS-A,Example13,13,96.0,30.0,nan
ALNS-A,Example13,13,97.0,30.0,nan
ALNS-A,Example13,13,98.0,30.0,nan
ALNS-A,Example13,13,99.0,30.0,nan
ALNS-A,Example13,13,100.0,30.0,nan
ALNS-A,Example13,13,101.0,30.0,nan
ALNS-A,Example13,13,102.0,30.0,nan
ALNS-A,Example13,13,103.0,30.0,nan
ALNS-A,Example13,13,104.0,30.0,nan
ALNS-A,Example13,13,105.0,30.0,nan
ALNS-A,Example13,13,106.0,30.0,nan
ALNS-A,Example13,13,107.0,30.0,nan
ALNS-A,Example13,13,108.0,30.0,nan
ALNS-A,Example13,13,109.0,30.0,nan
ALNS-A,Example13,13,110.0,30.0,nan
ALNS-A,Example13,13,111.0,30.0,nan
ALNS-A,Example13,13,112.0,30.0,nan
ALNS-A,Example13,13,113.0,30.0,nan
ALNS-A,Example13,13,114.0,30.0,nan
ALNS-A,Example13,13,115.0,30.0,nan
ALNS-A,Example13,13,116.0,30.0,nan
ALNS-A,Example13,13,117.0,30.0,nan
ALNS-A,Example13,13,118.0,30.0,nan
ALNS-A,Example13,13,119.0,30.0,nan
ALNS-A,Example13,13,120.0,30.0,nan
ALNS-A,Example13,13,121.0,30.0,nan
ALNS-A,Example13,13,122.0,30.0,nan
ALNS-A,Example13,13,123.0,30.0,nan
ALNS-A,Example13,13,124.0,30.0,nan
ALNS-A,Example13,13,125.0,30.0,nan
ALNS-A,Example13,13,126.0,30.0,nan
ALNS-A,Example13,13,127.0,30.0,nan
ALNS-A,Example13,13,128.0,30.0,nan
ALNS-A,Example13,13,129.0,30.0,nan
ALNS-A,Example13,13,130.0,30.0,nan
ALNS-A,Example13,13,131.0,30.0,nan
ALNS-A,Example13,13,132.0,30.0,nan
ALNS-A,Example13,13,133.0,30.0,nan
ALNS-A,Example13,13,134.0,30.0,nan
ALNS-A,Example13,13,135.0,30.0,nan
ALNS-A,Example13,13,136.0,30.0,nan
ALNS-A,Example13,13,137.0,30.0,nan
ALNS-A,Example13,13,138.0,30.0,nan
ALNS-A,Example13,13,139.0,30.0,nan
ALNS-A,Example13,13,140.0,30.0,nan
ALNS-A,Example13,13,141.0,30.0,nan
ALNS-A,Example13,13,142.0,30.0,nan
ALNS-A,Example13,13,143.0,30.0,nan
ALNS-A,Example13,13,144.0,30.0,nan
ALNS-A,Example13,13,145.0,30.0,nan
ALNS-A,Example13,13,146.0,30.0,nan
ALNS-A,Example13,13,147.0,30.0,nan
ALNS-A,Example13,13,148.0,30.0,nan
ALNS-A,Example13,13,149.0,30.0,nan
ALNS-A,Example13,13,150.0,30.0,nan
ALNS-A,Example13,13,151.0,30.0,nan
ALNS-A,Example13,13,152.0,30.0,nan
ALNS-A,Example13,13,153.0,30.0,nan
ALNS-A,Example13,13,154.0,30.0,nan
ALNS-A,Example13,13,155.0,30.0,nan
ALNS-A,Example13,13,156.0,30.0,nan
ALNS-A,Example13,13,157.0,30.0,nan
ALNS-A,Example13,13,158.0,30.0,nan
ALNS-A,Example13,13,159.0,30.0,nan
ALNS-A,Example13,13,160.0,30.0,nan
ALNS-A,Example13,13,161.0,30.0,nan
ALNS-A,Example13,13,162.0,30.0,nan
ALNS-A,Example13,13,163.0,30.0,nan
ALNS-A,Example13,13,164.0,30.0,nan
ALNS-A,Example13,13,165.0,30.0,nan
ALNS-A,Example13,13,166.0,30.0,nan
ALNS-A,Example13,13,167.0,30.0,nan
ALNS-A,Example13,13,168.0,30.0,nan
ALNS-A,Example13,13,169.0,30.0,nan
ALNS-A,Example13,13,170.0,30.0,nan
ALNS-A,Example13,13,171.0,30.0,nan
ALNS-A,Example13,13,172.0,30.0,nan
ALNS-A,Example13,13,173.0,30.0,nan
ALNS-A,Example13,13,174.0,30.0,nan
ALNS-A,Example13,13,175.0,30.0,nan
ALNS-A,Example13,13,176.0,30.0,nan
ALNS-A,Example13,13,177.0,30.0,nan
ALNS-A,Example13,13,178.0,30.0,nan
ALNS-A,Example13,13,179.0,30.0,nan
ALNS-A,Example13,13,180.0,30.0,nan
ALNS-A,Example13,13,181.0,30.0,nan
ALNS-A,Example13,13,182.0,30.0,nan
ALNS-A,Example13,13,183.0,30.0,nan
ALNS-A,Example13,13,184.0,30.0,nan
ALNS-A,Example13,13,185.0,30.0,nan
ALNS-A,Example13,13,186.0,30.0,nan
ALNS-A,Example13,13,187.0,30.0,nan
ALNS-A,Example13,13,188.0,30.0,nan
ALNS-A,Example13,13,189.0,30.0,nan
ALNS-A,Example13,13,190.0,30.0,nan
ALNS-A,Example13,13,191.0,30.0,nan
ALNS-A,Example13,13,192.0,30.0,nan
ALNS-A,Example13,13,193.0,30.0,nan
ALNS-A,Example13,13,194.0,30.0,nan
ALNS-A,Example13,13,195.0,30.0,nan
ALNS-A,Example13,13,196.0,30.0,nan
ALNS-A,Example13,13,197.0,30.0,nan
ALNS-A,Example13,13,198.0,30.0,nan
ALNS-A,Example13,13,199.0,30.0,nan
ALNS-A,Example13,13,200.0,30.0,nan
ALNS-A,Example13,13,201.0,30.0,nan
ALNS-A,Example13,13,202.0,30.0,nan
ALNS-A,Example13,13,203.0,30.0,nan
ALNS-A,Example13,13,204.0,30.0,nan
ALNS-A,Example13,13,205.0,30.0,nan
ALNS-A,Example13,13,206.0,30.0,nan
ALNS-A,Example13,13,207.0,30.0,nan
ALNS-A,Example13,13,208.0,30.0,nan
ALNS-A,Example13,13,209.0,30.0,nan
ALNS-A,Example13,13,210.0,30.0,nan
ALNS-A,Example13,13,211.0,30.0,nan
ALNS-A,Example13,13,212.0,30.0,nan
ALNS-A,Example13,13,213.0,30.0,nan
ALNS-A,Example13,13,214.0,30.0,nan
ALNS-A,Example13,13,215.0,30.0,nan
ALNS-A,Example13,13,216.0,30.0,nan
ALNS-A,Example13,13,217.0,30.0,nan
ALNS-A,Example13,13,218.0,30.0,nan
ALNS-A,Example13,13,219.0,30.0,nan
ALNS-A,Example13,13,220.0,30.0,nan
ALNS-A,Example13,13,221.0,30.0,nan
ALNS-A,Example13,13,222.0,30.0,nan
ALNS-A,Example13,13,223.0,30.0,nan
ALNS-A,Example13,13,224.0,30.0,nan
ALNS-A,Example13,13,225.0,30.0,nan
ALNS-A,Example13,13,226.0,30.0,nan
ALNS-A,Example13,13,227.0,30.0,nan
ALNS-A,Example13,13,228.0,30.0,nan
ALNS-A,Example13,13,229.0,30.0,nan
ALNS-A,Example13,13,230.0,30.0,nan
ALNS-A,Example13,13,231.0,30.0,nan
ALNS-A,Example13,13,232.0,30.0,nan
ALNS-A,Example13,13,233.0,30.0,nan
ALNS-A,Example13,13,234.0,30.0,nan
ALNS-A,Example13,13,235.0,30.0,nan
ALNS-A,Example13,13,236.0,30.0,nan
ALNS-A,Example13,13,237.0,30.0,nan
ALNS-A,Example13,13,238.0,30.0,nan
ALNS-A,Example13,13,239.0,30.0,nan
ALNS-A,Example13,13,240.0,30.0,nan
ALNS-A,Example13,13,241.0,30.0,nan
ALNS-A,Example13,13,242.0,30.0,nan
ALNS-A,Example13,13,243.0,30.0,nan
ALNS-A,Example13,13,244.0,30.0,nan
ALNS-A,Example13,13,245.0,30.0,nan
ALNS-A,Example13,13,246.0,30.0,nan
ALNS-A,Example13,13,247.0,30.0,nan
ALNS-A,Example13,13,248.0,30.0,nan
ALNS-A,Example13,13,249.0,30.0,nan
ALNS-A,Example13,13,250.0,30.0,nan
ALNS-A,Example13,13,251.0,30.0,nan
ALNS-A,Example13,13,252.0,30.0,nan
ALNS-A,Example13,13,253.0,30.0,nan
ALNS-A,Example13,13,254.0,30.0,nan
ALNS-A,Example13,13,255.0,30.0,nan
ALNS-A,Example13,13,256.0,30.0,nan
ALNS-A,Example13,13,257.0,30.0,nan
ALNS-A,Example13,13,258.0,30.0,nan
ALNS-A,Example13,13,259.0,30.0,nan
ALNS-A,Example13,13,260.0,30.0,nan
ALNS-A,Example13,13,261.0,30.0,nan
ALNS-A,Example13,13,262.0,30.0,nan
ALNS-A,Example13,13,263.0,30.0,nan
ALNS-A,Example13,13,264.0,30.0,nan
ALNS-A,Example13,13,265.0,30.0,nan
ALNS-A,Example13,13,266.0,30.0,nan
ALNS-A,Example13,13,267.0,30.0,nan
ALNS-A,Example13,13,268.0,30.0,nan
ALNS-A,Example13,13,269.0,30.0,nan
ALNS-A,Example13,13,270.0,30.0,nan
ALNS-A,Example13,13,271.0,30.0,nan
ALNS-A,Example13,13,272.0,30.0,nan
ALNS-A,Example13,13,273.0,30.0,nan
ALNS-A,Example14,14,0.0,115.66666666666667,nan
ALNS-A,Example14,14,1.0,115.66666666666667,nan
ALNS-A,Example14,14,2.0,74.66666666666667,nan
ALNS-A,Example14,14,3.0,74.66666666666667,nan
ALNS-A,Example14,14,4.0,74.66666666666667,nan
ALNS-A,Example14,14,5.0,52.666666666666664,nan
ALNS-A,Example14,14,6.0,30.0,nan
ALNS-A,Example14,14,7.0,28.333333333333332,nan
ALNS-A,Example14,14,8.0,28.0,nan
ALNS-A,Example14,14,9.0,23.666666666666668,nan
ALNS-A,Example14,14,10.0,23.666666666666668,nan
ALNS-A,Example14,14,11.0,23.666666666666668,nan
ALNS-A,Example14,14,12.0,23.666666666666668,nan
ALNS-A,Example14,14,13.0,23.666666666666668,nan
ALNS-A,Example14,14,14.0,23.666666666666668,nan
ALNS-A,Example14,14,15.0,23.333333333333332,nan
ALNS-A,Example14,14,16.0,23.333333333333332,nan
ALNS-A,Example14,14,17.0,23.333333333333332,nan
ALNS-A,Example14,14,18.0,18.333333333333332,nan
ALNS-A,Example14,14,19.0,15.0,nan
ALNS-A,Example14,14,20.0,15.0,nan
ALNS-A,Example14,14,21.0,15.0,nan
ALNS-A,Example14,14,22.0,14.0,nan
ALNS-A,Example14,14,23.0,14.0,nan
ALNS-A,Example14,14,24.0,13.666666666666666,nan
ALNS-A,Example14,14,25.0,13.666666666666666,nan
ALNS-A,Example14,14,26.0,13.666666666666666,nan
ALNS-A,Example14,14,27.0,13.666666666666666,nan
ALNS-A,Example14,14,28.0,13.666666666666666,nan
ALNS-A,Example14,14,29.0,13.666666666666666,nan
ALNS-A,Example14,14,30.0,13.666666666666666,nan
ALNS-A,Example14,14,31.0,13.666666666666666,nan
ALNS-A,Example14,14,32.0,13.0,nan
ALNS-A,Example14,14,33.0,13.0,nan
ALNS-A,Example14,14,34.0,10.666666666666666,nan
ALNS-A,Example14,14,35.0,10.666666666666666,nan
ALNS-A,Example14,14,36.0,10.333333333333334,nan
ALNS-A,Example14,14,37.0,10.333333333333334,nan
ALNS-A,Example14,14,38.0,10.333333333333334,nan
ALNS-A,Example14,14,39.0,10.333333333333334,nan
ALNS-A,Example14,14,40.0,10.0,nan
ALNS-A,Example14,14,41.0,10.0,nan
ALNS-A,Example14,14,42.0,9.333333333333334,nan
ALNS-A,Example14,14,43.0,9.333333333333334,nan
ALNS-A,Example14,14,44.0,9.333333333333334,nan
ALNS-A,Example14,14,45.0,9.333333333333334,nan
ALNS-A,Example14,14,46.0,9.333333333333334,nan
ALNS-A,Example14,14,47.0,9.333333333333334,nan
ALNS-A,Example14,14,48.0,9.333333333333334,nan
ALNS-A,Example14,14,49.0,9.333333333333334,nan
ALNS-A,Example14,14,50.0,9.333333333333334,nan
ALNS-A,Example14,14,51.0,9.333333333333334,nan
ALNS-A,Example14,14,52.0,9.333333333333334,nan
ALNS-A,Example14,14,53.0,9.333333333333334,nan
ALNS-A,Example14,14,54.0,9.333333333333334,nan
ALNS-A,Example14,14,55.0,9.333333333333334,nan
ALNS-A,Example14,14,56.0,9.333333333333334,nan
ALNS-A,Example14,14,57.0,9.333333333333334,nan
ALNS-A,Example14,14,58.0,8.333333333333334,nan
ALNS-A,Example14,14,59.0,8.333333333333334,nan
ALNS-A,Example14,14,60.0,8.333333333333334,nan
ALNS-A,Example14,14,61.0,8.333333333333334,nan
ALNS-A,Example14,14,62.0,8.333333333333334,nan
ALNS-A,Example14,14,63.0,8.333333333333334,nan
ALNS-A,Example14,14,64.0,8.0,nan
ALNS-A,Example14,14,65.0,8.0,nan
ALNS-A,Example14,14,66.0,8.0,nan
ALNS-A,Example14,14,67.0,8.0,nan
ALNS-A,Example14,14,68.0,8.0,nan
ALNS-A,Example14,14,69.0,8.0,nan
ALNS-A,Example14,14,70.0,8.0,nan
ALNS-A,Example14,14,71.0,8.0,nan
ALNS-A,Example14,14,72.0,8.0,nan
ALNS-A,Example14,14,73.0,8.0,nan
ALNS-A,Example14,14,74.0,8.0,nan
ALNS-A,Example14,14,75.0,8.0,nan
ALNS-A,Example14,14,76.0,8.0,nan
ALNS-A,Example14,14,77.0,8.0,nan
ALNS-A,Example14,14,78.0,8.0,nan
ALNS-A,Example14,14,79.0,8.0,nan
ALNS-A,Example14,14,80.0,7.666666666666667,nan
ALNS-A,Example14,14,81.0,7.666666666666667,nan
ALNS-A,Example14,14,82.0,7.666666666666667,nan
ALNS-A,Example14,14,83.0,7.666666666666667,nan
ALNS-A,Example14,14,84.0,7.666666666666667,nan
ALNS-A,Example14,14,85.0,7.666666666666667,nan
ALNS-A,Example14,14,86.0,7.666666666666667,nan
ALNS-A,Example14,14,87.0,7.666666666666667,nan
ALNS-A,Example14,14,88.0,7.666666666666667,nan
ALNS-A,Example14,14,89.0,7.666666666666667,nan
ALNS-A,Example14,14,90.0,7.333333333333333,nan
ALNS-A,Example14,14,91.0,7.333333333333333,nan
ALNS-A,Example14,14,92.0,7.333333333333333,nan
ALNS-A,Example14,14,93.0,7.333333333333333,nan
ALNS-A,Example14,14,94.0,7.333333333333333,nan
ALNS-A,Example14,14,95.0,7.0,nan
ALNS-A,Example14,14,96.0,7.0,nan
ALNS-A,Example14,14,97.0,7.0,nan
ALNS-A,Example14,14,98.0,7.0,nan
ALNS-A,Example14,14,99.0,7.0,nan
ALNS-A,Example14,14,100.0,7.0,nan
ALNS-A,Example14,14,101.0,7.0,nan
ALNS-A,Example14,14,102.0,7.0,nan
ALNS-A,Example14,14,103.0,7.0,nan
ALNS-A,Example14,14,104.0,7.0,nan
ALNS-A,Example14,14,105.0,7.0,nan
ALNS-A,Example14,14,106.0,7.0,nan
ALNS-A,Example14,14,107.0,7.0,nan
ALNS-A,Example14,14,108.0,7.0,nan
ALNS-A,Example14,14,109.0,7.0,nan
ALNS-A,Example14,14,110.0,7.0,nan
ALNS-A,Example14,14,111.0,7.0,nan
ALNS-A,Example14,14,112.0,7.0,nan
ALNS-A,Example14,14,113.0,7.0,nan
ALNS-A,Example14,14,114.0,7.0,nan
ALNS-A,Example14,14,115.0,7.0,nan
ALNS-A,Example14,14,116.0,7.0,nan
ALNS-A,Example14,14,117.0,7.0,nan
ALNS-A,Example14,14,118.0,7.0,nan
ALNS-A,Example14,14,119.0,7.0,nan
ALNS-A,Example14,14,120.0,7.0,nan
ALNS-A,Example14,14,121.0,7.0,nan
ALNS-A,Example14,14,122.0,7.0,nan
ALNS-A,Example14,14,123.0,7.0,nan
ALNS-A,Example14,14,124.0,7.0,nan
ALNS-A,Example14,14,125.0,7.0,nan
ALNS-A,Example14,14,126.0,7.0,nan
ALNS-A,Example14,14,127.0,7.0,nan
ALNS-A,Example14,14,128.0,7.0,nan
ALNS-A,Example14,14,129.0,7.0,nan
ALNS-A,Example14,14,130.0,7.0,nan
ALNS-A,Example14,14,131.0,7.0,nan
ALNS-A,Example14,14,132.0,7.0,nan
ALNS-A,Example14,14,133.0,7.0,nan
ALNS-A,Example14,14,134.0,7.0,nan
ALNS-A,Example14,14,135.0,7.0,nan
ALNS-A,Example14,14,136.0,7.0,nan
ALNS-A,Example14,14,137.0,7.0,nan
ALNS-A,Example14,14,138.0,7.0,nan
ALNS-A,Example14,14,139.0,7.0,nan
ALNS-A,Example14,14,140.0,6.666666666666667,nan
ALNS-A,Example14,14,141.0,6.666666666666667,nan
ALNS-A,Example14,14,142.0,6.666666666666667,nan
ALNS-A,Example14,14,143.0,6.666666666666667,nan
ALNS-A,Example14,14,144.0,6.666666666666667,nan
ALNS-A,Example14,14,145.0,6.666666666666667,nan
ALNS-A,Example14,14,146.0,6.666666666666667,nan
ALNS-A,Example14,14,147.0,6.666666666666667,nan
ALNS-A,Example14,14,148.0,6.666666666666667,nan
ALNS-A,Example14,14,149.0,6.666666666666667,nan
ALNS-A,Example14,14,150.0,6.666666666666667,nan
ALNS-A,Example14,14,151.0,6.666666666666667,nan
ALNS-A,Example14,14,152.0,6.666666666666667,nan
ALNS-A,Example14,14,153.0,6.666666666666667,nan
ALNS-A,Example14,14,154.0,6.666666666666667,nan
ALNS-A,Example14,14,155.0,6.666666666666667,nan
ALNS-A,Example14,14,156.0,6.666666666666667,nan
ALNS-A,Example14,14,157.0,6.666666666666667,nan
ALNS-A,Example14,14,158.0,6.666666666666667,nan
ALNS-A,Example14,14,159.0,6.666666666666667,nan
ALNS-A,Example14,14,160.0,6.666666666666667,nan
ALNS-A,Example14,14,161.0,6.666666666666667,nan
ALNS-A,Example14,14,162.0,6.666666666666667,nan
ALNS-A,Example14,14,163.0,6.666666666666667,nan
ALNS-A,Example14,14,164.0,6.666666666666667,nan
ALNS-A,Example14,14,165.0,6.666666666666667,nan
ALNS-A,Example14,14,166.0,6.666666666666667,nan
ALNS-A,Example14,14,167.0,6.666666666666667,nan
ALNS-A,Example14,14,168.0,6.666666666666667,nan
ALNS-A,Example14,14,169.0,6.666666666666667,nan
ALNS-A,Example14,14,170.0,6.666666666666667,nan
ALNS-A,Example14,14,171.0,6.666666666666667,nan
ALNS-A,Example14,14,172.0,6.666666666666667,nan
ALNS-A,Example14,14,173.0,6.666666666666667,nan
ALNS-A,Example14,14,174.0,6.666666666666667,nan
ALNS-A,Example14,14,175.0,6.666666666666667,nan
ALNS-A,Example14,14,176.0,6.666666666666667,nan
ALNS-A,Example14,14,177.0,6.666666666666667,nan
ALNS-A,Example14,14,178.0,6.666666666666667,nan
ALNS-A,Example14,14,179.0,5.333333333333333,nan
ALNS-A,Example14,14,180.0,5.333333333333333,nan
ALNS-A,Example14,14,181.0,5.333333333333333,nan
ALNS-A,Example14,14,182.0,5.333333333333333,nan
ALNS-A,Example14,14,183.0,5.333333333333333,nan
ALNS-A,Example14,14,184.0,5.333333333333333,nan
ALNS-A,Example14,14,185.0,5.333333333333333,nan
ALNS-A,Example14,14,186.0,5.333333333333333,nan
ALNS-A,Example14,14,187.0,5.333333333333333,nan
ALNS-A,Example14,14,188.0,5.333333333333333,nan
ALNS-A,Example14,14,189.0,5.333333333333333,nan
ALNS-A,Example14,14,190.0,5.333333333333333,nan
ALNS-A,Example14,14,191.0,5.333333333333333,nan
ALNS-A,Example14,14,192.0,5.333333333333333,nan
ALNS-A,Example14,14,193.0,5.333333333333333,nan
ALNS-A,Example14,14,194.0,5.333333333333333,nan
ALNS-A,Example14,14,195.0,5.333333333333333,nan
ALNS-A,Example14,14,196.0,5.333333333333333,nan
ALNS-A,Example14,14,197.0,5.333333333333333,nan
ALNS-A,Example14,14,198.0,5.333333333333333,nan
ALNS-A,Example14,14,199.0,5.333333333333333,nan
ALNS-A,Example14,14,200.0,5.333333333333333,nan
ALNS-A,Example14,14,201.0,5.333333333333333,nan
ALNS-A,Example14,14,202.0,5.333333333333333,nan
ALNS-A,Example14,14,203.0,5.333333333333333,nan
ALNS-A,Example14,14,204.0,5.333333333333333,nan
ALNS-A,Example14,14,205.0,5.333333333333333,nan
ALNS-A,Example14,14,206.0,5.333333333333333,nan
ALNS-A,Example14,14,207.0,5.333333333333333,nan
ALNS-A,Example14,14,208.0,5.333333333333333,nan
ALNS-A,Example14,14,209.0,5.333333333333333,nan
ALNS-A,Example14,14,210.0,5.333333333333333,nan
ALNS-A,Example14,14,211.0,5.333333333333333,nan
ALNS-A,Example14,14,212.0,5.333333333333333,nan
ALNS-A,Example14,14,213.0,5.333333333333333,nan
ALNS-A,Example14,14,214.0,5.333333333333333,nan
ALNS-A,Example14,14,215.0,5.333333333333333,nan
ALNS-A,Example14,14,216.0,5.333333333333333,nan
ALNS-A,Example14,14,217.0,5.333333333333333,nan
ALNS-A,Example14,14,218.0,5.333333333333333,nan
ALNS-A,Example14,14,219.0,5.333333333333333,nan
ALNS-A,Example14,14,220.0,5.333333333333333,nan
ALNS-A,Example14,14,221.0,5.333333333333333,nan
ALNS-A,Example14,14,222.0,5.333333333333333,nan
ALNS-A,Example14,14,223.0,5.333333333333333,nan
ALNS-A,Example14,14,224.0,5.333333333333333,nan
ALNS-A,Example14,14,225.0,5.333333333333333,nan
ALNS-A,Example14,14,226.0,5.333333333333333,nan
ALNS-A,Example14,14,227.0,5.333333333333333,nan
ALNS-A,Example14,14,228.0,5.333333333333333,nan
ALNS-A,Example14,14,229.0,5.333333333333333,nan
ALNS-A,Example14,14,230.0,5.333333333333333,nan
ALNS-A,Example14,14,231.0,5.333333333333333,nan
ALNS-A,Example14,14,232.0,5.333333333333333,nan
ALNS-A,Example14,14,233.0,5.333333333333333,nan
ALNS-A,Example14,14,234.0,5.333333333333333,nan
ALNS-A,Example14,14,235.0,5.333333333333333,nan
ALNS-A,Example14,14,236.0,5.333333333333333,nan
ALNS-A,Example14,14,237.0,5.333333333333333,nan
ALNS-A,Example14,14,238.0,5.333333333333333,nan
ALNS-A,Example14,14,239.0,5.333333333333333,nan
ALNS-A,Example14,14,240.0,5.333333333333333,nan
ALNS-A,Example14,14,241.0,5.333333333333333,nan
ALNS-A,Example14,14,242.0,5.333333333333333,nan
ALNS-A,Example14,14,243.0,5.333333333333333,nan
ALNS-A,Example14,14,244.0,5.333333333333333,nan
ALNS-A,Example14,14,245.0,5.333333333333333,nan
ALNS-A,Example14,14,246.0,5.333333333333333,nan
ALNS-A,Example14,14,247.0,5.333333333333333,nan
ALNS-A,Example14,14,248.0,5.333333333333333,nan
ALNS-A,Example14,14,249.0,5.333333333333333,nan
ALNS-A,Example14,14,250.0,5.333333333333333,nan
ALNS-A,Example14,14,251.0,5.333333333333333,nan
ALNS-A,Example14,14,252.0,5.333333333333333,nan
ALNS-A,Example14,14,253.0,5.333333333333333,nan
ALNS-A,Example14,14,254.0,5.333333333333333,nan
ALNS-A,Example14,14,255.0,5.333333333333333,nan
ALNS-A,Example14,14,256.0,5.333333333333333,nan
ALNS-A,Example14,14,257.0,5.333333333333333,nan
ALNS-A,Example14,14,258.0,5.333333333333333,nan
ALNS-A,Example14,14,259.0,5.333333333333333,nan
ALNS-A,Example14,14,260.0,5.333333333333333,nan
ALNS-A,Example14,14,261.0,5.333333333333333,nan
ALNS-A,Example14,14,262.0,5.333333333333333,nan
ALNS-A,Example14,14,263.0,5.333333333333333,nan
ALNS-A,Example14,14,264.0,5.333333333333333,nan
ALNS-A,Example14,14,265.0,5.333333333333333,nan
ALNS-A,Example14,14,266.0,5.333333333333333,nan
ALNS-A,Example14,14,267.0,5.333333333333333,nan
ALNS-A,Example14,14,268.0,5.333333333333333,nan
ALNS-A,Example14,14,269.0,5.333333333333333,nan
ALNS-A,Example14,14,270.0,5.333333333333333,nan
ALNS-A,Example14,14,271.0,5.333333333333333,nan
ALNS-A,Example14,14,272.0,5.333333333333333,nan
ALNS-A,Example14,14,273.0,5.333333333333333,nan
ALNS-B,Example0,0,0.0,9.0,nan
ALNS-B,Example0,0,1.0,9.0,nan
ALNS-B,Example0,0,2.0,8.333333333333334,nan
ALNS-B,Example0,0,3.0,8.0,nan
ALNS-B,Example0,0,4.0,7.666666666666667,nan
ALNS-B,Example0,0,5.0,7.333333333333333,nan
ALNS-B,Example0,0,6.0,7.333333333333333,nan
ALNS-B,Example0,0,7.0,7.333333333333333,nan
ALNS-B,Example0,0,8.0,7.333333333333333,nan
ALNS-B,Example0,0,9.0,7.333333333333333,nan
ALNS-B,Example0,0,10.0,7.0,nan
ALNS-B,Example0,0,11.0,6.666666666666667,nan
ALNS-B,Example0,0,12.0,6.666666666666667,nan
ALNS-B,Example0,0,13.0,5.0,nan
ALNS-B,Example0,0,14.0,5.0,nan
ALNS-B,Example0,0,15.0,5.0,nan
ALNS-B,Example0,0,16.0,5.0,nan
ALNS-B,Example0,0,17.0,5.0,nan
ALNS-B,Example0,0,18.0,5.0,nan
ALNS-B,Example0,0,19.0,5.0,nan
ALNS-B,Example0,0,20.0,5.0,nan
ALNS-B,Example0,0,21.0,5.0,nan
ALNS-B,Example0,0,22.0,5.0,nan
ALNS-B,Example0,0,23.0,4.666666666666667,nan
ALNS-B,Example0,0,24.0,4.666666666666667,nan
ALNS-B,Example0,0,25.0,4.333333333333333,nan
ALNS-B,Example0,0,26.0,4.333333333333333,nan
ALNS-B,Example0,0,27.0,3.6666666666666665,nan
ALNS-B,Example0,0,28.0,3.6666666666666665,nan
ALNS-B,Example0,0,29.0,2.6666666666666665,nan
ALNS-B,Example0,0,30.0,2.6666666666666665,nan
ALNS-B,Example0,0,31.0,2.6666666666666665,nan
ALNS-B,Example0,0,32.0,2.3333333333333335,nan
ALNS-B,Example0,0,33.0,2.3333333333333335,nan
ALNS-B,Example0,0,34.0,2.3333333333333335,nan
ALNS-B,Example0,0,35.0,2.3333333333333335,nan
ALNS-B,Example0,0,36.0,2.3333333333333335,nan
ALNS-B,Example0,0,37.0,2.3333333333333335,nan
ALNS-B,Example0,0,38.0,2.3333333333333335,nan
ALNS-B,Example0,0,39.0,2.3333333333333335,nan
ALNS-B,Example0,0,40.0,2.3333333333333335,nan
ALNS-B,Example0,0,41.0,2.3333333333333335,nan
ALNS-B,Example0,0,42.0,2.3333333333333335,nan
ALNS-B,Example0,0,43.0,2.3333333333333335,nan
ALNS-B,Example0,0,44.0,2.3333333333333335,nan
ALNS-B,Example0,0,45.0,2.3333333333333335,nan
ALNS-B,Example0,0,46.0,2.3333333333333335,nan
ALNS-B,Example0,0,47.0,2.3333333333333335,nan
ALNS-B,Example0,0,48.0,2.3333333333333335,nan
ALNS-B,Example0,0,49.0,2.3333333333333335,nan
ALNS-B,Example0,0,50.0,2.0,nan
ALNS-B,Example0,0,51.0,1.6666666666666667,nan
ALNS-B,Example0,0,52.0,1.6666666666666667,nan
ALNS-B,Example0,0,53.0,1.6666666666666667,nan
ALNS-B,Example0,0,54.0,1.6666666666666667,nan
ALNS-B,Example0,0,55.0,1.6666666666666667,nan
ALNS-B,Example0,0,56.0,1.6666666666666667,nan
ALNS-B,Example0,0,57.0,1.6666666666666667,nan
ALNS-B,Example0,0,58.0,1.6666666666666667,nan
ALNS-B,Example0,0,59.0,1.6666666666666667,nan
ALNS-B,Example0,0,60.0,1.6666666666666667,nan
ALNS-B,Example0,0,61.0,1.6666666666666667,nan
ALNS-B,Example0,0,62.0,1.6666666666666667,nan
ALNS-B,Example0,0,63.0,1.6666666666666667,nan
ALNS-B,Example0,0,64.0,1.6666666666666667,nan
ALNS-B,Example0,0,65.0,1.6666666666666667,nan
ALNS-B,Example0,0,66.0,1.6666666666666667,nan
ALNS-B,Example0,0,67.0,1.6666666666666667,nan
ALNS-B,Example0,0,68.0,1.6666666666666667,nan
ALNS-B,Example0,0,69.0,1.6666666666666667,nan
ALNS-B,Example0,0,70.0,1.6666666666666667,nan
ALNS-B,Example0,0,71.0,1.6666666666666667,nan
ALNS-B,Example0,0,72.0,1.6666666666666667,nan
ALNS-B,Example0,0,73.0,1.6666666666666667,nan
ALNS-B,Example0,0,74.0,1.6666666666666667,nan
ALNS-B,Example0,0,75.0,1.6666666666666667,nan
ALNS-B,Example0,0,76.0,1.6666666666666667,nan
ALNS-B,Example0,0,77.0,1.6666666666666667,nan
ALNS-B,Example0,0,78.0,1.6666666666666667,nan
ALNS-B,Example0,0,79.0,1.6666666666666667,nan
ALNS-B,Example0,0,80.0,1.6666666666666667,nan
ALNS-B,Example0,0,81.0,1.6666666666666667,nan
ALNS-B,Example0,0,82.0,1.6666666666666667,nan
ALNS-B,Example0,0,83.0,1.6666666666666667,nan
ALNS-B,Example0,0,84.0,1.3333333333333333,nan
ALNS-B,Example0,0,85.0,1.3333333333333333,nan
ALNS-B,Example0,0,86.0,0.6666666666666666,nan
ALNS-B,Example0,0,87.0,0.6666666666666666,nan
ALNS-B,Example0,0,88.0,0.6666666666666666,nan
ALNS-B,Example0,0,89.0,0.3333333333333333,nan
ALNS-B,Example0,0,90.0,0.3333333333333333,nan
ALNS-B,Example0,0,91.0,0.3333333333333333,nan
ALNS-B,Example0,0,92.0,0.3333333333333333,nan
ALNS-B,Example0,0,93.0,0.0,nan
ALNS-B,Example0,0,94.0,0.0,nan
ALNS-B,Example0,0,95.0,0.0,nan
ALNS-B,Example0,0,96.0,0.0,nan
ALNS-B,Example0,0,97.0,0.0,nan
ALNS-B,Example0,0,98.0,0.0,nan
ALNS-B,Example0,0,99.0,0.0,nan
ALNS-B,Example0,0,100.0,0.0,nan
ALNS-B,Example0,0,101.0,0.0,nan
ALNS-B,Example0,0,102.0,0.0,nan
ALNS-B,Example0,0,103.0,0.0,nan
ALNS-B,Example0,0,104.0,0.0,nan
ALNS-B,Example0,0,105.0,0.0,nan
ALNS-B,Example0,0,106.0,0.0,nan
ALNS-B,Example0,0,107.0,0.0,nan
ALNS-B,Example0,0,108.0,0.0,nan
ALNS-B,Example0,0,109.0,0.0,nan
ALNS-B,Example0,0,110.0,0.0,nan
ALNS-B,Example0,0,111.0,0.0,nan
ALNS-B,Example0,0,112.0,0.0,nan
ALNS-B,Example0,0,113.0,0.0,nan
ALNS-B,Example0,0,114.0,0.0,nan
ALNS-B,Example0,0,115.0,0.0,nan
ALNS-B,Example0,0,116.0,0.0,nan
ALNS-B,Example0,0,117.0,0.0,nan
ALNS-B,Example0,0,118.0,0.0,nan
ALNS-B,Example0,0,119.0,0.0,nan
ALNS-B,Example0,0,120.0,0.0,nan
ALNS-B,Example0,0,121.0,0.0,nan
ALNS-B,Example0,0,122.0,0.0,nan
ALNS-B,Example0,0,123.0,0.0,nan
ALNS-B,Example0,0,124.0,0.0,nan
ALNS-B,Example0,0,125.0,0.0,nan
ALNS-B,Example0,0,126.0,0.0,nan
ALNS-B,Example0,0,127.0,0.0,nan
ALNS-B,Example0,0,128.0,0.0,nan
ALNS-B,Example0,0,129.0,0.0,nan
ALNS-B,Example0,0,130.0,0.0,nan
ALNS-B,Example0,0,131.0,0.0,nan
ALNS-B,Example0,0,132.0,0.0,nan
ALNS-B,Example0,0,133.0,0.0,nan
ALNS-B,Example0,0,134.0,0.0,nan
ALNS-B,Example0,0,135.0,0.0,nan
ALNS-B,Example0,0,136.0,0.0,nan
ALNS-B,Example0,0,137.0,0.0,nan
ALNS-B,Example0,0,138.0,0.0,nan
ALNS-B,Example0,0,139.0,0.0,nan
ALNS-B,Example0,0,140.0,0.0,nan
ALNS-B,Example0,0,141.0,0.0,nan
ALNS-B,Example0,0,142.0,0.0,nan
ALNS-B,Example0,0,143.0,0.0,nan
ALNS-B,Example0,0,144.0,0.0,nan
ALNS-B,Example0,0,145.0,0.0,nan
ALNS-B,Example0,0,146.0,0.0,nan
ALNS-B,Example0,0,147.0,0.0,nan
ALNS-B,Example0,0,148.0,0.0,nan
ALNS-B,Example0,0,149.0,0.0,nan
ALNS-B,Example0,0,150.0,0.0,nan
ALNS-B,Example0,0,151.0,0.0,nan
ALNS-B,Example0,0,152.0,0.0,nan
ALNS-B,Example0,0,153.0,0.0,nan
ALNS-B,Example0,0,154.0,0.0,nan
ALNS-B,Example0,0,155.0,0.0,nan
ALNS-B,Example0,0,156.0,0.0,nan
ALNS-B,Example0,0,157.0,0.0,nan
ALNS-B,Example0,0,158.0,0.0,nan
ALNS-B,Example0,0,159.0,0.0,nan
ALNS-B,Example0,0,160.0,0.0,nan
ALNS-B,Example0,0,161.0,0.0,nan
ALNS-B,Example0,0,162.0,0.0,nan
ALNS-B,Example0,0,163.0,0.0,nan
ALNS-B,Example0,0,164.0,0.0,nan
ALNS-B,Example0,0,165.0,0.0,nan
ALNS-B,Example0,0,166.0,0.0,nan
ALNS-B,Example0,0,167.0,0.0,nan
ALNS-B,Example0,0,168.0,0.0,nan
ALNS-B,Example0,0,169.0,0.0,nan
ALNS-B,Example0,0,170.0,0.0,nan
ALNS-B,Example0,0,171.0,0.0,nan
ALNS-B,Example0,0,172.0,0.0,nan
ALNS-B,Example0,0,173.0,0.0,nan
ALNS-B,Example0,0,174.0,0.0,nan
ALNS-B,Example0,0,175.0,0.0,nan
ALNS-B,Example0,0,176.0,0.0,nan
ALNS-B,Example0,0,177.0,0.0,nan
ALNS-B,Example0,0,178.0,0.0,nan
ALNS-B,Example0,0,179.0,0.0,nan
ALNS-B,Example0,0,180.0,0.0,nan
ALNS-B,Example0,0,181.0,0.0,nan
ALNS-B,Example0,0,182.0,0.0,nan
ALNS-B,Example0,0,183.0,0.0,nan
ALNS-B,Example0,0,184.0,0.0,nan
ALNS-B,Example0,0,185.0,0.0,nan
ALNS-B,Example0,0,186.0,0.0,nan
ALNS-B,Example0,0,187.0,0.0,nan
ALNS-B,Example0,0,188.0,0.0,nan
ALNS-B,Example0,0,189.0,0.0,nan
ALNS-B,Example0,0,190.0,0.0,nan
ALNS-B,Example0,0,191.0,0.0,nan
ALNS-B,Example0,0,192.0,0.0,nan
ALNS-B,Example0,0,193.0,0.0,nan
ALNS-B,Example0,0,194.0,0.0,nan
ALNS-B,Example0,0,195.0,0.0,nan
ALNS-B,Example0,0,196.0,0.0,nan
ALNS-B,Example0,0,197.0,0.0,nan
ALNS-B,Example0,0,198.0,0.0,nan
ALNS-B,Example0,0,199.0,0.0,nan
ALNS-B,Example0,0,200.0,0.0,nan
ALNS-B,Example0,0,201.0,0.0,nan
ALNS-B,Example0,0,202.0,0.0,nan
ALNS-B,Example0,0,203.0,0.0,nan
ALNS-B,Example0,0,204.0,0.0,nan
ALNS-B,Example0,0,205.0,0.0,nan
ALNS-B,Example0,0,206.0,0.0,nan
ALNS-B,Example0,0,207.0,0.0,nan
ALNS-B,Example0,0,208.0,0.0,nan
ALNS-B,Example0,0,209.0,0.0,nan
ALNS-B,Example0,0,210.0,0.0,nan
ALNS-B,Example0,0,211.0,0.0,nan
ALNS-B,Example0,0,212.0,0.0,nan
ALNS-B,Example0,0,213.0,0.0,nan
ALNS-B,Example0,0,214.0,0.0,nan
ALNS-B,Example0,0,215.0,0.0,nan
ALNS-B,Example0,0,216.0,0.0,nan
ALNS-B,Example0,0,217.0,0.0,nan
ALNS-B,Example0,0,218.0,0.0,nan
ALNS-B,Example0,0,219.0,0.0,nan
ALNS-B,Example0,0,220.0,0.0,nan
ALNS-B,Example0,0,221.0,0.0,nan
ALNS-B,Example0,0,222.0,0.0,nan
ALNS-B,Example0,0,223.0,0.0,nan
ALNS-B,Example0,0,224.0,0.0,nan
ALNS-B,Example0,0,225.0,0.0,nan
ALNS-B,Example0,0,226.0,0.0,nan
ALNS-B,Example0,0,227.0,0.0,nan
ALNS-B,Example0,0,228.0,0.0,nan
ALNS-B,Example0,0,229.0,0.0,nan
ALNS-B,Example0,0,230.0,0.0,nan
ALNS-B,Example0,0,231.0,0.0,nan
ALNS-B,Example0,0,232.0,0.0,nan
ALNS-B,Example0,0,233.0,0.0,nan
ALNS-B,Example0,0,234.0,0.0,nan
ALNS-B,Example0,0,235.0,0.0,nan
ALNS-B,Example0,0,236.0,0.0,nan
ALNS-B,Example0,0,237.0,0.0,nan
ALNS-B,Example0,0,238.0,0.0,nan
ALNS-B,Example0,0,239.0,0.0,nan
ALNS-B,Example0,0,240.0,0.0,nan
ALNS-B,Example0,0,241.0,0.0,nan
ALNS-B,Example0,0,242.0,0.0,nan
ALNS-B,Example0,0,243.0,0.0,nan
ALNS-B,Example0,0,244.0,0.0,nan
ALNS-B,Example0,0,245.0,0.0,nan
ALNS-B,Example0,0,246.0,0.0,nan
ALNS-B,Example0,0,247.0,0.0,nan
ALNS-B,Example0,0,248.0,0.0,nan
ALNS-B,Example0,0,249.0,0.0,nan
ALNS-B,Example0,0,250.0,0.0,nan
ALNS-B,Example0,0,251.0,0.0,nan
ALNS-B,Example0,0,252.0,0.0,nan
ALNS-B,Example0,0,253.0,0.0,nan
ALNS-B,Example0,0,254.0,0.0,nan
ALNS-B,Example0,0,255.0,0.0,nan
ALNS-B,Example0,0,256.0,0.0,nan
ALNS-B,Example0,0,257.0,0.0,nan
ALNS-B,Example0,0,258.0,0.0,nan
ALNS-B,Example0,0,259.0,0.0,nan
ALNS-B,Example0,0,260.0,0.0,nan
ALNS-B,Example0,0,261.0,0.0,nan
ALNS-B,Example0,0,262.0,0.0,nan
ALNS-B,Example0,0,263.0,0.0,nan
ALNS-B,Example0,0,264.0,0.0,nan
ALNS-B,Example0,0,265.0,0.0,nan
ALNS-B,Example0,0,266.0,0.0,nan
ALNS-B,Example0,0,267.0,0.0,nan
ALNS-B,Example0,0,268.0,0.0,nan
ALNS-B,Example0,0,269.0,0.0,nan
ALNS-B,Example0,0,270.0,0.0,nan
ALNS-B,Example0,0,271.0,0.0,nan
ALNS-B,Example0,0,272.0,0.0,nan
ALNS-B,Example0,0,273.0,0.0,nan
ALNS-B,Example1,1,0.0,20.0,nan
ALNS-B,Example1,1,1.0,20.0,nan
ALNS-B,Example1,1,2.0,18.666666666666668,nan
ALNS-B,Example1,1,3.0,18.666666666666668,nan
ALNS-B,Example1,1,4.0,18.666666666666668,nan
ALNS-B,Example1,1,5.0,18.666666666666668,nan
ALNS-B,Example1,1,6.0,18.666666666666668,nan
ALNS-B,Example1,1,7.0,18.666666666666668,nan
ALNS-B,Example1,1,8.0,18.666666666666668,nan
ALNS-B,Example1,1,9.0,18.333333333333332,nan
ALNS-B,Example1,1,10.0,17.666666666666668,nan
ALNS-B,Example1,1,11.0,17.666666666666668,nan
ALNS-B,Example1,1,12.0,17.333333333333332,nan
ALNS-B,Example1,1,13.0,14.333333333333334,nan
ALNS-B,Example1,1,14.0,14.333333333333334,nan
ALNS-B,Example1,1,15.0,13.333333333333334,nan
ALNS-B,Example1,1,16.0,13.333333333333334,nan
ALNS-B,Example1,1,17.0,13.333333333333334,nan
ALNS-B,Example1,1,18.0,11.666666666666666,nan
ALNS-B,Example1,1,19.0,11.333333333333334,nan
ALNS-B,Example1,1,20.0,11.333333333333334,nan
ALNS-B,Example1,1,21.0,11.333333333333334,nan
ALNS-B,Example1,1,22.0,11.333333333333334,nan
ALNS-B,Example1,1,23.0,9.333333333333334,nan
ALNS-B,Example1,1,24.0,9.333333333333334,nan
ALNS-B,Example1,1,25.0,9.333333333333334,nan
ALNS-B,Example1,1,26.0,9.333333333333334,nan
ALNS-B,Example1,1,27.0,9.333333333333334,nan
ALNS-B,Example1,1,28.0,9.333333333333334,nan
ALNS-B,Example1,1,29.0,9.333333333333334,nan
ALNS-B,Example1,1,30.0,9.333333333333334,nan
ALNS-B,Example1,1,31.0,9.333333333333334,nan
ALNS-B,Example1,1,32.0,9.333333333333334,nan
ALNS-B,Example1,1,33.0,9.333333333333334,nan
ALNS-B,Example1,1,34.0,9.333333333333334,nan
ALNS-B,Example1,1,35.0,9.333333333333334,nan
ALNS-B,Example1,1,36.0,8.666666666666666,nan
ALNS-B,Example1,1,37.0,8.666666666666666,nan
ALNS-B,Example1,1,38.0,8.666666666666666,nan
ALNS-B,Example1,1,39.0,8.666666666666666,nan
ALNS-B,Example1,1,40.0,8.0,nan
ALNS-B,Example1,1,41.0,8.0,nan
ALNS-B,Example1,1,42.0,7.666666666666667,nan
ALNS-B,Example1,1,43.0,7.666666666666667,nan
ALNS-B,Example1,1,44.0,7.666666666666667,nan
ALNS-B,Example1,1,45.0,7.666666666666667,nan
ALNS-B,Example1,1,46.0,7.666666666666667,nan
ALNS-B,Example1,1,47.0,7.666666666666667,nan
ALNS-B,Example1,1,48.0,7.666666666666667,nan
ALNS-B,Example1,1,49.0,7.666666666666667,nan
ALNS-B,Example1,1,50.0,7.666666666666667,nan
ALNS-B,Example1,1,51.0,7.666666666666667,nan
ALNS-B,Example1,1,52.0,7.666666666666667,nan
ALNS-B,Example1,1,53.0,7.666666666666667,nan
ALNS-B,Example1,1,54.0,7.0,nan
ALNS-B,Example1,1,55.0,6.333333333333333,nan
ALNS-B,Example1,1,56.0,6.333333333333333,nan
ALNS-B,Example1,1,57.0,6.333333333333333,nan
ALNS-B,Example1,1,58.0,6.333333333333333,nan
ALNS-B,Example1,1,59.0,6.333333333333333,nan
ALNS-B,Example1,1,60.0,6.0,nan
ALNS-B,Example1,1,61.0,6.0,nan
ALNS-B,Example1,1,62.0,6.0,nan
ALNS-B,Example1,1,63.0,6.0,nan
ALNS-B,Example1,1,64.0,6.0,nan
ALNS-B,Example1,1,65.0,6.0,nan
ALNS-B,Example1,1,66.0,6.0,nan
ALNS-B,Example1,1,67.0,6.0,nan
ALNS-B,Example1,1,68.0,6.0,nan
ALNS-B,Example1,1,69.0,6.0,nan
ALNS-B,Example1,1,70.0,6.0,nan
ALNS-B,Example1,1,71.0,6.0,nan
ALNS-B,Example1,1,72.0,6.0,nan
ALNS-B,Example1,1,73.0,6.0,nan
ALNS-B,Example1,1,74.0,6.0,nan
ALNS-B,Example1,1,75.0,6.0,nan
ALNS-B,Example1,1,76.0,6.0,nan
ALNS-B,Example1,1,77.0,5.666666666666667,nan
ALNS-B,Example1,1,78.0,5.666666666666667,nan
ALNS-B,Example1,1,79.0,5.666666666666667,nan
ALNS-B,Example1,1,80.0,5.666666666666667,nan
ALNS-B,Example1,1,81.0,5.666666666666667,nan
ALNS-B,Example1,1,82.0,5.666666666666667,nan
ALNS-B,Example1,1,83.0,5.666666666666667,nan
ALNS-B,Example1,1,84.0,5.666666666666667,nan
ALNS-B,Example1,1,85.0,5.666666666666667,nan
ALNS-B,Example1,1,86.0,5.666666666666667,nan
ALNS-B,Example1,1,87.0,5.666666666666667,nan
ALNS-B,Example1,1,88.0,5.666666666666667,nan
ALNS-B,Example1,1,89.0,5.666666666666667,nan
ALNS-B,Example1,1,90.0,5.666666666666667,nan
ALNS-B,Example1,1,91.0,5.666666666666667,nan
ALNS-B,Example1,1,92.0,5.666666666666667,nan
ALNS-B,Example1,1,93.0,5.666666666666667,nan
ALNS-B,Example1,1,94.0,5.666666666666667,nan
ALNS-B,Example1,1,95.0,5.666666666666667,nan
ALNS-B,Example1,1,96.0,5.666666666666667,nan
ALNS-B,Example1,1,97.0,5.666666666666667,nan
ALNS-B,Example1,1,98.0,5.666666666666667,nan
ALNS-B,Example1,1,99.0,5.666666666666667,nan
ALNS-B,Example1,1,100.0,5.666666666666667,nan
ALNS-B,Example1,1,101.0,5.666666666666667,nan
ALNS-B,Example1,1,102.0,5.666666666666667,nan
ALNS-B,Example1,1,103.0,5.666666666666667,nan
ALNS-B,Example1,1,104.0,5.666666666666667,nan
ALNS-B,Example1,1,105.0,5.666666666666667,nan
ALNS-B,Example1,1,106.0,5.666666666666667,nan
ALNS-B,Example1,1,107.0,5.666666666666667,nan
ALNS-B,Example1,1,108.0,5.666666666666667,nan
ALNS-B,Example1,1,109.0,5.333333333333333,nan
ALNS-B,Example1,1,110.0,5.333333333333333,nan
ALNS-B,Example1,1,111.0,5.333333333333333,nan
ALNS-B,Example1,1,112.0,5.333333333333333,nan
ALNS-B,Example1,1,113.0,5.333333333333333,nan
ALNS-B,Example1,1,114.0,5.333333333333333,nan
ALNS-B,Example1,1,115.0,5.333333333333333,nan
ALNS-B,Example1,1,116.0,5.333333333333333,nan
ALNS-B,Example1,1,117.0,5.333333333333333,nan
ALNS-B,Example1,1,118.0,5.333333333333333,nan
ALNS-B,Example1,1,119.0,5.333333333333333,nan
ALNS-B,Example1,1,120.0,5.333333333333333,nan
ALNS-B,Example1,1,121.0,5.333333333333333,nan
ALNS-B,Example1,1,122.0,5.333333333333333,nan
ALNS-B,Example1,1,123.0,5.333333333333333,nan
ALNS-B,Example1,1,124.0,5.333333333333333,nan
ALNS-B,Example1,1,125.0,5.333333333333333,nan
ALNS-B,Example1,1,126.0,5.333333333333333,nan
ALNS-B,Example1,1,127.0,5.333333333333333,nan
ALNS-B,Example1,1,128.0,5.333333333333333,nan
ALNS-B,Example1,1,129.0,5.333333333333333,nan
ALNS-B,Example1,1,130.0,5.333333333333333,nan
ALNS-B,Example1,1,131.0,5.333333333333333,nan
ALNS-B,Example1,1,132.0,5.333333333333333,nan
ALNS-B,Example1,1,133.0,5.333333333333333,nan
ALNS-B,Example1,1,134.0,5.333333333333333,nan
ALNS-B,Example1,1,135.0,5.333333333333333,nan
ALNS-B,Example1,1,136.0,5.333333333333333,nan
ALNS-B,Example1,1,137.0,5.333333333333333,nan
ALNS-B,Example1,1,138.0,5.333333333333333,nan
ALNS-B,Example1,1,139.0,5.333333333333333,nan
ALNS-B,Example1,1,140.0,4.666666666666667,nan
ALNS-B,Example1,1,141.0,4.666666666666667,nan
ALNS-B,Example1,1,142.0,4.666666666666667,nan
ALNS-B,Example1,1,143.0,4.666666666666667,nan
ALNS-B,Example1,1,144.0,4.666666666666667,nan
ALNS-B,Example1,1,145.0,4.666666666666667,nan
ALNS-B,Example1,1,146.0,4.666666666666667,nan
ALNS-B,Example1,1,147.0,4.333333333333333,nan
ALNS-B,Example1,1,148.0,4.333333333333333,nan
ALNS-B,Example1,1,149.0,4.333333333333333,nan
ALNS-B,Example1,1,150.0,4.333333333333333,nan
ALNS-B,Example1,1,151.0,3.6666666666666665,nan
ALNS-B,Example1,1,152.0,3.6666666666666665,nan
ALNS-B,Example1,1,153.0,3.3333333333333335,nan
ALNS-B,Example1,1,154.0,3.0,nan
ALNS-B,Example1,1,155.0,3.0,nan
ALNS-B,Example1,1,156.0,3.0,nan
ALNS-B,Example1,1,157.0,3.0,nan
ALNS-B,Example1,1,158.0,3.0,nan
ALNS-B,Example1,1,159.0,3.0,nan
ALNS-B,Example1,1,160.0,3.0,nan
ALNS-B,Example1,1,161.0,3.0,nan
ALNS-B,Example1,1,162.0,3.0,nan
ALNS-B,Example1,1,163.0,3.0,nan
ALNS-B,Example1,1,164.0,3.0,nan
ALNS-B,Example1,1,165.0,3.0,nan
ALNS-B,Example1,1,166.0,3.0,nan
ALNS-B,Example1,1,167.0,3.0,nan
ALNS-B,Example1,1,168.0,3.0,nan
ALNS-B,Example1,1,169.0,3.0,nan
ALNS-B,Example1,1,170.0,3.0,nan
ALNS-B,Example1,1,171.0,3.0,nan
ALNS-B,Example1,1,172.0,3.0,nan
ALNS-B,Example1,1,173.0,3.0,nan
ALNS-B,Example1,1,174.0,3.0,nan
ALNS-B,Example1,1,175.0,3.0,nan
ALNS-B,Example1,1,176.0,3.0,nan
ALNS-B,Example1,1,177.0,3.0,nan
ALNS-B,Example1,1,178.0,3.0,nan
ALNS-B,Example1,1,179.0,3.0,nan
ALNS-B,Example1,1,180.0,3.0,nan
ALNS-B,Example1,1,181.0,3.0,nan
ALNS-B,Example1,1,182.0,3.0,nan
ALNS-B,Example1,1,183.0,3.0,nan
ALNS-B,Example1,1,184.0,3.0,nan
ALNS-B,Example1,1,185.0,3.0,nan
ALNS-B,Example1,1,186.0,3.0,nan
ALNS-B,Example1,1,187.0,3.0,nan
ALNS-B,Example1,1,188.0,2.3333333333333335,nan
ALNS-B,Example1,1,189.0,2.3333333333333335,nan
ALNS-B,Example1,1,190.0,2.3333333333333335,nan
ALNS-B,Example1,1,191.0,2.3333333333333335,nan
ALNS-B,Example1,1,192.0,2.3333333333333335,nan
ALNS-B,Example1,1,193.0,2.3333333333333335,nan
ALNS-B,Example1,1,194.0,2.3333333333333335,nan
ALNS-B,Example1,1,195.0,2.3333333333333335,nan
ALNS-B,Example1,1,196.0,2.3333333333333335,nan
ALNS-B,Example1,1,197.0,2.3333333333333335,nan
ALNS-B,Example1,1,198.0,2.3333333333333335,nan
ALNS-B,Example1,1,199.0,2.3333333333333335,nan
ALNS-B,Example1,1,200.0,2.3333333333333335,nan
ALNS-B,Example1,1,201.0,2.3333333333333335,nan
ALNS-B,Example1,1,202.0,2.3333333333333335,nan
ALNS-B,Example1,1,203.0,2.3333333333333335,nan
ALNS-B,Example1,1,204.0,2.3333333333333335,nan
ALNS-B,Example1,1,205.0,2.3333333333333335,nan
ALNS-B,Example1,1,206.0,2.3333333333333335,nan
ALNS-B,Example1,1,207.0,2.3333333333333335,nan
ALNS-B,Example1,1,208.0,2.3333333333333335,nan
ALNS-B,Example1,1,209.0,2.3333333333333335,nan
ALNS-B,Example1,1,210.0,2.3333333333333335,nan
ALNS-B,Example1,1,211.0,2.3333333333333335,nan
ALNS-B,Example1,1,212.0,2.3333333333333335,nan
ALNS-B,Example1,1,213.0,2.3333333333333335,nan
ALNS-B,Example1,1,214.0,2.3333333333333335,nan
ALNS-B,Example1,1,215.0,2.3333333333333335,nan
ALNS-B,Example1,1,216.0,2.3333333333333335,nan
ALNS-B,Example1,1,217.0,2.3333333333333335,nan
ALNS-B,Example1,1,218.0,2.3333333333333335,nan
ALNS-B,Example1,1,219.0,2.3333333333333335,nan
ALNS-B,Example1,1,220.0,2.3333333333333335,nan
ALNS-B,Example1,1,221.0,2.3333333333333335,nan
ALNS-B,Example1,1,222.0,2.3333333333333335,nan
ALNS-B,Example1,1,223.0,2.3333333333333335,nan
ALNS-B,Example1,1,224.0,2.3333333333333335,nan
ALNS-B,Example1,1,225.0,2.3333333333333335,nan
ALNS-B,Example1,1,226.0,2.3333333333333335,nan
ALNS-B,Example1,1,227.0,2.3333333333333335,nan
ALNS-B,Example1,1,228.0,2.3333333333333335,nan
ALNS-B,Example1,1,229.0,2.3333333333333335,nan
ALNS-B,Example1,1,230.0,2.3333333333333335,nan
ALNS-B,Example1,1,231.0,2.3333333333333335,nan
ALNS-B,Example1,1,232.0,2.3333333333333335,nan
ALNS-B,Example1,1,233.0,2.3333333333333335,nan
ALNS-B,Example1,1,234.0,2.3333333333333335,nan
ALNS-B,Example1,1,235.0,2.3333333333333335,nan
ALNS-B,Example1,1,236.0,2.3333333333333335,nan
ALNS-B,Example1,1,237.0,2.3333333333333335,nan
ALNS-B,Example1,1,238.0,2.3333333333333335,nan
ALNS-B,Example1,1,239.0,2.3333333333333335,nan
ALNS-B,Example1,1,240.0,2.3333333333333335,nan
ALNS-B,Example1,1,241.0,2.3333333333333335,nan
ALNS-B,Example1,1,242.0,2.3333333333333335,nan
ALNS-B,Example1,1,243.0,2.3333333333333335,nan
ALNS-B,Example1,1,244.0,2.3333333333333335,nan
ALNS-B,Example1,1,245.0,2.3333333333333335,nan
ALNS-B,Example1,1,246.0,2.3333333333333335,nan
ALNS-B,Example1,1,247.0,2.3333333333333335,nan
ALNS-B,Example1,1,248.0,2.3333333333333335,nan
ALNS-B,Example1,1,249.0,2.3333333333333335,nan
ALNS-B,Example1,1,250.0,2.3333333333333335,nan
ALNS-B,Example1,1,251.0,2.3333333333333335,nan
ALNS-B,Example1,1,252.0,2.3333333333333335,nan
ALNS-B,Example1,1,253.0,2.3333333333333335,nan
ALNS-B,Example1,1,254.0,2.3333333333333335,nan
ALNS-B,Example1,1,255.0,2.3333333333333335,nan
ALNS-B,Example1,1,256.0,2.3333333333333335,nan
ALNS-B,Example1,1,257.0,2.3333333333333335,nan
ALNS-B,Example1,1,258.0,2.3333333333333335,nan
ALNS-B,Example1,1,259.0,2.3333333333333335,nan
ALNS-B,Example1,1,260.0,2.3333333333333335,nan
ALNS-B,Example1,1,261.0,2.3333333333333335,nan
ALNS-B,Example1,1,262.0,2.3333333333333335,nan
ALNS-B,Example1,1,263.0,2.3333333333333335,nan
ALNS-B,Example1,1,264.0,2.3333333333333335,nan
ALNS-B,Example1,1,265.0,2.3333333333333335,nan
ALNS-B,Example1,1,266.0,2.3333333333333335,nan
ALNS-B,Example1,1,267.0,2.3333333333333335,nan
ALNS-B,Example1,1,268.0,2.3333333333333335,nan
ALNS-B,Example1,1,269.0,2.3333333333333335,nan
ALNS-B,Example1,1,270.0,2.3333333333333335,nan
ALNS-B,Example1,1,271.0,2.3333333333333335,nan
ALNS-B,Example1,1,272.0,2.3333333333333335,nan
ALNS-B,Example1,1,273.0,2.3333333333333335,nan
ALNS-B,Example2,2,0.0,62.666666666666664,nan
ALNS-B,Example2,2,1.0,62.666666666666664,nan
ALNS-B,Example2,2,2.0,58.0,nan
ALNS-B,Example2,2,3.0,54.666666666666664,nan
ALNS-B,Example2,2,4.0,54.666666666666664,nan
ALNS-B,Example2,2,5.0,52.666666666666664,nan
ALNS-B,Example2,2,6.0,49.333333333333336,nan
ALNS-B,Example2,2,7.0,49.333333333333336,nan
ALNS-B,Example2,2,8.0,45.0,nan
ALNS-B,Example2,2,9.0,39.0,nan
ALNS-B,Example2,2,10.0,35.333333333333336,nan
ALNS-B,Example2,2,11.0,34.0,nan
ALNS-B,Example2,2,12.0,34.0,nan
ALNS-B,Example2,2,13.0,34.0,nan
ALNS-B,Example2,2,14.0,34.0,nan
ALNS-B,Example2,2,15.0,34.0,nan
ALNS-B,Example2,2,16.0,34.0,nan
ALNS-B,Example2,2,17.0,33.0,nan
ALNS-B,Example2,2,18.0,26.0,nan
ALNS-B,Example2,2,19.0,26.0,nan
ALNS-B,Example2,2,20.0,26.0,nan
ALNS-B,Example2,2,21.0,26.0,nan
ALNS-B,Example2,2,22.0,20.0,nan
ALNS-B,Example2,2,23.0,20.0,nan
ALNS-B,Example2,2,24.0,14.0,nan
ALNS-B,Example2,2,25.0,14.0,nan
ALNS-B,Example2,2,26.0,14.0,nan
ALNS-B,Example2,2,27.0,9.333333333333334,nan
ALNS-B,Example2,2,28.0,9.333333333333334,nan
ALNS-B,Example2,2,29.0,6.333333333333333,nan
ALNS-B,Example2,2,30.0,5.333333333333333,nan
ALNS-B,Example2,2,31.0,5.333333333333333,nan
ALNS-B,Example2,2,32.0,4.333333333333333,nan
ALNS-B,Example2,2,33.0,4.333333333333333,nan
ALNS-B,Example2,2,34.0,2.0,nan
ALNS-B,Example2,2,35.0,2.0,nan
ALNS-B,Example2,2,36.0,2.0,nan
ALNS-B,Example2,2,37.0,2.0,nan
ALNS-B,Example2,2,38.0,2.0,nan
ALNS-B,Example2,2,39.0,2.0,nan
ALNS-B,Example2,2,40.0,2.0,nan
ALNS-B,Example2,2,41.0,2.0,nan
ALNS-B,Example2,2,42.0,2.0,nan
ALNS-B,Example2,2,43.0,2.0,nan
ALNS-B,Example2,2,44.0,2.0,nan
ALNS-B,Example2,2,45.0,2.0,nan
ALNS-B,Example2,2,46.0,2.0,nan
ALNS-B,Example2,2,47.0,1.6666666666666667,nan
ALNS-B,Example2,2,48.0,1.6666666666666667,nan
ALNS-B,Example2,2,49.0,1.6666666666666667,nan
ALNS-B,Example2,2,50.0,1.6666666666666667,nan
ALNS-B,Example2,2,51.0,1.6666666666666667,nan
ALNS-B,Example2,2,52.0,1.6666666666666667,nan
ALNS-B,Example2,2,53.0,1.6666666666666667,nan
ALNS-B,Example2,2,54.0,1.6666666666666667,nan
ALNS-B,Example2,2,55.0,1.6666666666666667,nan
ALNS-B,Example2,2,56.0,1.6666666666666667,nan
ALNS-B,Example2,2,57.0,1.6666666666666667,nan
ALNS-B,Example2,2,58.0,1.6666666666666667,nan
ALNS-B,Example2,2,59.0,1.6666666666666667,nan
ALNS-B,Example2,2,60.0,1.6666666666666667,nan
ALNS-B,Example2,2,61.0,1.6666666666666667,nan
ALNS-B,Example2,2,62.0,1.6666666666666667,nan
ALNS-B,Example2,2,63.0,1.6666666666666667,nan
ALNS-B,Example2,2,64.0,1.3333333333333333,nan
ALNS-B,Example2,2,65.0,1.3333333333333333,nan
ALNS-B,Example2,2,66.0,1.3333333333333333,nan
ALNS-B,Example2,2,67.0,1.3333333333333333,nan
ALNS-B,Example2,2,68.0,1.3333333333333333,nan
ALNS-B,Example2,2,69.0,1.3333333333333333,nan
ALNS-B,Example2,2,70.0,1.3333333333333333,nan
ALNS-B,Example2,2,71.0,1.3333333333333333,nan
ALNS-B,Example2,2,72.0,1.3333333333333333,nan
ALNS-B,Example2,2,73.0,1.3333333333333333,nan
ALNS-B,Example2,2,74.0,1.3333333333333333,nan
ALNS-B,Example2,2,75.0,1.3333333333333333,nan
ALNS-B,Example2,2,76.0,1.3333333333333333,nan
ALNS-B,Example2,2,77.0,1.3333333333333333,nan
ALNS-B,Example2,2,78.0,1.3333333333333333,nan
ALNS-B,Example2,2,79.0,1.3333333333333333,nan
ALNS-B,Example2,2,80.0,1.3333333333333333,nan
ALNS-B,Example2,2,81.0,1.3333333333333333,nan
ALNS-B,Example2,2,82.0,1.3333333333333333,nan
ALNS-B,Example2,2,83.0,1.3333333333333333,nan
ALNS-B,Example2,2,84.0,1.3333333333333333,nan
ALNS-B,Example2,2,85.0,1.3333333333333333,nan
ALNS-B,Example2,2,86.0,1.3333333333333333,nan
ALNS-B,Example2,2,87.0,1.3333333333333333,nan
ALNS-B,Example2,2,88.0,1.3333333333333333,nan
ALNS-B,Example2,2,89.0,1.3333333333333333,nan
ALNS-B,Example2,2,90.0,1.3333333333333333,nan
ALNS-B,Example2,2,91.0,1.3333333333333333,nan
ALNS-B,Example2,2,92.0,1.3333333333333333,nan
ALNS-B,Example2,2,93.0,1.3333333333333333,nan
ALNS-B,Example2,2,94.0,1.3333333333333333,nan
ALNS-B,Example2,2,95.0,1.3333333333333333,nan
ALNS-B,Example2,2,96.0,1.3333333333333333,nan
ALNS-B,Example2,2,97.0,1.3333333333333333,nan
ALNS-B,Example2,2,98.0,1.3333333333333333,nan
ALNS-B,Example2,2,99.0,0.6666666666666666,nan
ALNS-B,Example2,2,100.0,0.6666666666666666,nan
ALNS-B,Example2,2,101.0,0.6666666666666666,nan
ALNS-B,Example2,2,102.0,0.6666666666666666,nan
ALNS-B,Example2,2,103.0,0.6666666666666666,nan
ALNS-B,Example2,2,104.0,0.6666666666666666,nan
ALNS-B,Example2,2,105.0,0.6666666666666666,nan
ALNS-B,Example2,2,106.0,0.6666666666666666,nan
ALNS-B,Example2,2,107.0,0.6666666666666666,nan
ALNS-B,Example2,2,108.0,0.6666666666666666,nan
ALNS-B,Example2,2,109.0,0.6666666666666666,nan
ALNS-B,Example2,2,110.0,0.6666666666666666,nan
ALNS-B,Example2,2,111.0,0.6666666666666666,nan
ALNS-B,Example2,2,112.0,0.3333333333333333,nan
ALNS-B,Example2,2,113.0,0.3333333333333333,nan
ALNS-B,Example2,2,114.0,0.3333333333333333,nan
ALNS-B,Example2,2,115.0,0.3333333333333333,nan
ALNS-B,Example2,2,116.0,0.3333333333333333,nan
ALNS-B,Example2,2,117.0,0.3333333333333333,nan
ALNS-B,Example2,2,118.0,0.3333333333333333,nan
ALNS-B,Example2,2,119.0,0.3333333333333333,nan
ALNS-B,Example2,2,120.0,0.3333333333333333,nan
ALNS-B,Example2,2,121.0,0.3333333333333333,nan
ALNS-B,Example2,2,122.0,0.3333333333333333,nan
ALNS-B,Example2,2,123.0,0.3333333333333333,nan
ALNS-B,Example2,2,124.0,0.3333333333333333,nan
ALNS-B,Example2,2,125.0,0.3333333333333333,nan
ALNS-B,Example2,2,126.0,0.3333333333333333,nan
ALNS-B,Example2,2,127.0,0.3333333333333333,nan
ALNS-B,Example2,2,128.0,0.3333333333333333,nan
ALNS-B,Example2,2,129.0,0.3333333333333333,nan
ALNS-B,Example2,2,130.0,0.3333333333333333,nan
ALNS-B,Example2,2,131.0,0.3333333333333333,nan
ALNS-B,Example2,2,132.0,0.3333333333333333,nan
ALNS-B,Example2,2,133.0,0.3333333333333333,nan
ALNS-B,Example2,2,134.0,0.3333333333333333,nan
ALNS-B,Example2,2,135.0,0.3333333333333333,nan
ALNS-B,Example2,2,136.0,0.3333333333333333,nan
ALNS-B,Example2,2,137.0,0.3333333333333333,nan
ALNS-B,Example2,2,138.0,0.3333333333333333,nan
ALNS-B,Example2,2,139.0,0.3333333333333333,nan
ALNS-B,Example2,2,140.0,0.3333333333333333,nan
ALNS-B,Example2,2,141.0,0.3333333333333333,nan
ALNS-B,Example2,2,142.0,0.3333333333333333,nan
ALNS-B,Example2,2,143.0,0.3333333333333333,nan
ALNS-B,Example2,2,144.0,0.3333333333333333,nan
ALNS-B,Example2,2,145.0,0.3333333333333333,nan
ALNS-B,Example2,2,146.0,0.3333333333333333,nan
ALNS-B,Example2,2,147.0,0.3333333333333333,nan
ALNS-B,Example2,2,148.0,0.3333333333333333,nan
ALNS-B,Example2,2,149.0,0.3333333333333333,nan
ALNS-B,Example2,2,150.0,0.3333333333333333,nan
ALNS-B,Example2,2,151.0,0.3333333333333333,nan
ALNS-B,Example2,2,152.0,0.3333333333333333,nan
ALNS-B,Example2,2,153.0,0.3333333333333333,nan
ALNS-B,Example2,2,154.0,0.3333333333333333,nan
ALNS-B,Example2,2,155.0,0.3333333333333333,nan
ALNS-B,Example2,2,156.0,0.3333333333333333,nan
ALNS-B,Example2,2,157.0,0.3333333333333333,nan
ALNS-B,Example2,2,158.0,0.3333333333333333,nan
ALNS-B,Example2,2,159.0,0.3333333333333333,nan
ALNS-B,Example2,2,160.0,0.3333333333333333,nan
ALNS-B,Example2,2,161.0,0.3333333333333333,nan
ALNS-B,Example2,2,162.0,0.3333333333333333,nan
ALNS-B,Example2,2,163.0,0.3333333333333333,nan
ALNS-B,Example2,2,164.0,0.3333333333333333,nan
ALNS-B,Example2,2,165.0,0.3333333333333333,nan
ALNS-B,Example2,2,166.0,0.3333333333333333,nan
ALNS-B,Example2,2,167.0,0.3333333333333333,nan
ALNS-B,Example2,2,168.0,0.3333333333333333,nan
ALNS-B,Example2,2,169.0,0.3333333333333333,nan
ALNS-B,Example2,2,170.0,0.3333333333333333,nan
ALNS-B,Example2,2,171.0,0.3333333333333333,nan
ALNS-B,Example2,2,172.0,0.3333333333333333,nan
ALNS-B,Example2,2,173.0,0.3333333333333333,nan
ALNS-B,Example2,2,174.0,0.3333333333333333,nan
ALNS-B,Example2,2,175.0,0.3333333333333333,nan
ALNS-B,Example2,2,176.0,0.3333333333333333,nan
ALNS-B,Example2,2,177.0,0.3333333333333333,nan
ALNS-B,Example2,2,178.0,0.3333333333333333,nan
ALNS-B,Example2,2,179.0,0.3333333333333333,nan
ALNS-B,Example2,2,180.0,0.3333333333333333,nan
ALNS-B,Example2,2,181.0,0.3333333333333333,nan
ALNS-B,Example2,2,182.0,0.3333333333333333,nan
ALNS-B,Example2,2,183.0,0.3333333333333333,nan
ALNS-B,Example2,2,184.0,0.3333333333333333,nan
ALNS-B,Example2,2,185.0,0.3333333333333333,nan
ALNS-B,Example2,2,186.0,0.3333333333333333,nan
ALNS-B,Example2,2,187.0,0.3333333333333333,nan
ALNS-B,Example2,2,188.0,0.3333333333333333,nan
ALNS-B,Example2,2,189.0,0.3333333333333333,nan
ALNS-B,Example2,2,190.0,0.3333333333333333,nan
ALNS-B,Example2,2,191.0,0.3333333333333333,nan
ALNS-B,Example2,2,192.0,0.3333333333333333,nan
ALNS-B,Example2,2,193.0,0.3333333333333333,nan
ALNS-B,Example2,2,194.0,0.3333333333333333,nan
ALNS-B,Example2,2,195.0,0.3333333333333333,nan
ALNS-B,Example2,2,196.0,0.3333333333333333,nan
ALNS-B,Example2,2,197.0,0.3333333333333333,nan
ALNS-B,Example2,2,198.0,0.3333333333333333,nan
ALNS-B,Example2,2,199.0,0.3333333333333333,nan
ALNS-B,Example2,2,200.0,0.3333333333333333,nan
ALNS-B,Example2,2,201.0,0.3333333333333333,nan
ALNS-B,Example2,2,202.0,0.3333333333333333,nan
ALNS-B,Example2,2,203.0,0.3333333333333333,nan
ALNS-B,Example2,2,204.0,0.3333333333333333,nan
ALNS-B,Example2,2,205.0,0.3333333333333333,nan
ALNS-B,Example2,2,206.0,0.3333333333333333,nan
ALNS-B,Example2,2,207.0,0.3333333333333333,nan
ALNS-B,Example2,2,208.0,0.3333333333333333,nan
ALNS-B,Example2,2,209.0,0.3333333333333333,nan
ALNS-B,Example2,2,210.0,0.3333333333333333,nan
ALNS-B,Example2,2,211.0,0.3333333333333333,nan
ALNS-B,Example2,2,212.0,0.3333333333333333,nan
ALNS-B,Example2,2,213.0,0.3333333333333333,nan
ALNS-B,Example2,2,214.0,0.3333333333333333,nan
ALNS-B,Example2,2,215.0,0.3333333333333333,nan
ALNS-B,Example2,2,216.0,0.3333333333333333,nan
ALNS-B,Example2,2,217.0,0.3333333333333333,nan
ALNS-B,Example2,2,218.0,0.3333333333333333,nan
ALNS-B,Example2,2,219.0,0.3333333333333333,nan
ALNS-B,Example2,2,220.0,0.3333333333333333,nan
ALNS-B,Example2,2,221.0,0.3333333333333333,nan
ALNS-B,Example2,2,222.0,0.3333333333333333,nan
ALNS-B,Example2,2,223.0,0.3333333333333333,nan
ALNS-B,Example2,2,224.0,0.3333333333333333,nan
ALNS-B,Example2,2,225.0,0.3333333333333333,nan
ALNS-B,Example2,2,226.0,0.3333333333333333,nan
ALNS-B,Example2,2,227.0,0.3333333333333333,nan
ALNS-B,Example2,2,228.0,0.3333333333333333,nan
ALNS-B,Example2,2,229.0,0.3333333333333333,nan
ALNS-B,Example2,2,230.0,0.3333333333333333,nan
ALNS-B,Example2,2,231.0,0.3333333333333333,nan
ALNS-B,Example2,2,232.0,0.3333333333333333,nan
ALNS-B,Example2,2,233.0,0.3333333333333333,nan
ALNS-B,Example2,2,234.0,0.3333333333333333,nan
ALNS-B,Example2,2,235.0,0.3333333333333333,nan
ALNS-B,Example2,2,236.0,0.3333333333333333,nan
ALNS-B,Example2,2,237.0,0.3333333333333333,nan
ALNS-B,Example2,2,238.0,0.3333333333333333,nan
ALNS-B,Example2,2,239.0,0.3333333333333333,nan
ALNS-B,Example2,2,240.0,0.3333333333333333,nan
ALNS-B,Example2,2,241.0,0.3333333333333333,nan
ALNS-B,Example2,2,242.0,0.3333333333333333,nan
ALNS-B,Example2,2,243.0,0.3333333333333333,nan
ALNS-B,Example2,2,244.0,0.3333333333333333,nan
ALNS-B,Example2,2,245.0,0.3333333333333333,nan
ALNS-B,Example2,2,246.0,0.3333333333333333,nan
ALNS-B,Example2,2,247.0,0.3333333333333333,nan
ALNS-B,Example2,2,248.0,0.3333333333333333,nan
ALNS-B,Example2,2,249.0,0.3333333333333333,nan
ALNS-B,Example2,2,250.0,0.3333333333333333,nan
ALNS-B,Example2,2,251.0,0.3333333333333333,nan
ALNS-B,Example2,2,252.0,0.3333333333333333,nan
ALNS-B,Example2,2,253.0,0.3333333333333333,nan
ALNS-B,Example2,2,254.0,0.3333333333333333,nan
ALNS-B,Example2,2,255.0,0.3333333333333333,nan
ALNS-B,Example2,2,256.0,0.3333333333333333,nan
ALNS-B,Example2,2,257.0,0.3333333333333333,nan
ALNS-B,Example2,2,258.0,0.3333333333333333,nan
ALNS-B,Example2,2,259.0,0.3333333333333333,nan
ALNS-B,Example2,2,260.0,0.3333333333333333,nan
ALNS-B,Example2,2,261.0,0.3333333333333333,nan
ALNS-B,Example2,2,262.0,0.3333333333333333,nan
ALNS-B,Example2,2,263.0,0.3333333333333333,nan
ALNS-B,Example2,2,264.0,0.3333333333333333,nan
ALNS-B,Example2,2,265.0,0.3333333333333333,nan
ALNS-B,Example2,2,266.0,0.3333333333333333,nan
ALNS-B,Example2,2,267.0,0.3333333333333333,nan
ALNS-B,Example2,2,268.0,0.3333333333333333,nan
ALNS-B,Example2,2,269.0,0.3333333333333333,nan
ALNS-B,Example2,2,270.0,0.3333333333333333,nan
ALNS-B,Example2,2,271.0,0.3333333333333333,nan
ALNS-B,Example2,2,272.0,0.3333333333333333,nan
ALNS-B,Example2,2,273.0,0.3333333333333333,nan
ALNS-B,Example3,3,0.0,162.33333333333334,nan
ALNS-B,Example3,3,1.0,162.33333333333334,nan
ALNS-B,Example3,3,2.0,162.0,nan
ALNS-B,Example3,3,3.0,162.0,nan
ALNS-B,Example3,3,4.0,162.0,nan
ALNS-B,Example3,3,5.0,93.0,nan
ALNS-B,Example3,3,6.0,51.666666666666664,nan
ALNS-B,Example3,3,7.0,51.666666666666664,nan
ALNS-B,Example3,3,8.0,51.666666666666664,nan
ALNS-B,Example3,3,9.0,39.0,nan
ALNS-B,Example3,3,10.0,34.333333333333336,nan
ALNS-B,Example3,3,11.0,34.333333333333336,nan
ALNS-B,Example3,3,12.0,34.333333333333336,nan
ALNS-B,Example3,3,13.0,34.333333333333336,nan
ALNS-B,Example3,3,14.0,29.666666666666668,nan
ALNS-B,Example3,3,15.0,29.666666666666668,nan
ALNS-B,Example3,3,16.0,29.666666666666668,nan
ALNS-B,Example3,3,17.0,29.666666666666668,nan
ALNS-B,Example3,3,18.0,29.666666666666668,nan
ALNS-B,Example3,3,19.0,29.666666666666668,nan
ALNS-B,Example3,3,20.0,29.666666666666668,nan
ALNS-B,Example3,3,21.0,29.666666666666668,nan
ALNS-B,Example3,3,22.0,29.666666666666668,nan
ALNS-B,Example3,3,23.0,29.666666666666668,nan
ALNS-B,Example3,3,24.0,29.666666666666668,nan
ALNS-B,Example3,3,25.0,29.666666666666668,nan
ALNS-B,Example3,3,26.0,29.666666666666668,nan
ALNS-B,Example3,3,27.0,29.666666666666668,nan
ALNS-B,Example3,3,28.0,29.666666666666668,nan
ALNS-B,Example3,3,29.0,29.666666666666668,nan
ALNS-B,Example3,3,30.0,29.666666666666668,nan
ALNS-B,Example3,3,31.0,29.666666666666668,nan
ALNS-B,Example3,3,32.0,29.666666666666668,nan
ALNS-B,Example3,3,33.0,29.666666666666668,nan
ALNS-B,Example3,3,34.0,29.666666666666668,nan
ALNS-B,Example3,3,35.0,29.666666666666668,nan
ALNS-B,Example3,3,36.0,29.666666666666668,nan
ALNS-B,Example3,3,37.0,29.666666666666668,nan
ALNS-B,Example3,3,38.0,28.333333333333332,nan
ALNS-B,Example3,3,39.0,28.333333333333332,nan
ALNS-B,Example3,3,40.0,28.333333333333332,nan
ALNS-B,Example3,3,41.0,28.333333333333332,nan
ALNS-B,Example3,3,42.0,28.333333333333332,nan
ALNS-B,Example3,3,43.0,28.333333333333332,nan
ALNS-B,Example3,3,44.0,28.333333333333332,nan
ALNS-B,Example3,3,45.0,28.333333333333332,nan
ALNS-B,Example3,3,46.0,28.333333333333332,nan
ALNS-B,Example3,3,47.0,28.333333333333332,nan
ALNS-B,Example3,3,48.0,28.333333333333332,nan
ALNS-B,Example3,3,49.0,28.333333333333332,nan
ALNS-B,Example3,3,50.0,28.333333333333332,nan
ALNS-B,Example3,3,51.0,27.333333333333332,nan
ALNS-B,Example3,3,52.0,27.333333333333332,nan
ALNS-B,Example3,3,53.0,27.333333333333332,nan
ALNS-B,Example3,3,54.0,27.333333333333332,nan
ALNS-B,Example3,3,55.0,27.333333333333332,nan
ALNS-B,Example3,3,56.0,27.333333333333332,nan
ALNS-B,Example3,3,57.0,27.333333333333332,nan
ALNS-B,Example3,3,58.0,27.0,nan
ALNS-B,Example3,3,59.0,27.0,nan
ALNS-B,Example3,3,60.0,27.0,nan
ALNS-B,Example3,3,61.0,27.0,nan
ALNS-B,Example3,3,62.0,27.0,nan
ALNS-B,Example3,3,63.0,27.0,nan
ALNS-B,Example3,3,64.0,27.0,nan
ALNS-B,Example3,3,65.0,27.0,nan
ALNS-B,Example3,3,66.0,27.0,nan
ALNS-B,Example3,3,67.0,27.0,nan
ALNS-B,Example3,3,68.0,27.0,nan
ALNS-B,Example3,3,69.0,27.0,nan
ALNS-B,Example3,3,70.0,27.0,nan
ALNS-B,Example3,3,71.0,27.0,nan
ALNS-B,Example3,3,72.0,27.0,nan
ALNS-B,Example3,3,73.0,27.0,nan
ALNS-B,Example3,3,74.0,27.0,nan
ALNS-B,Example3,3,75.0,27.0,nan
ALNS-B,Example3,3,76.0,27.0,nan
ALNS-B,Example3,3,77.0,26.333333333333332,nan
ALNS-B,Example3,3,78.0,26.333333333333332,nan
ALNS-B,Example3,3,79.0,26.333333333333332,nan
ALNS-B,Example3,3,80.0,26.333333333333332,nan
ALNS-B,Example3,3,81.0,26.333333333333332,nan
ALNS-B,Example3,3,82.0,26.333333333333332,nan
ALNS-B,Example3,3,83.0,26.333333333333332,nan
ALNS-B,Example3,3,84.0,26.333333333333332,nan
ALNS-B,Example3,3,85.0,26.333333333333332,nan
ALNS-B,Example3,3,86.0,26.333333333333332,nan
ALNS-B,Example3,3,87.0,26.333333333333332,nan
ALNS-B,Example3,3,88.0,26.333333333333332,nan
ALNS-B,Example3,3,89.0,26.333333333333332,nan
ALNS-B,Example3,3,90.0,26.333333333333332,nan
ALNS-B,Example3,3,91.0,26.333333333333332,nan
ALNS-B,Example3,3,92.0,26.333333333333332,nan
ALNS-B,Example3,3,93.0,26.333333333333332,nan
ALNS-B,Example3,3,94.0,26.333333333333332,nan
ALNS-B,Example3,3,95.0,26.333333333333332,nan
ALNS-B,Example3,3,96.0,26.333333333333332,nan
ALNS-B,Example3,3,97.0,26.333333333333332,nan
ALNS-B,Example3,3,98.0,26.333333333333332,nan
ALNS-B,Example3,3,99.0,26.333333333333332,nan
ALNS-B,Example3,3,100.0,26.333333333333332,nan
ALNS-B,Example3,3,101.0,26.333333333333332,nan
ALNS-B,Example3,3,102.0,26.333333333333332,nan
ALNS-B,Example3,3,103.0,26.333333333333332,nan
ALNS-B,Example3,3,104.0,26.333333333333332,nan
ALNS-B,Example3,3,105.0,26.333333333333332,nan
ALNS-B,Example3,3,106.0,26.333333333333332,nan
ALNS-B,Example3,3,107.0,26.333333333333332,nan
ALNS-B,Example3,3,108.0,26.333333333333332,nan
ALNS-B,Example3,3,109.0,26.333333333333332,nan
ALNS-B,Example3,3,110.0,26.333333333333332,nan
ALNS-B,Example3,3,111.0,26.333333333333332,nan
ALNS-B,Example3,3,112.0,26.333333333333332,nan
ALNS-B,Example3,3,113.0,26.333333333333332,nan
ALNS-B,Example3,3,114.0,26.333333333333332,nan
ALNS-B,Example3,3,115.0,26.333333333333332,nan
ALNS-B,Example3,3,116.0,26.333333333333332,nan
ALNS-B,Example3,3,117.0,26.333333333333332,nan
ALNS-B,Example3,3,118.0,26.333333333333332,nan
ALNS-B,Example3,3,119.0,26.333333333333332,nan
ALNS-B,Example3,3,120.0,26.333333333333332,nan
ALNS-B,Example3,3,121.0,26.333333333333332,nan
ALNS-B,Example3,3,122.0,26.333333333333332,nan
ALNS-B,Example3,3,123.0,26.333333333333332,nan
ALNS-B,Example3,3,124.0,26.333333333333332,nan
ALNS-B,Example3,3,125.0,26.333333333333332,nan
ALNS-B,Example3,3,126.0,26.333333333333332,nan
ALNS-B,Example3,3,127.0,26.333333333333332,nan
ALNS-B,Example3,3,128.0,26.333333333333332,nan
ALNS-B,Example3,3,129.0,26.333333333333332,nan
ALNS-B,Example3,3,130.0,26.333333333333332,nan
ALNS-B,Example3,3,131.0,26.333333333333332,nan
ALNS-B,Example3,3,132.0,26.333333333333332,nan
ALNS-B,Example3,3,133.0,26.333333333333332,nan
ALNS-B,Example3,3,134.0,26.333333333333332,nan
ALNS-B,Example3,3,135.0,26.333333333333332,nan
ALNS-B,Example3,3,136.0,26.333333333333332,nan
ALNS-B,Example3,3,137.0,26.333333333333332,nan
ALNS-B,Example3,3,138.0,26.333333333333332,nan
ALNS-B,Example3,3,139.0,26.333333333333332,nan
ALNS-B,Example3,3,140.0,26.333333333333332,nan
ALNS-B,Example3,3,141.0,26.333333333333332,nan
ALNS-B,Example3,3,142.0,26.333333333333332,nan
ALNS-B,Example3,3,143.0,26.333333333333332,nan
ALNS-B,Example3,3,144.0,26.333333333333332,nan
ALNS-B,Example3,3,145.0,26.333333333333332,nan
ALNS-B,Example3,3,146.0,26.333333333333332,nan
ALNS-B,Example3,3,147.0,26.333333333333332,nan
ALNS-B,Example3,3,148.0,26.333333333333332,nan
ALNS-B,Example3,3,149.0,26.333333333333332,nan
ALNS-B,Example3,3,150.0,26.333333333333332,nan
ALNS-B,Example3,3,151.0,26.333333333333332,nan
ALNS-B,Example3,3,152.0,26.333333333333332,nan
ALNS-B,Example3,3,153.0,26.333333333333332,nan
ALNS-B,Example3,3,154.0,26.333333333333332,nan
ALNS-B,Example3,3,155.0,26.333333333333332,nan
ALNS-B,Example3,3,156.0,26.333333333333332,nan
ALNS-B,Example3,3,157.0,26.333333333333332,nan
ALNS-B,Example3,3,158.0,26.333333333333332,nan
ALNS-B,Example3,3,159.0,26.333333333333332,nan
ALNS-B,Example3,3,160.0,26.333333333333332,nan
ALNS-B,Example3,3,161.0,26.333333333333332,nan
ALNS-B,Example3,3,162.0,26.333333333333332,nan
ALNS-B,Example3,3,163.0,26.333333333333332,nan
ALNS-B,Example3,3,164.0,26.333333333333332,nan
ALNS-B,Example3,3,165.0,26.333333333333332,nan
ALNS-B,Example3,3,166.0,26.333333333333332,nan
ALNS-B,Example3,3,167.0,26.333333333333332,nan
ALNS-B,Example3,3,168.0,26.333333333333332,nan
ALNS-B,Example3,3,169.0,26.333333333333332,nan
ALNS-B,Example3,3,170.0,26.333333333333332,nan
ALNS-B,Example3,3,171.0,26.333333333333332,nan
ALNS-B,Example3,3,172.0,26.333333333333332,nan
ALNS-B,Example3,3,173.0,26.333333333333332,nan
ALNS-B,Example3,3,174.0,26.333333333333332,nan
ALNS-B,Example3,3,175.0,26.333333333333332,nan
ALNS-B,Example3,3,176.0,26.333333333333332,nan
ALNS-B,Example3,3,177.0,26.333333333333332,nan
ALNS-B,Example3,3,178.0,26.333333333333332,nan
ALNS-B,Example3,3,179.0,26.333333333333332,nan
ALNS-B,Example3,3,180.0,26.333333333333332,nan
ALNS-B,Example3,3,181.0,26.333333333333332,nan
ALNS-B,Example3,3,182.0,26.333333333333332,nan
ALNS-B,Example3,3,183.0,26.333333333333332,nan
ALNS-B,Example3,3,184.0,26.333333333333332,nan
ALNS-B,Example3,3,185.0,26.333333333333332,nan
ALNS-B,Example3,3,186.0,26.333333333333332,nan
ALNS-B,Example3,3,187.0,26.333333333333332,nan
ALNS-B,Example3,3,188.0,26.333333333333332,nan
ALNS-B,Example3,3,189.0,26.333333333333332,nan
ALNS-B,Example3,3,190.0,26.333333333333332,nan
ALNS-B,Example3,3,191.0,26.333333333333332,nan
ALNS-B,Example3,3,192.0,26.333333333333332,nan
ALNS-B,Example3,3,193.0,26.333333333333332,nan
ALNS-B,Example3,3,194.0,26.0,nan
ALNS-B,Example3,3,195.0,26.0,nan
ALNS-B,Example3,3,196.0,26.0,nan
ALNS-B,Example3,3,197.0,26.0,nan
ALNS-B,Example3,3,198.0,26.0,nan
ALNS-B,Example3,3,199.0,26.0,nan
ALNS-B,Example3,3,200.0,26.0,nan
ALNS-B,Example3,3,201.0,26.0,nan
ALNS-B,Example3,3,202.0,26.0,nan
ALNS-B,Example3,3,203.0,26.0,nan
ALNS-B,Example3,3,204.0,26.0,nan
ALNS-B,Example3,3,205.0,26.0,nan
ALNS-B,Example3,3,206.0,26.0,nan
ALNS-B,Example3,3,207.0,26.0,nan
ALNS-B,Example3,3,208.0,26.0,nan
ALNS-B,Example3,3,209.0,26.0,nan
ALNS-B,Example3,3,210.0,26.0,nan
ALNS-B,Example3,3,211.0,26.0,nan
ALNS-B,Example3,3,212.0,26.0,nan
ALNS-B,Example3,3,213.0,26.0,nan
ALNS-B,Example3,3,214.0,26.0,nan
ALNS-B,Example3,3,215.0,26.0,nan
ALNS-B,Example3,3,216.0,26.0,nan
ALNS-B,Example3,3,217.0,26.0,nan
ALNS-B,Example3,3,218.0,26.0,nan
ALNS-B,Example3,3,219.0,26.0,nan
ALNS-B,Example3,3,220.0,26.0,nan
ALNS-B,Example3,3,221.0,26.0,nan
ALNS-B,Example3,3,222.0,26.0,nan
ALNS-B,Example3,3,223.0,26.0,nan
ALNS-B,Example3,3,224.0,26.0,nan
ALNS-B,Example3,3,225.0,26.0,nan
ALNS-B,Example3,3,226.0,26.0,nan
ALNS-B,Example3,3,227.0,26.0,nan
ALNS-B,Example3,3,228.0,26.0,nan
ALNS-B,Example3,3,229.0,26.0,nan
ALNS-B,Example3,3,230.0,26.0,nan
ALNS-B,Example3,3,231.0,26.0,nan
ALNS-B,Example3,3,232.0,26.0,nan
ALNS-B,Example3,3,233.0,26.0,nan
ALNS-B,Example3,3,234.0,26.0,nan
ALNS-B,Example3,3,235.0,26.0,nan
ALNS-B,Example3,3,236.0,26.0,nan
ALNS-B,Example3,3,237.0,26.0,nan
ALNS-B,Example3,3,238.0,26.0,nan
ALNS-B,Example3,3,239.0,26.0,nan
ALNS-B,Example3,3,240.0,26.0,nan
ALNS-B,Example3,3,241.0,26.0,nan
ALNS-B,Example3,3,242.0,26.0,nan
ALNS-B,Example3,3,243.0,26.0,nan
ALNS-B,Example3,3,244.0,26.0,nan
ALNS-B,Example3,3,245.0,26.0,nan
ALNS-B,Example3,3,246.0,26.0,nan
ALNS-B,Example3,3,247.0,26.0,nan
ALNS-B,Example3,3,248.0,26.0,nan
ALNS-B,Example3,3,249.0,26.0,nan
ALNS-B,Example3,3,250.0,26.0,nan
ALNS-B,Example3,3,251.0,26.0,nan
ALNS-B,Example3,3,252.0,26.0,nan
ALNS-B,Example3,3,253.0,26.0,nan
ALNS-B,Example3,3,254.0,26.0,nan
ALNS-B,Example3,3,255.0,26.0,nan
ALNS-B,Example3,3,256.0,26.0,nan
ALNS-B,Example3,3,257.0,26.0,nan
ALNS-B,Example3,3,258.0,26.0,nan
ALNS-B,Example3,3,259.0,26.0,nan
ALNS-B,Example3,3,260.0,26.0,nan
ALNS-B,Example3,3,261.0,26.0,nan
ALNS-B,Example3,3,262.0,26.0,nan
ALNS-B,Example3,3,263.0,26.0,nan
ALNS-B,Example3,3,264.0,26.0,nan
ALNS-B,Example3,3,265.0,26.0,nan
ALNS-B,Example3,3,266.0,26.0,nan
ALNS-B,Example3,3,267.0,26.0,nan
ALNS-B,Example3,3,268.0,26.0,nan
ALNS-B,Example3,3,269.0,26.0,nan
ALNS-B,Example3,3,270.0,26.0,nan
ALNS-B,Example3,3,271.0,26.0,nan
ALNS-B,Example3,3,272.0,26.0,nan
ALNS-B,Example3,3,273.0,26.0,nan
ALNS-B,Example4,4,0.0,20.666666666666668,nan
ALNS-B,Example4,4,1.0,20.666666666666668,nan
ALNS-B,Example4,4,2.0,20.666666666666668,nan
ALNS-B,Example4,4,3.0,20.666666666666668,nan
ALNS-B,Example4,4,4.0,16.333333333333332,nan
ALNS-B,Example4,4,5.0,16.333333333333332,nan
ALNS-B,Example4,4,6.0,16.333333333333332,nan
ALNS-B,Example4,4,7.0,16.333333333333332,nan
ALNS-B,Example4,4,8.0,16.333333333333332,nan
ALNS-B,Example4,4,9.0,12.666666666666666,nan
ALNS-B,Example4,4,10.0,12.666666666666666,nan
ALNS-B,Example4,4,11.0,12.666666666666666,nan
ALNS-B,Example4,4,12.0,12.666666666666666,nan
ALNS-B,Example4,4,13.0,12.333333333333334,nan
ALNS-B,Example4,4,14.0,12.333333333333334,nan
ALNS-B,Example4,4,15.0,12.333333333333334,nan
ALNS-B,Example4,4,16.0,12.333333333333334,nan
ALNS-B,Example4,4,17.0,9.666666666666666,nan
ALNS-B,Example4,4,18.0,9.666666666666666,nan
ALNS-B,Example4,4,19.0,7.666666666666667,nan
ALNS-B,Example4,4,20.0,7.666666666666667,nan
ALNS-B,Example4,4,21.0,7.666666666666667,nan
ALNS-B,Example4,4,22.0,7.666666666666667,nan
ALNS-B,Example4,4,23.0,7.666666666666667,nan
ALNS-B,Example4,4,24.0,7.666666666666667,nan
ALNS-B,Example4,4,25.0,7.666666666666667,nan
ALNS-B,Example4,4,26.0,7.333333333333333,nan
ALNS-B,Example4,4,27.0,7.333333333333333,nan
ALNS-B,Example4,4,28.0,7.0,nan
ALNS-B,Example4,4,29.0,6.0,nan
ALNS-B,Example4,4,30.0,6.0,nan
ALNS-B,Example4,4,31.0,6.0,nan
ALNS-B,Example4,4,32.0,6.0,nan
ALNS-B,Example4,4,33.0,6.0,nan
ALNS-B,Example4,4,34.0,6.0,nan
ALNS-B,Example4,4,35.0,6.0,nan
ALNS-B,Example4,4,36.0,6.0,nan
ALNS-B,Example4,4,37.0,6.0,nan
ALNS-B,Example4,4,38.0,6.0,nan
ALNS-B,Example4,4,39.0,6.0,nan
ALNS-B,Example4,4,40.0,6.0,nan
ALNS-B,Example4,4,41.0,6.0,nan
ALNS-B,Example4,4,42.0,6.0,nan
ALNS-B,Example4,4,43.0,6.0,nan
ALNS-B,Example4,4,44.0,5.666666666666667,nan
ALNS-B,Example4,4,45.0,5.666666666666667,nan
ALNS-B,Example4,4,46.0,5.666666666666667,nan
ALNS-B,Example4,4,47.0,5.666666666666667,nan
ALNS-B,Example4,4,48.0,5.666666666666667,nan
ALNS-B,Example4,4,49.0,5.666666666666667,nan
ALNS-B,Example4,4,50.0,5.0,nan
ALNS-B,Example4,4,51.0,5.0,nan
ALNS-B,Example4,4,52.0,4.666666666666667,nan
ALNS-B,Example4,4,53.0,4.666666666666667,nan
ALNS-B,Example4,4,54.0,4.666666666666667,nan
ALNS-B,Example4,4,55.0,4.333333333333333,nan
ALNS-B,Example4,4,56.0,4.333333333333333,nan
ALNS-B,Example4,4,57.0,4.333333333333333,nan
ALNS-B,Example4,4,58.0,4.333333333333333,nan
ALNS-B,Example4,4,59.0,4.333333333333333,nan
ALNS-B,Example4,4,60.0,4.333333333333333,nan
ALNS-B,Example4,4,61.0,4.333333333333333,nan
ALNS-B,Example4,4,62.0,4.333333333333333,nan
ALNS-B,Example4,4,63.0,4.333333333333333,nan
ALNS-B,Example4,4,64.0,4.333333333333333,nan
ALNS-B,Example4,4,65.0,4.333333333333333,nan
ALNS-B,Example4,4,66.0,4.333333333333333,nan
ALNS-B,Example4,4,67.0,4.333333333333333,nan
ALNS-B,Example4,4,68.0,4.333333333333333,nan
ALNS-B,Example4,4,69.0,4.333333333333333,nan
ALNS-B,Example4,4,70.0,4.333333333333333,nan
ALNS-B,Example4,4,71.0,4.333333333333333,nan
ALNS-B,Example4,4,72.0,4.333333333333333,nan
ALNS-B,Example4,4,73.0,4.333333333333333,nan
ALNS-B,Example4,4,74.0,4.333333333333333,nan
ALNS-B,Example4,4,75.0,4.333333333333333,nan
ALNS-B,Example4,4,76.0,4.333333333333333,nan
ALNS-B,Example4,4,77.0,4.0,nan
ALNS-B,Example4,4,78.0,3.6666666666666665,nan
ALNS-B,Example4,4,79.0,3.6666666666666665,nan
ALNS-B,Example4,4,80.0,3.6666666666666665,nan
ALNS-B,Example4,4,81.0,3.6666666666666665,nan
ALNS-B,Example4,4,82.0,3.6666666666666665,nan
ALNS-B,Example4,4,83.0,3.6666666666666665,nan
ALNS-B,Example4,4,84.0,3.6666666666666665,nan
ALNS-B,Example4,4,85.0,3.6666666666666665,nan
ALNS-B,Example4,4,86.0,3.6666666666666665,nan
ALNS-B,Example4,4,87.0,3.6666666666666665,nan
ALNS-B,Example4,4,88.0,3.6666666666666665,nan
ALNS-B,Example4,4,89.0,3.6666666666666665,nan
ALNS-B,Example4,4,90.0,3.6666666666666665,nan
ALNS-B,Example4,4,91.0,3.6666666666666665,nan
ALNS-B,Example4,4,92.0,3.6666666666666665,nan
ALNS-B,Example4,4,93.0,3.6666666666666665,nan
ALNS-B,Example4,4,94.0,3.3333333333333335,nan
ALNS-B,Example4,4,95.0,3.3333333333333335,nan
ALNS-B,Example4,4,96.0,3.3333333333333335,nan
ALNS-B,Example4,4,97.0,3.3333333333333335,nan
ALNS-B,Example4,4,98.0,3.3333333333333335,nan
ALNS-B,Example4,4,99.0,3.3333333333333335,nan
ALNS-B,Example4,4,100.0,3.3333333333333335,nan
ALNS-B,Example4,4,101.0,3.3333333333333335,nan
ALNS-B,Example4,4,102.0,3.3333333333333335,nan
ALNS-B,Example4,4,103.0,3.3333333333333335,nan
ALNS-B,Example4,4,104.0,3.3333333333333335,nan
ALNS-B,Example4,4,105.0,3.3333333333333335,nan
ALNS-B,Example4,4,106.0,3.3333333333333335,nan
ALNS-B,Example4,4,107.0,3.3333333333333335,nan
ALNS-B,Example4,4,108.0,3.3333333333333335,nan
ALNS-B,Example4,4,109.0,3.3333333333333335,nan
ALNS-B,Example4,4,110.0,3.3333333333333335,nan
ALNS-B,Example4,4,111.0,3.3333333333333335,nan
ALNS-B,Example4,4,112.0,3.3333333333333335,nan
ALNS-B,Example4,4,113.0,3.3333333333333335,nan
ALNS-B,Example4,4,114.0,3.3333333333333335,nan
ALNS-B,Example4,4,115.0,3.3333333333333335,nan
ALNS-B,Example4,4,116.0,3.3333333333333335,nan
ALNS-B,Example4,4,117.0,3.3333333333333335,nan
ALNS-B,Example4,4,118.0,3.3333333333333335,nan
ALNS-B,Example4,4,119.0,3.3333333333333335,nan
ALNS-B,Example4,4,120.0,3.3333333333333335,nan
ALNS-B,Example4,4,121.0,3.3333333333333335,nan
ALNS-B,Example4,4,122.0,3.3333333333333335,nan
ALNS-B,Example4,4,123.0,3.3333333333333335,nan
ALNS-B,Example4,4,124.0,3.3333333333333335,nan
ALNS-B,Example4,4,125.0,3.3333333333333335,nan
ALNS-B,Example4,4,126.0,3.3333333333333335,nan
ALNS-B,Example4,4,127.0,3.3333333333333335,nan
ALNS-B,Example4,4,128.0,3.3333333333333335,nan
ALNS-B,Example4,4,129.0,3.3333333333333335,nan
ALNS-B,Example4,4,130.0,3.3333333333333335,nan
ALNS-B,Example4,4,131.0,3.3333333333333335,nan
ALNS-B,Example4,4,132.0,3.3333333333333335,nan
ALNS-B,Example4,4,133.0,3.3333333333333335,nan
ALNS-B,Example4,4,134.0,3.3333333333333335,nan
ALNS-B,Example4,4,135.0,3.3333333333333335,nan
ALNS-B,Example4,4,136.0,3.3333333333333335,nan
ALNS-B,Example4,4,137.0,3.3333333333333335,nan
ALNS-B,Example4,4,138.0,3.3333333333333335,nan
ALNS-B,Example4,4,139.0,3.3333333333333335,nan
ALNS-B,Example4,4,140.0,3.3333333333333335,nan
ALNS-B,Example4,4,141.0,3.3333333333333335,nan
ALNS-B,Example4,4,142.0,3.3333333333333335,nan
ALNS-B,Example4,4,143.0,3.3333333333333335,nan
ALNS-B,Example4,4,144.0,3.3333333333333335,nan
ALNS-B,Example4,4,145.0,3.3333333333333335,nan
ALNS-B,Example4,4,146.0,3.3333333333333335,nan
ALNS-B,Example4,4,147.0,3.3333333333333335,nan
ALNS-B,Example4,4,148.0,3.3333333333333335,nan
ALNS-B,Example4,4,149.0,3.3333333333333335,nan
ALNS-B,Example4,4,150.0,3.3333333333333335,nan
ALNS-B,Example4,4,151.0,3.3333333333333335,nan
ALNS-B,Example4,4,152.0,3.3333333333333335,nan
ALNS-B,Example4,4,153.0,3.3333333333333335,nan
ALNS-B,Example4,4,154.0,3.3333333333333335,nan
ALNS-B,Example4,4,155.0,3.3333333333333335,nan
ALNS-B,Example4,4,156.0,3.3333333333333335,nan
ALNS-B,Example4,4,157.0,3.0,nan
ALNS-B,Example4,4,158.0,3.0,nan
ALNS-B,Example4,4,159.0,3.0,nan
ALNS-B,Example4,4,160.0,3.0,nan
ALNS-B,Example4,4,161.0,3.0,nan
ALNS-B,Example4,4,162.0,3.0,nan
ALNS-B,Example4,4,163.0,3.0,nan
ALNS-B,Example4,4,164.0,3.0,nan
ALNS-B,Example4,4,165.0,3.0,nan
ALNS-B,Example4,4,166.0,3.0,nan
ALNS-B,Example4,4,167.0,3.0,nan
ALNS-B,Example4,4,168.0,3.0,nan
ALNS-B,Example4,4,169.0,3.0,nan
ALNS-B,Example4,4,170.0,3.0,nan
ALNS-B,Example4,4,171.0,3.0,nan
ALNS-B,Example4,4,172.0,3.0,nan
ALNS-B,Example4,4,173.0,3.0,nan
ALNS-B,Example4,4,174.0,3.0,nan
ALNS-B,Example4,4,175.0,3.0,nan
ALNS-B,Example4,4,176.0,3.0,nan
ALNS-B,Example4,4,177.0,3.0,nan
ALNS-B,Example4,4,178.0,3.0,nan
ALNS-B,Example4,4,179.0,3.0,nan
ALNS-B,Example4,4,180.0,3.0,nan
ALNS-B,Example4,4,181.0,3.0,nan
ALNS-B,Example4,4,182.0,3.0,nan
ALNS-B,Example4,4,183.0,3.0,nan
ALNS-B,Example4,4,184.0,3.0,nan
ALNS-B,Example4,4,185.0,3.0,nan
ALNS-B,Example4,4,186.0,3.0,nan
ALNS-B,Example4,4,187.0,3.0,nan
ALNS-B,Example4,4,188.0,3.0,nan
ALNS-B,Example4,4,189.0,3.0,nan
ALNS-B,Example4,4,190.0,3.0,nan
ALNS-B,Example4,4,191.0,3.0,nan
ALNS-B,Example4,4,192.0,3.0,nan
ALNS-B,Example4,4,193.0,3.0,nan
ALNS-B,Example4,4,194.0,3.0,nan
ALNS-B,Example4,4,195.0,3.0,nan
ALNS-B,Example4,4,196.0,3.0,nan
ALNS-B,Example4,4,197.0,3.0,nan
ALNS-B,Example4,4,198.0,3.0,nan
ALNS-B,Example4,4,199.0,3.0,nan
ALNS-B,Example4,4,200.0,3.0,nan
ALNS-B,Example4,4,201.0,3.0,nan
ALNS-B,Example4,4,202.0,3.0,nan
ALNS-B,Example4,4,203.0,3.0,nan
ALNS-B,Example4,4,204.0,3.0,nan
ALNS-B,Example4,4,205.0,3.0,nan
ALNS-B,Example4,4,206.0,3.0,nan
ALNS-B,Example4,4,207.0,3.0,nan
ALNS-B,Example4,4,208.0,3.0,nan
ALNS-B,Example4,4,209.0,3.0,nan
ALNS-B,Example4,4,210.0,3.0,nan
ALNS-B,Example4,4,211.0,3.0,nan
ALNS-B,Example4,4,212.0,3.0,nan
ALNS-B,Example4,4,213.0,3.0,nan
ALNS-B,Example4,4,214.0,3.0,nan
ALNS-B,Example4,4,215.0,3.0,nan
ALNS-B,Example4,4,216.0,3.0,nan
ALNS-B,Example4,4,217.0,3.0,nan
ALNS-B,Example4,4,218.0,3.0,nan
ALNS-B,Example4,4,219.0,3.0,nan
ALNS-B,Example4,4,220.0,3.0,nan
ALNS-B,Example4,4,221.0,3.0,nan
ALNS-B,Example4,4,222.0,3.0,nan
ALNS-B,Example4,4,223.0,3.0,nan
ALNS-B,Example4,4,224.0,3.0,nan
ALNS-B,Example4,4,225.0,3.0,nan
ALNS-B,Example4,4,226.0,3.0,nan
ALNS-B,Example4,4,227.0,3.0,nan
ALNS-B,Example4,4,228.0,3.0,nan
ALNS-B,Example4,4,229.0,3.0,nan
ALNS-B,Example4,4,230.0,3.0,nan
ALNS-B,Example4,4,231.0,3.0,nan
ALNS-B,Example4,4,232.0,3.0,nan
ALNS-B,Example4,4,233.0,3.0,nan
ALNS-B,Example4,4,234.0,3.0,nan
ALNS-B,Example4,4,235.0,3.0,nan
ALNS-B,Example4,4,236.0,3.0,nan
ALNS-B,Example4,4,237.0,3.0,nan
ALNS-B,Example4,4,238.0,3.0,nan
ALNS-B,Example4,4,239.0,3.0,nan
ALNS-B,Example4,4,240.0,3.0,nan
ALNS-B,Example4,4,241.0,3.0,nan
ALNS-B,Example4,4,242.0,3.0,nan
ALNS-B,Example4,4,243.0,3.0,nan
ALNS-B,Example4,4,244.0,3.0,nan
ALNS-B,Example4,4,245.0,3.0,nan
ALNS-B,Example4,4,246.0,3.0,nan
ALNS-B,Example4,4,247.0,3.0,nan
ALNS-B,Example4,4,248.0,3.0,nan
ALNS-B,Example4,4,249.0,3.0,nan
ALNS-B,Example4,4,250.0,3.0,nan
ALNS-B,Example4,4,251.0,3.0,nan
ALNS-B,Example4,4,252.0,3.0,nan
ALNS-B,Example4,4,253.0,3.0,nan
ALNS-B,Example4,4,254.0,3.0,nan
ALNS-B,Example4,4,255.0,3.0,nan
ALNS-B,Example4,4,256.0,3.0,nan
ALNS-B,Example4,4,257.0,3.0,nan
ALNS-B,Example4,4,258.0,3.0,nan
ALNS-B,Example4,4,259.0,3.0,nan
ALNS-B,Example4,4,260.0,3.0,nan
ALNS-B,Example4,4,261.0,3.0,nan
ALNS-B,Example4,4,262.0,3.0,nan
ALNS-B,Example4,4,263.0,3.0,nan
ALNS-B,Example4,4,264.0,3.0,nan
ALNS-B,Example4,4,265.0,3.0,nan
ALNS-B,Example4,4,266.0,3.0,nan
ALNS-B,Example4,4,267.0,3.0,nan
ALNS-B,Example4,4,268.0,3.0,nan
ALNS-B,Example4,4,269.0,3.0,nan
ALNS-B,Example4,4,270.0,3.0,nan
ALNS-B,Example4,4,271.0,3.0,nan
ALNS-B,Example4,4,272.0,3.0,nan
ALNS-B,Example4,4,273.0,3.0,nan
ALNS-B,Example5,5,0.0,39.0,nan
ALNS-B,Example5,5,1.0,39.0,nan
ALNS-B,Example5,5,2.0,32.666666666666664,nan
ALNS-B,Example5,5,3.0,32.666666666666664,nan
ALNS-B,Example5,5,4.0,31.333333333333332,nan
ALNS-B,Example5,5,5.0,31.333333333333332,nan
ALNS-B,Example5,5,6.0,24.333333333333332,nan
ALNS-B,Example5,5,7.0,22.333333333333332,nan
ALNS-B,Example5,5,8.0,21.0,nan
ALNS-B,Example5,5,9.0,18.333333333333332,nan
ALNS-B,Example5,5,10.0,18.333333333333332,nan
ALNS-B,Example5,5,11.0,18.333333333333332,nan
ALNS-B,Example5,5,12.0,18.333333333333332,nan
ALNS-B,Example5,5,13.0,18.0,nan
ALNS-B,Example5,5,14.0,18.0,nan
ALNS-B,Example5,5,15.0,17.333333333333332,nan
ALNS-B,Example5,5,16.0,17.333333333333332,nan
ALNS-B,Example5,5,17.0,17.333333333333332,nan
ALNS-B,Example5,5,18.0,17.333333333333332,nan
ALNS-B,Example5,5,19.0,17.333333333333332,nan
ALNS-B,Example5,5,20.0,17.333333333333332,nan
ALNS-B,Example5,5,21.0,17.333333333333332,nan
ALNS-B,Example5,5,22.0,16.333333333333332,nan
ALNS-B,Example5,5,23.0,16.333333333333332,nan
ALNS-B,Example5,5,24.0,16.0,nan
ALNS-B,Example5,5,25.0,16.0,nan
ALNS-B,Example5,5,26.0,16.0,nan
ALNS-B,Example5,5,27.0,16.0,nan
ALNS-B,Example5,5,28.0,16.0,nan
ALNS-B,Example5,5,29.0,16.0,nan
ALNS-B,Example5,5,30.0,16.0,nan
ALNS-B,Example5,5,31.0,16.0,nan
ALNS-B,Example5,5,32.0,16.0,nan
ALNS-B,Example5,5,33.0,16.0,nan
ALNS-B,Example5,5,34.0,15.0,nan
ALNS-B,Example5,5,35.0,15.0,nan
ALNS-B,Example5,5,36.0,15.0,nan
ALNS-B,Example5,5,37.0,15.0,nan
ALNS-B,Example5,5,38.0,15.0,nan
ALNS-B,Example5,5,39.0,15.0,nan
ALNS-B,Example5,5,40.0,15.0,nan
ALNS-B,Example5,5,41.0,15.0,nan
ALNS-B,Example5,5,42.0,15.0,nan
ALNS-B,Example5,5,43.0,15.0,nan
ALNS-B,Example5,5,44.0,15.0,nan
ALNS-B,Example5,5,45.0,15.0,nan
ALNS-B,Example5,5,46.0,15.0,nan
ALNS-B,Example5,5,47.0,15.0,nan
ALNS-B,Example5,5,48.0,14.666666666666666,nan
ALNS-B,Example5,5,49.0,14.666666666666666,nan
ALNS-B,Example5,5,50.0,14.666666666666666,nan
ALNS-B,Example5,5,51.0,14.666666666666666,nan
ALNS-B,Example5,5,52.0,12.333333333333334,nan
ALNS-B,Example5,5,53.0,12.333333333333334,nan
ALNS-B,Example5,5,54.0,11.333333333333334,nan
ALNS-B,Example5,5,55.0,10.0,nan
ALNS-B,Example5,5,56.0,9.333333333333334,nan
ALNS-B,Example5,5,57.0,9.333333333333334,nan
ALNS-B,Example5,5,58.0,9.333333333333334,nan
ALNS-B,Example5,5,59.0,9.333333333333334,nan
ALNS-B,Example5,5,60.0,9.333333333333334,nan
ALNS-B,Example5,5,61.0,9.333333333333334,nan
ALNS-B,Example5,5,62.0,9.0,nan
ALNS-B,Example5,5,63.0,9.0,nan
ALNS-B,Example5,5,64.0,8.333333333333334,nan
ALNS-B,Example5,5,65.0,8.333333333333334,nan
ALNS-B,Example5,5,66.0,7.666666666666667,nan
ALNS-B,Example5,5,67.0,7.666666666666667,nan
ALNS-B,Example5,5,68.0,7.666666666666667,nan
ALNS-B,Example5,5,69.0,7.666666666666667,nan
ALNS-B,Example5,5,70.0,7.666666666666667,nan
ALNS-B,Example5,5,71.0,6.333333333333333,nan
ALNS-B,Example5,5,72.0,6.333333333333333,nan
ALNS-B,Example5,5,73.0,6.333333333333333,nan
ALNS-B,Example5,5,74.0,6.333333333333333,nan
ALNS-B,Example5,5,75.0,6.333333333333333,nan
ALNS-B,Example5,5,76.0,6.333333333333333,nan
ALNS-B,Example5,5,77.0,6.333333333333333,nan
ALNS-B,Example5,5,78.0,6.0,nan
ALNS-B,Example5,5,79.0,6.0,nan
ALNS-B,Example5,5,80.0,5.666666666666667,nan
ALNS-B,Example5,5,81.0,5.666666666666667,nan
ALNS-B,Example5,5,82.0,5.666666666666667,nan
ALNS-B,Example5,5,83.0,5.666666666666667,nan
ALNS-B,Example5,5,84.0,5.666666666666667,nan
ALNS-B,Example5,5,85.0,5.666666666666667,nan
ALNS-B,Example5,5,86.0,5.666666666666667,nan
ALNS-B,Example5,5,87.0,5.666666666666667,nan
ALNS-B,Example5,5,88.0,5.666666666666667,nan
ALNS-B,Example5,5,89.0,5.666666666666667,nan
ALNS-B,Example5,5,90.0,5.666666666666667,nan
ALNS-B,Example5,5,91.0,5.666666666666667,nan
ALNS-B,Example5,5,92.0,5.666666666666667,nan
ALNS-B,Example5,5,93.0,5.666666666666667,nan
ALNS-B,Example5,5,94.0,5.666666666666667,nan
ALNS-B,Example5,5,95.0,5.666666666666667,nan
ALNS-B,Example5,5,96.0,5.666666666666667,nan
ALNS-B,Example5,5,97.0,5.666666666666667,nan
ALNS-B,Example5,5,98.0,5.666666666666667,nan
ALNS-B,Example5,5,99.0,5.666666666666667,nan
ALNS-B,Example5,5,100.0,5.666666666666667,nan
ALNS-B,Example5,5,101.0,5.666666666666667,nan
ALNS-B,Example5,5,102.0,5.666666666666667,nan
ALNS-B,Example5,5,103.0,5.666666666666667,nan
ALNS-B,Example5,5,104.0,5.666666666666667,nan
ALNS-B,Example5,5,105.0,5.666666666666667,nan
ALNS-B,Example5,5,106.0,5.666666666666667,nan
ALNS-B,Example5,5,107.0,5.666666666666667,nan
ALNS-B,Example5,5,108.0,5.666666666666667,nan
ALNS-B,Example5,5,109.0,5.666666666666667,nan
ALNS-B,Example5,5,110.0,5.666666666666667,nan
ALNS-B,Example5,5,111.0,5.666666666666667,nan
ALNS-B,Example5,5,112.0,5.666666666666667,nan
ALNS-B,Example5,5,113.0,5.666666666666667,nan
ALNS-B,Example5,5,114.0,5.666666666666667,nan
ALNS-B,Example5,5,115.0,5.666666666666667,nan
ALNS-B,Example5,5,116.0,5.666666666666667,nan
ALNS-B,Example5,5,117.0,5.666666666666667,nan
ALNS-B,Example5,5,118.0,5.666666666666667,nan
ALNS-B,Example5,5,119.0,5.666666666666667,nan
ALNS-B,Example5,5,120.0,5.666666666666667,nan
ALNS-B,Example5,5,121.0,5.666666666666667,nan
ALNS-B,Example5,5,122.0,5.666666666666667,nan
ALNS-B,Example5,5,123.0,5.666666666666667,nan
ALNS-B,Example5,5,124.0,5.666666666666667,nan
ALNS-B,Example5,5,125.0,5.666666666666667,nan
ALNS-B,Example5,5,126.0,5.666666666666667,nan
ALNS-B,Example5,5,127.0,5.666666666666667,nan
ALNS-B,Example5,5,128.0,5.666666666666667,nan
ALNS-B,Example5,5,129.0,5.333333333333333,nan
ALNS-B,Example5,5,130.0,5.333333333333333,nan
ALNS-B,Example5,5,131.0,5.333333333333333,nan
ALNS-B,Example5,5,132.0,5.333333333333333,nan
ALNS-B,Example5,5,133.0,5.333333333333333,nan
ALNS-B,Example5,5,134.0,5.333333333333333,nan
ALNS-B,Example5,5,135.0,5.333333333333333,nan
ALNS-B,Example5,5,136.0,5.0,nan
ALNS-B,Example5,5,137.0,5.0,nan
ALNS-B,Example5,5,138.0,5.0,nan
ALNS-B,Example5,5,139.0,5.0,nan
ALNS-B,Example5,5,140.0,5.0,nan
ALNS-B,Example5,5,141.0,5.0,nan
ALNS-B,Example5,5,142.0,5.0,nan
ALNS-B,Example5,5,143.0,5.0,nan
ALNS-B,Example5,5,144.0,5.0,nan
ALNS-B,Example5,5,145.0,5.0,nan
ALNS-B,Example5,5,146.0,5.0,nan
ALNS-B,Example5,5,147.0,5.0,nan
ALNS-B,Example5,5,148.0,5.0,nan
ALNS-B,Example5,5,149.0,5.0,nan
ALNS-B,Example5,5,150.0,5.0,nan
ALNS-B,Example5,5,151.0,5.0,nan
ALNS-B,Example5,5,152.0,4.666666666666667,nan
ALNS-B,Example5,5,153.0,4.666666666666667,nan
ALNS-B,Example5,5,154.0,4.333333333333333,nan
ALNS-B,Example5,5,155.0,4.333333333333333,nan
ALNS-B,Example5,5,156.0,4.333333333333333,nan
ALNS-B,Example5,5,157.0,4.333333333333333,nan
ALNS-B,Example5,5,158.0,4.333333333333333,nan
ALNS-B,Example5,5,159.0,4.333333333333333,nan
ALNS-B,Example5,5,160.0,4.333333333333333,nan
ALNS-B,Example5,5,161.0,4.333333333333333,nan
ALNS-B,Example5,5,162.0,4.333333333333333,nan
ALNS-B,Example5,5,163.0,4.333333333333333,nan
ALNS-B,Example5,5,164.0,4.333333333333333,nan
ALNS-B,Example5,5,165.0,4.333333333333333,nan
ALNS-B,Example5,5,166.0,4.333333333333333,nan
ALNS-B,Example5,5,167.0,4.333333333333333,nan
ALNS-B,Example5,5,168.0,4.333333333333333,nan
ALNS-B,Example5,5,169.0,4.333333333333333,nan
ALNS-B,Example5,5,170.0,4.333333333333333,nan
ALNS-B,Example5,5,171.0,4.333333333333333,nan
ALNS-B,Example5,5,172.0,4.333333333333333,nan
ALNS-B,Example5,5,173.0,4.333333333333333,nan
ALNS-B,Example5,5,174.0,4.333333333333333,nan
ALNS-B,Example5,5,175.0,4.333333333333333,nan
ALNS-B,Example5,5,176.0,4.333333333333333,nan
ALNS-B,Example5,5,177.0,4.333333333333333,nan
ALNS-B,Example5,5,178.0,4.333333333333333,nan
ALNS-B,Example5,5,179.0,4.333333333333333,nan
ALNS-B,Example5,5,180.0,4.333333333333333,nan
ALNS-B,Example5,5,181.0,4.333333333333333,nan
ALNS-B,Example5,5,182.0,4.333333333333333,nan
ALNS-B,Example5,5,183.0,4.333333333333333,nan
ALNS-B,Example5,5,184.0,4.333333333333333,nan
ALNS-B,Example5,5,185.0,4.333333333333333,nan
ALNS-B,Example5,5,186.0,4.333333333333333,nan
ALNS-B,Example5,5,187.0,4.333333333333333,nan
ALNS-B,Example5,5,188.0,4.333333333333333,nan
ALNS-B,Example5,5,189.0,4.333333333333333,nan
ALNS-B,Example5,5,190.0,4.333333333333333,nan
ALNS-B,Example5,5,191.0,4.333333333333333,nan
ALNS-B,Example5,5,192.0,4.333333333333333,nan
ALNS-B,Example5,5,193.0,4.333333333333333,nan
ALNS-B,Example5,5,194.0,4.333333333333333,nan
ALNS-B,Example5,5,195.0,4.333333333333333,nan
ALNS-B,Example5,5,196.0,4.333333333333333,nan
ALNS-B,Example5,5,197.0,4.333333333333333,nan
ALNS-B,Example5,5,198.0,4.333333333333333,nan
ALNS-B,Example5,5,199.0,4.333333333333333,nan
ALNS-B,Example5,5,200.0,4.333333333333333,nan
ALNS-B,Example5,5,201.0,4.333333333333333,nan
ALNS-B,Example5,5,202.0,4.333333333333333,nan
ALNS-B,Example5,5,203.0,4.333333333333333,nan
ALNS-B,Example5,5,204.0,4.333333333333333,nan
ALNS-B,Example5,5,205.0,4.333333333333333,nan
ALNS-B,Example5,5,206.0,4.333333333333333,nan
ALNS-B,Example5,5,207.0,4.333333333333333,nan
ALNS-B,Example5,5,208.0,4.333333333333333,nan
ALNS-B,Example5,5,209.0,4.333333333333333,nan
ALNS-B,Example5,5,210.0,4.333333333333333,nan
ALNS-B,Example5,5,211.0,4.333333333333333,nan
ALNS-B,Example5,5,212.0,4.333333333333333,nan
ALNS-B,Example5,5,213.0,4.333333333333333,nan
ALNS-B,Example5,5,214.0,4.333333333333333,nan
ALNS-B,Example5,5,215.0,4.333333333333333,nan
ALNS-B,Example5,5,216.0,4.333333333333333,nan
ALNS-B,Example5,5,217.0,4.333333333333333,nan
ALNS-B,Example5,5,218.0,4.333333333333333,nan
ALNS-B,Example5,5,219.0,4.333333333333333,nan
ALNS-B,Example5,5,220.0,4.333333333333333,nan
ALNS-B,Example5,5,221.0,4.333333333333333,nan
ALNS-B,Example5,5,222.0,4.333333333333333,nan
ALNS-B,Example5,5,223.0,4.333333333333333,nan
ALNS-B,Example5,5,224.0,4.333333333333333,nan
ALNS-B,Example5,5,225.0,4.333333333333333,nan
ALNS-B,Example5,5,226.0,4.333333333333333,nan
ALNS-B,Example5,5,227.0,4.333333333333333,nan
ALNS-B,Example5,5,228.0,4.333333333333333,nan
ALNS-B,Example5,5,229.0,4.333333333333333,nan
ALNS-B,Example5,5,230.0,4.333333333333333,nan
ALNS-B,Example5,5,231.0,4.333333333333333,nan
ALNS-B,Example5,5,232.0,4.333333333333333,nan
ALNS-B,Example5,5,233.0,4.333333333333333,nan
ALNS-B,Example5,5,234.0,4.333333333333333,nan
ALNS-B,Example5,5,235.0,4.333333333333333,nan
ALNS-B,Example5,5,236.0,4.333333333333333,nan
ALNS-B,Example5,5,237.0,4.333333333333333,nan
ALNS-B,Example5,5,238.0,4.333333333333333,nan
ALNS-B,Example5,5,239.0,4.333333333333333,nan
ALNS-B,Example5,5,240.0,4.333333333333333,nan
ALNS-B,Example5,5,241.0,4.333333333333333,nan
ALNS-B,Example5,5,242.0,4.333333333333333,nan
ALNS-B,Example5,5,243.0,4.333333333333333,nan
ALNS-B,Example5,5,244.0,4.333333333333333,nan
ALNS-B,Example5,5,245.0,4.333333333333333,nan
ALNS-B,Example5,5,246.0,4.333333333333333,nan
ALNS-B,Example5,5,247.0,4.333333333333333,nan
ALNS-B,Example5,5,248.0,4.333333333333333,nan
ALNS-B,Example5,5,249.0,4.333333333333333,nan
ALNS-B,Example5,5,250.0,4.333333333333333,nan
ALNS-B,Example5,5,251.0,4.333333333333333,nan
ALNS-B,Example5,5,252.0,4.333333333333333,nan
ALNS-B,Example5,5,253.0,4.333333333333333,nan
ALNS-B,Example5,5,254.0,4.333333333333333,nan
ALNS-B,Example5,5,255.0,4.333333333333333,nan
ALNS-B,Example5,5,256.0,4.333333333333333,nan
ALNS-B,Example5,5,257.0,4.333333333333333,nan
ALNS-B,Example5,5,258.0,4.333333333333333,nan
ALNS-B,Example5,5,259.0,4.333333333333333,nan
ALNS-B,Example5,5,260.0,4.333333333333333,nan
ALNS-B,Example5,5,261.0,4.333333333333333,nan
ALNS-B,Example5,5,262.0,4.333333333333333,nan
ALNS-B,Example5,5,263.0,4.333333333333333,nan
ALNS-B,Example5,5,264.0,4.333333333333333,nan
ALNS-B,Example5,5,265.0,4.333333333333333,nan
ALNS-B,Example5,5,266.0,4.333333333333333,nan
ALNS-B,Example5,5,267.0,4.333333333333333,nan
ALNS-B,Example5,5,268.0,4.333333333333333,nan
ALNS-B,Example5,5,269.0,4.333333333333333,nan
ALNS-B,Example5,5,270.0,4.333333333333333,nan
ALNS-B,Example5,5,271.0,4.333333333333333,nan
ALNS-B,Example5,5,272.0,4.333333333333333,nan
ALNS-B,Example5,5,273.0,4.333333333333333,nan
ALNS-B,Example6,6,0.0,21.666666666666668,nan
ALNS-B,Example6,6,1.0,21.666666666666668,nan
ALNS-B,Example6,6,2.0,20.666666666666668,nan
ALNS-B,Example6,6,3.0,19.333333333333332,nan
ALNS-B,Example6,6,4.0,17.666666666666668,nan
ALNS-B,Example6,6,5.0,15.0,nan
ALNS-B,Example6,6,6.0,15.0,nan
ALNS-B,Example6,6,7.0,15.0,nan
ALNS-B,Example6,6,8.0,15.0,nan
ALNS-B,Example6,6,9.0,15.0,nan
ALNS-B,Example6,6,10.0,14.333333333333334,nan
ALNS-B,Example6,6,11.0,14.333333333333334,nan
ALNS-B,Example6,6,12.0,14.0,nan
ALNS-B,Example6,6,13.0,14.0,nan
ALNS-B,Example6,6,14.0,14.0,nan
ALNS-B,Example6,6,15.0,12.333333333333334,nan
ALNS-B,Example6,6,16.0,9.0,nan
ALNS-B,Example6,6,17.0,9.0,nan
ALNS-B,Example6,6,18.0,8.333333333333334,nan
ALNS-B,Example6,6,19.0,7.333333333333333,nan
ALNS-B,Example6,6,20.0,7.0,nan
ALNS-B,Example6,6,21.0,7.0,nan
ALNS-B,Example6,6,22.0,6.333333333333333,nan
ALNS-B,Example6,6,23.0,5.666666666666667,nan
ALNS-B,Example6,6,24.0,5.666666666666667,nan
ALNS-B,Example6,6,25.0,5.666666666666667,nan
ALNS-B,Example6,6,26.0,5.666666666666667,nan
ALNS-B,Example6,6,27.0,5.666666666666667,nan
ALNS-B,Example6,6,28.0,5.666666666666667,nan
ALNS-B,Example6,6,29.0,5.666666666666667,nan
ALNS-B,Example6,6,30.0,5.666666666666667,nan
ALNS-B,Example6,6,31.0,5.666666666666667,nan
ALNS-B,Example6,6,32.0,5.666666666666667,nan
ALNS-B,Example6,6,33.0,5.666666666666667,nan
ALNS-B,Example6,6,34.0,5.666666666666667,nan
ALNS-B,Example6,6,35.0,5.666666666666667,nan
ALNS-B,Example6,6,36.0,5.0,nan
ALNS-B,Example6,6,37.0,5.0,nan
ALNS-B,Example6,6,38.0,5.0,nan
ALNS-B,Example6,6,39.0,5.0,nan
ALNS-B,Example6,6,40.0,5.0,nan
ALNS-B,Example6,6,41.0,5.0,nan
ALNS-B,Example6,6,42.0,5.0,nan
ALNS-B,Example6,6,43.0,5.0,nan
ALNS-B,Example6,6,44.0,5.0,nan
ALNS-B,Example6,6,45.0,5.0,nan
ALNS-B,Example6,6,46.0,5.0,nan
ALNS-B,Example6,6,47.0,5.0,nan
ALNS-B,Example6,6,48.0,5.0,nan
ALNS-B,Example6,6,49.0,5.0,nan
ALNS-B,Example6,6,50.0,5.0,nan
ALNS-B,Example6,6,51.0,5.0,nan
ALNS-B,Example6,6,52.0,5.0,nan
ALNS-B,Example6,6,53.0,5.0,nan
ALNS-B,Example6,6,54.0,5.0,nan
ALNS-B,Example6,6,55.0,5.0,nan
ALNS-B,Example6,6,56.0,5.0,nan
ALNS-B,Example6,6,57.0,5.0,nan
ALNS-B,Example6,6,58.0,5.0,nan
ALNS-B,Example6,6,59.0,5.0,nan
ALNS-B,Example6,6,60.0,5.0,nan
ALNS-B,Example6,6,61.0,5.0,nan
ALNS-B,Example6,6,62.0,5.0,nan
ALNS-B,Example6,6,63.0,5.0,nan
ALNS-B,Example6,6,64.0,4.666666666666667,nan
ALNS-B,Example6,6,65.0,4.0,nan
ALNS-B,Example6,6,66.0,4.0,nan
ALNS-B,Example6,6,67.0,4.0,nan
ALNS-B,Example6,6,68.0,4.0,nan
ALNS-B,Example6,6,69.0,4.0,nan
ALNS-B,Example6,6,70.0,4.0,nan
ALNS-B,Example6,6,71.0,4.0,nan
ALNS-B,Example6,6,72.0,4.0,nan
ALNS-B,Example6,6,73.0,4.0,nan
ALNS-B,Example6,6,74.0,4.0,nan
ALNS-B,Example6,6,75.0,4.0,nan
ALNS-B,Example6,6,76.0,4.0,nan
ALNS-B,Example6,6,77.0,4.0,nan
ALNS-B,Example6,6,78.0,4.0,nan
ALNS-B,Example6,6,79.0,4.0,nan
ALNS-B,Example6,6,80.0,4.0,nan
ALNS-B,Example6,6,81.0,4.0,nan
ALNS-B,Example6,6,82.0,4.0,nan
ALNS-B,Example6,6,83.0,4.0,nan
ALNS-B,Example6,6,84.0,4.0,nan
ALNS-B,Example6,6,85.0,4.0,nan
ALNS-B,Example6,6,86.0,4.0,nan
ALNS-B,Example6,6,87.0,4.0,nan
ALNS-B,Example6,6,88.0,4.0,nan
ALNS-B,Example6,6,89.0,4.0,nan
ALNS-B,Example6,6,90.0,4.0,nan
ALNS-B,Example6,6,91.0,4.0,nan
ALNS-B,Example6,6,92.0,4.0,nan
ALNS-B,Example6,6,93.0,4.0,nan
ALNS-B,Example6,6,94.0,4.0,nan
ALNS-B,Example6,6,95.0,4.0,nan
ALNS-B,Example6,6,96.0,4.0,nan
ALNS-B,Example6,6,97.0,4.0,nan
ALNS-B,Example6,6,98.0,4.0,nan
ALNS-B,Example6,6,99.0,4.0,nan
ALNS-B,Example6,6,100.0,4.0,nan
ALNS-B,Example6,6,101.0,4.0,nan
ALNS-B,Example6,6,102.0,4.0,nan
ALNS-B,Example6,6,103.0,4.0,nan
ALNS-B,Example6,6,104.0,4.0,nan
ALNS-B,Example6,6,105.0,4.0,nan
ALNS-B,Example6,6,106.0,4.0,nan
ALNS-B,Example6,6,107.0,4.0,nan
ALNS-B,Example6,6,108.0,4.0,nan
ALNS-B,Example6,6,109.0,4.0,nan
ALNS-B,Example6,6,110.0,4.0,nan
ALNS-B,Example6,6,111.0,4.0,nan
ALNS-B,Example6,6,112.0,4.0,nan
ALNS-B,Example6,6,113.0,4.0,nan
ALNS-B,Example6,6,114.0,4.0,nan
ALNS-B,Example6,6,115.0,4.0,nan
ALNS-B,Example6,6,116.0,4.0,nan
ALNS-B,Example6,6,117.0,4.0,nan
ALNS-B,Example6,6,118.0,4.0,nan
ALNS-B,Example6,6,119.0,4.0,nan
ALNS-B,Example6,6,120.0,4.0,nan
ALNS-B,Example6,6,121.0,4.0,nan
ALNS-B,Example6,6,122.0,4.0,nan
ALNS-B,Example6,6,123.0,4.0,nan
ALNS-B,Example6,6,124.0,4.0,nan
ALNS-B,Example6,6,125.0,4.0,nan
ALNS-B,Example6,6,126.0,4.0,nan
ALNS-B,Example6,6,127.0,4.0,nan
ALNS-B,Example6,6,128.0,4.0,nan
ALNS-B,Example6,6,129.0,4.0,nan
ALNS-B,Example6,6,130.0,4.0,nan
ALNS-B,Example6,6,131.0,4.0,nan
ALNS-B,Example6,6,132.0,4.0,nan
ALNS-B,Example6,6,133.0,4.0,nan
ALNS-B,Example6,6,134.0,4.0,nan
ALNS-B,Example6,6,135.0,4.0,nan
ALNS-B,Example6,6,136.0,4.0,nan
ALNS-B,Example6,6,137.0,4.0,nan
ALNS-B,Example6,6,138.0,4.0,nan
ALNS-B,Example6,6,139.0,4.0,nan
ALNS-B,Example6,6,140.0,4.0,nan
ALNS-B,Example6,6,141.0,3.0,nan
ALNS-B,Example6,6,142.0,3.0,nan
ALNS-B,Example6,6,143.0,3.0,nan
ALNS-B,Example6,6,144.0,3.0,nan
ALNS-B,Example6,6,145.0,3.0,nan
ALNS-B,Example6,6,146.0,3.0,nan
ALNS-B,Example6,6,147.0,3.0,nan
ALNS-B,Example6,6,148.0,3.0,nan
ALNS-B,Example6,6,149.0,3.0,nan
ALNS-B,Example6,6,150.0,3.0,nan
ALNS-B,Example6,6,151.0,3.0,nan
ALNS-B,Example6,6,152.0,3.0,nan
ALNS-B,Example6,6,153.0,3.0,nan
ALNS-B,Example6,6,154.0,3.0,nan
ALNS-B,Example6,6,155.0,3.0,nan
ALNS-B,Example6,6,156.0,3.0,nan
ALNS-B,Example6,6,157.0,3.0,nan
ALNS-B,Example6,6,158.0,3.0,nan
ALNS-B,Example6,6,159.0,3.0,nan
ALNS-B,Example6,6,160.0,3.0,nan
ALNS-B,Example6,6,161.0,3.0,nan
ALNS-B,Example6,6,162.0,3.0,nan
ALNS-B,Example6,6,163.0,3.0,nan
ALNS-B,Example6,6,164.0,3.0,nan
ALNS-B,Example6,6,165.0,3.0,nan
ALNS-B,Example6,6,166.0,3.0,nan
ALNS-B,Example6,6,167.0,3.0,nan
ALNS-B,Example6,6,168.0,3.0,nan
ALNS-B,Example6,6,169.0,3.0,nan
ALNS-B,Example6,6,170.0,3.0,nan
ALNS-B,Example6,6,171.0,3.0,nan
ALNS-B,Example6,6,172.0,3.0,nan
ALNS-B,Example6,6,173.0,3.0,nan
ALNS-B,Example6,6,174.0,3.0,nan
ALNS-B,Example6,6,175.0,3.0,nan
ALNS-B,Example6,6,176.0,3.0,nan
ALNS-B,Example6,6,177.0,3.0,nan
ALNS-B,Example6,6,178.0,3.0,nan
ALNS-B,Example6,6,179.0,3.0,nan
ALNS-B,Example6,6,180.0,3.0,nan
ALNS-B,Example6,6,181.0,3.0,nan
ALNS-B,Example6,6,182.0,3.0,nan
ALNS-B,Example6,6,183.0,3.0,nan
ALNS-B,Example6,6,184.0,3.0,nan
ALNS-B,Example6,6,185.0,3.0,nan
ALNS-B,Example6,6,186.0,3.0,nan
ALNS-B,Example6,6,187.0,3.0,nan
ALNS-B,Example6,6,188.0,3.0,nan
ALNS-B,Example6,6,189.0,3.0,nan
ALNS-B,Example6,6,190.0,3.0,nan
ALNS-B,Example6,6,191.0,3.0,nan
ALNS-B,Example6,6,192.0,3.0,nan
ALNS-B,Example6,6,193.0,3.0,nan
ALNS-B,Example6,6,194.0,3.0,nan
ALNS-B,Example6,6,195.0,3.0,nan
ALNS-B,Example6,6,196.0,3.0,nan
ALNS-B,Example6,6,197.0,3.0,nan
ALNS-B,Example6,6,198.0,3.0,nan
ALNS-B,Example6,6,199.0,3.0,nan
ALNS-B,Example6,6,200.0,3.0,nan
ALNS-B,Example6,6,201.0,3.0,nan
ALNS-B,Example6,6,202.0,3.0,nan
ALNS-B,Example6,6,203.0,3.0,nan
ALNS-B,Example6,6,204.0,3.0,nan
ALNS-B,Example6,6,205.0,3.0,nan
ALNS-B,Example6,6,206.0,3.0,nan
ALNS-B,Example6,6,207.0,3.0,nan
ALNS-B,Example6,6,208.0,3.0,nan
ALNS-B,Example6,6,209.0,3.0,nan
ALNS-B,Example6,6,210.0,3.0,nan
ALNS-B,Example6,6,211.0,3.0,nan
ALNS-B,Example6,6,212.0,3.0,nan
ALNS-B,Example6,6,213.0,3.0,nan
ALNS-B,Example6,6,214.0,3.0,nan
ALNS-B,Example6,6,215.0,3.0,nan
ALNS-B,Example6,6,216.0,3.0,nan
ALNS-B,Example6,6,217.0,3.0,nan
ALNS-B,Example6,6,218.0,3.0,nan
ALNS-B,Example6,6,219.0,3.0,nan
ALNS-B,Example6,6,220.0,3.0,nan
ALNS-B,Example6,6,221.0,3.0,nan
ALNS-B,Example6,6,222.0,3.0,nan
ALNS-B,Example6,6,223.0,3.0,nan
ALNS-B,Example6,6,224.0,3.0,nan
ALNS-B,Example6,6,225.0,3.0,nan
ALNS-B,Example6,6,226.0,3.0,nan
ALNS-B,Example6,6,227.0,3.0,nan
ALNS-B,Example6,6,228.0,3.0,nan
ALNS-B,Example6,6,229.0,3.0,nan
ALNS-B,Example6,6,230.0,3.0,nan
ALNS-B,Example6,6,231.0,3.0,nan
ALNS-B,Example6,6,232.0,3.0,nan
ALNS-B,Example6,6,233.0,3.0,nan
ALNS-B,Example6,6,234.0,3.0,nan
ALNS-B,Example6,6,235.0,3.0,nan
ALNS-B,Example6,6,236.0,3.0,nan
ALNS-B,Example6,6,237.0,3.0,nan
ALNS-B,Example6,6,238.0,3.0,nan
ALNS-B,Example6,6,239.0,3.0,nan
ALNS-B,Example6,6,240.0,3.0,nan
ALNS-B,Example6,6,241.0,3.0,nan
ALNS-B,Example6,6,242.0,3.0,nan
ALNS-B,Example6,6,243.0,3.0,nan
ALNS-B,Example6,6,244.0,3.0,nan
ALNS-B,Example6,6,245.0,3.0,nan
ALNS-B,Example6,6,246.0,3.0,nan
ALNS-B,Example6,6,247.0,3.0,nan
ALNS-B,Example6,6,248.0,3.0,nan
ALNS-B,Example6,6,249.0,3.0,nan
ALNS-B,Example6,6,250.0,3.0,nan
ALNS-B,Example6,6,251.0,3.0,nan
ALNS-B,Example6,6,252.0,3.0,nan
ALNS-B,Example6,6,253.0,3.0,nan
ALNS-B,Example6,6,254.0,3.0,nan
ALNS-B,Example6,6,255.0,3.0,nan
ALNS-B,Example6,6,256.0,3.0,nan
ALNS-B,Example6,6,257.0,3.0,nan
ALNS-B,Example6,6,258.0,3.0,nan
ALNS-B,Example6,6,259.0,3.0,nan
ALNS-B,Example6,6,260.0,3.0,nan
ALNS-B,Example6,6,261.0,3.0,nan
ALNS-B,Example6,6,262.0,3.0,nan
ALNS-B,Example6,6,263.0,3.0,nan
ALNS-B,Example6,6,264.0,3.0,nan
ALNS-B,Example6,6,265.0,3.0,nan
ALNS-B,Example6,6,266.0,3.0,nan
ALNS-B,Example6,6,267.0,3.0,nan
ALNS-B,Example6,6,268.0,3.0,nan
ALNS-B,Example6,6,269.0,3.0,nan
ALNS-B,Example6,6,270.0,3.0,nan
ALNS-B,Example6,6,271.0,3.0,nan
ALNS-B,Example6,6,272.0,3.0,nan
ALNS-B,Example6,6,273.0,3.0,nan
ALNS-B,Example7,7,0.0,447.3333333333333,nan
ALNS-B,Example7,7,1.0,447.3333333333333,nan
ALNS-B,Example7,7,2.0,447.3333333333333,nan
ALNS-B,Example7,7,3.0,447.3333333333333,nan
ALNS-B,Example7,7,4.0,447.3333333333333,nan
ALNS-B,Example7,7,5.0,447.3333333333333,nan
ALNS-B,Example7,7,6.0,447.3333333333333,nan
ALNS-B,Example7,7,7.0,447.3333333333333,nan
ALNS-B,Example7,7,8.0,417.0,nan
ALNS-B,Example7,7,9.0,417.0,nan
ALNS-B,Example7,7,10.0,417.0,nan
ALNS-B,Example7,7,11.0,384.3333333333333,nan
ALNS-B,Example7,7,12.0,303.0,nan
ALNS-B,Example7,7,13.0,303.0,nan
ALNS-B,Example7,7,14.0,303.0,nan
ALNS-B,Example7,7,15.0,297.3333333333333,nan
ALNS-B,Example7,7,16.0,297.3333333333333,nan
ALNS-B,Example7,7,17.0,297.3333333333333,nan
ALNS-B,Example7,7,18.0,297.3333333333333,nan
ALNS-B,Example7,7,19.0,297.3333333333333,nan
ALNS-B,Example7,7,20.0,297.3333333333333,nan
ALNS-B,Example7,7,21.0,213.33333333333334,nan
ALNS-B,Example7,7,22.0,213.33333333333334,nan
ALNS-B,Example7,7,23.0,213.33333333333334,nan
ALNS-B,Example7,7,24.0,202.33333333333334,nan
ALNS-B,Example7,7,25.0,202.33333333333334,nan
ALNS-B,Example7,7,26.0,202.33333333333334,nan
ALNS-B,Example7,7,27.0,202.33333333333334,nan
ALNS-B,Example7,7,28.0,202.33333333333334,nan
ALNS-B,Example7,7,29.0,201.33333333333334,nan
ALNS-B,Example7,7,30.0,201.33333333333334,nan
ALNS-B,Example7,7,31.0,201.33333333333334,nan
ALNS-B,Example7,7,32.0,201.33333333333334,nan
ALNS-B,Example7,7,33.0,201.33333333333334,nan
ALNS-B,Example7,7,34.0,201.33333333333334,nan
ALNS-B,Example7,7,35.0,201.33333333333334,nan
ALNS-B,Example7,7,36.0,201.33333333333334,nan
ALNS-B,Example7,7,37.0,201.33333333333334,nan
ALNS-B,Example7,7,38.0,191.0,nan
ALNS-B,Example7,7,39.0,191.0,nan
ALNS-B,Example7,7,40.0,191.0,nan
ALNS-B,Example7,7,41.0,188.33333333333334,nan
ALNS-B,Example7,7,42.0,188.33333333333334,nan
ALNS-B,Example7,7,43.0,188.33333333333334,nan
ALNS-B,Example7,7,44.0,188.33333333333334,nan
ALNS-B,Example7,7,45.0,188.33333333333334,nan
ALNS-B,Example7,7,46.0,184.0,nan
ALNS-B,Example7,7,47.0,184.0,nan
ALNS-B,Example7,7,48.0,184.0,nan
ALNS-B,Example7,7,49.0,184.0,nan
ALNS-B,Example7,7,50.0,169.66666666666666,nan
ALNS-B,Example7,7,51.0,169.66666666666666,nan
ALNS-B,Example7,7,52.0,169.66666666666666,nan
ALNS-B,Example7,7,53.0,169.66666666666666,nan
ALNS-B,Example7,7,54.0,169.66666666666666,nan
ALNS-B,Example7,7,55.0,169.66666666666666,nan
ALNS-B,Example7,7,56.0,169.66666666666666,nan
ALNS-B,Example7,7,57.0,169.66666666666666,nan
ALNS-B,Example7,7,58.0,169.66666666666666,nan
ALNS-B,Example7,7,59.0,169.66666666666666,nan
ALNS-B,Example7,7,60.0,169.66666666666666,nan
ALNS-B,Example7,7,61.0,169.66666666666666,nan
ALNS-B,Example7,7,62.0,169.66666666666666,nan
ALNS-B,Example7,7,63.0,169.66666666666666,nan
ALNS-B,Example7,7,64.0,169.66666666666666,nan
ALNS-B,Example7,7,65.0,169.66666666666666,nan
ALNS-B,Example7,7,66.0,169.66666666666666,nan
ALNS-B,Example7,7,67.0,169.66666666666666,nan
ALNS-B,Example7,7,68.0,169.66666666666666,nan
ALNS-B,Example7,7,69.0,169.66666666666666,nan
ALNS-B,Example7,7,70.0,169.66666666666666,nan
ALNS-B,Example7,7,71.0,169.66666666666666,nan
ALNS-B,Example7,7,72.0,169.66666666666666,nan
ALNS-B,Example7,7,73.0,169.66666666666666,nan
ALNS-B,Example7,7,74.0,169.33333333333334,nan
ALNS-B,Example7,7,75.0,169.33333333333334,nan
ALNS-B,Example7,7,76.0,169.33333333333334,nan
ALNS-B,Example7,7,77.0,169.33333333333334,nan
ALNS-B,Example7,7,78.0,168.66666666666666,nan
ALNS-B,Example7,7,79.0,168.66666666666666,nan
ALNS-B,Example7,7,80.0,168.66666666666666,nan
ALNS-B,Example7,7,81.0,168.66666666666666,nan
ALNS-B,Example7,7,82.0,168.66666666666666,nan
ALNS-B,Example7,7,83.0,168.66666666666666,nan
ALNS-B,Example7,7,84.0,168.66666666666666,nan
ALNS-B,Example7,7,85.0,168.66666666666666,nan
ALNS-B,Example7,7,86.0,168.66666666666666,nan
ALNS-B,Example7,7,87.0,162.0,nan
ALNS-B,Example7,7,88.0,162.0,nan
ALNS-B,Example7,7,89.0,162.0,nan
ALNS-B,Example7,7,90.0,162.0,nan
ALNS-B,Example7,7,91.0,162.0,nan
ALNS-B,Example7,7,92.0,162.0,nan
ALNS-B,Example7,7,93.0,162.0,nan
ALNS-B,Example7,7,94.0,162.0,nan
ALNS-B,Example7,7,95.0,162.0,nan
ALNS-B,Example7,7,96.0,162.0,nan
ALNS-B,Example7,7,97.0,162.0,nan
ALNS-B,Example7,7,98.0,149.66666666666666,nan
ALNS-B,Example7,7,99.0,147.0,nan
ALNS-B,Example7,7,100.0,147.0,nan
ALNS-B,Example7,7,101.0,147.0,nan
ALNS-B,Example7,7,102.0,147.0,nan
ALNS-B,Example7,7,103.0,147.0,nan
ALNS-B,Example7,7,104.0,147.0,nan
ALNS-B,Example7,7,105.0,147.0,nan
ALNS-B,Example7,7,106.0,147.0,nan
ALNS-B,Example7,7,107.0,147.0,nan
ALNS-B,Example7,7,108.0,147.0,nan
ALNS-B,Example7,7,109.0,147.0,nan
ALNS-B,Example7,7,110.0,147.0,nan
ALNS-B,Example7,7,111.0,147.0,nan
ALNS-B,Example7,7,112.0,147.0,nan
ALNS-B,Example7,7,113.0,147.0,nan
ALNS-B,Example7,7,114.0,147.0,nan
ALNS-B,Example7,7,115.0,147.0,nan
ALNS-B,Example7,7,116.0,147.0,nan
ALNS-B,Example7,7,117.0,147.0,nan
ALNS-B,Example7,7,118.0,142.66666666666666,nan
ALNS-B,Example7,7,119.0,142.66666666666666,nan
ALNS-B,Example7,7,120.0,142.66666666666666,nan
ALNS-B,Example7,7,121.0,142.66666666666666,nan
ALNS-B,Example7,7,122.0,142.66666666666666,nan
ALNS-B,Example7,7,123.0,142.66666666666666,nan
ALNS-B,Example7,7,124.0,142.66666666666666,nan
ALNS-B,Example7,7,125.0,142.66666666666666,nan
ALNS-B,Example7,7,126.0,142.66666666666666,nan
ALNS-B,Example7,7,127.0,142.66666666666666,nan
ALNS-B,Example7,7,128.0,142.66666666666666,nan
ALNS-B,Example7,7,129.0,142.66666666666666,nan
ALNS-B,Example7,7,130.0,142.66666666666666,nan
ALNS-B,Example7,7,131.0,142.66666666666666,nan
ALNS-B,Example7,7,132.0,142.66666666666666,nan
ALNS-B,Example7,7,133.0,142.66666666666666,nan
ALNS-B,Example7,7,134.0,142.66666666666666,nan
ALNS-B,Example7,7,135.0,142.66666666666666,nan
ALNS-B,Example7,7,136.0,142.66666666666666,nan
ALNS-B,Example7,7,137.0,142.66666666666666,nan
ALNS-B,Example7,7,138.0,142.66666666666666,nan
ALNS-B,Example7,7,139.0,142.66666666666666,nan
ALNS-B,Example7,7,140.0,142.66666666666666,nan
ALNS-B,Example7,7,141.0,142.66666666666666,nan
ALNS-B,Example7,7,142.0,142.66666666666666,nan
ALNS-B,Example7,7,143.0,142.66666666666666,nan
ALNS-B,Example7,7,144.0,142.66666666666666,nan
ALNS-B,Example7,7,145.0,142.66666666666666,nan
ALNS-B,Example7,7,146.0,142.66666666666666,nan
ALNS-B,Example7,7,147.0,142.66666666666666,nan
ALNS-B,Example7,7,148.0,142.66666666666666,nan
ALNS-B,Example7,7,149.0,142.66666666666666,nan
ALNS-B,Example7,7,150.0,141.33333333333334,nan
ALNS-B,Example7,7,151.0,141.33333333333334,nan
ALNS-B,Example7,7,152.0,141.33333333333334,nan
ALNS-B,Example7,7,153.0,141.33333333333334,nan
ALNS-B,Example7,7,154.0,141.33333333333334,nan
ALNS-B,Example7,7,155.0,141.33333333333334,nan
ALNS-B,Example7,7,156.0,141.33333333333334,nan
ALNS-B,Example7,7,157.0,141.33333333333334,nan
ALNS-B,Example7,7,158.0,141.33333333333334,nan
ALNS-B,Example7,7,159.0,141.33333333333334,nan
ALNS-B,Example7,7,160.0,141.33333333333334,nan
ALNS-B,Example7,7,161.0,141.33333333333334,nan
ALNS-B,Example7,7,162.0,141.33333333333334,nan
ALNS-B,Example7,7,163.0,141.33333333333334,nan
ALNS-B,Example7,7,164.0,141.33333333333334,nan
ALNS-B,Example7,7,165.0,133.0,nan
ALNS-B,Example7,7,166.0,133.0,nan
ALNS-B,Example7,7,167.0,133.0,nan
ALNS-B,Example7,7,168.0,133.0,nan
ALNS-B,Example7,7,169.0,133.0,nan
ALNS-B,Example7,7,170.0,133.0,nan
ALNS-B,Example7,7,171.0,133.0,nan
ALNS-B,Example7,7,172.0,133.0,nan
ALNS-B,Example7,7,173.0,133.0,nan
ALNS-B,Example7,7,174.0,133.0,nan
ALNS-B,Example7,7,175.0,133.0,nan
ALNS-B,Example7,7,176.0,133.0,nan
ALNS-B,Example7,7,177.0,133.0,nan
ALNS-B,Example7,7,178.0,133.0,nan
ALNS-B,Example7,7,179.0,133.0,nan
ALNS-B,Example7,7,180.0,133.0,nan
ALNS-B,Example7,7,181.0,133.0,nan
ALNS-B,Example7,7,182.0,133.0,nan
ALNS-B,Example7,7,183.0,123.66666666666667,nan
ALNS-B,Example7,7,184.0,123.66666666666667,nan
ALNS-B,Example7,7,185.0,123.66666666666667,nan
ALNS-B,Example7,7,186.0,123.66666666666667,nan
ALNS-B,Example7,7,187.0,123.66666666666667,nan
ALNS-B,Example7,7,188.0,123.66666666666667,nan
ALNS-B,Example7,7,189.0,123.66666666666667,nan
ALNS-B,Example7,7,190.0,123.66666666666667,nan
ALNS-B,Example7,7,191.0,123.66666666666667,nan
ALNS-B,Example7,7,192.0,123.66666666666667,nan
ALNS-B,Example7,7,193.0,123.66666666666667,nan
ALNS-B,Example7,7,194.0,123.66666666666667,nan
ALNS-B,Example7,7,195.0,123.66666666666667,nan
ALNS-B,Example7,7,196.0,123.66666666666667,nan
ALNS-B,Example7,7,197.0,123.66666666666667,nan
ALNS-B,Example7,7,198.0,123.66666666666667,nan
ALNS-B,Example7,7,199.0,123.66666666666667,nan
ALNS-B,Example7,7,200.0,123.66666666666667,nan
ALNS-B,Example7,7,201.0,123.66666666666667,nan
ALNS-B,Example7,7,202.0,123.66666666666667,nan
ALNS-B,Example7,7,203.0,123.66666666666667,nan
ALNS-B,Example7,7,204.0,123.66666666666667,nan
ALNS-B,Example7,7,205.0,123.66666666666667,nan
ALNS-B,Example7,7,206.0,123.66666666666667,nan
ALNS-B,Example7,7,207.0,123.66666666666667,nan
ALNS-B,Example7,7,208.0,123.66666666666667,nan
ALNS-B,Example7,7,209.0,123.66666666666667,nan
ALNS-B,Example7,7,210.0,123.66666666666667,nan
ALNS-B,Example7,7,211.0,123.66666666666667,nan
ALNS-B,Example7,7,212.0,123.66666666666667,nan
ALNS-B,Example7,7,213.0,123.66666666666667,nan
ALNS-B,Example7,7,214.0,123.66666666666667,nan
ALNS-B,Example7,7,215.0,123.66666666666667,nan
ALNS-B,Example7,7,216.0,123.66666666666667,nan
ALNS-B,Example7,7,217.0,123.66666666666667,nan
ALNS-B,Example7,7,218.0,123.66666666666667,nan
ALNS-B,Example7,7,219.0,123.66666666666667,nan
ALNS-B,Example7,7,220.0,123.66666666666667,nan
ALNS-B,Example7,7,221.0,123.66666666666667,nan
ALNS-B,Example7,7,222.0,123.66666666666667,nan
ALNS-B,Example7,7,223.0,123.66666666666667,nan
ALNS-B,Example7,7,224.0,123.66666666666667,nan
ALNS-B,Example7,7,225.0,123.66666666666667,nan
ALNS-B,Example7,7,226.0,123.66666666666667,nan
ALNS-B,Example7,7,227.0,123.66666666666667,nan
ALNS-B,Example7,7,228.0,123.66666666666667,nan
ALNS-B,Example7,7,229.0,123.66666666666667,nan
ALNS-B,Example7,7,230.0,123.66666666666667,nan
ALNS-B,Example7,7,231.0,123.66666666666667,nan
ALNS-B,Example7,7,232.0,123.66666666666667,nan
ALNS-B,Example7,7,233.0,123.66666666666667,nan
ALNS-B,Example7,7,234.0,123.66666666666667,nan
ALNS-B,Example7,7,235.0,123.66666666666667,nan
ALNS-B,Example7,7,236.0,123.66666666666667,nan
ALNS-B,Example7,7,237.0,123.66666666666667,nan
ALNS-B,Example7,7,238.0,123.66666666666667,nan
ALNS-B,Example7,7,239.0,123.66666666666667,nan
ALNS-B,Example7,7,240.0,123.66666666666667,nan
ALNS-B,Example7,7,241.0,123.66666666666667,nan
ALNS-B,Example7,7,242.0,123.66666666666667,nan
ALNS-B,Example7,7,243.0,123.66666666666667,nan
ALNS-B,Example7,7,244.0,123.66666666666667,nan
ALNS-B,Example7,7,245.0,123.66666666666667,nan
ALNS-B,Example7,7,246.0,123.66666666666667,nan
ALNS-B,Example7,7,247.0,123.66666666666667,nan
ALNS-B,Example7,7,248.0,123.66666666666667,nan
ALNS-B,Example7,7,249.0,123.66666666666667,nan
ALNS-B,Example7,7,250.0,123.66666666666667,nan
ALNS-B,Example7,7,251.0,123.66666666666667,nan
ALNS-B,Example7,7,252.0,123.66666666666667,nan
ALNS-B,Example7,7,253.0,123.66666666666667,nan
ALNS-B,Example7,7,254.0,123.66666666666667,nan
ALNS-B,Example7,7,255.0,123.66666666666667,nan
ALNS-B,Example7,7,256.0,123.66666666666667,nan
ALNS-B,Example7,7,257.0,123.66666666666667,nan
ALNS-B,Example7,7,258.0,123.66666666666667,nan
ALNS-B,Example7,7,259.0,123.66666666666667,nan
ALNS-B,Example7,7,260.0,123.66666666666667,nan
ALNS-B,Example7,7,261.0,123.66666666666667,nan
ALNS-B,Example7,7,262.0,123.66666666666667,nan
ALNS-B,Example7,7,263.0,123.66666666666667,nan
ALNS-B,Example7,7,264.0,123.66666666666667,nan
ALNS-B,Example7,7,265.0,123.66666666666667,nan
ALNS-B,Example7,7,266.0,123.66666666666667,nan
ALNS-B,Example7,7,267.0,123.66666666666667,nan
ALNS-B,Example7,7,268.0,123.66666666666667,nan
ALNS-B,Example7,7,269.0,123.66666666666667,nan
ALNS-B,Example7,7,270.0,123.66666666666667,nan
ALNS-B,Example7,7,271.0,123.66666666666667,nan
ALNS-B,Example7,7,272.0,123.66666666666667,nan
ALNS-B,Example7,7,273.0,123.66666666666667,nan
ALNS-B,Example8,8,0.0,65.33333333333333,nan
ALNS-B,Example8,8,1.0,65.33333333333333,nan
ALNS-B,Example8,8,2.0,65.0,nan
ALNS-B,Example8,8,3.0,65.0,nan
ALNS-B,Example8,8,4.0,65.0,nan
ALNS-B,Example8,8,5.0,62.666666666666664,nan
ALNS-B,Example8,8,6.0,45.666666666666664,nan
ALNS-B,Example8,8,7.0,45.666666666666664,nan
ALNS-B,Example8,8,8.0,45.666666666666664,nan
ALNS-B,Example8,8,9.0,44.0,nan
ALNS-B,Example8,8,10.0,44.0,nan
ALNS-B,Example8,8,11.0,39.333333333333336,nan
ALNS-B,Example8,8,12.0,39.333333333333336,nan
ALNS-B,Example8,8,13.0,33.0,nan
ALNS-B,Example8,8,14.0,33.0,nan
ALNS-B,Example8,8,15.0,32.666666666666664,nan
ALNS-B,Example8,8,16.0,32.666666666666664,nan
ALNS-B,Example8,8,17.0,32.666666666666664,nan
ALNS-B,Example8,8,18.0,32.666666666666664,nan
ALNS-B,Example8,8,19.0,32.666666666666664,nan
ALNS-B,Example8,8,20.0,32.666666666666664,nan
ALNS-B,Example8,8,21.0,31.333333333333332,nan
ALNS-B,Example8,8,22.0,31.0,nan
ALNS-B,Example8,8,23.0,29.0,nan
ALNS-B,Example8,8,24.0,29.0,nan
ALNS-B,Example8,8,25.0,29.0,nan
ALNS-B,Example8,8,26.0,29.0,nan
ALNS-B,Example8,8,27.0,29.0,nan
ALNS-B,Example8,8,28.0,29.0,nan
ALNS-B,Example8,8,29.0,18.666666666666668,nan
ALNS-B,Example8,8,30.0,18.666666666666668,nan
ALNS-B,Example8,8,31.0,18.666666666666668,nan
ALNS-B,Example8,8,32.0,18.666666666666668,nan
ALNS-B,Example8,8,33.0,15.666666666666666,nan
ALNS-B,Example8,8,34.0,15.666666666666666,nan
ALNS-B,Example8,8,35.0,15.666666666666666,nan
ALNS-B,Example8,8,36.0,15.666666666666666,nan
ALNS-B,Example8,8,37.0,15.666666666666666,nan
ALNS-B,Example8,8,38.0,15.666666666666666,nan
ALNS-B,Example8,8,39.0,15.666666666666666,nan
ALNS-B,Example8,8,40.0,15.666666666666666,nan
ALNS-B,Example8,8,41.0,15.666666666666666,nan
ALNS-B,Example8,8,42.0,15.666666666666666,nan
ALNS-B,Example8,8,43.0,15.666666666666666,nan
ALNS-B,Example8,8,44.0,15.666666666666666,nan
ALNS-B,Example8,8,45.0,15.666666666666666,nan
ALNS-B,Example8,8,46.0,15.666666666666666,nan
ALNS-B,Example8,8,47.0,15.666666666666666,nan
ALNS-B,Example8,8,48.0,15.666666666666666,nan
ALNS-B,Example8,8,49.0,15.666666666666666,nan
ALNS-B,Example8,8,50.0,15.666666666666666,nan
ALNS-B,Example8,8,51.0,15.666666666666666,nan
ALNS-B,Example8,8,52.0,15.666666666666666,nan
ALNS-B,Example8,8,53.0,15.666666666666666,nan
ALNS-B,Example8,8,54.0,15.666666666666666,nan
ALNS-B,Example8,8,55.0,15.666666666666666,nan
ALNS-B,Example8,8,56.0,15.666666666666666,nan
ALNS-B,Example8,8,57.0,15.666666666666666,nan
ALNS-B,Example8,8,58.0,15.666666666666666,nan
ALNS-B,Example8,8,59.0,15.666666666666666,nan
ALNS-B,Example8,8,60.0,15.666666666666666,nan
ALNS-B,Example8,8,61.0,15.666666666666666,nan
ALNS-B,Example8,8,62.0,15.666666666666666,nan
ALNS-B,Example8,8,63.0,14.666666666666666,nan
ALNS-B,Example8,8,64.0,14.666666666666666,nan
ALNS-B,Example8,8,65.0,14.666666666666666,nan
ALNS-B,Example8,8,66.0,14.666666666666666,nan
ALNS-B,Example8,8,67.0,14.666666666666666,nan
ALNS-B,Example8,8,68.0,14.666666666666666,nan
ALNS-B,Example8,8,69.0,14.666666666666666,nan
ALNS-B,Example8,8,70.0,14.666666666666666,nan
ALNS-B,Example8,8,71.0,14.666666666666666,nan
ALNS-B,Example8,8,72.0,14.666666666666666,nan
ALNS-B,Example8,8,73.0,14.666666666666666,nan
ALNS-B,Example8,8,74.0,14.666666666666666,nan
ALNS-B,Example8,8,75.0,14.666666666666666,nan
ALNS-B,Example8,8,76.0,14.666666666666666,nan
ALNS-B,Example8,8,77.0,14.666666666666666,nan
ALNS-B,Example8,8,78.0,14.666666666666666,nan
ALNS-B,Example8,8,79.0,14.666666666666666,nan
ALNS-B,Example8,8,80.0,14.666666666666666,nan
ALNS-B,Example8,8,81.0,14.666666666666666,nan
ALNS-B,Example8,8,82.0,14.666666666666666,nan
ALNS-B,Example8,8,83.0,14.666666666666666,nan
ALNS-B,Example8,8,84.0,14.666666666666666,nan
ALNS-B,Example8,8,85.0,14.666666666666666,nan
ALNS-B,Example8,8,86.0,14.666666666666666,nan
ALNS-B,Example8,8,87.0,14.666666666666666,nan
ALNS-B,Example8,8,88.0,14.666666666666666,nan
ALNS-B,Example8,8,89.0,14.666666666666666,nan
ALNS-B,Example8,8,90.0,14.666666666666666,nan
ALNS-B,Example8,8,91.0,14.666666666666666,nan
ALNS-B,Example8,8,92.0,14.333333333333334,nan
ALNS-B,Example8,8,93.0,13.333333333333334,nan
ALNS-B,Example8,8,94.0,13.333333333333334,nan
ALNS-B,Example8,8,95.0,12.666666666666666,nan
ALNS-B,Example8,8,96.0,12.666666666666666,nan
ALNS-B,Example8,8,97.0,12.0,nan
ALNS-B,Example8,8,98.0,11.333333333333334,nan
ALNS-B,Example8,8,99.0,10.666666666666666,nan
ALNS-B,Example8,8,100.0,10.666666666666666,nan
ALNS-B,Example8,8,101.0,10.666666666666666,nan
ALNS-B,Example8,8,102.0,9.666666666666666,nan
ALNS-B,Example8,8,103.0,9.666666666666666,nan
ALNS-B,Example8,8,104.0,9.666666666666666,nan
ALNS-B,Example8,8,105.0,9.666666666666666,nan
ALNS-B,Example8,8,106.0,9.666666666666666,nan
ALNS-B,Example8,8,107.0,9.666666666666666,nan
ALNS-B,Example8,8,108.0,9.666666666666666,nan
ALNS-B,Example8,8,109.0,9.0,nan
ALNS-B,Example8,8,110.0,8.666666666666666,nan
ALNS-B,Example8,8,111.0,8.666666666666666,nan
ALNS-B,Example8,8,112.0,8.666666666666666,nan
ALNS-B,Example8,8,113.0,8.666666666666666,nan
ALNS-B,Example8,8,114.0,8.666666666666666,nan
ALNS-B,Example8,8,115.0,8.666666666666666,nan
ALNS-B,Example8,8,116.0,8.666666666666666,nan
ALNS-B,Example8,8,117.0,8.666666666666666,nan
ALNS-B,Example8,8,118.0,8.666666666666666,nan
ALNS-B,Example8,8,119.0,8.666666666666666,nan
ALNS-B,Example8,8,120.0,8.666666666666666,nan
ALNS-B,Example8,8,121.0,8.666666666666666,nan
ALNS-B,Example8,8,122.0,8.666666666666666,nan
ALNS-B,Example8,8,123.0,8.666666666666666,nan
ALNS-B,Example8,8,124.0,8.666666666666666,nan
ALNS-B,Example8,8,125.0,8.666666666666666,nan
ALNS-B,Example8,8,126.0,8.666666666666666,nan
ALNS-B,Example8,8,127.0,8.666666666666666,nan
ALNS-B,Example8,8,128.0,8.333333333333334,nan
ALNS-B,Example8,8,129.0,8.333333333333334,nan
ALNS-B,Example8,8,130.0,7.666666666666667,nan
ALNS-B,Example8,8,131.0,7.666666666666667,nan
ALNS-B,Example8,8,132.0,7.0,nan
ALNS-B,Example8,8,133.0,7.0,nan
ALNS-B,Example8,8,134.0,7.0,nan
ALNS-B,Example8,8,135.0,7.0,nan
ALNS-B,Example8,8,136.0,7.0,nan
ALNS-B,Example8,8,137.0,7.0,nan
ALNS-B,Example8,8,138.0,7.0,nan
ALNS-B,Example8,8,139.0,7.0,nan
ALNS-B,Example8,8,140.0,6.666666666666667,nan
ALNS-B,Example8,8,141.0,6.666666666666667,nan
ALNS-B,Example8,8,142.0,6.666666666666667,nan
ALNS-B,Example8,8,143.0,6.666666666666667,nan
ALNS-B,Example8,8,144.0,6.666666666666667,nan
ALNS-B,Example8,8,145.0,6.666666666666667,nan
ALNS-B,Example8,8,146.0,6.666666666666667,nan
ALNS-B,Example8,8,147.0,6.666666666666667,nan
ALNS-B,Example8,8,148.0,6.666666666666667,nan
ALNS-B,Example8,8,149.0,6.666666666666667,nan
ALNS-B,Example8,8,150.0,6.666666666666667,nan
ALNS-B,Example8,8,151.0,6.666666666666667,nan
ALNS-B,Example8,8,152.0,6.666666666666667,nan
ALNS-B,Example8,8,153.0,6.666666666666667,nan
ALNS-B,Example8,8,154.0,6.666666666666667,nan
ALNS-B,Example8,8,155.0,6.666666666666667,nan
ALNS-B,Example8,8,156.0,6.666666666666667,nan
ALNS-B,Example8,8,157.0,6.333333333333333,nan
ALNS-B,Example8,8,158.0,6.333333333333333,nan
ALNS-B,Example8,8,159.0,6.333333333333333,nan
ALNS-B,Example8,8,160.0,6.333333333333333,nan
ALNS-B,Example8,8,161.0,6.333333333333333,nan
ALNS-B,Example8,8,162.0,6.333333333333333,nan
ALNS-B,Example8,8,163.0,6.333333333333333,nan
ALNS-B,Example8,8,164.0,6.333333333333333,nan
ALNS-B,Example8,8,165.0,6.333333333333333,nan
ALNS-B,Example8,8,166.0,6.333333333333333,nan
ALNS-B,Example8,8,167.0,6.333333333333333,nan
ALNS-B,Example8,8,168.0,6.333333333333333,nan
ALNS-B,Example8,8,169.0,6.333333333333333,nan
ALNS-B,Example8,8,170.0,6.333333333333333,nan
ALNS-B,Example8,8,171.0,6.333333333333333,nan
ALNS-B,Example8,8,172.0,6.333333333333333,nan
ALNS-B,Example8,8,173.0,6.333333333333333,nan
ALNS-B,Example8,8,174.0,6.333333333333333,nan
ALNS-B,Example8,8,175.0,6.333333333333333,nan
ALNS-B,Example8,8,176.0,6.333333333333333,nan
ALNS-B,Example8,8,177.0,6.333333333333333,nan
ALNS-B,Example8,8,178.0,6.333333333333333,nan
ALNS-B,Example8,8,179.0,6.333333333333333,nan
ALNS-B,Example8,8,180.0,6.333333333333333,nan
ALNS-B,Example8,8,181.0,6.333333333333333,nan
ALNS-B,Example8,8,182.0,6.333333333333333,nan
ALNS-B,Example8,8,183.0,6.333333333333333,nan
ALNS-B,Example8,8,184.0,6.333333333333333,nan
ALNS-B,Example8,8,185.0,6.333333333333333,nan
ALNS-B,Example8,8,186.0,6.333333333333333,nan
ALNS-B,Example8,8,187.0,6.333333333333333,nan
ALNS-B,Example8,8,188.0,6.333333333333333,nan
ALNS-B,Example8,8,189.0,6.333333333333333,nan
ALNS-B,Example8,8,190.0,6.333333333333333,nan
ALNS-B,Example8,8,191.0,6.333333333333333,nan
ALNS-B,Example8,8,192.0,6.333333333333333,nan
ALNS-B,Example8,8,193.0,6.333333333333333,nan
ALNS-B,Example8,8,194.0,6.333333333333333,nan
ALNS-B,Example8,8,195.0,6.333333333333333,nan
ALNS-B,Example8,8,196.0,6.333333333333333,nan
ALNS-B,Example8,8,197.0,6.333333333333333,nan
ALNS-B,Example8,8,198.0,6.333333333333333,nan
ALNS-B,Example8,8,199.0,6.333333333333333,nan
ALNS-B,Example8,8,200.0,6.333333333333333,nan
ALNS-B,Example8,8,201.0,6.333333333333333,nan
ALNS-B,Example8,8,202.0,6.333333333333333,nan
ALNS-B,Example8,8,203.0,6.333333333333333,nan
ALNS-B,Example8,8,204.0,6.333333333333333,nan
ALNS-B,Example8,8,205.0,6.333333333333333,nan
ALNS-B,Example8,8,206.0,6.333333333333333,nan
ALNS-B,Example8,8,207.0,6.333333333333333,nan
ALNS-B,Example8,8,208.0,6.333333333333333,nan
ALNS-B,Example8,8,209.0,6.333333333333333,nan
ALNS-B,Example8,8,210.0,6.333333333333333,nan
ALNS-B,Example8,8,211.0,6.333333333333333,nan
ALNS-B,Example8,8,212.0,6.333333333333333,nan
ALNS-B,Example8,8,213.0,6.333333333333333,nan
ALNS-B,Example8,8,214.0,6.333333333333333,nan
ALNS-B,Example8,8,215.0,6.333333333333333,nan
ALNS-B,Example8,8,216.0,6.333333333333333,nan
ALNS-B,Example8,8,217.0,6.333333333333333,nan
ALNS-B,Example8,8,218.0,6.333333333333333,nan
ALNS-B,Example8,8,219.0,6.333333333333333,nan
ALNS-B,Example8,8,220.0,6.333333333333333,nan
ALNS-B,Example8,8,221.0,6.333333333333333,nan
ALNS-B,Example8,8,222.0,6.333333333333333,nan
ALNS-B,Example8,8,223.0,6.333333333333333,nan
ALNS-B,Example8,8,224.0,6.333333333333333,nan
ALNS-B,Example8,8,225.0,6.333333333333333,nan
ALNS-B,Example8,8,226.0,6.333333333333333,nan
ALNS-B,Example8,8,227.0,6.333333333333333,nan
ALNS-B,Example8,8,228.0,6.333333333333333,nan
ALNS-B,Example8,8,229.0,6.333333333333333,nan
ALNS-B,Example8,8,230.0,6.333333333333333,nan
ALNS-B,Example8,8,231.0,6.333333333333333,nan
ALNS-B,Example8,8,232.0,6.333333333333333,nan
ALNS-B,Example8,8,233.0,6.333333333333333,nan
ALNS-B,Example8,8,234.0,6.333333333333333,nan
ALNS-B,Example8,8,235.0,6.333333333333333,nan
ALNS-B,Example8,8,236.0,6.333333333333333,nan
ALNS-B,Example8,8,237.0,6.333333333333333,nan
ALNS-B,Example8,8,238.0,6.333333333333333,nan
ALNS-B,Example8,8,239.0,6.333333333333333,nan
ALNS-B,Example8,8,240.0,6.333333333333333,nan
ALNS-B,Example8,8,241.0,6.333333333333333,nan
ALNS-B,Example8,8,242.0,6.333333333333333,nan
ALNS-B,Example8,8,243.0,6.333333333333333,nan
ALNS-B,Example8,8,244.0,6.333333333333333,nan
ALNS-B,Example8,8,245.0,6.333333333333333,nan
ALNS-B,Example8,8,246.0,6.333333333333333,nan
ALNS-B,Example8,8,247.0,6.333333333333333,nan
ALNS-B,Example8,8,248.0,6.333333333333333,nan
ALNS-B,Example8,8,249.0,6.333333333333333,nan
ALNS-B,Example8,8,250.0,6.333333333333333,nan
ALNS-B,Example8,8,251.0,6.333333333333333,nan
ALNS-B,Example8,8,252.0,6.333333333333333,nan
ALNS-B,Example8,8,253.0,6.333333333333333,nan
ALNS-B,Example8,8,254.0,6.333333333333333,nan
ALNS-B,Example8,8,255.0,6.333333333333333,nan
ALNS-B,Example8,8,256.0,6.333333333333333,nan
ALNS-B,Example8,8,257.0,6.333333333333333,nan
ALNS-B,Example8,8,258.0,6.333333333333333,nan
ALNS-B,Example8,8,259.0,6.333333333333333,nan
ALNS-B,Example8,8,260.0,6.333333333333333,nan
ALNS-B,Example8,8,261.0,6.333333333333333,nan
ALNS-B,Example8,8,262.0,6.333333333333333,nan
ALNS-B,Example8,8,263.0,6.333333333333333,nan
ALNS-B,Example8,8,264.0,6.333333333333333,nan
ALNS-B,Example8,8,265.0,6.333333333333333,nan
ALNS-B,Example8,8,266.0,6.333333333333333,nan
ALNS-B,Example8,8,267.0,6.333333333333333,nan
ALNS-B,Example8,8,268.0,6.333333333333333,nan
ALNS-B,Example8,8,269.0,6.333333333333333,nan
ALNS-B,Example8,8,270.0,6.333333333333333,nan
ALNS-B,Example8,8,271.0,6.333333333333333,nan
ALNS-B,Example8,8,272.0,6.333333333333333,nan
ALNS-B,Example8,8,273.0,6.333333333333333,nan
ALNS-B,Example9,9,0.0,353.6666666666667,nan
ALNS-B,Example9,9,1.0,353.6666666666667,nan
ALNS-B,Example9,9,2.0,353.6666666666667,nan
ALNS-B,Example9,9,3.0,353.6666666666667,nan
ALNS-B,Example9,9,4.0,353.6666666666667,nan
ALNS-B,Example9,9,5.0,353.6666666666667,nan
ALNS-B,Example9,9,6.0,353.6666666666667,nan
ALNS-B,Example9,9,7.0,353.6666666666667,nan
ALNS-B,Example9,9,8.0,353.6666666666667,nan
ALNS-B,Example9,9,9.0,353.6666666666667,nan
ALNS-B,Example9,9,10.0,353.6666666666667,nan
ALNS-B,Example9,9,11.0,353.6666666666667,nan
ALNS-B,Example9,9,12.0,353.6666666666667,nan
ALNS-B,Example9,9,13.0,353.6666666666667,nan
ALNS-B,Example9,9,14.0,353.6666666666667,nan
ALNS-B,Example9,9,15.0,277.6666666666667,nan
ALNS-B,Example9,9,16.0,277.6666666666667,nan
ALNS-B,Example9,9,17.0,277.6666666666667,nan
ALNS-B,Example9,9,18.0,277.6666666666667,nan
ALNS-B,Example9,9,19.0,277.6666666666667,nan
ALNS-B,Example9,9,20.0,277.6666666666667,nan
ALNS-B,Example9,9,21.0,184.0,nan
ALNS-B,Example9,9,22.0,184.0,nan
ALNS-B,Example9,9,23.0,184.0,nan
ALNS-B,Example9,9,24.0,184.0,nan
ALNS-B,Example9,9,25.0,153.33333333333334,nan
ALNS-B,Example9,9,26.0,153.33333333333334,nan
ALNS-B,Example9,9,27.0,153.33333333333334,nan
ALNS-B,Example9,9,28.0,153.33333333333334,nan
ALNS-B,Example9,9,29.0,153.33333333333334,nan
ALNS-B,Example9,9,30.0,153.33333333333334,nan
ALNS-B,Example9,9,31.0,153.33333333333334,nan
ALNS-B,Example9,9,32.0,144.0,nan
ALNS-B,Example9,9,33.0,144.0,nan
ALNS-B,Example9,9,34.0,144.0,nan
ALNS-B,Example9,9,35.0,144.0,nan
ALNS-B,Example9,9,36.0,144.0,nan
ALNS-B,Example9,9,37.0,144.0,nan
ALNS-B,Example9,9,38.0,144.0,nan
ALNS-B,Example9,9,39.0,144.0,nan
ALNS-B,Example9,9,40.0,144.0,nan
ALNS-B,Example9,9,41.0,144.0,nan
ALNS-B,Example9,9,42.0,144.0,nan
ALNS-B,Example9,9,43.0,144.0,nan
ALNS-B,Example9,9,44.0,144.0,nan
ALNS-B,Example9,9,45.0,144.0,nan
ALNS-B,Example9,9,46.0,144.0,nan
ALNS-B,Example9,9,47.0,144.0,nan
ALNS-B,Example9,9,48.0,144.0,nan
ALNS-B,Example9,9,49.0,144.0,nan
ALNS-B,Example9,9,50.0,144.0,nan
ALNS-B,Example9,9,51.0,144.0,nan
ALNS-B,Example9,9,52.0,144.0,nan
ALNS-B,Example9,9,53.0,144.0,nan
ALNS-B,Example9,9,54.0,144.0,nan
ALNS-B,Example9,9,55.0,144.0,nan
ALNS-B,Example9,9,56.0,144.0,nan
ALNS-B,Example9,9,57.0,144.0,nan
ALNS-B,Example9,9,58.0,144.0,nan
ALNS-B,Example9,9,59.0,144.0,nan
ALNS-B,Example9,9,60.0,144.0,nan
ALNS-B,Example9,9,61.0,144.0,nan
ALNS-B,Example9,9,62.0,144.0,nan
ALNS-B,Example9,9,63.0,144.0,nan
ALNS-B,Example9,9,64.0,144.0,nan
ALNS-B,Example9,9,65.0,144.0,nan
ALNS-B,Example9,9,66.0,144.0,nan
ALNS-B,Example9,9,67.0,144.0,nan
ALNS-B,Example9,9,68.0,144.0,nan
ALNS-B,Example9,9,69.0,144.0,nan
ALNS-B,Example9,9,70.0,144.0,nan
ALNS-B,Example9,9,71.0,144.0,nan
ALNS-B,Example9,9,72.0,144.0,nan
ALNS-B,Example9,9,73.0,144.0,nan
ALNS-B,Example9,9,74.0,144.0,nan
ALNS-B,Example9,9,75.0,144.0,nan
ALNS-B,Example9,9,76.0,144.0,nan
ALNS-B,Example9,9,77.0,144.0,nan
ALNS-B,Example9,9,78.0,144.0,nan
ALNS-B,Example9,9,79.0,144.0,nan
ALNS-B,Example9,9,80.0,144.0,nan
ALNS-B,Example9,9,81.0,144.0,nan
ALNS-B,Example9,9,82.0,144.0,nan
ALNS-B,Example9,9,83.0,144.0,nan
ALNS-B,Example9,9,84.0,144.0,nan
ALNS-B,Example9,9,85.0,144.0,nan
ALNS-B,Example9,9,86.0,144.0,nan
ALNS-B,Example9,9,87.0,136.66666666666666,nan
ALNS-B,Example9,9,88.0,136.66666666666666,nan
ALNS-B,Example9,9,89.0,136.66666666666666,nan
ALNS-B,Example9,9,90.0,136.66666666666666,nan
ALNS-B,Example9,9,91.0,136.66666666666666,nan
ALNS-B,Example9,9,92.0,136.66666666666666,nan
ALNS-B,Example9,9,93.0,136.66666666666666,nan
ALNS-B,Example9,9,94.0,136.66666666666666,nan
ALNS-B,Example9,9,95.0,136.66666666666666,nan
ALNS-B,Example9,9,96.0,136.66666666666666,nan
ALNS-B,Example9,9,97.0,136.66666666666666,nan
ALNS-B,Example9,9,98.0,136.66666666666666,nan
ALNS-B,Example9,9,99.0,136.66666666666666,nan
ALNS-B,Example9,9,100.0,136.66666666666666,nan
ALNS-B,Example9,9,101.0,136.66666666666666,nan
ALNS-B,Example9,9,102.0,136.66666666666666,nan
ALNS-B,Example9,9,103.0,136.66666666666666,nan
ALNS-B,Example9,9,104.0,136.66666666666666,nan
ALNS-B,Example9,9,105.0,136.66666666666666,nan
ALNS-B,Example9,9,106.0,136.66666666666666,nan
ALNS-B,Example9,9,107.0,136.66666666666666,nan
ALNS-B,Example9,9,108.0,136.66666666666666,nan
ALNS-B,Example9,9,109.0,136.66666666666666,nan
ALNS-B,Example9,9,110.0,136.66666666666666,nan
ALNS-B,Example9,9,111.0,136.66666666666666,nan
ALNS-B,Example9,9,112.0,136.66666666666666,nan
ALNS-B,Example9,9,113.0,136.66666666666666,nan
ALNS-B,Example9,9,114.0,136.66666666666666,nan
ALNS-B,Example9,9,115.0,136.66666666666666,nan
ALNS-B,Example9,9,116.0,136.66666666666666,nan
ALNS-B,Example9,9,117.0,136.66666666666666,nan
ALNS-B,Example9,9,118.0,136.66666666666666,nan
ALNS-B,Example9,9,119.0,136.66666666666666,nan
ALNS-B,Example9,9,120.0,136.66666666666666,nan
ALNS-B,Example9,9,121.0,136.66666666666666,nan
ALNS-B,Example9,9,122.0,136.66666666666666,nan
ALNS-B,Example9,9,123.0,136.66666666666666,nan
ALNS-B,Example9,9,124.0,136.66666666666666,nan
ALNS-B,Example9,9,125.0,136.66666666666666,nan
ALNS-B,Example9,9,126.0,136.66666666666666,nan
ALNS-B,Example9,9,127.0,136.66666666666666,nan
ALNS-B,Example9,9,128.0,136.66666666666666,nan
ALNS-B,Example9,9,129.0,136.66666666666666,nan
ALNS-B,Example9,9,130.0,136.66666666666666,nan
ALNS-B,Example9,9,131.0,136.66666666666666,nan
ALNS-B,Example9,9,132.0,136.66666666666666,nan
ALNS-B,Example9,9,133.0,136.66666666666666,nan
ALNS-B,Example9,9,134.0,136.66666666666666,nan
ALNS-B,Example9,9,135.0,136.66666666666666,nan
ALNS-B,Example9,9,136.0,136.66666666666666,nan
ALNS-B,Example9,9,137.0,136.66666666666666,nan
ALNS-B,Example9,9,138.0,136.66666666666666,nan
ALNS-B,Example9,9,139.0,136.66666666666666,nan
ALNS-B,Example9,9,140.0,136.66666666666666,nan
ALNS-B,Example9,9,141.0,136.66666666666666,nan
ALNS-B,Example9,9,142.0,136.66666666666666,nan
ALNS-B,Example9,9,143.0,136.66666666666666,nan
ALNS-B,Example9,9,144.0,136.66666666666666,nan
ALNS-B,Example9,9,145.0,136.66666666666666,nan
ALNS-B,Example9,9,146.0,136.66666666666666,nan
ALNS-B,Example9,9,147.0,136.66666666666666,nan
ALNS-B,Example9,9,148.0,136.66666666666666,nan
ALNS-B,Example9,9,149.0,136.66666666666666,nan
ALNS-B,Example9,9,150.0,136.66666666666666,nan
ALNS-B,Example9,9,151.0,136.66666666666666,nan
ALNS-B,Example9,9,152.0,136.66666666666666,nan
ALNS-B,Example9,9,153.0,136.66666666666666,nan
ALNS-B,Example9,9,154.0,136.66666666666666,nan
ALNS-B,Example9,9,155.0,136.66666666666666,nan
ALNS-B,Example9,9,156.0,136.66666666666666,nan
ALNS-B,Example9,9,157.0,136.66666666666666,nan
ALNS-B,Example9,9,158.0,136.66666666666666,nan
ALNS-B,Example9,9,159.0,127.0,nan
ALNS-B,Example9,9,160.0,127.0,nan
ALNS-B,Example9,9,161.0,127.0,nan
ALNS-B,Example9,9,162.0,127.0,nan
ALNS-B,Example9,9,163.0,127.0,nan
ALNS-B,Example9,9,164.0,127.0,nan
ALNS-B,Example9,9,165.0,127.0,nan
ALNS-B,Example9,9,166.0,127.0,nan
ALNS-B,Example9,9,167.0,127.0,nan
ALNS-B,Example9,9,168.0,127.0,nan
ALNS-B,Example9,9,169.0,127.0,nan
ALNS-B,Example9,9,170.0,127.0,nan
ALNS-B,Example9,9,171.0,127.0,nan
ALNS-B,Example9,9,172.0,127.0,nan
ALNS-B,Example9,9,173.0,127.0,nan
ALNS-B,Example9,9,174.0,127.0,nan
ALNS-B,Example9,9,175.0,127.0,nan
ALNS-B,Example9,9,176.0,127.0,nan
ALNS-B,Example9,9,177.0,127.0,nan
ALNS-B,Example9,9,178.0,127.0,nan
ALNS-B,Example9,9,179.0,127.0,nan
ALNS-B,Example9,9,180.0,127.0,nan
ALNS-B,Example9,9,181.0,127.0,nan
ALNS-B,Example9,9,182.0,127.0,nan
ALNS-B,Example9,9,183.0,127.0,nan
ALNS-B,Example9,9,184.0,127.0,nan
ALNS-B,Example9,9,185.0,127.0,nan
ALNS-B,Example9,9,186.0,127.0,nan
ALNS-B,Example9,9,187.0,127.0,nan
ALNS-B,Example9,9,188.0,127.0,nan
ALNS-B,Example9,9,189.0,127.0,nan
ALNS-B,Example9,9,190.0,127.0,nan
ALNS-B,Example9,9,191.0,127.0,nan
ALNS-B,Example9,9,192.0,127.0,nan
ALNS-B,Example9,9,193.0,127.0,nan
ALNS-B,Example9,9,194.0,127.0,nan
ALNS-B,Example9,9,195.0,127.0,nan
ALNS-B,Example9,9,196.0,127.0,nan
ALNS-B,Example9,9,197.0,127.0,nan
ALNS-B,Example9,9,198.0,127.0,nan
ALNS-B,Example9,9,199.0,127.0,nan
ALNS-B,Example9,9,200.0,127.0,nan
ALNS-B,Example9,9,201.0,127.0,nan
ALNS-B,Example9,9,202.0,127.0,nan
ALNS-B,Example9,9,203.0,127.0,nan
ALNS-B,Example9,9,204.0,127.0,nan
ALNS-B,Example9,9,205.0,127.0,nan
ALNS-B,Example9,9,206.0,127.0,nan
ALNS-B,Example9,9,207.0,127.0,nan
ALNS-B,Example9,9,208.0,127.0,nan
ALNS-B,Example9,9,209.0,127.0,nan
ALNS-B,Example9,9,210.0,127.0,nan
ALNS-B,Example9,9,211.0,127.0,nan
ALNS-B,Example9,9,212.0,127.0,nan
ALNS-B,Example9,9,213.0,127.0,nan
ALNS-B,Example9,9,214.0,127.0,nan
ALNS-B,Example9,9,215.0,127.0,nan
ALNS-B,Example9,9,216.0,127.0,nan
ALNS-B,Example9,9,217.0,127.0,nan
ALNS-B,Example9,9,218.0,127.0,nan
ALNS-B,Example9,9,219.0,127.0,nan
ALNS-B,Example9,9,220.0,127.0,nan
ALNS-B,Example9,9,221.0,127.0,nan
ALNS-B,Example9,9,222.0,127.0,nan
ALNS-B,Example9,9,223.0,127.0,nan
ALNS-B,Example9,9,224.0,127.0,nan
ALNS-B,Example9,9,225.0,127.0,nan
ALNS-B,Example9,9,226.0,127.0,nan
ALNS-B,Example9,9,227.0,127.0,nan
ALNS-B,Example9,9,228.0,127.0,nan
ALNS-B,Example9,9,229.0,127.0,nan
ALNS-B,Example9,9,230.0,127.0,nan
ALNS-B,Example9,9,231.0,127.0,nan
ALNS-B,Example9,9,232.0,127.0,nan
ALNS-B,Example9,9,233.0,127.0,nan
ALNS-B,Example9,9,234.0,127.0,nan
ALNS-B,Example9,9,235.0,127.0,nan
ALNS-B,Example9,9,236.0,127.0,nan
ALNS-B,Example9,9,237.0,127.0,nan
ALNS-B,Example9,9,238.0,127.0,nan
ALNS-B,Example9,9,239.0,127.0,nan
ALNS-B,Example9,9,240.0,127.0,nan
ALNS-B,Example9,9,241.0,127.0,nan
ALNS-B,Example9,9,242.0,127.0,nan
ALNS-B,Example9,9,243.0,127.0,nan
ALNS-B,Example9,9,244.0,127.0,nan
ALNS-B,Example9,9,245.0,127.0,nan
ALNS-B,Example9,9,246.0,127.0,nan
ALNS-B,Example9,9,247.0,127.0,nan
ALNS-B,Example9,9,248.0,127.0,nan
ALNS-B,Example9,9,249.0,127.0,nan
ALNS-B,Example9,9,250.0,127.0,nan
ALNS-B,Example9,9,251.0,127.0,nan
ALNS-B,Example9,9,252.0,127.0,nan
ALNS-B,Example9,9,253.0,127.0,nan
ALNS-B,Example9,9,254.0,127.0,nan
ALNS-B,Example9,9,255.0,127.0,nan
ALNS-B,Example9,9,256.0,127.0,nan
ALNS-B,Example9,9,257.0,127.0,nan
ALNS-B,Example9,9,258.0,127.0,nan
ALNS-B,Example9,9,259.0,127.0,nan
ALNS-B,Example9,9,260.0,127.0,nan
ALNS-B,Example9,9,261.0,127.0,nan
ALNS-B,Example9,9,262.0,127.0,nan
ALNS-B,Example9,9,263.0,127.0,nan
ALNS-B,Example9,9,264.0,127.0,nan
ALNS-B,Example9,9,265.0,127.0,nan
ALNS-B,Example9,9,266.0,127.0,nan
ALNS-B,Example9,9,267.0,127.0,nan
ALNS-B,Example9,9,268.0,127.0,nan
ALNS-B,Example9,9,269.0,127.0,nan
ALNS-B,Example9,9,270.0,127.0,nan
ALNS-B,Example9,9,271.0,127.0,nan
ALNS-B,Example9,9,272.0,127.0,nan
ALNS-B,Example9,9,273.0,127.0,nan
ALNS-B,Example10,10,0.0,536.0,nan
ALNS-B,Example10,10,1.0,536.0,nan
ALNS-B,Example10,10,2.0,536.0,nan
ALNS-B,Example10,10,3.0,536.0,nan
ALNS-B,Example10,10,4.0,536.0,nan
ALNS-B,Example10,10,5.0,536.0,nan
ALNS-B,Example10,10,6.0,536.0,nan
ALNS-B,Example10,10,7.0,532.0,nan
ALNS-B,Example10,10,8.0,532.0,nan
ALNS-B,Example10,10,9.0,434.3333333333333,nan
ALNS-B,Example10,10,10.0,434.3333333333333,nan
ALNS-B,Example10,10,11.0,288.0,nan
ALNS-B,Example10,10,12.0,272.0,nan
ALNS-B,Example10,10,13.0,258.0,nan
ALNS-B,Example10,10,14.0,258.0,nan
ALNS-B,Example10,10,15.0,258.0,nan
ALNS-B,Example10,10,16.0,258.0,nan
ALNS-B,Example10,10,17.0,258.0,nan
ALNS-B,Example10,10,18.0,258.0,nan
ALNS-B,Example10,10,19.0,258.0,nan
ALNS-B,Example10,10,20.0,142.0,nan
ALNS-B,Example10,10,21.0,142.0,nan
ALNS-B,Example10,10,22.0,125.66666666666667,nan
ALNS-B,Example10,10,23.0,125.66666666666667,nan
ALNS-B,Example10,10,24.0,116.66666666666667,nan
ALNS-B,Example10,10,25.0,114.33333333333333,nan
ALNS-B,Example10,10,26.0,114.33333333333333,nan
ALNS-B,Example10,10,27.0,112.33333333333333,nan
ALNS-B,Example10,10,28.0,112.33333333333333,nan
ALNS-B,Example10,10,29.0,112.33333333333333,nan
ALNS-B,Example10,10,30.0,112.33333333333333,nan
ALNS-B,Example10,10,31.0,112.0,nan
ALNS-B,Example10,10,32.0,107.33333333333333,nan
ALNS-B,Example10,10,33.0,107.33333333333333,nan
ALNS-B,Example10,10,34.0,107.33333333333333,nan
ALNS-B,Example10,10,35.0,107.0,nan
ALNS-B,Example10,10,36.0,106.33333333333333,nan
ALNS-B,Example10,10,37.0,106.33333333333333,nan
ALNS-B,Example10,10,38.0,106.33333333333333,nan
ALNS-B,Example10,10,39.0,106.33333333333333,nan
ALNS-B,Example10,10,40.0,106.33333333333333,nan
ALNS-B,Example10,10,41.0,106.33333333333333,nan
ALNS-B,Example10,10,42.0,106.33333333333333,nan
ALNS-B,Example10,10,43.0,106.33333333333333,nan
ALNS-B,Example10,10,44.0,106.33333333333333,nan
ALNS-B,Example10,10,45.0,106.33333333333333,nan
ALNS-B,Example10,10,46.0,106.33333333333333,nan
ALNS-B,Example10,10,47.0,106.33333333333333,nan
ALNS-B,Example10,10,48.0,101.33333333333333,nan
ALNS-B,Example10,10,49.0,101.33333333333333,nan
ALNS-B,Example10,10,50.0,101.33333333333333,nan
ALNS-B,Example10,10,51.0,101.33333333333333,nan
ALNS-B,Example10,10,52.0,101.33333333333333,nan
ALNS-B,Example10,10,53.0,101.33333333333333,nan
ALNS-B,Example10,10,54.0,101.33333333333333,nan
ALNS-B,Example10,10,55.0,101.33333333333333,nan
ALNS-B,Example10,10,56.0,101.33333333333333,nan
ALNS-B,Example10,10,57.0,101.33333333333333,nan
ALNS-B,Example10,10,58.0,101.33333333333333,nan
ALNS-B,Example10,10,59.0,101.33333333333333,nan
ALNS-B,Example10,10,60.0,101.33333333333333,nan
ALNS-B,Example10,10,61.0,101.33333333333333,nan
ALNS-B,Example10,10,62.0,101.33333333333333,nan
ALNS-B,Example10,10,63.0,101.33333333333333,nan
ALNS-B,Example10,10,64.0,101.33333333333333,nan
ALNS-B,Example10,10,65.0,101.33333333333333,nan
ALNS-B,Example10,10,66.0,101.33333333333333,nan
ALNS-B,Example10,10,67.0,101.33333333333333,nan
ALNS-B,Example10,10,68.0,101.33333333333333,nan
ALNS-B,Example10,10,69.0,101.33333333333333,nan
ALNS-B,Example10,10,70.0,101.33333333333333,nan
ALNS-B,Example10,10,71.0,84.66666666666667,nan
ALNS-B,Example10,10,72.0,84.66666666666667,nan
ALNS-B,Example10,10,73.0,84.66666666666667,nan
ALNS-B,Example10,10,74.0,84.66666666666667,nan
ALNS-B,Example10,10,75.0,84.66666666666667,nan
ALNS-B,Example10,10,76.0,84.66666666666667,nan
ALNS-B,Example10,10,77.0,84.66666666666667,nan
ALNS-B,Example10,10,78.0,84.66666666666667,nan
ALNS-B,Example10,10,79.0,84.66666666666667,nan
ALNS-B,Example10,10,80.0,84.66666666666667,nan
ALNS-B,Example10,10,81.0,84.66666666666667,nan
ALNS-B,Example10,10,82.0,84.66666666666667,nan
ALNS-B,Example10,10,83.0,84.66666666666667,nan
ALNS-B,Example10,10,84.0,84.66666666666667,nan
ALNS-B,Example10,10,85.0,84.66666666666667,nan
ALNS-B,Example10,10,86.0,84.66666666666667,nan
ALNS-B,Example10,10,87.0,84.66666666666667,nan
ALNS-B,Example10,10,88.0,79.66666666666667,nan
ALNS-B,Example10,10,89.0,79.66666666666667,nan
ALNS-B,Example10,10,90.0,79.66666666666667,nan
ALNS-B,Example10,10,91.0,79.66666666666667,nan
ALNS-B,Example10,10,92.0,79.66666666666667,nan
ALNS-B,Example10,10,93.0,79.66666666666667,nan
ALNS-B,Example10,10,94.0,79.66666666666667,nan
ALNS-B,Example10,10,95.0,79.66666666666667,nan
ALNS-B,Example10,10,96.0,79.66666666666667,nan
ALNS-B,Example10,10,97.0,79.66666666666667,nan
ALNS-B,Example10,10,98.0,79.66666666666667,nan
ALNS-B,Example10,10,99.0,79.66666666666667,nan
ALNS-B,Example10,10,100.0,79.66666666666667,nan
ALNS-B,Example10,10,101.0,79.66666666666667,nan
ALNS-B,Example10,10,102.0,79.66666666666667,nan
ALNS-B,Example10,10,103.0,79.66666666666667,nan
ALNS-B,Example10,10,104.0,79.66666666666667,nan
ALNS-B,Example10,10,105.0,79.66666666666667,nan
ALNS-B,Example10,10,106.0,79.66666666666667,nan
ALNS-B,Example10,10,107.0,79.66666666666667,nan
ALNS-B,Example10,10,108.0,79.66666666666667,nan
ALNS-B,Example10,10,109.0,79.66666666666667,nan
ALNS-B,Example10,10,110.0,79.66666666666667,nan
ALNS-B,Example10,10,111.0,79.66666666666667,nan
ALNS-B,Example10,10,112.0,79.66666666666667,nan
ALNS-B,Example10,10,113.0,79.66666666666667,nan
ALNS-B,Example10,10,114.0,79.66666666666667,nan
ALNS-B,Example10,10,115.0,79.66666666666667,nan
ALNS-B,Example10,10,116.0,79.66666666666667,nan
ALNS-B,Example10,10,117.0,79.66666666666667,nan
ALNS-B,Example10,10,118.0,79.66666666666667,nan
ALNS-B,Example10,10,119.0,79.66666666666667,nan
ALNS-B,Example10,10,120.0,79.66666666666667,nan
ALNS-B,Example10,10,121.0,79.66666666666667,nan
ALNS-B,Example10,10,122.0,79.66666666666667,nan
ALNS-B,Example10,10,123.0,79.66666666666667,nan
ALNS-B,Example10,10,124.0,79.66666666666667,nan
ALNS-B,Example10,10,125.0,79.66666666666667,nan
ALNS-B,Example10,10,126.0,79.66666666666667,nan
ALNS-B,Example10,10,127.0,79.66666666666667,nan
ALNS-B,Example10,10,128.0,79.66666666666667,nan
ALNS-B,Example10,10,129.0,79.66666666666667,nan
ALNS-B,Example10,10,130.0,79.66666666666667,nan
ALNS-B,Example10,10,131.0,79.66666666666667,nan
ALNS-B,Example10,10,132.0,79.66666666666667,nan
ALNS-B,Example10,10,133.0,79.66666666666667,nan
ALNS-B,Example10,10,134.0,79.66666666666667,nan
ALNS-B,Example10,10,135.0,79.66666666666667,nan
ALNS-B,Example10,10,136.0,79.66666666666667,nan
ALNS-B,Example10,10,137.0,79.66666666666667,nan
ALNS-B,Example10,10,138.0,79.66666666666667,nan
ALNS-B,Example10,10,139.0,79.66666666666667,nan
ALNS-B,Example10,10,140.0,79.66666666666667,nan
ALNS-B,Example10,10,141.0,79.66666666666667,nan
ALNS-B,Example10,10,142.0,79.66666666666667,nan
ALNS-B,Example10,10,143.0,79.66666666666667,nan
ALNS-B,Example10,10,144.0,79.66666666666667,nan
ALNS-B,Example10,10,145.0,79.66666666666667,nan
ALNS-B,Example10,10,146.0,79.66666666666667,nan
ALNS-B,Example10,10,147.0,79.66666666666667,nan
ALNS-B,Example10,10,148.0,79.66666666666667,nan
ALNS-B,Example10,10,149.0,79.66666666666667,nan
ALNS-B,Example10,10,150.0,79.66666666666667,nan
ALNS-B,Example10,10,151.0,79.66666666666667,nan
ALNS-B,Example10,10,152.0,79.66666666666667,nan
ALNS-B,Example10,10,153.0,79.66666666666667,nan
ALNS-B,Example10,10,154.0,79.66666666666667,nan
ALNS-B,Example10,10,155.0,79.66666666666667,nan
ALNS-B,Example10,10,156.0,79.66666666666667,nan
ALNS-B,Example10,10,157.0,79.66666666666667,nan
ALNS-B,Example10,10,158.0,79.66666666666667,nan
ALNS-B,Example10,10,159.0,79.66666666666667,nan
ALNS-B,Example10,10,160.0,79.66666666666667,nan
ALNS-B,Example10,10,161.0,79.66666666666667,nan
ALNS-B,Example10,10,162.0,79.66666666666667,nan
ALNS-B,Example10,10,163.0,79.66666666666667,nan
ALNS-B,Example10,10,164.0,79.66666666666667,nan
ALNS-B,Example10,10,165.0,79.66666666666667,nan
ALNS-B,Example10,10,166.0,79.66666666666667,nan
ALNS-B,Example10,10,167.0,79.66666666666667,nan
ALNS-B,Example10,10,168.0,79.66666666666667,nan
ALNS-B,Example10,10,169.0,79.66666666666667,nan
ALNS-B,Example10,10,170.0,79.66666666666667,nan
ALNS-B,Example10,10,171.0,79.66666666666667,nan
ALNS-B,Example10,10,172.0,79.66666666666667,nan
ALNS-B,Example10,10,173.0,79.66666666666667,nan
ALNS-B,Example10,10,174.0,79.66666666666667,nan
ALNS-B,Example10,10,175.0,79.66666666666667,nan
ALNS-B,Example10,10,176.0,79.66666666666667,nan
ALNS-B,Example10,10,177.0,79.66666666666667,nan
ALNS-B,Example10,10,178.0,79.66666666666667,nan
ALNS-B,Example10,10,179.0,79.66666666666667,nan
ALNS-B,Example10,10,180.0,79.66666666666667,nan
ALNS-B,Example10,10,181.0,79.66666666666667,nan
ALNS-B,Example10,10,182.0,79.66666666666667,nan
ALNS-B,Example10,10,183.0,79.66666666666667,nan
ALNS-B,Example10,10,184.0,79.66666666666667,nan
ALNS-B,Example10,10,185.0,79.66666666666667,nan
ALNS-B,Example10,10,186.0,79.66666666666667,nan
ALNS-B,Example10,10,187.0,79.66666666666667,nan
ALNS-B,Example10,10,188.0,79.66666666666667,nan
ALNS-B,Example10,10,189.0,79.66666666666667,nan
ALNS-B,Example10,10,190.0,79.66666666666667,nan
ALNS-B,Example10,10,191.0,79.66666666666667,nan
ALNS-B,Example10,10,192.0,79.66666666666667,nan
ALNS-B,Example10,10,193.0,79.66666666666667,nan
ALNS-B,Example10,10,194.0,79.66666666666667,nan
ALNS-B,Example10,10,195.0,79.66666666666667,nan
ALNS-B,Example10,10,196.0,79.66666666666667,nan
ALNS-B,Example10,10,197.0,79.66666666666667,nan
ALNS-B,Example10,10,198.0,79.66666666666667,nan
ALNS-B,Example10,10,199.0,79.66666666666667,nan
ALNS-B,Example10,10,200.0,79.66666666666667,nan
ALNS-B,Example10,10,201.0,79.66666666666667,nan
ALNS-B,Example10,10,202.0,79.66666666666667,nan
ALNS-B,Example10,10,203.0,79.66666666666667,nan
ALNS-B,Example10,10,204.0,79.66666666666667,nan
ALNS-B,Example10,10,205.0,79.66666666666667,nan
ALNS-B,Example10,10,206.0,79.66666666666667,nan
ALNS-B,Example10,10,207.0,79.66666666666667,nan
ALNS-B,Example10,10,208.0,79.66666666666667,nan
ALNS-B,Example10,10,209.0,79.66666666666667,nan
ALNS-B,Example10,10,210.0,79.66666666666667,nan
ALNS-B,Example10,10,211.0,79.66666666666667,nan
ALNS-B,Example10,10,212.0,79.66666666666667,nan
ALNS-B,Example10,10,213.0,79.66666666666667,nan
ALNS-B,Example10,10,214.0,79.66666666666667,nan
ALNS-B,Example10,10,215.0,79.66666666666667,nan
ALNS-B,Example10,10,216.0,79.66666666666667,nan
ALNS-B,Example10,10,217.0,79.66666666666667,nan
ALNS-B,Example10,10,218.0,79.66666666666667,nan
ALNS-B,Example10,10,219.0,79.66666666666667,nan
ALNS-B,Example10,10,220.0,79.66666666666667,nan
ALNS-B,Example10,10,221.0,79.66666666666667,nan
ALNS-B,Example10,10,222.0,79.66666666666667,nan
ALNS-B,Example10,10,223.0,79.66666666666667,nan
ALNS-B,Example10,10,224.0,79.66666666666667,nan
ALNS-B,Example10,10,225.0,79.66666666666667,nan
ALNS-B,Example10,10,226.0,79.66666666666667,nan
ALNS-B,Example10,10,227.0,79.66666666666667,nan
ALNS-B,Example10,10,228.0,79.66666666666667,nan
ALNS-B,Example10,10,229.0,79.66666666666667,nan
ALNS-B,Example10,10,230.0,79.66666666666667,nan
ALNS-B,Example10,10,231.0,79.66666666666667,nan
ALNS-B,Example10,10,232.0,79.66666666666667,nan
ALNS-B,Example10,10,233.0,79.66666666666667,nan
ALNS-B,Example10,10,234.0,79.66666666666667,nan
ALNS-B,Example10,10,235.0,79.66666666666667,nan
ALNS-B,Example10,10,236.0,79.66666666666667,nan
ALNS-B,Example10,10,237.0,79.66666666666667,nan
ALNS-B,Example10,10,238.0,79.66666666666667,nan
ALNS-B,Example10,10,239.0,79.66666666666667,nan
ALNS-B,Example10,10,240.0,79.66666666666667,nan
ALNS-B,Example10,10,241.0,79.66666666666667,nan
ALNS-B,Example10,10,242.0,79.66666666666667,nan
ALNS-B,Example10,10,243.0,79.66666666666667,nan
ALNS-B,Example10,10,244.0,79.66666666666667,nan
ALNS-B,Example10,10,245.0,79.66666666666667,nan
ALNS-B,Example10,10,246.0,79.66666666666667,nan
ALNS-B,Example10,10,247.0,79.66666666666667,nan
ALNS-B,Example10,10,248.0,79.66666666666667,nan
ALNS-B,Example10,10,249.0,79.66666666666667,nan
ALNS-B,Example10,10,250.0,79.66666666666667,nan
ALNS-B,Example10,10,251.0,79.66666666666667,nan
ALNS-B,Example10,10,252.0,79.66666666666667,nan
ALNS-B,Example10,10,253.0,79.66666666666667,nan
ALNS-B,Example10,10,254.0,79.66666666666667,nan
ALNS-B,Example10,10,255.0,79.66666666666667,nan
ALNS-B,Example10,10,256.0,79.66666666666667,nan
ALNS-B,Example10,10,257.0,79.66666666666667,nan
ALNS-B,Example10,10,258.0,79.66666666666667,nan
ALNS-B,Example10,10,259.0,79.66666666666667,nan
ALNS-B,Example10,10,260.0,79.66666666666667,nan
ALNS-B,Example10,10,261.0,79.66666666666667,nan
ALNS-B,Example10,10,262.0,79.66666666666667,nan
ALNS-B,Example10,10,263.0,79.66666666666667,nan
ALNS-B,Example10,10,264.0,79.66666666666667,nan
ALNS-B,Example10,10,265.0,79.66666666666667,nan
ALNS-B,Example10,10,266.0,79.66666666666667,nan
ALNS-B,Example10,10,267.0,79.66666666666667,nan
ALNS-B,Example10,10,268.0,79.66666666666667,nan
ALNS-B,Example10,10,269.0,79.66666666666667,nan
ALNS-B,Example10,10,270.0,79.66666666666667,nan
ALNS-B,Example10,10,271.0,79.66666666666667,nan
ALNS-B,Example10,10,272.0,79.66666666666667,nan
ALNS-B,Example10,10,273.0,79.66666666666667,nan
ALNS-B,Example11,11,0.0,749.6666666666666,nan
ALNS-B,Example11,11,1.0,749.6666666666666,nan
ALNS-B,Example11,11,2.0,749.6666666666666,nan
ALNS-B,Example11,11,3.0,749.6666666666666,nan
ALNS-B,Example11,11,4.0,749.6666666666666,nan
ALNS-B,Example11,11,5.0,749.6666666666666,nan
ALNS-B,Example11,11,6.0,749.6666666666666,nan
ALNS-B,Example11,11,7.0,492.0,nan
ALNS-B,Example11,11,8.0,492.0,nan
ALNS-B,Example11,11,9.0,453.3333333333333,nan
ALNS-B,Example11,11,10.0,416.6666666666667,nan
ALNS-B,Example11,11,11.0,416.6666666666667,nan
ALNS-B,Example11,11,12.0,416.6666666666667,nan
ALNS-B,Example11,11,13.0,416.6666666666667,nan
ALNS-B,Example11,11,14.0,416.6666666666667,nan
ALNS-B,Example11,11,15.0,412.6666666666667,nan
ALNS-B,Example11,11,16.0,412.6666666666667,nan
ALNS-B,Example11,11,17.0,412.6666666666667,nan
ALNS-B,Example11,11,18.0,412.6666666666667,nan
ALNS-B,Example11,11,19.0,412.6666666666667,nan
ALNS-B,Example11,11,20.0,411.3333333333333,nan
ALNS-B,Example11,11,21.0,92.0,nan
ALNS-B,Example11,11,22.0,92.0,nan
ALNS-B,Example11,11,23.0,92.0,nan
ALNS-B,Example11,11,24.0,92.0,nan
ALNS-B,Example11,11,25.0,92.0,nan
ALNS-B,Example11,11,26.0,92.0,nan
ALNS-B,Example11,11,27.0,92.0,nan
ALNS-B,Example11,11,28.0,80.33333333333333,nan
ALNS-B,Example11,11,29.0,80.33333333333333,nan
ALNS-B,Example11,11,30.0,80.33333333333333,nan
ALNS-B,Example11,11,31.0,80.33333333333333,nan
ALNS-B,Example11,11,32.0,80.33333333333333,nan
ALNS-B,Example11,11,33.0,80.33333333333333,nan
ALNS-B,Example11,11,34.0,80.33333333333333,nan
ALNS-B,Example11,11,35.0,80.33333333333333,nan
ALNS-B,Example11,11,36.0,80.33333333333333,nan
ALNS-B,Example11,11,37.0,80.33333333333333,nan
ALNS-B,Example11,11,38.0,79.66666666666667,nan
ALNS-B,Example11,11,39.0,79.66666666666667,nan
ALNS-B,Example11,11,40.0,79.66666666666667,nan
ALNS-B,Example11,11,41.0,79.66666666666667,nan
ALNS-B,Example11,11,42.0,79.66666666666667,nan
ALNS-B,Example11,11,43.0,79.66666666666667,nan
ALNS-B,Example11,11,44.0,79.66666666666667,nan
ALNS-B,Example11,11,45.0,79.66666666666667,nan
ALNS-B,Example11,11,46.0,79.66666666666667,nan
ALNS-B,Example11,11,47.0,79.66666666666667,nan
ALNS-B,Example11,11,48.0,79.66666666666667,nan
ALNS-B,Example11,11,49.0,79.66666666666667,nan
ALNS-B,Example11,11,50.0,79.66666666666667,nan
ALNS-B,Example11,11,51.0,79.66666666666667,nan
ALNS-B,Example11,11,52.0,79.66666666666667,nan
ALNS-B,Example11,11,53.0,79.66666666666667,nan
ALNS-B,Example11,11,54.0,79.66666666666667,nan
ALNS-B,Example11,11,55.0,79.66666666666667,nan
ALNS-B,Example11,11,56.0,79.66666666666667,nan
ALNS-B,Example11,11,57.0,79.66666666666667,nan
ALNS-B,Example11,11,58.0,79.66666666666667,nan
ALNS-B,Example11,11,59.0,79.66666666666667,nan
ALNS-B,Example11,11,60.0,79.66666666666667,nan
ALNS-B,Example11,11,61.0,63.666666666666664,nan
ALNS-B,Example11,11,62.0,63.666666666666664,nan
ALNS-B,Example11,11,63.0,63.666666666666664,nan
ALNS-B,Example11,11,64.0,63.666666666666664,nan
ALNS-B,Example11,11,65.0,63.666666666666664,nan
ALNS-B,Example11,11,66.0,63.666666666666664,nan
ALNS-B,Example11,11,67.0,58.333333333333336,nan
ALNS-B,Example11,11,68.0,58.333333333333336,nan
ALNS-B,Example11,11,69.0,58.333333333333336,nan
ALNS-B,Example11,11,70.0,58.333333333333336,nan
ALNS-B,Example11,11,71.0,58.333333333333336,nan
ALNS-B,Example11,11,72.0,57.333333333333336,nan
ALNS-B,Example11,11,73.0,57.333333333333336,nan
ALNS-B,Example11,11,74.0,57.333333333333336,nan
ALNS-B,Example11,11,75.0,57.333333333333336,nan
ALNS-B,Example11,11,76.0,57.0,nan
ALNS-B,Example11,11,77.0,57.0,nan
ALNS-B,Example11,11,78.0,57.0,nan
ALNS-B,Example11,11,79.0,57.0,nan
ALNS-B,Example11,11,80.0,57.0,nan
ALNS-B,Example11,11,81.0,56.666666666666664,nan
ALNS-B,Example11,11,82.0,56.666666666666664,nan
ALNS-B,Example11,11,83.0,56.666666666666664,nan
ALNS-B,Example11,11,84.0,56.666666666666664,nan
ALNS-B,Example11,11,85.0,56.666666666666664,nan
ALNS-B,Example11,11,86.0,56.666666666666664,nan
ALNS-B,Example11,11,87.0,56.666666666666664,nan
ALNS-B,Example11,11,88.0,56.666666666666664,nan
ALNS-B,Example11,11,89.0,56.666666666666664,nan
ALNS-B,Example11,11,90.0,56.666666666666664,nan
ALNS-B,Example11,11,91.0,56.666666666666664,nan
ALNS-B,Example11,11,92.0,56.666666666666664,nan
ALNS-B,Example11,11,93.0,56.666666666666664,nan
ALNS-B,Example11,11,94.0,56.666666666666664,nan
ALNS-B,Example11,11,95.0,56.666666666666664,nan
ALNS-B,Example11,11,96.0,56.666666666666664,nan
ALNS-B,Example11,11,97.0,56.666666666666664,nan
ALNS-B,Example11,11,98.0,56.666666666666664,nan
ALNS-B,Example11,11,99.0,56.666666666666664,nan
ALNS-B,Example11,11,100.0,56.666666666666664,nan
ALNS-B,Example11,11,101.0,56.666666666666664,nan
ALNS-B,Example11,11,102.0,56.666666666666664,nan
ALNS-B,Example11,11,103.0,56.666666666666664,nan
ALNS-B,Example11,11,104.0,56.666666666666664,nan
ALNS-B,Example11,11,105.0,56.666666666666664,nan
ALNS-B,Example11,11,106.0,56.666666666666664,nan
ALNS-B,Example11,11,107.0,56.666666666666664,nan
ALNS-B,Example11,11,108.0,56.666666666666664,nan
ALNS-B,Example11,11,109.0,56.666666666666664,nan
ALNS-B,Example11,11,110.0,56.666666666666664,nan
ALNS-B,Example11,11,111.0,56.666666666666664,nan
ALNS-B,Example11,11,112.0,56.666666666666664,nan
ALNS-B,Example11,11,113.0,56.666666666666664,nan
ALNS-B,Example11,11,114.0,56.666666666666664,nan
ALNS-B,Example11,11,115.0,56.666666666666664,nan
ALNS-B,Example11,11,116.0,56.666666666666664,nan
ALNS-B,Example11,11,117.0,56.666666666666664,nan
ALNS-B,Example11,11,118.0,56.666666666666664,nan
ALNS-B,Example11,11,119.0,56.666666666666664,nan
ALNS-B,Example11,11,120.0,56.666666666666664,nan
ALNS-B,Example11,11,121.0,56.666666666666664,nan
ALNS-B,Example11,11,122.0,56.666666666666664,nan
ALNS-B,Example11,11,123.0,56.666666666666664,nan
ALNS-B,Example11,11,124.0,56.666666666666664,nan
ALNS-B,Example11,11,125.0,56.666666666666664,nan
ALNS-B,Example11,11,126.0,56.666666666666664,nan
ALNS-B,Example11,11,127.0,56.666666666666664,nan
ALNS-B,Example11,11,128.0,56.666666666666664,nan
ALNS-B,Example11,11,129.0,56.666666666666664,nan
ALNS-B,Example11,11,130.0,56.666666666666664,nan
ALNS-B,Example11,11,131.0,56.666666666666664,nan
ALNS-B,Example11,11,132.0,56.666666666666664,nan
ALNS-B,Example11,11,133.0,56.666666666666664,nan
ALNS-B,Example11,11,134.0,56.666666666666664,nan
ALNS-B,Example11,11,135.0,56.666666666666664,nan
ALNS-B,Example11,11,136.0,56.666666666666664,nan
ALNS-B,Example11,11,137.0,56.666666666666664,nan
ALNS-B,Example11,11,138.0,56.666666666666664,nan
ALNS-B,Example11,11,139.0,56.666666666666664,nan
ALNS-B,Example11,11,140.0,56.666666666666664,nan
ALNS-B,Example11,11,141.0,56.666666666666664,nan
ALNS-B,Example11,11,142.0,56.666666666666664,nan
ALNS-B,Example11,11,143.0,56.666666666666664,nan
ALNS-B,Example11,11,144.0,56.666666666666664,nan
ALNS-B,Example11,11,145.0,56.666666666666664,nan
ALNS-B,Example11,11,146.0,56.666666666666664,nan
ALNS-B,Example11,11,147.0,56.666666666666664,nan
ALNS-B,Example11,11,148.0,56.666666666666664,nan
ALNS-B,Example11,11,149.0,56.666666666666664,nan
ALNS-B,Example11,11,150.0,56.666666666666664,nan
ALNS-B,Example11,11,151.0,56.666666666666664,nan
ALNS-B,Example11,11,152.0,52.666666666666664,nan
ALNS-B,Example11,11,153.0,52.666666666666664,nan
ALNS-B,Example11,11,154.0,52.666666666666664,nan
ALNS-B,Example11,11,155.0,47.333333333333336,nan
ALNS-B,Example11,11,156.0,47.333333333333336,nan
ALNS-B,Example11,11,157.0,47.333333333333336,nan
ALNS-B,Example11,11,158.0,47.333333333333336,nan
ALNS-B,Example11,11,159.0,47.333333333333336,nan
ALNS-B,Example11,11,160.0,47.333333333333336,nan
ALNS-B,Example11,11,161.0,47.333333333333336,nan
ALNS-B,Example11,11,162.0,47.333333333333336,nan
ALNS-B,Example11,11,163.0,47.333333333333336,nan
ALNS-B,Example11,11,164.0,47.333333333333336,nan
ALNS-B,Example11,11,165.0,47.333333333333336,nan
ALNS-B,Example11,11,166.0,47.333333333333336,nan
ALNS-B,Example11,11,167.0,47.333333333333336,nan
ALNS-B,Example11,11,168.0,47.333333333333336,nan
ALNS-B,Example11,11,169.0,47.333333333333336,nan
ALNS-B,Example11,11,170.0,47.333333333333336,nan
ALNS-B,Example11,11,171.0,47.333333333333336,nan
ALNS-B,Example11,11,172.0,47.333333333333336,nan
ALNS-B,Example11,11,173.0,47.333333333333336,nan
ALNS-B,Example11,11,174.0,47.333333333333336,nan
ALNS-B,Example11,11,175.0,47.333333333333336,nan
ALNS-B,Example11,11,176.0,47.333333333333336,nan
ALNS-B,Example11,11,177.0,47.333333333333336,nan
ALNS-B,Example11,11,178.0,47.333333333333336,nan
ALNS-B,Example11,11,179.0,47.333333333333336,nan
ALNS-B,Example11,11,180.0,47.333333333333336,nan
ALNS-B,Example11,11,181.0,47.333333333333336,nan
ALNS-B,Example11,11,182.0,47.333333333333336,nan
ALNS-B,Example11,11,183.0,47.333333333333336,nan
ALNS-B,Example11,11,184.0,47.333333333333336,nan
ALNS-B,Example11,11,185.0,47.333333333333336,nan
ALNS-B,Example11,11,186.0,47.333333333333336,nan
ALNS-B,Example11,11,187.0,47.333333333333336,nan
ALNS-B,Example11,11,188.0,47.333333333333336,nan
ALNS-B,Example11,11,189.0,47.333333333333336,nan
ALNS-B,Example11,11,190.0,47.333333333333336,nan
ALNS-B,Example11,11,191.0,47.333333333333336,nan
ALNS-B,Example11,11,192.0,47.333333333333336,nan
ALNS-B,Example11,11,193.0,47.333333333333336,nan
ALNS-B,Example11,11,194.0,47.333333333333336,nan
ALNS-B,Example11,11,195.0,47.333333333333336,nan
ALNS-B,Example11,11,196.0,47.333333333333336,nan
ALNS-B,Example11,11,197.0,47.333333333333336,nan
ALNS-B,Example11,11,198.0,47.333333333333336,nan
ALNS-B,Example11,11,199.0,47.333333333333336,nan
ALNS-B,Example11,11,200.0,47.333333333333336,nan
ALNS-B,Example11,11,201.0,47.333333333333336,nan
ALNS-B,Example11,11,202.0,47.333333333333336,nan
ALNS-B,Example11,11,203.0,47.333333333333336,nan
ALNS-B,Example11,11,204.0,47.333333333333336,nan
ALNS-B,Example11,11,205.0,47.333333333333336,nan
ALNS-B,Example11,11,206.0,47.333333333333336,nan
ALNS-B,Example11,11,207.0,47.333333333333336,nan
ALNS-B,Example11,11,208.0,47.333333333333336,nan
ALNS-B,Example11,11,209.0,47.333333333333336,nan
ALNS-B,Example11,11,210.0,47.333333333333336,nan
ALNS-B,Example11,11,211.0,47.333333333333336,nan
ALNS-B,Example11,11,212.0,47.333333333333336,nan
ALNS-B,Example11,11,213.0,47.333333333333336,nan
ALNS-B,Example11,11,214.0,47.333333333333336,nan
ALNS-B,Example11,11,215.0,47.333333333333336,nan
ALNS-B,Example11,11,216.0,47.333333333333336,nan
ALNS-B,Example11,11,217.0,47.333333333333336,nan
ALNS-B,Example11,11,218.0,47.333333333333336,nan
ALNS-B,Example11,11,219.0,47.333333333333336,nan
ALNS-B,Example11,11,220.0,47.333333333333336,nan
ALNS-B,Example11,11,221.0,47.333333333333336,nan
ALNS-B,Example11,11,222.0,47.333333333333336,nan
ALNS-B,Example11,11,223.0,47.333333333333336,nan
ALNS-B,Example11,11,224.0,47.333333333333336,nan
ALNS-B,Example11,11,225.0,47.333333333333336,nan
ALNS-B,Example11,11,226.0,47.333333333333336,nan
ALNS-B,Example11,11,227.0,47.333333333333336,nan
ALNS-B,Example11,11,228.0,47.333333333333336,nan
ALNS-B,Example11,11,229.0,47.333333333333336,nan
ALNS-B,Example11,11,230.0,47.333333333333336,nan
ALNS-B,Example11,11,231.0,47.333333333333336,nan
ALNS-B,Example11,11,232.0,47.333333333333336,nan
ALNS-B,Example11,11,233.0,47.333333333333336,nan
ALNS-B,Example11,11,234.0,47.333333333333336,nan
ALNS-B,Example11,11,235.0,47.333333333333336,nan
ALNS-B,Example11,11,236.0,47.333333333333336,nan
ALNS-B,Example11,11,237.0,47.333333333333336,nan
ALNS-B,Example11,11,238.0,47.333333333333336,nan
ALNS-B,Example11,11,239.0,47.333333333333336,nan
ALNS-B,Example11,11,240.0,47.333333333333336,nan
ALNS-B,Example11,11,241.0,47.333333333333336,nan
ALNS-B,Example11,11,242.0,47.333333333333336,nan
ALNS-B,Example11,11,243.0,47.333333333333336,nan
ALNS-B,Example11,11,244.0,47.333333333333336,nan
ALNS-B,Example11,11,245.0,47.333333333333336,nan
ALNS-B,Example11,11,246.0,47.333333333333336,nan
ALNS-B,Example11,11,247.0,47.333333333333336,nan
ALNS-B,Example11,11,248.0,47.333333333333336,nan
ALNS-B,Example11,11,249.0,47.333333333333336,nan
ALNS-B,Example11,11,250.0,47.333333333333336,nan
ALNS-B,Example11,11,251.0,47.333333333333336,nan
ALNS-B,Example11,11,252.0,47.333333333333336,nan
ALNS-B,Example11,11,253.0,47.333333333333336,nan
ALNS-B,Example11,11,254.0,47.333333333333336,nan
ALNS-B,Example11,11,255.0,47.333333333333336,nan
ALNS-B,Example11,11,256.0,47.333333333333336,nan
ALNS-B,Example11,11,257.0,47.333333333333336,nan
ALNS-B,Example11,11,258.0,47.333333333333336,nan
ALNS-B,Example11,11,259.0,47.333333333333336,nan
ALNS-B,Example11,11,260.0,47.333333333333336,nan
ALNS-B,Example11,11,261.0,47.333333333333336,nan
ALNS-B,Example11,11,262.0,47.333333333333336,nan
ALNS-B,Example11,11,263.0,47.333333333333336,nan
ALNS-B,Example11,11,264.0,47.333333333333336,nan
ALNS-B,Example11,11,265.0,47.333333333333336,nan
ALNS-B,Example11,11,266.0,47.333333333333336,nan
ALNS-B,Example11,11,267.0,47.333333333333336,nan
ALNS-B,Example11,11,268.0,47.333333333333336,nan
ALNS-B,Example11,11,269.0,47.333333333333336,nan
ALNS-B,Example11,11,270.0,47.333333333333336,nan
ALNS-B,Example11,11,271.0,47.333333333333336,nan
ALNS-B,Example11,11,272.0,47.333333333333336,nan
ALNS-B,Example11,11,273.0,47.333333333333336,nan
ALNS-B,Example12,12,0.0,276.0,nan
ALNS-B,Example12,12,1.0,276.0,nan
ALNS-B,Example12,12,2.0,276.0,nan
ALNS-B,Example12,12,3.0,276.0,nan
ALNS-B,Example12,12,4.0,276.0,nan
ALNS-B,Example12,12,5.0,228.33333333333334,nan
ALNS-B,Example12,12,6.0,193.66666666666666,nan
ALNS-B,Example12,12,7.0,193.66666666666666,nan
ALNS-B,Example12,12,8.0,193.66666666666666,nan
ALNS-B,Example12,12,9.0,193.66666666666666,nan
ALNS-B,Example12,12,10.0,193.66666666666666,nan
ALNS-B,Example12,12,11.0,193.66666666666666,nan
ALNS-B,Example12,12,12.0,193.66666666666666,nan
ALNS-B,Example12,12,13.0,193.66666666666666,nan
ALNS-B,Example12,12,14.0,193.66666666666666,nan
ALNS-B,Example12,12,15.0,193.66666666666666,nan
ALNS-B,Example12,12,16.0,193.66666666666666,nan
ALNS-B,Example12,12,17.0,193.66666666666666,nan
ALNS-B,Example12,12,18.0,193.66666666666666,nan
ALNS-B,Example12,12,19.0,193.66666666666666,nan
ALNS-B,Example12,12,20.0,97.33333333333333,nan
ALNS-B,Example12,12,21.0,84.0,nan
ALNS-B,Example12,12,22.0,83.33333333333333,nan
ALNS-B,Example12,12,23.0,83.33333333333333,nan
ALNS-B,Example12,12,24.0,83.33333333333333,nan
ALNS-B,Example12,12,25.0,83.33333333333333,nan
ALNS-B,Example12,12,26.0,83.33333333333333,nan
ALNS-B,Example12,12,27.0,83.33333333333333,nan
ALNS-B,Example12,12,28.0,77.33333333333333,nan
ALNS-B,Example12,12,29.0,77.33333333333333,nan
ALNS-B,Example12,12,30.0,77.33333333333333,nan
ALNS-B,Example12,12,31.0,77.33333333333333,nan
ALNS-B,Example12,12,32.0,77.33333333333333,nan
ALNS-B,Example12,12,33.0,77.33333333333333,nan
ALNS-B,Example12,12,34.0,77.33333333333333,nan
ALNS-B,Example12,12,35.0,77.33333333333333,nan
ALNS-B,Example12,12,36.0,77.33333333333333,nan
ALNS-B,Example12,12,37.0,77.33333333333333,nan
ALNS-B,Example12,12,38.0,76.33333333333333,nan
ALNS-B,Example12,12,39.0,76.33333333333333,nan
ALNS-B,Example12,12,40.0,76.33333333333333,nan
ALNS-B,Example12,12,41.0,71.0,nan
ALNS-B,Example12,12,42.0,71.0,nan
ALNS-B,Example12,12,43.0,71.0,nan
ALNS-B,Example12,12,44.0,71.0,nan
ALNS-B,Example12,12,45.0,64.33333333333333,nan
ALNS-B,Example12,12,46.0,64.33333333333333,nan
ALNS-B,Example12,12,47.0,64.33333333333333,nan
ALNS-B,Example12,12,48.0,62.666666666666664,nan
ALNS-B,Example12,12,49.0,62.666666666666664,nan
ALNS-B,Example12,12,50.0,62.666666666666664,nan
ALNS-B,Example12,12,51.0,56.666666666666664,nan
ALNS-B,Example12,12,52.0,56.666666666666664,nan
ALNS-B,Example12,12,53.0,56.666666666666664,nan
ALNS-B,Example12,12,54.0,56.666666666666664,nan
ALNS-B,Example12,12,55.0,56.666666666666664,nan
ALNS-B,Example12,12,56.0,56.666666666666664,nan
ALNS-B,Example12,12,57.0,56.0,nan
ALNS-B,Example12,12,58.0,56.0,nan
ALNS-B,Example12,12,59.0,56.0,nan
ALNS-B,Example12,12,60.0,56.0,nan
ALNS-B,Example12,12,61.0,54.666666666666664,nan
ALNS-B,Example12,12,62.0,54.666666666666664,nan
ALNS-B,Example12,12,63.0,54.666666666666664,nan
ALNS-B,Example12,12,64.0,54.666666666666664,nan
ALNS-B,Example12,12,65.0,54.666666666666664,nan
ALNS-B,Example12,12,66.0,54.666666666666664,nan
ALNS-B,Example12,12,67.0,54.666666666666664,nan
ALNS-B,Example12,12,68.0,54.666666666666664,nan
ALNS-B,Example12,12,69.0,54.666666666666664,nan
ALNS-B,Example12,12,70.0,54.666666666666664,nan
ALNS-B,Example12,12,71.0,54.666666666666664,nan
ALNS-B,Example12,12,72.0,47.0,nan
ALNS-B,Example12,12,73.0,47.0,nan
ALNS-B,Example12,12,74.0,47.0,nan
ALNS-B,Example12,12,75.0,47.0,nan
ALNS-B,Example12,12,76.0,47.0,nan
ALNS-B,Example12,12,77.0,47.0,nan
ALNS-B,Example12,12,78.0,47.0,nan
ALNS-B,Example12,12,79.0,47.0,nan
ALNS-B,Example12,12,80.0,47.0,nan
ALNS-B,Example12,12,81.0,47.0,nan
ALNS-B,Example12,12,82.0,47.0,nan
ALNS-B,Example12,12,83.0,47.0,nan
ALNS-B,Example12,12,84.0,47.0,nan
ALNS-B,Example12,12,85.0,47.0,nan
ALNS-B,Example12,12,86.0,47.0,nan
ALNS-B,Example12,12,87.0,47.0,nan
ALNS-B,Example12,12,88.0,47.0,nan
ALNS-B,Example12,12,89.0,47.0,nan
ALNS-B,Example12,12,90.0,47.0,nan
ALNS-B,Example12,12,91.0,47.0,nan
ALNS-B,Example12,12,92.0,47.0,nan
ALNS-B,Example12,12,93.0,47.0,nan
ALNS-B,Example12,12,94.0,47.0,nan
ALNS-B,Example12,12,95.0,47.0,nan
ALNS-B,Example12,12,96.0,47.0,nan
ALNS-B,Example12,12,97.0,47.0,nan
ALNS-B,Example12,12,98.0,47.0,nan
ALNS-B,Example12,12,99.0,47.0,nan
ALNS-B,Example12,12,100.0,47.0,nan
ALNS-B,Example12,12,101.0,47.0,nan
ALNS-B,Example12,12,102.0,47.0,nan
ALNS-B,Example12,12,103.0,47.0,nan
ALNS-B,Example12,12,104.0,47.0,nan
ALNS-B,Example12,12,105.0,47.0,nan
ALNS-B,Example12,12,106.0,47.0,nan
ALNS-B,Example12,12,107.0,47.0,nan
ALNS-B,Example12,12,108.0,47.0,nan
ALNS-B,Example12,12,109.0,47.0,nan
ALNS-B,Example12,12,110.0,47.0,nan
ALNS-B,Example12,12,111.0,47.0,nan
ALNS-B,Example12,12,112.0,47.0,nan
ALNS-B,Example12,12,113.0,47.0,nan
ALNS-B,Example12,12,114.0,47.0,nan
ALNS-B,Example12,12,115.0,44.666666666666664,nan
ALNS-B,Example12,12,116.0,44.666666666666664,nan
ALNS-B,Example12,12,117.0,44.666666666666664,nan
ALNS-B,Example12,12,118.0,44.666666666666664,nan
ALNS-B,Example12,12,119.0,44.666666666666664,nan
ALNS-B,Example12,12,120.0,44.666666666666664,nan
ALNS-B,Example12,12,121.0,44.666666666666664,nan
ALNS-B,Example12,12,122.0,44.666666666666664,nan
ALNS-B,Example12,12,123.0,44.666666666666664,nan
ALNS-B,Example12,12,124.0,44.666666666666664,nan
ALNS-B,Example12,12,125.0,44.666666666666664,nan
ALNS-B,Example12,12,126.0,44.666666666666664,nan
ALNS-B,Example12,12,127.0,44.666666666666664,nan
ALNS-B,Example12,12,128.0,44.666666666666664,nan
ALNS-B,Example12,12,129.0,44.666666666666664,nan
ALNS-B,Example12,12,130.0,44.666666666666664,nan
ALNS-B,Example12,12,131.0,44.666666666666664,nan
ALNS-B,Example12,12,132.0,44.666666666666664,nan
ALNS-B,Example12,12,133.0,44.666666666666664,nan
ALNS-B,Example12,12,134.0,44.666666666666664,nan
ALNS-B,Example12,12,135.0,44.666666666666664,nan
ALNS-B,Example12,12,136.0,44.666666666666664,nan
ALNS-B,Example12,12,137.0,44.666666666666664,nan
ALNS-B,Example12,12,138.0,44.666666666666664,nan
ALNS-B,Example12,12,139.0,44.666666666666664,nan
ALNS-B,Example12,12,140.0,44.666666666666664,nan
ALNS-B,Example12,12,141.0,44.666666666666664,nan
ALNS-B,Example12,12,142.0,44.666666666666664,nan
ALNS-B,Example12,12,143.0,44.666666666666664,nan
ALNS-B,Example12,12,144.0,44.666666666666664,nan
ALNS-B,Example12,12,145.0,44.666666666666664,nan
ALNS-B,Example12,12,146.0,44.666666666666664,nan
ALNS-B,Example12,12,147.0,44.666666666666664,nan
ALNS-B,Example12,12,148.0,44.666666666666664,nan
ALNS-B,Example12,12,149.0,44.0,nan
ALNS-B,Example12,12,150.0,44.0,nan
ALNS-B,Example12,12,151.0,44.0,nan
ALNS-B,Example12,12,152.0,44.0,nan
ALNS-B,Example12,12,153.0,44.0,nan
ALNS-B,Example12,12,154.0,44.0,nan
ALNS-B,Example12,12,155.0,44.0,nan
ALNS-B,Example12,12,156.0,44.0,nan
ALNS-B,Example12,12,157.0,44.0,nan
ALNS-B,Example12,12,158.0,44.0,nan
ALNS-B,Example12,12,159.0,44.0,nan
ALNS-B,Example12,12,160.0,42.333333333333336,nan
ALNS-B,Example12,12,161.0,42.333333333333336,nan
ALNS-B,Example12,12,162.0,42.333333333333336,nan
ALNS-B,Example12,12,163.0,42.333333333333336,nan
ALNS-B,Example12,12,164.0,42.333333333333336,nan
ALNS-B,Example12,12,165.0,42.333333333333336,nan
ALNS-B,Example12,12,166.0,40.333333333333336,nan
ALNS-B,Example12,12,167.0,37.0,nan
ALNS-B,Example12,12,168.0,37.0,nan
ALNS-B,Example12,12,169.0,37.0,nan
ALNS-B,Example12,12,170.0,29.666666666666668,nan
ALNS-B,Example12,12,171.0,29.666666666666668,nan
ALNS-B,Example12,12,172.0,28.666666666666668,nan
ALNS-B,Example12,12,173.0,28.333333333333332,nan
ALNS-B,Example12,12,174.0,28.0,nan
ALNS-B,Example12,12,175.0,28.0,nan
ALNS-B,Example12,12,176.0,28.0,nan
ALNS-B,Example12,12,177.0,28.0,nan
ALNS-B,Example12,12,178.0,28.0,nan
ALNS-B,Example12,12,179.0,28.0,nan
ALNS-B,Example12,12,180.0,28.0,nan
ALNS-B,Example12,12,181.0,28.0,nan
ALNS-B,Example12,12,182.0,25.333333333333332,nan
ALNS-B,Example12,12,183.0,25.333333333333332,nan
ALNS-B,Example12,12,184.0,25.333333333333332,nan
ALNS-B,Example12,12,185.0,25.333333333333332,nan
ALNS-B,Example12,12,186.0,25.333333333333332,nan
ALNS-B,Example12,12,187.0,25.333333333333332,nan
ALNS-B,Example12,12,188.0,25.333333333333332,nan
ALNS-B,Example12,12,189.0,25.333333333333332,nan
ALNS-B,Example12,12,190.0,25.333333333333332,nan
ALNS-B,Example12,12,191.0,25.333333333333332,nan
ALNS-B,Example12,12,192.0,25.333333333333332,nan
ALNS-B,Example12,12,193.0,25.333333333333332,nan
ALNS-B,Example12,12,194.0,25.333333333333332,nan
ALNS-B,Example12,12,195.0,25.333333333333332,nan
ALNS-B,Example12,12,196.0,25.333333333333332,nan
ALNS-B,Example12,12,197.0,25.333333333333332,nan
ALNS-B,Example12,12,198.0,25.333333333333332,nan
ALNS-B,Example12,12,199.0,25.333333333333332,nan
ALNS-B,Example12,12,200.0,25.333333333333332,nan
ALNS-B,Example12,12,201.0,25.333333333333332,nan
ALNS-B,Example12,12,202.0,25.333333333333332,nan
ALNS-B,Example12,12,203.0,25.333333333333332,nan
ALNS-B,Example12,12,204.0,25.333333333333332,nan
ALNS-B,Example12,12,205.0,25.333333333333332,nan
ALNS-B,Example12,12,206.0,25.333333333333332,nan
ALNS-B,Example12,12,207.0,25.333333333333332,nan
ALNS-B,Example12,12,208.0,25.333333333333332,nan
ALNS-B,Example12,12,209.0,25.333333333333332,nan
ALNS-B,Example12,12,210.0,25.333333333333332,nan
ALNS-B,Example12,12,211.0,25.333333333333332,nan
ALNS-B,Example12,12,212.0,25.333333333333332,nan
ALNS-B,Example12,12,213.0,25.333333333333332,nan
ALNS-B,Example12,12,214.0,25.333333333333332,nan
ALNS-B,Example12,12,215.0,25.333333333333332,nan
ALNS-B,Example12,12,216.0,25.333333333333332,nan
ALNS-B,Example12,12,217.0,25.333333333333332,nan
ALNS-B,Example12,12,218.0,25.333333333333332,nan
ALNS-B,Example12,12,219.0,25.333333333333332,nan
ALNS-B,Example12,12,220.0,25.333333333333332,nan
ALNS-B,Example12,12,221.0,25.333333333333332,nan
ALNS-B,Example12,12,222.0,25.333333333333332,nan
ALNS-B,Example12,12,223.0,25.333333333333332,nan
ALNS-B,Example12,12,224.0,25.333333333333332,nan
ALNS-B,Example12,12,225.0,25.333333333333332,nan
ALNS-B,Example12,12,226.0,25.333333333333332,nan
ALNS-B,Example12,12,227.0,25.333333333333332,nan
ALNS-B,Example12,12,228.0,25.333333333333332,nan
ALNS-B,Example12,12,229.0,25.333333333333332,nan
ALNS-B,Example12,12,230.0,25.333333333333332,nan
ALNS-B,Example12,12,231.0,25.333333333333332,nan
ALNS-B,Example12,12,232.0,25.333333333333332,nan
ALNS-B,Example12,12,233.0,25.333333333333332,nan
ALNS-B,Example12,12,234.0,25.333333333333332,nan
ALNS-B,Example12,12,235.0,25.333333333333332,nan
ALNS-B,Example12,12,236.0,25.333333333333332,nan
ALNS-B,Example12,12,237.0,25.333333333333332,nan
ALNS-B,Example12,12,238.0,25.333333333333332,nan
ALNS-B,Example12,12,239.0,25.333333333333332,nan
ALNS-B,Example12,12,240.0,25.333333333333332,nan
ALNS-B,Example12,12,241.0,25.333333333333332,nan
ALNS-B,Example12,12,242.0,25.333333333333332,nan
ALNS-B,Example12,12,243.0,25.333333333333332,nan
ALNS-B,Example12,12,244.0,25.333333333333332,nan
ALNS-B,Example12,12,245.0,25.333333333333332,nan
ALNS-B,Example12,12,246.0,25.333333333333332,nan
ALNS-B,Example12,12,247.0,25.333333333333332,nan
ALNS-B,Example12,12,248.0,25.333333333333332,nan
ALNS-B,Example12,12,249.0,25.333333333333332,nan
ALNS-B,Example12,12,250.0,25.333333333333332,nan
ALNS-B,Example12,12,251.0,25.333333333333332,nan
ALNS-B,Example12,12,252.0,25.333333333333332,nan
ALNS-B,Example12,12,253.0,25.333333333333332,nan
ALNS-B,Example12,12,254.0,25.333333333333332,nan
ALNS-B,Example12,12,255.0,25.333333333333332,nan
ALNS-B,Example12,12,256.0,25.333333333333332,nan
ALNS-B,Example12,12,257.0,25.333333333333332,nan
ALNS-B,Example12,12,258.0,25.333333333333332,nan
ALNS-B,Example12,12,259.0,25.333333333333332,nan
ALNS-B,Example12,12,260.0,25.333333333333332,nan
ALNS-B,Example12,12,261.0,25.333333333333332,nan
ALNS-B,Example12,12,262.0,25.333333333333332,nan
ALNS-B,Example12,12,263.0,25.333333333333332,nan
ALNS-B,Example12,12,264.0,25.333333333333332,nan
ALNS-B,Example12,12,265.0,25.333333333333332,nan
ALNS-B,Example12,12,266.0,25.333333333333332,nan
ALNS-B,Example12,12,267.0,25.333333333333332,nan
ALNS-B,Example12,12,268.0,25.333333333333332,nan
ALNS-B,Example12,12,269.0,25.333333333333332,nan
ALNS-B,Example12,12,270.0,25.333333333333332,nan
ALNS-B,Example12,12,271.0,25.333333333333332,nan
ALNS-B,Example12,12,272.0,25.333333333333332,nan
ALNS-B,Example12,12,273.0,25.333333333333332,nan
ALNS-B,Example13,13,0.0,291.0,nan
ALNS-B,Example13,13,1.0,291.0,nan
ALNS-B,Example13,13,2.0,291.0,nan
ALNS-B,Example13,13,3.0,291.0,nan
ALNS-B,Example13,13,4.0,235.0,nan
ALNS-B,Example13,13,5.0,235.0,nan
ALNS-B,Example13,13,6.0,210.0,nan
ALNS-B,Example13,13,7.0,175.0,nan
ALNS-B,Example13,13,8.0,175.0,nan
ALNS-B,Example13,13,9.0,175.0,nan
ALNS-B,Example13,13,10.0,168.66666666666666,nan
ALNS-B,Example13,13,11.0,168.66666666666666,nan
ALNS-B,Example13,13,12.0,168.66666666666666,nan
ALNS-B,Example13,13,13.0,168.66666666666666,nan
ALNS-B,Example13,13,14.0,168.66666666666666,nan
ALNS-B,Example13,13,15.0,166.33333333333334,nan
ALNS-B,Example13,13,16.0,166.33333333333334,nan
ALNS-B,Example13,13,17.0,166.33333333333334,nan
ALNS-B,Example13,13,18.0,166.33333333333334,nan
ALNS-B,Example13,13,19.0,166.33333333333334,nan
ALNS-B,Example13,13,20.0,74.0,nan
ALNS-B,Example13,13,21.0,74.0,nan
ALNS-B,Example13,13,22.0,73.0,nan
ALNS-B,Example13,13,23.0,72.33333333333333,nan
ALNS-B,Example13,13,24.0,42.333333333333336,nan
ALNS-B,Example13,13,25.0,42.333333333333336,nan
ALNS-B,Example13,13,26.0,42.333333333333336,nan
ALNS-B,Example13,13,27.0,42.333333333333336,nan
ALNS-B,Example13,13,28.0,42.333333333333336,nan
ALNS-B,Example13,13,29.0,42.333333333333336,nan
ALNS-B,Example13,13,30.0,42.333333333333336,nan
ALNS-B,Example13,13,31.0,42.333333333333336,nan
ALNS-B,Example13,13,32.0,37.333333333333336,nan
ALNS-B,Example13,13,33.0,37.333333333333336,nan
ALNS-B,Example13,13,34.0,37.333333333333336,nan
ALNS-B,Example13,13,35.0,37.333333333333336,nan
ALNS-B,Example13,13,36.0,37.333333333333336,nan
ALNS-B,Example13,13,37.0,37.333333333333336,nan
ALNS-B,Example13,13,38.0,37.333333333333336,nan
ALNS-B,Example13,13,39.0,37.333333333333336,nan
ALNS-B,Example13,13,40.0,37.333333333333336,nan
ALNS-B,Example13,13,41.0,37.333333333333336,nan
ALNS-B,Example13,13,42.0,37.333333333333336,nan
ALNS-B,Example13,13,43.0,37.333333333333336,nan
ALNS-B,Example13,13,44.0,37.333333333333336,nan
ALNS-B,Example13,13,45.0,37.333333333333336,nan
ALNS-B,Example13,13,46.0,37.333333333333336,nan
ALNS-B,Example13,13,47.0,37.333333333333336,nan
ALNS-B,Example13,13,48.0,37.333333333333336,nan
ALNS-B,Example13,13,49.0,37.333333333333336,nan
ALNS-B,Example13,13,50.0,37.333333333333336,nan
ALNS-B,Example13,13,51.0,37.333333333333336,nan
ALNS-B,Example13,13,52.0,37.333333333333336,nan
ALNS-B,Example13,13,53.0,37.333333333333336,nan
ALNS-B,Example13,13,54.0,37.333333333333336,nan
ALNS-B,Example13,13,55.0,37.333333333333336,nan
ALNS-B,Example13,13,56.0,37.333333333333336,nan
ALNS-B,Example13,13,57.0,37.333333333333336,nan
ALNS-B,Example13,13,58.0,37.333333333333336,nan
ALNS-B,Example13,13,59.0,36.333333333333336,nan
ALNS-B,Example13,13,60.0,36.333333333333336,nan
ALNS-B,Example13,13,61.0,36.333333333333336,nan
ALNS-B,Example13,13,62.0,36.333333333333336,nan
ALNS-B,Example13,13,63.0,36.333333333333336,nan
ALNS-B,Example13,13,64.0,36.333333333333336,nan
ALNS-B,Example13,13,65.0,36.333333333333336,nan
ALNS-B,Example13,13,66.0,36.333333333333336,nan
ALNS-B,Example13,13,67.0,36.333333333333336,nan
ALNS-B,Example13,13,68.0,36.333333333333336,nan
ALNS-B,Example13,13,69.0,36.333333333333336,nan
ALNS-B,Example13,13,70.0,36.333333333333336,nan
ALNS-B,Example13,13,71.0,36.333333333333336,nan
ALNS-B,Example13,13,72.0,36.333333333333336,nan
ALNS-B,Example13,13,73.0,36.333333333333336,nan
ALNS-B,Example13,13,74.0,34.666666666666664,nan
ALNS-B,Example13,13,75.0,34.666666666666664,nan
ALNS-B,Example13,13,76.0,34.666666666666664,nan
ALNS-B,Example13,13,77.0,34.666666666666664,nan
ALNS-B,Example13,13,78.0,34.666666666666664,nan
ALNS-B,Example13,13,79.0,34.666666666666664,nan
ALNS-B,Example13,13,80.0,34.666666666666664,nan
ALNS-B,Example13,13,81.0,34.666666666666664,nan
ALNS-B,Example13,13,82.0,34.666666666666664,nan
ALNS-B,Example13,13,83.0,34.666666666666664,nan
ALNS-B,Example13,13,84.0,29.666666666666668,nan
ALNS-B,Example13,13,85.0,29.666666666666668,nan
ALNS-B,Example13,13,86.0,29.666666666666668,nan
ALNS-B,Example13,13,87.0,29.666666666666668,nan
ALNS-B,Example13,13,88.0,29.666666666666668,nan
ALNS-B,Example13,13,89.0,29.666666666666668,nan
ALNS-B,Example13,13,90.0,29.666666666666668,nan
ALNS-B,Example13,13,91.0,29.666666666666668,nan
ALNS-B,Example13,13,92.0,29.666666666666668,nan
ALNS-B,Example13,13,93.0,29.666666666666668,nan
ALNS-B,Example13,13,94.0,29.666666666666668,nan
ALNS-B,Example13,13,95.0,29.666666666666668,nan
ALNS-B,Example13,13,96.0,29.666666666666668,nan
ALNS-B,Example13,13,97.0,29.666666666666668,nan
ALNS-B,Example13,13,98.0,29.666666666666668,nan
ALNS-B,Example13,13,99.0,29.666666666666668,nan
ALNS-B,Example13,13,100.0,29.666666666666668,nan
ALNS-B,Example13,13,101.0,29.666666666666668,nan
ALNS-B,Example13,13,102.0,29.666666666666668,nan
ALNS-B,Example13,13,103.0,29.666666666666668,nan
ALNS-B,Example13,13,104.0,29.666666666666668,nan
ALNS-B,Example13,13,105.0,29.666666666666668,nan
ALNS-B,Example13,13,106.0,29.666666666666668,nan
ALNS-B,Example13,13,107.0,29.666666666666668,nan
ALNS-B,Example13,13,108.0,29.666666666666668,nan
ALNS-B,Example13,13,109.0,29.666666666666668,nan
ALNS-B,Example13,13,110.0,29.666666666666668,nan
ALNS-B,Example13,13,111.0,29.666666666666668,nan
ALNS-B,Example13,13,112.0,29.666666666666668,nan
ALNS-B,Example13,13,113.0,29.666666666666668,nan
ALNS-B,Example13,13,114.0,29.666666666666668,nan
ALNS-B,Example13,13,115.0,29.666666666666668,nan
ALNS-B,Example13,13,116.0,29.666666666666668,nan
ALNS-B,Example13,13,117.0,29.666666666666668,nan
ALNS-B,Example13,13,118.0,29.666666666666668,nan
ALNS-B,Example13,13,119.0,29.666666666666668,nan
ALNS-B,Example13,13,120.0,29.666666666666668,nan
ALNS-B,Example13,13,121.0,29.666666666666668,nan
ALNS-B,Example13,13,122.0,29.666666666666668,nan
ALNS-B,Example13,13,123.0,29.666666666666668,nan
ALNS-B,Example13,13,124.0,29.666666666666668,nan
ALNS-B,Example13,13,125.0,29.666666666666668,nan
ALNS-B,Example13,13,126.0,29.666666666666668,nan
ALNS-B,Example13,13,127.0,29.666666666666668,nan
ALNS-B,Example13,13,128.0,29.666666666666668,nan
ALNS-B,Example13,13,129.0,29.666666666666668,nan
ALNS-B,Example13,13,130.0,29.666666666666668,nan
ALNS-B,Example13,13,131.0,29.666666666666668,nan
ALNS-B,Example13,13,132.0,29.666666666666668,nan
ALNS-B,Example13,13,133.0,29.666666666666668,nan
ALNS-B,Example13,13,134.0,29.666666666666668,nan
ALNS-B,Example13,13,135.0,29.666666666666668,nan
ALNS-B,Example13,13,136.0,29.666666666666668,nan
ALNS-B,Example13,13,137.0,29.666666666666668,nan
ALNS-B,Example13,13,138.0,29.666666666666668,nan
ALNS-B,Example13,13,139.0,29.666666666666668,nan
ALNS-B,Example13,13,140.0,29.666666666666668,nan
ALNS-B,Example13,13,141.0,29.666666666666668,nan
ALNS-B,Example13,13,142.0,29.666666666666668,nan
ALNS-B,Example13,13,143.0,29.666666666666668,nan
ALNS-B,Example13,13,144.0,29.666666666666668,nan
ALNS-B,Example13,13,145.0,29.666666666666668,nan
ALNS-B,Example13,13,146.0,29.666666666666668,nan
ALNS-B,Example13,13,147.0,29.666666666666668,nan
ALNS-B,Example13,13,148.0,29.666666666666668,nan
ALNS-B,Example13,13,149.0,29.666666666666668,nan
ALNS-B,Example13,13,150.0,29.666666666666668,nan
ALNS-B,Example13,13,151.0,29.666666666666668,nan
ALNS-B,Example13,13,152.0,29.666666666666668,nan
ALNS-B,Example13,13,153.0,29.666666666666668,nan
ALNS-B,Example13,13,154.0,29.666666666666668,nan
ALNS-B,Example13,13,155.0,29.666666666666668,nan
ALNS-B,Example13,13,156.0,29.666666666666668,nan
ALNS-B,Example13,13,157.0,29.666666666666668,nan
ALNS-B,Example13,13,158.0,29.666666666666668,nan
ALNS-B,Example13,13,159.0,29.666666666666668,nan
ALNS-B,Example13,13,160.0,29.666666666666668,nan
ALNS-B,Example13,13,161.0,29.666666666666668,nan
ALNS-B,Example13,13,162.0,29.666666666666668,nan
ALNS-B,Example13,13,163.0,29.666666666666668,nan
ALNS-B,Example13,13,164.0,29.666666666666668,nan
ALNS-B,Example13,13,165.0,29.666666666666668,nan
ALNS-B,Example13,13,166.0,29.666666666666668,nan
ALNS-B,Example13,13,167.0,29.666666666666668,nan
ALNS-B,Example13,13,168.0,29.666666666666668,nan
ALNS-B,Example13,13,169.0,29.666666666666668,nan
ALNS-B,Example13,13,170.0,29.666666666666668,nan
ALNS-B,Example13,13,171.0,29.666666666666668,nan
ALNS-B,Example13,13,172.0,29.666666666666668,nan
ALNS-B,Example13,13,173.0,29.666666666666668,nan
ALNS-B,Example13,13,174.0,29.666666666666668,nan
ALNS-B,Example13,13,175.0,29.666666666666668,nan
ALNS-B,Example13,13,176.0,29.666666666666668,nan
ALNS-B,Example13,13,177.0,29.666666666666668,nan
ALNS-B,Example13,13,178.0,29.666666666666668,nan
ALNS-B,Example13,13,179.0,29.666666666666668,nan
ALNS-B,Example13,13,180.0,29.666666666666668,nan
ALNS-B,Example13,13,181.0,29.666666666666668,nan
ALNS-B,Example13,13,182.0,29.666666666666668,nan
ALNS-B,Example13,13,183.0,29.666666666666668,nan
ALNS-B,Example13,13,184.0,29.666666666666668,nan
ALNS-B,Example13,13,185.0,29.666666666666668,nan
ALNS-B,Example13,13,186.0,29.666666666666668,nan
ALNS-B,Example13,13,187.0,29.666666666666668,nan
ALNS-B,Example13,13,188.0,29.666666666666668,nan
ALNS-B,Example13,13,189.0,29.666666666666668,nan
ALNS-B,Example13,13,190.0,29.666666666666668,nan
ALNS-B,Example13,13,191.0,29.666666666666668,nan
ALNS-B,Example13,13,192.0,29.666666666666668,nan
ALNS-B,Example13,13,193.0,29.666666666666668,nan
ALNS-B,Example13,13,194.0,29.666666666666668,nan
ALNS-B,Example13,13,195.0,29.666666666666668,nan
ALNS-B,Example13,13,196.0,29.666666666666668,nan
ALNS-B,Example13,13,197.0,29.666666666666668,nan
ALNS-B,Example13,13,198.0,29.666666666666668,nan
ALNS-B,Example13,13,199.0,29.666666666666668,nan
ALNS-B,Example13,13,200.0,29.666666666666668,nan
ALNS-B,Example13,13,201.0,29.666666666666668,nan
ALNS-B,Example13,13,202.0,29.666666666666668,nan
ALNS-B,Example13,13,203.0,29.666666666666668,nan
ALNS-B,Example13,13,204.0,29.666666666666668,nan
ALNS-B,Example13,13,205.0,29.666666666666668,nan
ALNS-B,Example13,13,206.0,29.666666666666668,nan
ALNS-B,Example13,13,207.0,29.666666666666668,nan
ALNS-B,Example13,13,208.0,29.666666666666668,nan
ALNS-B,Example13,13,209.0,29.666666666666668,nan
ALNS-B,Example13,13,210.0,29.666666666666668,nan
ALNS-B,Example13,13,211.0,29.666666666666668,nan
ALNS-B,Example13,13,212.0,29.666666666666668,nan
ALNS-B,Example13,13,213.0,29.666666666666668,nan
ALNS-B,Example13,13,214.0,29.666666666666668,nan
ALNS-B,Example13,13,215.0,29.666666666666668,nan
ALNS-B,Example13,13,216.0,29.666666666666668,nan
ALNS-B,Example13,13,217.0,29.666666666666668,nan
ALNS-B,Example13,13,218.0,29.666666666666668,nan
ALNS-B,Example13,13,219.0,29.666666666666668,nan
ALNS-B,Example13,13,220.0,29.666666666666668,nan
ALNS-B,Example13,13,221.0,29.666666666666668,nan
ALNS-B,Example13,13,222.0,29.666666666666668,nan
ALNS-B,Example13,13,223.0,29.666666666666668,nan
ALNS-B,Example13,13,224.0,29.666666666666668,nan
ALNS-B,Example13,13,225.0,29.666666666666668,nan
ALNS-B,Example13,13,226.0,29.666666666666668,nan
ALNS-B,Example13,13,227.0,29.666666666666668,nan
ALNS-B,Example13,13,228.0,29.666666666666668,nan
ALNS-B,Example13,13,229.0,29.666666666666668,nan
ALNS-B,Example13,13,230.0,29.666666666666668,nan
ALNS-B,Example13,13,231.0,29.666666666666668,nan
ALNS-B,Example13,13,232.0,29.666666666666668,nan
ALNS-B,Example13,13,233.0,29.666666666666668,nan
ALNS-B,Example13,13,234.0,29.666666666666668,nan
ALNS-B,Example13,13,235.0,29.666666666666668,nan
ALNS-B,Example13,13,236.0,29.666666666666668,nan
ALNS-B,Example13,13,237.0,29.666666666666668,nan
ALNS-B,Example13,13,238.0,29.666666666666668,nan
ALNS-B,Example13,13,239.0,29.666666666666668,nan
ALNS-B,Example13,13,240.0,29.666666666666668,nan
ALNS-B,Example13,13,241.0,29.666666666666668,nan
ALNS-B,Example13,13,242.0,29.666666666666668,nan
ALNS-B,Example13,13,243.0,29.666666666666668,nan
ALNS-B,Example13,13,244.0,29.666666666666668,nan
ALNS-B,Example13,13,245.0,29.666666666666668,nan
ALNS-B,Example13,13,246.0,29.666666666666668,nan
ALNS-B,Example13,13,247.0,29.666666666666668,nan
ALNS-B,Example13,13,248.0,29.666666666666668,nan
ALNS-B,Example13,13,249.0,29.666666666666668,nan
ALNS-B,Example13,13,250.0,29.666666666666668,nan
ALNS-B,Example13,13,251.0,29.666666666666668,nan
ALNS-B,Example13,13,252.0,29.666666666666668,nan
ALNS-B,Example13,13,253.0,29.666666666666668,nan
ALNS-B,Example13,13,254.0,29.666666666666668,nan
ALNS-B,Example13,13,255.0,29.666666666666668,nan
ALNS-B,Example13,13,256.0,29.666666666666668,nan
ALNS-B,Example13,13,257.0,29.666666666666668,nan
ALNS-B,Example13,13,258.0,29.666666666666668,nan
ALNS-B,Example13,13,259.0,29.666666666666668,nan
ALNS-B,Example13,13,260.0,29.666666666666668,nan
ALNS-B,Example13,13,261.0,29.666666666666668,nan
ALNS-B,Example13,13,262.0,29.666666666666668,nan
ALNS-B,Example13,13,263.0,29.666666666666668,nan
ALNS-B,Example13,13,264.0,29.666666666666668,nan
ALNS-B,Example13,13,265.0,29.666666666666668,nan
ALNS-B,Example13,13,266.0,29.666666666666668,nan
ALNS-B,Example13,13,267.0,29.666666666666668,nan
ALNS-B,Example13,13,268.0,29.666666666666668,nan
ALNS-B,Example13,13,269.0,29.666666666666668,nan
ALNS-B,Example13,13,270.0,29.666666666666668,nan
ALNS-B,Example13,13,271.0,29.666666666666668,nan
ALNS-B,Example13,13,272.0,29.666666666666668,nan
ALNS-B,Example13,13,273.0,29.666666666666668,nan
ALNS-B,Example14,14,0.0,115.66666666666667,nan
ALNS-B,Example14,14,1.0,115.66666666666667,nan
ALNS-B,Example14,14,2.0,115.66666666666667,nan
ALNS-B,Example14,14,3.0,74.66666666666667,nan
ALNS-B,Example14,14,4.0,74.66666666666667,nan
ALNS-B,Example14,14,5.0,53.0,nan
ALNS-B,Example14,14,6.0,53.0,nan
ALNS-B,Example14,14,7.0,30.333333333333332,nan
ALNS-B,Example14,14,8.0,28.666666666666668,nan
ALNS-B,Example14,14,9.0,28.666666666666668,nan
ALNS-B,Example14,14,10.0,24.333333333333332,nan
ALNS-B,Example14,14,11.0,24.333333333333332,nan
ALNS-B,Example14,14,12.0,24.333333333333332,nan
ALNS-B,Example14,14,13.0,21.666666666666668,nan
ALNS-B,Example14,14,14.0,21.666666666666668,nan
ALNS-B,Example14,14,15.0,21.666666666666668,nan
ALNS-B,Example14,14,16.0,21.666666666666668,nan
ALNS-B,Example14,14,17.0,21.666666666666668,nan
ALNS-B,Example14,14,18.0,21.666666666666668,nan
ALNS-B,Example14,14,19.0,17.0,nan
ALNS-B,Example14,14,20.0,13.666666666666666,nan
ALNS-B,Example14,14,21.0,13.666666666666666,nan
ALNS-B,Example14,14,22.0,13.666666666666666,nan
ALNS-B,Example14,14,23.0,13.666666666666666,nan
ALNS-B,Example14,14,24.0,13.666666666666666,nan
ALNS-B,Example14,14,25.0,13.666666666666666,nan
ALNS-B,Example14,14,26.0,13.666666666666666,nan
ALNS-B,Example14,14,27.0,13.666666666666666,nan
ALNS-B,Example14,14,28.0,13.666666666666666,nan
ALNS-B,Example14,14,29.0,13.666666666666666,nan
ALNS-B,Example14,14,30.0,13.666666666666666,nan
ALNS-B,Example14,14,31.0,13.666666666666666,nan
ALNS-B,Example14,14,32.0,10.333333333333334,nan
ALNS-B,Example14,14,33.0,10.333333333333334,nan
ALNS-B,Example14,14,34.0,10.333333333333334,nan
ALNS-B,Example14,14,35.0,10.333333333333334,nan
ALNS-B,Example14,14,36.0,10.333333333333334,nan
ALNS-B,Example14,14,37.0,10.333333333333334,nan
ALNS-B,Example14,14,38.0,10.333333333333334,nan
ALNS-B,Example14,14,39.0,10.333333333333334,nan
ALNS-B,Example14,14,40.0,10.333333333333334,nan
ALNS-B,Example14,14,41.0,10.333333333333334,nan
ALNS-B,Example14,14,42.0,10.333333333333334,nan
ALNS-B,Example14,14,43.0,10.333333333333334,nan
ALNS-B,Example14,14,44.0,10.333333333333334,nan
ALNS-B,Example14,14,45.0,8.333333333333334,nan
ALNS-B,Example14,14,46.0,8.0,nan
ALNS-B,Example14,14,47.0,7.333333333333333,nan
ALNS-B,Example14,14,48.0,7.333333333333333,nan
ALNS-B,Example14,14,49.0,7.333333333333333,nan
ALNS-B,Example14,14,50.0,7.333333333333333,nan
ALNS-B,Example14,14,51.0,7.333333333333333,nan
ALNS-B,Example14,14,52.0,7.333333333333333,nan
ALNS-B,Example14,14,53.0,7.333333333333333,nan
ALNS-B,Example14,14,54.0,7.333333333333333,nan
ALNS-B,Example14,14,55.0,7.333333333333333,nan
ALNS-B,Example14,14,56.0,7.0,nan
ALNS-B,Example14,14,57.0,7.0,nan
ALNS-B,Example14,14,58.0,6.666666666666667,nan
ALNS-B,Example14,14,59.0,6.666666666666667,nan
ALNS-B,Example14,14,60.0,6.666666666666667,nan
ALNS-B,Example14,14,61.0,6.666666666666667,nan
ALNS-B,Example14,14,62.0,6.666666666666667,nan
ALNS-B,Example14,14,63.0,6.666666666666667,nan
ALNS-B,Example14,14,64.0,6.666666666666667,nan
ALNS-B,Example14,14,65.0,6.666666666666667,nan
ALNS-B,Example14,14,66.0,6.666666666666667,nan
ALNS-B,Example14,14,67.0,6.666666666666667,nan
ALNS-B,Example14,14,68.0,6.333333333333333,nan
ALNS-B,Example14,14,69.0,6.333333333333333,nan
ALNS-B,Example14,14,70.0,6.333333333333333,nan
ALNS-B,Example14,14,71.0,6.333333333333333,nan
ALNS-B,Example14,14,72.0,6.333333333333333,nan
ALNS-B,Example14,14,73.0,6.333333333333333,nan
ALNS-B,Example14,14,74.0,6.333333333333333,nan
ALNS-B,Example14,14,75.0,6.333333333333333,nan
ALNS-B,Example14,14,76.0,6.333333333333333,nan
ALNS-B,Example14,14,77.0,6.333333333333333,nan
ALNS-B,Example14,14,78.0,6.333333333333333,nan
ALNS-B,Example14,14,79.0,6.333333333333333,nan
ALNS-B,Example14,14,80.0,6.0,nan
ALNS-B,Example14,14,81.0,6.0,nan
ALNS-B,Example14,14,82.0,6.0,nan
ALNS-B,Example14,14,83.0,6.0,nan
ALNS-B,Example14,14,84.0,6.0,nan
ALNS-B,Example14,14,85.0,6.0,nan
ALNS-B,Example14,14,86.0,6.0,nan
ALNS-B,Example14,14,87.0,6.0,nan
ALNS-B,Example14,14,88.0,6.0,nan
ALNS-B,Example14,14,89.0,6.0,nan
ALNS-B,Example14,14,90.0,6.0,nan
ALNS-B,Example14,14,91.0,6.0,nan
ALNS-B,Example14,14,92.0,6.0,nan
ALNS-B,Example14,14,93.0,6.0,nan
ALNS-B,Example14,14,94.0,6.0,nan
ALNS-B,Example14,14,95.0,6.0,nan
ALNS-B,Example14,14,96.0,6.0,nan
ALNS-B,Example14,14,97.0,6.0,nan
ALNS-B,Example14,14,98.0,6.0,nan
ALNS-B,Example14,14,99.0,6.0,nan
ALNS-B,Example14,14,100.0,6.0,nan
ALNS-B,Example14,14,101.0,5.666666666666667,nan
ALNS-B,Example14,14,102.0,5.666666666666667,nan
ALNS-B,Example14,14,103.0,5.666666666666667,nan
ALNS-B,Example14,14,104.0,5.666666666666667,nan
ALNS-B,Example14,14,105.0,5.666666666666667,nan
ALNS-B,Example14,14,106.0,5.666666666666667,nan
ALNS-B,Example14,14,107.0,5.666666666666667,nan
ALNS-B,Example14,14,108.0,5.666666666666667,nan
ALNS-B,Example14,14,109.0,5.333333333333333,nan
ALNS-B,Example14,14,110.0,5.333333333333333,nan
ALNS-B,Example14,14,111.0,5.333333333333333,nan
ALNS-B,Example14,14,112.0,5.333333333333333,nan
ALNS-B,Example14,14,113.0,5.333333333333333,nan
ALNS-B,Example14,14,114.0,5.333333333333333,nan
ALNS-B,Example14,14,115.0,5.333333333333333,nan
ALNS-B,Example14,14,116.0,5.333333333333333,nan
ALNS-B,Example14,14,117.0,5.333333333333333,nan
ALNS-B,Example14,14,118.0,5.333333333333333,nan
ALNS-B,Example14,14,119.0,5.333333333333333,nan
ALNS-B,Example14,14,120.0,5.333333333333333,nan
ALNS-B,Example14,14,121.0,5.333333333333333,nan
ALNS-B,Example14,14,122.0,5.333333333333333,nan
ALNS-B,Example14,14,123.0,5.333333333333333,nan
ALNS-B,Example14,14,124.0,5.333333333333333,nan
ALNS-B,Example14,14,125.0,5.333333333333333,nan
ALNS-B,Example14,14,126.0,5.333333333333333,nan
ALNS-B,Example14,14,127.0,5.333333333333333,nan
ALNS-B,Example14,14,128.0,5.333333333333333,nan
ALNS-B,Example14,14,129.0,5.333333333333333,nan
ALNS-B,Example14,14,130.0,5.333333333333333,nan
ALNS-B,Example14,14,131.0,5.333333333333333,nan
ALNS-B,Example14,14,132.0,5.333333333333333,nan
ALNS-B,Example14,14,133.0,5.333333333333333,nan
ALNS-B,Example14,14,134.0,5.333333333333333,nan
ALNS-B,Example14,14,135.0,5.333333333333333,nan
ALNS-B,Example14,14,136.0,5.333333333333333,nan
ALNS-B,Example14,14,137.0,5.333333333333333,nan
ALNS-B,Example14,14,138.0,5.333333333333333,nan
ALNS-B,Example14,14,139.0,5.333333333333333,nan
ALNS-B,Example14,14,140.0,5.333333333333333,nan
ALNS-B,Example14,14,141.0,5.333333333333333,nan
ALNS-B,Example14,14,142.0,5.333333333333333,nan
ALNS-B,Example14,14,143.0,5.333333333333333,nan
ALNS-B,Example14,14,144.0,5.333333333333333,nan
ALNS-B,Example14,14,145.0,5.333333333333333,nan
ALNS-B,Example14,14,146.0,5.333333333333333,nan
ALNS-B,Example14,14,147.0,5.333333333333333,nan
ALNS-B,Example14,14,148.0,5.333333333333333,nan
ALNS-B,Example14,14,149.0,5.333333333333333,nan
ALNS-B,Example14,14,150.0,5.333333333333333,nan
ALNS-B,Example14,14,151.0,5.333333333333333,nan
ALNS-B,Example14,14,152.0,5.333333333333333,nan
ALNS-B,Example14,14,153.0,5.333333333333333,nan
ALNS-B,Example14,14,154.0,5.333333333333333,nan
ALNS-B,Example14,14,155.0,5.333333333333333,nan
ALNS-B,Example14,14,156.0,5.333333333333333,nan
ALNS-B,Example14,14,157.0,5.333333333333333,nan
ALNS-B,Example14,14,158.0,5.333333333333333,nan
ALNS-B,Example14,14,159.0,5.333333333333333,nan
ALNS-B,Example14,14,160.0,5.333333333333333,nan
ALNS-B,Example14,14,161.0,4.666666666666667,nan
ALNS-B,Example14,14,162.0,4.666666666666667,nan
ALNS-B,Example14,14,163.0,4.666666666666667,nan
ALNS-B,Example14,14,164.0,4.666666666666667,nan
ALNS-B,Example14,14,165.0,4.666666666666667,nan
ALNS-B,Example14,14,166.0,4.666666666666667,nan
ALNS-B,Example14,14,167.0,4.666666666666667,nan
ALNS-B,Example14,14,168.0,4.666666666666667,nan
ALNS-B,Example14,14,169.0,4.666666666666667,nan
ALNS-B,Example14,14,170.0,4.666666666666667,nan
ALNS-B,Example14,14,171.0,4.666666666666667,nan
ALNS-B,Example14,14,172.0,4.666666666666667,nan
ALNS-B,Example14,14,173.0,4.666666666666667,nan
ALNS-B,Example14,14,174.0,4.666666666666667,nan
ALNS-B,Example14,14,175.0,4.666666666666667,nan
ALNS-B,Example14,14,176.0,4.666666666666667,nan
ALNS-B,Example14,14,177.0,4.666666666666667,nan
ALNS-B,Example14,14,178.0,4.666666666666667,nan
ALNS-B,Example14,14,179.0,4.666666666666667,nan
ALNS-B,Example14,14,180.0,4.666666666666667,nan
ALNS-B,Example14,14,181.0,4.666666666666667,nan
ALNS-B,Example14,14,182.0,4.666666666666667,nan
ALNS-B,Example14,14,183.0,4.666666666666667,nan
ALNS-B,Example14,14,184.0,4.666666666666667,nan
ALNS-B,Example14,14,185.0,4.666666666666667,nan
ALNS-B,Example14,14,186.0,4.666666666666667,nan
ALNS-B,Example14,14,187.0,4.666666666666667,nan
ALNS-B,Example14,14,188.0,4.666666666666667,nan
ALNS-B,Example14,14,189.0,4.666666666666667,nan
ALNS-B,Example14,14,190.0,4.666666666666667,nan
ALNS-B,Example14,14,191.0,4.666666666666667,nan
ALNS-B,Example14,14,192.0,4.666666666666667,nan
ALNS-B,Example14,14,193.0,4.666666666666667,nan
ALNS-B,Example14,14,194.0,4.666666666666667,nan
ALNS-B,Example14,14,195.0,4.666666666666667,nan
ALNS-B,Example14,14,196.0,4.666666666666667,nan
ALNS-B,Example14,14,197.0,4.666666666666667,nan
ALNS-B,Example14,14,198.0,4.666666666666667,nan
ALNS-B,Example14,14,199.0,4.666666666666667,nan
ALNS-B,Example14,14,200.0,4.666666666666667,nan
ALNS-B,Example14,14,201.0,4.666666666666667,nan
ALNS-B,Example14,14,202.0,4.666666666666667,nan
ALNS-B,Example14,14,203.0,4.666666666666667,nan
ALNS-B,Example14,14,204.0,4.666666666666667,nan
ALNS-B,Example14,14,205.0,4.666666666666667,nan
ALNS-B,Example14,14,206.0,4.666666666666667,nan
ALNS-B,Example14,14,207.0,4.666666666666667,nan
ALNS-B,Example14,14,208.0,4.666666666666667,nan
ALNS-B,Example14,14,209.0,4.666666666666667,nan
ALNS-B,Example14,14,210.0,4.666666666666667,nan
ALNS-B,Example14,14,211.0,4.666666666666667,nan
ALNS-B,Example14,14,212.0,4.666666666666667,nan
ALNS-B,Example14,14,213.0,4.666666666666667,nan
ALNS-B,Example14,14,214.0,4.666666666666667,nan
ALNS-B,Example14,14,215.0,4.666666666666667,nan
ALNS-B,Example14,14,216.0,4.666666666666667,nan
ALNS-B,Example14,14,217.0,4.666666666666667,nan
ALNS-B,Example14,14,218.0,4.666666666666667,nan
ALNS-B,Example14,14,219.0,4.666666666666667,nan
ALNS-B,Example14,14,220.0,4.666666666666667,nan
ALNS-B,Example14,14,221.0,4.666666666666667,nan
ALNS-B,Example14,14,222.0,4.666666666666667,nan
ALNS-B,Example14,14,223.0,4.666666666666667,nan
ALNS-B,Example14,14,224.0,4.666666666666667,nan
ALNS-B,Example14,14,225.0,4.666666666666667,nan
ALNS-B,Example14,14,226.0,4.666666666666667,nan
ALNS-B,Example14,14,227.0,4.666666666666667,nan
ALNS-B,Example14,14,228.0,4.666666666666667,nan
ALNS-B,Example14,14,229.0,4.666666666666667,nan
ALNS-B,Example14,14,230.0,4.666666666666667,nan
ALNS-B,Example14,14,231.0,4.666666666666667,nan
ALNS-B,Example14,14,232.0,4.666666666666667,nan
ALNS-B,Example14,14,233.0,4.666666666666667,nan
ALNS-B,Example14,14,234.0,4.666666666666667,nan
ALNS-B,Example14,14,235.0,4.666666666666667,nan
ALNS-B,Example14,14,236.0,4.666666666666667,nan
ALNS-B,Example14,14,237.0,4.666666666666667,nan
ALNS-B,Example14,14,238.0,4.666666666666667,nan
ALNS-B,Example14,14,239.0,4.666666666666667,nan
ALNS-B,Example14,14,240.0,4.666666666666667,nan
ALNS-B,Example14,14,241.0,4.666666666666667,nan
ALNS-B,Example14,14,242.0,4.666666666666667,nan
ALNS-B,Example14,14,243.0,4.666666666666667,nan
ALNS-B,Example14,14,244.0,4.666666666666667,nan
ALNS-B,Example14,14,245.0,4.666666666666667,nan
ALNS-B,Example14,14,246.0,4.666666666666667,nan
ALNS-B,Example14,14,247.0,4.666666666666667,nan
ALNS-B,Example14,14,248.0,4.666666666666667,nan
ALNS-B,Example14,14,249.0,4.666666666666667,nan
ALNS-B,Example14,14,250.0,4.666666666666667,nan
ALNS-B,Example14,14,251.0,4.666666666666667,nan
ALNS-B,Example14,14,252.0,4.666666666666667,nan
ALNS-B,Example14,14,253.0,4.666666666666667,nan
ALNS-B,Example14,14,254.0,4.666666666666667,nan
ALNS-B,Example14,14,255.0,4.666666666666667,nan
ALNS-B,Example14,14,256.0,4.666666666666667,nan
ALNS-B,Example14,14,257.0,4.666666666666667,nan
ALNS-B,Example14,14,258.0,4.666666666666667,nan
ALNS-B,Example14,14,259.0,4.666666666666667,nan
ALNS-B,Example14,14,260.0,4.666666666666667,nan
ALNS-B,Example14,14,261.0,4.666666666666667,nan
ALNS-B,Example14,14,262.0,4.666666666666667,nan
ALNS-B,Example14,14,263.0,4.666666666666667,nan
ALNS-B,Example14,14,264.0,4.666666666666667,nan
ALNS-B,Example14,14,265.0,4.666666666666667,nan
ALNS-B,Example14,14,266.0,4.666666666666667,nan
ALNS-B,Example14,14,267.0,4.666666666666667,nan
ALNS-B,Example14,14,268.0,4.666666666666667,nan
ALNS-B,Example14,14,269.0,4.666666666666667,nan
ALNS-B,Example14,14,270.0,4.666666666666667,nan
ALNS-B,Example14,14,271.0,4.666666666666667,nan
ALNS-B,Example14,14,272.0,4.666666666666667,nan
ALNS-B,Example14,14,273.0,4.666666666666667,nan
