algorithm,instance,instance_index,seed,iteration,elapsed,step_runtime,operator_type,operator_name,objective_before,objective_after,delta_objective,accepted,repair_failed,used_exploration
ALNS-A,Example0,0,0,1,1.964,1.964,destroy,destroy_streak_around_worst_worker,inf,10.0,nan,True,False,False
ALNS-A,Example0,0,0,1,1.964,1.964,repair,repair_chuffed_long,inf,10.0,nan,True,False,False
ALNS-A,Example0,0,0,2,3.866,1.902,destroy,destroy_random_days_20pct,10.0,5.0,-5.0,True,False,False
ALNS-A,Example0,0,0,2,3.866,1.902,repair,repair_gecode_fast,10.0,5.0,-5.0,True,False,False
ALNS-A,Example0,0,0,3,4.53,0.664,destroy,destroy_random_window_20pct,5.0,5.0,0.0,True,False,False
ALNS-A,Example0,0,0,3,4.53,0.664,repair,repair_gecode_fast,5.0,5.0,0.0,True,False,False
ALNS-A,Example0,0,0,4,5.42,0.889,destroy,destroy_streak_around_worst_worker,5.0,5.0,0.0,True,False,False
ALNS-A,Example0,0,0,4,5.42,0.889,repair,repair_gecode_fast,5.0,5.0,0.0,True,False,False
ALNS-A,Example0,0,0,5,6.91,1.49,destroy,destroy_random_days_20pct,5.0,5.0,0.0,True,False,False
ALNS-A,Example0,0,0,5,6.91,1.49,repair,repair_gecode_fast,5.0,5.0,0.0,True,False,False
ALNS-A,Example0,0,0,6,8.098,1.189,destroy,destroy_random_days_20pct,5.0,5.0,0.0,True,False,False
ALNS-A,Example0,0,0,6,8.098,1.189,repair,repair_gecode_fast,5.0,5.0,0.0,True,False,False
ALNS-A,Example0,0,0,7,8.705,0.607,destroy,destroy_all_forbidden_sequences,5.0,5.0,0.0,True,False,False
ALNS-A,Example0,0,0,7,8.705,0.607,repair,repair_gecode_fast,5.0,5.0,0.0,True,False,False
ALNS-A,Example0,0,0,8,9.353,0.648,destroy,destroy_random_window_20pct,5.0,3.0,-2.0,True,False,False
ALNS-A,Example0,0,0,8,9.353,0.648,repair,repair_chuffed_fast,5.0,3.0,-2.0,True,False,False
ALNS-A,Example0,0,0,9,24.827,15.475,destroy,destroy_worst_days_30pct,3.0,13.0,10.0,False,False,False
ALNS-A,Example0,0,0,9,24.827,15.475,repair,repair_chuffed_long,3.0,13.0,10.0,False,False,False
ALNS-A,Example0,0,0,10,25.411,0.584,destroy,destroy_random_window_20pct,3.0,3.0,0.0,True,False,False
ALNS-A,Example0,0,0,10,25.411,0.584,repair,repair_chuffed_long,3.0,3.0,0.0,True,False,False
ALNS-A,Example0,0,0,11,26.071,0.66,destroy,destroy_random_window_20pct,3.0,3.0,0.0,True,False,False
ALNS-A,Example0,0,0,11,26.071,0.66,repair,repair_chuffed_long,3.0,3.0,0.0,True,False,False
ALNS-A,Example0,0,0,12,26.629,0.558,destroy,destroy_random_window_20pct,3.0,3.0,0.0,True,False,False
ALNS-A,Example0,0,0,12,26.629,0.558,repair,repair_chuffed_fast,3.0,3.0,0.0,True,False,False
ALNS-A,Example0,0,0,13,30.164,3.535,destroy,destroy_worst_workers_30pct,3.0,9.0,6.0,False,False,False
ALNS-A,Example0,0,0,13,30.164,3.535,repair,repair_gecode_fast,3.0,9.0,6.0,False,False,False
ALNS-A,Example0,0,0,14,33.568,3.404,destroy,destroy_worst_days_30pct,3.0,14.0,11.0,False,False,False
ALNS-A,Example0,0,0,14,33.568,3.404,repair,repair_gecode_fast,3.0,14.0,11.0,False,False,False
ALNS-A,Example0,0,0,15,34.275,0.707,destroy,destroy_random_window_20pct,3.0,3.0,0.0,True,False,False
ALNS-A,Example0,0,0,15,34.275,0.707,repair,repair_gecode_long,3.0,3.0,0.0,True,False,False
ALNS-A,Example0,0,0,16,37.688,3.412,destroy,destroy_streak_around_worst_worker,3.0,6.0,3.0,False,False,False
ALNS-A,Example0,0,0,16,37.688,3.412,repair,repair_gecode_fast,3.0,6.0,3.0,False,False,False
ALNS-A,Example0,0,0,17,39.114,1.426,destroy,destroy_random_days_20pct,3.0,3.0,0.0,True,False,False
ALNS-A,Example0,0,0,17,39.114,1.426,repair,repair_chuffed_fast,3.0,3.0,0.0,True,False,False
ALNS-A,Example0,0,0,18,45.199,6.085,destroy,destroy_worst_days_30pct,3.0,2.0,-1.0,True,False,False
ALNS-A,Example0,0,0,18,45.199,6.085,repair,repair_chuffed_long,3.0,2.0,-1.0,True,False,False
ALNS-A,Example0,0,0,19,46.939,1.74,destroy,destroy_random_days_20pct,2.0,1.0,-1.0,True,False,False
ALNS-A,Example0,0,0,19,46.939,1.74,repair,repair_chuffed_long,2.0,1.0,-1.0,True,False,False
ALNS-A,Example0,0,0,20,47.437,0.498,destroy,destroy_all_forbidden_sequences,1.0,1.0,0.0,True,False,False
ALNS-A,Example0,0,0,20,47.437,0.498,repair,repair_chuffed_long,1.0,1.0,0.0,True,False,False
ALNS-A,Example0,0,0,21,48.099,0.661,destroy,destroy_random_window_20pct,1.0,1.0,0.0,True,False,False
ALNS-A,Example0,0,0,21,48.099,0.661,repair,repair_chuffed_fast,1.0,1.0,0.0,True,False,False
ALNS-A,Example0,0,0,22,49.287,1.188,destroy,destroy_random_days_20pct,1.0,1.0,0.0,True,False,False
ALNS-A,Example0,0,0,22,49.287,1.188,repair,repair_gecode_long,1.0,1.0,0.0,True,False,False
ALNS-A,Example0,0,0,23,51.879,2.593,destroy,destroy_streak_around_worst_worker,1.0,1.0,0.0,True,False,False
ALNS-A,Example0,0,0,23,51.879,2.593,repair,repair_chuffed_fast,1.0,1.0,0.0,True,False,False
ALNS-A,Example0,0,0,24,55.265,3.386,destroy,destroy_worst_days_30pct,1.0,8.0,7.0,False,False,False
ALNS-A,Example0,0,0,24,55.265,3.386,repair,repair_chuffed_fast,1.0,8.0,7.0,False,False,False
ALNS-A,Example0,0,0,25,55.866,0.601,destroy,destroy_streak_around_worst_worker,1.0,1.0,0.0,True,False,False
ALNS-A,Example0,0,0,25,55.866,0.601,repair,repair_gecode_long,1.0,1.0,0.0,True,False,False
ALNS-A,Example0,0,0,26,56.355,0.489,destroy,destroy_all_forbidden_sequences,1.0,1.0,0.0,True,False,False
ALNS-A,Example0,0,0,26,56.355,0.489,repair,repair_chuffed_fast,1.0,1.0,0.0,True,False,False
ALNS-A,Example0,0,0,27,59.761,3.406,destroy,destroy_worst_days_30pct,1.0,18.0,17.0,False,False,False
ALNS-A,Example0,0,0,27,59.761,3.406,repair,repair_gecode_fast,1.0,18.0,17.0,False,False,False
ALNS-A,Example0,0,0,28,60.521,0.76,destroy,destroy_random_days_20pct,1.0,1.0,0.0,True,False,False
ALNS-A,Example0,0,0,28,60.521,0.76,repair,repair_chuffed_long,1.0,1.0,0.0,True,False,False
ALNS-A,Example0,0,0,29,62.947,2.426,destroy,destroy_worst_workers_30pct,1.0,0.0,-1.0,True,False,False
ALNS-A,Example0,0,0,29,62.947,2.426,repair,repair_chuffed_long,1.0,0.0,-1.0,True,False,False
ALNS-A,Example0,0,1,1,0.935,0.935,destroy,destroy_random_window_20pct,inf,7.0,nan,True,False,False
ALNS-A,Example0,0,1,1,0.935,0.935,repair,repair_chuffed_fast,inf,7.0,nan,True,False,False
ALNS-A,Example0,0,1,2,1.743,0.808,destroy,destroy_random_workers_20pct,7.0,5.0,-2.0,True,False,False
ALNS-A,Example0,0,1,2,1.743,0.808,repair,repair_chuffed_fast,7.0,5.0,-2.0,True,False,False
ALNS-A,Example0,0,1,3,2.367,0.624,destroy,destroy_streak_around_worst_worker,5.0,5.0,0.0,True,False,False
ALNS-A,Example0,0,1,3,2.367,0.624,repair,repair_chuffed_long,5.0,5.0,0.0,True,False,False
ALNS-A,Example0,0,1,4,3.371,1.004,destroy,destroy_streak_around_worst_worker,5.0,3.0,-2.0,True,False,False
ALNS-A,Example0,0,1,4,3.371,1.004,repair,repair_gecode_long,5.0,3.0,-2.0,True,False,False
ALNS-A,Example0,0,1,5,3.934,0.563,destroy,destroy_all_forbidden_sequences,3.0,3.0,0.0,True,False,False
ALNS-A,Example0,0,1,5,3.934,0.563,repair,repair_chuffed_fast,3.0,3.0,0.0,True,False,False
ALNS-A,Example0,0,1,6,7.357,3.423,destroy,destroy_worst_days_30pct,3.0,19.0,16.0,False,False,False
ALNS-A,Example0,0,1,6,7.357,3.423,repair,repair_chuffed_fast,3.0,19.0,16.0,False,False,False
ALNS-A,Example0,0,1,7,22.814,15.457,destroy,destroy_worst_days_30pct,3.0,11.0,8.0,False,False,False
ALNS-A,Example0,0,1,7,22.814,15.457,repair,repair_gecode_long,3.0,11.0,8.0,False,False,False
ALNS-A,Example0,0,1,8,23.495,0.681,destroy,destroy_random_days_20pct,3.0,3.0,0.0,True,False,False
ALNS-A,Example0,0,1,8,23.495,0.681,repair,repair_chuffed_fast,3.0,3.0,0.0,True,False,False
ALNS-A,Example0,0,1,9,26.895,3.4,destroy,destroy_worst_days_30pct,3.0,16.0,13.0,False,False,False
ALNS-A,Example0,0,1,9,26.895,3.4,repair,repair_gecode_fast,3.0,16.0,13.0,False,False,False
ALNS-A,Example0,0,1,10,27.408,0.513,destroy,destroy_random_window_20pct,3.0,3.0,0.0,True,False,False
ALNS-A,Example0,0,1,10,27.408,0.513,repair,repair_chuffed_long,3.0,3.0,0.0,True,False,False
ALNS-A,Example0,0,1,11,28.207,0.799,destroy,destroy_random_days_20pct,3.0,3.0,0.0,True,False,False
ALNS-A,Example0,0,1,11,28.207,0.799,repair,repair_gecode_long,3.0,3.0,0.0,True,False,False
ALNS-A,Example0,0,1,12,28.923,0.715,destroy,destroy_random_days_20pct,3.0,3.0,0.0,True,False,False
ALNS-A,Example0,0,1,12,28.923,0.715,repair,repair_chuffed_fast,3.0,3.0,0.0,True,False,False
ALNS-A,Example0,0,1,13,29.637,0.715,destroy,destroy_random_workers_20pct,3.0,3.0,0.0,True,False,False
ALNS-A,Example0,0,1,13,29.637,0.715,repair,repair_chuffed_fast,3.0,3.0,0.0,True,False,False
ALNS-A,Example0,0,1,14,30.336,0.698,destroy,destroy_random_workers_20pct,3.0,2.0,-1.0,True,False,False
ALNS-A,Example0,0,1,14,30.336,0.698,repair,repair_chuffed_long,3.0,2.0,-1.0,True,False,False
ALNS-A,Example0,0,1,15,30.99,0.655,destroy,destroy_random_workers_20pct,2.0,2.0,0.0,True,False,False
ALNS-A,Example0,0,1,15,30.99,0.655,repair,repair_gecode_fast,2.0,2.0,0.0,True,False,False
ALNS-A,Example0,0,1,16,31.647,0.657,destroy,destroy_random_workers_20pct,2.0,2.0,0.0,True,False,False
ALNS-A,Example0,0,1,16,31.647,0.657,repair,repair_chuffed_long,2.0,2.0,0.0,True,False,False
ALNS-A,Example0,0,1,17,32.779,1.132,destroy,destroy_streak_around_worst_worker,2.0,2.0,0.0,True,False,False
ALNS-A,Example0,0,1,17,32.779,1.132,repair,repair_gecode_fast,2.0,2.0,0.0,True,False,False
ALNS-A,Example0,0,1,18,36.184,3.405,destroy,destroy_worst_days_30pct,2.0,8.0,6.0,False,False,False
ALNS-A,Example0,0,1,18,36.184,3.405,repair,repair_gecode_fast,2.0,8.0,6.0,False,False,False
ALNS-A,Example0,0,1,19,37.182,0.998,destroy,destroy_streak_around_worst_worker,2.0,2.0,0.0,True,False,False
ALNS-A,Example0,0,1,19,37.182,0.998,repair,repair_chuffed_fast,2.0,2.0,0.0,True,False,False
ALNS-A,Example0,0,1,20,37.9,0.718,destroy,destroy_random_workers_20pct,2.0,1.0,-1.0,True,False,False
ALNS-A,Example0,0,1,20,37.9,0.718,repair,repair_chuffed_fast,2.0,1.0,-1.0,True,False,False
ALNS-A,Example0,0,1,21,38.753,0.853,destroy,destroy_random_days_20pct,1.0,1.0,0.0,True,False,False
ALNS-A,Example0,0,1,21,38.753,0.853,repair,repair_chuffed_fast,1.0,1.0,0.0,True,False,False
ALNS-A,Example0,0,1,22,39.414,0.662,destroy,destroy_random_workers_20pct,1.0,1.0,0.0,True,False,False
ALNS-A,Example0,0,1,22,39.414,0.662,repair,repair_chuffed_long,1.0,1.0,0.0,True,False,False
ALNS-A,Example0,0,1,23,42.833,3.418,destroy,destroy_worst_days_30pct,1.0,10.0,9.0,False,False,False
ALNS-A,Example0,0,1,23,42.833,3.418,repair,repair_chuffed_fast,1.0,10.0,9.0,False,False,False
ALNS-A,Example0,0,1,24,43.518,0.685,destroy,destroy_random_workers_20pct,1.0,1.0,0.0,True,False,False
ALNS-A,Example0,0,1,24,43.518,0.685,repair,repair_chuffed_long,1.0,1.0,0.0,True,False,False
ALNS-A,Example0,0,1,25,44.177,0.659,destroy,destroy_random_workers_20pct,1.0,1.0,0.0,True,False,False
ALNS-A,Example0,0,1,25,44.177,0.659,repair,repair_chuffed_fast,1.0,1.0,0.0,True,False,False
ALNS-A,Example0,0,1,26,44.852,0.675,destroy,destroy_random_workers_20pct,1.0,1.0,0.0,True,False,False
ALNS-A,Example0,0,1,26,44.852,0.675,repair,repair_gecode_fast,1.0,1.0,0.0,True,False,False
ALNS-A,Example0,0,1,27,45.708,0.857,destroy,destroy_random_days_20pct,1.0,1.0,0.0,True,False,False
ALNS-A,Example0,0,1,27,45.708,0.857,repair,repair_chuffed_fast,1.0,1.0,0.0,True,False,False
ALNS-A,Example0,0,1,28,46.36,0.652,destroy,destroy_random_workers_20pct,1.0,1.0,0.0,True,False,False
ALNS-A,Example0,0,1,28,46.36,0.652,repair,repair_gecode_fast,1.0,1.0,0.0,True,False,False
ALNS-A,Example0,0,1,29,47.013,0.653,destroy,destroy_random_workers_20pct,1.0,1.0,0.0,True,False,False
ALNS-A,Example0,0,1,29,47.013,0.653,repair,repair_gecode_long,1.0,1.0,0.0,True,False,False
ALNS-A,Example0,0,1,30,55.5,8.487,destroy,destroy_streak_around_worst_worker,1.0,1.0,0.0,True,False,False
ALNS-A,Example0,0,1,30,55.5,8.487,repair,repair_gecode_long,1.0,1.0,0.0,True,False,False
ALNS-A,Example0,0,1,31,56.239,0.739,destroy,destroy_exploration,1.0,1.0,0.0,True,False,True
ALNS-A,Example0,0,1,31,56.239,0.739,repair,repair_exploration,1.0,1.0,0.0,True,False,True
ALNS-A,Example0,0,1,32,56.777,0.537,destroy,destroy_exploration,1.0,1.0,0.0,True,False,True
ALNS-A,Example0,0,1,32,56.777,0.537,repair,repair_exploration,1.0,1.0,0.0,True,False,True
ALNS-A,Example0,0,1,33,57.662,0.886,destroy,destroy_random_days_20pct,1.0,1.0,0.0,True,False,False
ALNS-A,Example0,0,1,33,57.662,0.886,repair,repair_gecode_long,1.0,1.0,0.0,True,False,False
ALNS-A,Example0,0,1,34,58.484,0.822,destroy,destroy_random_days_20pct,1.0,1.0,0.0,True,False,False
ALNS-A,Example0,0,1,34,58.484,0.822,repair,repair_chuffed_long,1.0,1.0,0.0,True,False,False
ALNS-A,Example0,0,1,35,61.862,3.378,destroy,destroy_worst_days_30pct,1.0,17.0,16.0,False,False,False
ALNS-A,Example0,0,1,35,61.862,3.378,repair,repair_chuffed_fast,1.0,17.0,16.0,False,False,False
ALNS-A,Example0,0,1,36,62.39,0.527,destroy,destroy_all_forbidden_sequences,1.0,1.0,0.0,True,False,False
ALNS-A,Example0,0,1,36,62.39,0.527,repair,repair_gecode_fast,1.0,1.0,0.0,True,False,False
ALNS-A,Example0,0,1,37,63.048,0.658,destroy,destroy_random_workers_20pct,1.0,1.0,0.0,True,False,False
ALNS-A,Example0,0,1,37,63.048,0.658,repair,repair_chuffed_long,1.0,1.0,0.0,True,False,False
ALNS-A,Example0,0,1,38,63.855,0.807,destroy,destroy_random_days_20pct,1.0,1.0,0.0,True,False,False
ALNS-A,Example0,0,1,38,63.855,0.807,repair,repair_chuffed_fast,1.0,1.0,0.0,True,False,False
ALNS-A,Example0,0,1,39,69.763,5.908,destroy,destroy_worst_days_30pct,1.0,1.0,0.0,True,False,False
ALNS-A,Example0,0,1,39,69.763,5.908,repair,repair_gecode_long,1.0,1.0,0.0,True,False,False
ALNS-A,Example0,0,1,40,70.419,0.656,destroy,destroy_random_workers_20pct,1.0,1.0,0.0,True,False,False
ALNS-A,Example0,0,1,40,70.419,0.656,repair,repair_gecode_long,1.0,1.0,0.0,True,False,False
ALNS-A,Example0,0,1,41,71.132,0.713,destroy,destroy_exploration,1.0,1.0,0.0,True,False,True
ALNS-A,Example0,0,1,41,71.132,0.713,repair,repair_exploration,1.0,1.0,0.0,True,False,True
ALNS-A,Example0,0,1,42,71.931,0.8,destroy,destroy_exploration,1.0,1.0,0.0,True,False,True
ALNS-A,Example0,0,1,42,71.931,0.8,repair,repair_exploration,1.0,1.0,0.0,True,False,True
ALNS-A,Example0,0,1,43,72.613,0.682,destroy,destroy_random_workers_20pct,1.0,1.0,0.0,True,False,False
ALNS-A,Example0,0,1,43,72.613,0.682,repair,repair_chuffed_fast,1.0,1.0,0.0,True,False,False
ALNS-A,Example0,0,1,44,80.525,7.912,destroy,destroy_streak_around_worst_worker,1.0,0.0,-1.0,True,False,False
ALNS-A,Example0,0,1,44,80.525,7.912,repair,repair_gecode_long,1.0,0.0,-1.0,True,False,False
ALNS-A,Example0,0,2,1,0.823,0.823,destroy,destroy_worst_workers_10pct,inf,10.0,nan,True,False,False
ALNS-A,Example0,0,2,1,0.823,0.823,repair,repair_gecode_long,inf,10.0,nan,True,False,False
ALNS-A,Example0,0,2,2,1.71,0.887,destroy,destroy_all_forbidden_sequences,10.0,10.0,0.0,True,False,False
ALNS-A,Example0,0,2,2,1.71,0.887,repair,repair_chuffed_fast,10.0,10.0,0.0,True,False,False
ALNS-A,Example0,0,2,3,2.427,0.716,destroy,destroy_random_days_20pct,10.0,8.0,-2.0,True,False,False
ALNS-A,Example0,0,2,3,2.427,0.716,repair,repair_gecode_long,10.0,8.0,-2.0,True,False,False
ALNS-A,Example0,0,2,4,3.101,0.674,destroy,destroy_streak_around_worst_worker,8.0,8.0,0.0,True,False,False
ALNS-A,Example0,0,2,4,3.101,0.674,repair,repair_chuffed_long,8.0,8.0,0.0,True,False,False
ALNS-A,Example0,0,2,5,18.513,15.412,destroy,destroy_worst_days_30pct,8.0,15.0,7.0,False,False,False
ALNS-A,Example0,0,2,5,18.513,15.412,repair,repair_gecode_long,8.0,15.0,7.0,False,False,False
ALNS-A,Example0,0,2,6,19.707,1.194,destroy,destroy_random_workers_20pct,8.0,6.0,-2.0,True,False,False
ALNS-A,Example0,0,2,6,19.707,1.194,repair,repair_gecode_fast,8.0,6.0,-2.0,True,False,False
ALNS-A,Example0,0,2,7,21.942,2.236,destroy,destroy_random_window_20pct,6.0,6.0,0.0,True,False,False
ALNS-A,Example0,0,2,7,21.942,2.236,repair,repair_chuffed_fast,6.0,6.0,0.0,True,False,False
ALNS-A,Example0,0,2,8,22.575,0.633,destroy,destroy_random_window_20pct,6.0,6.0,0.0,True,False,False
ALNS-A,Example0,0,2,8,22.575,0.633,repair,repair_chuffed_fast,6.0,6.0,0.0,True,False,False
ALNS-A,Example0,0,2,9,38.001,15.426,destroy,destroy_streak_around_worst_worker,6.0,11.0,5.0,False,False,False
ALNS-A,Example0,0,2,9,38.001,15.426,repair,repair_chuffed_long,6.0,11.0,5.0,False,False,False
ALNS-A,Example0,0,2,10,38.575,0.573,destroy,destroy_random_window_20pct,6.0,5.0,-1.0,True,False,False
ALNS-A,Example0,0,2,10,38.575,0.573,repair,repair_gecode_fast,6.0,5.0,-1.0,True,False,False
ALNS-A,Example0,0,2,11,39.355,0.78,destroy,destroy_random_window_20pct,5.0,4.0,-1.0,True,False,False
ALNS-A,Example0,0,2,11,39.355,0.78,repair,repair_gecode_fast,5.0,4.0,-1.0,True,False,False
ALNS-A,Example0,0,2,12,40.856,1.5,destroy,destroy_streak_around_worst_worker,4.0,1.0,-3.0,True,False,False
ALNS-A,Example0,0,2,12,40.856,1.5,repair,repair_gecode_fast,4.0,1.0,-3.0,True,False,False
ALNS-A,Example0,0,2,13,41.347,0.491,destroy,destroy_all_forbidden_sequences,1.0,1.0,0.0,True,False,False
ALNS-A,Example0,0,2,13,41.347,0.491,repair,repair_chuffed_fast,1.0,1.0,0.0,True,False,False
ALNS-A,Example0,0,2,14,41.999,0.653,destroy,destroy_random_workers_20pct,1.0,1.0,0.0,True,False,False
ALNS-A,Example0,0,2,14,41.999,0.653,repair,repair_gecode_fast,1.0,1.0,0.0,True,False,False
ALNS-A,Example0,0,2,15,42.664,0.665,destroy,destroy_random_workers_20pct,1.0,0.0,-1.0,True,False,False
ALNS-A,Example0,0,2,15,42.664,0.665,repair,repair_chuffed_fast,1.0,0.0,-1.0,True,False,False
ALNS-A,Example1,1,0,1,0.911,0.911,destroy,destroy_streak_around_worst_worker,inf,20.0,nan,True,False,False
ALNS-A,Example1,1,0,1,0.911,0.911,repair,repair_chuffed_long,inf,20.0,nan,True,False,False
ALNS-A,Example1,1,0,2,16.393,15.482,destroy,destroy_worst_days_30pct,20.0,35.0,15.0,False,False,False
ALNS-A,Example1,1,0,2,16.393,15.482,repair,repair_chuffed_long,20.0,35.0,15.0,False,False,False
ALNS-A,Example1,1,0,3,17.89,1.497,destroy,destroy_random_days_20pct,20.0,15.0,-5.0,True,False,False
ALNS-A,Example1,1,0,3,17.89,1.497,repair,repair_chuffed_long,20.0,15.0,-5.0,True,False,False
ALNS-A,Example1,1,0,4,30.548,12.659,destroy,destroy_all_forbidden_sequences,15.0,9.0,-6.0,True,False,False
ALNS-A,Example1,1,0,4,30.548,12.659,repair,repair_chuffed_long,15.0,9.0,-6.0,True,False,False
ALNS-A,Example1,1,0,5,31.232,0.684,destroy,destroy_random_window_20pct,9.0,9.0,0.0,True,False,False
ALNS-A,Example1,1,0,5,31.232,0.684,repair,repair_chuffed_long,9.0,9.0,0.0,True,False,False
ALNS-A,Example1,1,0,6,46.688,15.456,destroy,destroy_worst_days_30pct,9.0,42.0,33.0,False,False,False
ALNS-A,Example1,1,0,6,46.688,15.456,repair,repair_chuffed_long,9.0,42.0,33.0,False,False,False
ALNS-A,Example1,1,0,7,47.439,0.751,destroy,destroy_random_workers_20pct,9.0,9.0,0.0,True,False,False
ALNS-A,Example1,1,0,7,47.439,0.751,repair,repair_chuffed_fast,9.0,9.0,0.0,True,False,False
ALNS-A,Example1,1,0,8,48.364,0.924,destroy,destroy_random_workers_20pct,9.0,9.0,0.0,True,False,False
ALNS-A,Example1,1,0,8,48.364,0.924,repair,repair_gecode_fast,9.0,9.0,0.0,True,False,False
ALNS-A,Example1,1,0,9,49.129,0.765,destroy,destroy_random_window_20pct,9.0,9.0,0.0,True,False,False
ALNS-A,Example1,1,0,9,49.129,0.765,repair,repair_chuffed_long,9.0,9.0,0.0,True,False,False
ALNS-A,Example1,1,0,10,49.688,0.558,destroy,destroy_random_window_20pct,9.0,9.0,0.0,True,False,False
ALNS-A,Example1,1,0,10,49.688,0.558,repair,repair_gecode_fast,9.0,9.0,0.0,True,False,False
ALNS-A,Example1,1,0,11,53.085,3.397,destroy,destroy_streak_around_worst_worker,9.0,7.0,-2.0,True,False,False
ALNS-A,Example1,1,0,11,53.085,3.397,repair,repair_chuffed_fast,9.0,7.0,-2.0,True,False,False
ALNS-A,Example1,1,0,12,54.359,1.275,destroy,destroy_random_window_20pct,7.0,7.0,0.0,True,False,False
ALNS-A,Example1,1,0,12,54.359,1.275,repair,repair_chuffed_long,7.0,7.0,0.0,True,False,False
ALNS-A,Example1,1,0,13,56.138,1.779,destroy,destroy_random_workers_20pct,7.0,5.0,-2.0,True,False,False
ALNS-A,Example1,1,0,13,56.138,1.779,repair,repair_chuffed_long,7.0,5.0,-2.0,True,False,False
ALNS-A,Example1,1,0,14,64.356,8.218,destroy,destroy_worst_workers_30pct,5.0,5.0,0.0,True,False,False
ALNS-A,Example1,1,0,14,64.356,8.218,repair,repair_gecode_long,5.0,5.0,0.0,True,False,False
ALNS-A,Example1,1,0,15,64.917,0.561,destroy,destroy_all_forbidden_sequences,5.0,5.0,0.0,True,False,False
ALNS-A,Example1,1,0,15,64.917,0.561,repair,repair_chuffed_long,5.0,5.0,0.0,True,False,False
ALNS-A,Example1,1,0,16,68.334,3.417,destroy,destroy_worst_days_30pct,5.0,44.0,39.0,False,False,False
ALNS-A,Example1,1,0,16,68.334,3.417,repair,repair_chuffed_fast,5.0,44.0,39.0,False,False,False
ALNS-A,Example1,1,0,17,69.971,1.637,destroy,destroy_random_days_20pct,5.0,5.0,0.0,True,False,False
ALNS-A,Example1,1,0,17,69.971,1.637,repair,repair_chuffed_long,5.0,5.0,0.0,True,False,False
ALNS-A,Example1,1,0,18,70.818,0.847,destroy,destroy_random_workers_20pct,5.0,5.0,0.0,True,False,False
ALNS-A,Example1,1,0,18,70.818,0.847,repair,repair_chuffed_fast,5.0,5.0,0.0,True,False,False
ALNS-A,Example1,1,0,19,71.678,0.861,destroy,destroy_random_workers_20pct,5.0,5.0,0.0,True,False,False
ALNS-A,Example1,1,0,19,71.678,0.861,repair,repair_chuffed_fast,5.0,5.0,0.0,True,False,False
ALNS-A,Example1,1,0,20,72.31,0.632,destroy,destroy_random_window_20pct,5.0,5.0,0.0,True,False,False
ALNS-A,Example1,1,0,20,72.31,0.632,repair,repair_gecode_fast,5.0,5.0,0.0,True,False,False
ALNS-A,Example1,1,0,21,75.773,3.462,destroy,destroy_streak_around_worst_worker,5.0,24.0,19.0,False,False,False
ALNS-A,Example1,1,0,21,75.773,3.462,repair,repair_chuffed_fast,5.0,24.0,19.0,False,False,False
ALNS-A,Example1,1,0,22,76.557,0.784,destroy,destroy_random_workers_20pct,5.0,5.0,0.0,True,False,False
ALNS-A,Example1,1,0,22,76.557,0.784,repair,repair_chuffed_fast,5.0,5.0,0.0,True,False,False
ALNS-A,Example1,1,0,23,77.311,0.754,destroy,destroy_random_workers_20pct,5.0,4.0,-1.0,True,False,False
ALNS-A,Example1,1,0,23,77.311,0.754,repair,repair_chuffed_fast,5.0,4.0,-1.0,True,False,False
ALNS-A,Example1,1,0,24,78.493,1.182,destroy,destroy_random_days_20pct,4.0,3.0,-1.0,True,False,False
ALNS-A,Example1,1,0,24,78.493,1.182,repair,repair_gecode_fast,4.0,3.0,-1.0,True,False,False
ALNS-A,Example1,1,0,25,81.903,3.41,destroy,destroy_worst_days_30pct,3.0,33.0,30.0,False,False,False
ALNS-A,Example1,1,0,25,81.903,3.41,repair,repair_gecode_fast,3.0,33.0,30.0,False,False,False
ALNS-A,Example1,1,0,26,83.448,1.545,destroy,destroy_random_days_20pct,3.0,3.0,0.0,True,False,False
ALNS-A,Example1,1,0,26,83.448,1.545,repair,repair_chuffed_fast,3.0,3.0,0.0,True,False,False
ALNS-A,Example1,1,0,27,85.337,1.889,destroy,destroy_worst_workers_30pct,3.0,2.0,-1.0,True,False,False
ALNS-A,Example1,1,0,27,85.337,1.889,repair,repair_chuffed_long,3.0,2.0,-1.0,True,False,False
ALNS-A,Example1,1,0,28,86.011,0.674,destroy,destroy_streak_around_worst_worker,2.0,2.0,0.0,True,False,False
ALNS-A,Example1,1,0,28,86.011,0.674,repair,repair_gecode_fast,2.0,2.0,0.0,True,False,False
ALNS-A,Example1,1,0,29,88.306,2.295,destroy,destroy_worst_workers_30pct,2.0,1.0,-1.0,True,False,False
ALNS-A,Example1,1,0,29,88.306,2.295,repair,repair_chuffed_fast,2.0,1.0,-1.0,True,False,False
ALNS-A,Example1,1,0,30,91.437,3.131,destroy,destroy_random_days_20pct,1.0,1.0,0.0,True,False,False
ALNS-A,Example1,1,0,30,91.437,3.131,repair,repair_chuffed_fast,1.0,1.0,0.0,True,False,False
ALNS-A,Example1,1,0,31,93.116,1.679,destroy,destroy_worst_workers_30pct,1.0,1.0,0.0,True,False,False
ALNS-A,Example1,1,0,31,93.116,1.679,repair,repair_chuffed_long,1.0,1.0,0.0,True,False,False
ALNS-A,Example1,1,0,32,96.543,3.427,destroy,destroy_worst_workers_30pct,1.0,3.0,2.0,True,False,False
ALNS-A,Example1,1,0,32,96.543,3.427,repair,repair_chuffed_fast,1.0,3.0,2.0,True,False,False
ALNS-A,Example1,1,0,33,97.506,0.963,destroy,destroy_streak_around_worst_worker,3.0,3.0,0.0,True,False,False
ALNS-A,Example1,1,0,33,97.506,0.963,repair,repair_chuffed_long,3.0,3.0,0.0,True,False,False
ALNS-A,Example1,1,0,34,98.937,1.431,destroy,destroy_random_days_20pct,3.0,3.0,0.0,True,False,False
ALNS-A,Example1,1,0,34,98.937,1.431,repair,repair_gecode_long,3.0,3.0,0.0,True,False,False
ALNS-A,Example1,1,0,35,102.354,3.417,destroy,destroy_worst_workers_30pct,3.0,7.0,4.0,True,False,False
ALNS-A,Example1,1,0,35,102.354,3.417,repair,repair_chuffed_fast,3.0,7.0,4.0,True,False,False
ALNS-A,Example1,1,0,36,105.772,3.418,destroy,destroy_worst_days_30pct,7.0,24.0,17.0,False,False,False
ALNS-A,Example1,1,0,36,105.772,3.418,repair,repair_gecode_fast,7.0,24.0,17.0,False,False,False
ALNS-A,Example1,1,0,37,106.301,0.529,destroy,destroy_max_border_off,7.0,3.0,-4.0,True,False,False
ALNS-A,Example1,1,0,37,106.301,0.529,repair,repair_chuffed_fast,7.0,3.0,-4.0,True,False,False
ALNS-A,Example1,1,0,38,108.326,2.025,destroy,destroy_worst_workers_30pct,3.0,1.0,-2.0,True,False,False
ALNS-A,Example1,1,0,38,108.326,2.025,repair,repair_chuffed_long,3.0,1.0,-2.0,True,False,False
ALNS-A,Example1,1,0,39,109.035,0.708,destroy,destroy_streak_around_worst_worker,1.0,1.0,0.0,True,False,False
ALNS-A,Example1,1,0,39,109.035,0.708,repair,repair_chuffed_long,1.0,1.0,0.0,True,False,False
ALNS-A,Example1,1,0,40,111.87,2.836,destroy,destroy_random_days_20pct,1.0,0.0,-1.0,True,False,False
ALNS-A,Example1,1,0,40,111.87,2.836,repair,repair_chuffed_fast,1.0,0.0,-1.0,True,False,False
ALNS-A,Example1,1,1,1,0.827,0.827,destroy,destroy_random_window_20pct,inf,19.0,nan,True,False,False
ALNS-A,Example1,1,1,1,0.827,0.827,repair,repair_chuffed_fast,inf,19.0,nan,True,False,False
ALNS-A,Example1,1,1,2,1.627,0.8,destroy,destroy_random_workers_20pct,19.0,15.0,-4.0,True,False,False
ALNS-A,Example1,1,1,2,1.627,0.8,repair,repair_chuffed_fast,19.0,15.0,-4.0,True,False,False
ALNS-A,Example1,1,1,3,2.295,0.669,destroy,destroy_streak_around_worst_worker,15.0,15.0,0.0,True,False,False
ALNS-A,Example1,1,1,3,2.295,0.669,repair,repair_chuffed_long,15.0,15.0,0.0,True,False,False
ALNS-A,Example1,1,1,4,5.748,3.453,destroy,destroy_worst_days_30pct,15.0,38.0,23.0,False,False,False
ALNS-A,Example1,1,1,4,5.748,3.453,repair,repair_chuffed_fast,15.0,38.0,23.0,False,False,False
ALNS-A,Example1,1,1,5,9.471,3.723,destroy,destroy_all_forbidden_sequences,15.0,27.0,12.0,False,False,False
ALNS-A,Example1,1,1,5,9.471,3.723,repair,repair_gecode_fast,15.0,27.0,12.0,False,False,False
ALNS-A,Example1,1,1,6,10.231,0.76,destroy,destroy_random_window_20pct,15.0,13.0,-2.0,True,False,False
ALNS-A,Example1,1,1,6,10.231,0.76,repair,repair_gecode_fast,15.0,13.0,-2.0,True,False,False
ALNS-A,Example1,1,1,7,11.085,0.854,destroy,destroy_random_workers_20pct,13.0,11.0,-2.0,True,False,False
ALNS-A,Example1,1,1,7,11.085,0.854,repair,repair_gecode_long,13.0,11.0,-2.0,True,False,False
ALNS-A,Example1,1,1,8,11.679,0.594,destroy,destroy_random_window_20pct,11.0,11.0,0.0,True,False,False
ALNS-A,Example1,1,1,8,11.679,0.594,repair,repair_chuffed_fast,11.0,11.0,0.0,True,False,False
ALNS-A,Example1,1,1,9,12.683,1.004,destroy,destroy_random_window_20pct,11.0,11.0,0.0,True,False,False
ALNS-A,Example1,1,1,9,12.683,1.004,repair,repair_chuffed_fast,11.0,11.0,0.0,True,False,False
ALNS-A,Example1,1,1,10,13.59,0.907,destroy,destroy_random_window_20pct,11.0,11.0,0.0,True,False,False
ALNS-A,Example1,1,1,10,13.59,0.907,repair,repair_gecode_fast,11.0,11.0,0.0,True,False,False
ALNS-A,Example1,1,1,11,14.892,1.302,destroy,destroy_random_window_20pct,11.0,8.0,-3.0,True,False,False
ALNS-A,Example1,1,1,11,14.892,1.302,repair,repair_gecode_fast,11.0,8.0,-3.0,True,False,False
ALNS-A,Example1,1,1,12,15.498,0.606,destroy,destroy_worst_workers_10pct,8.0,6.0,-2.0,True,False,False
ALNS-A,Example1,1,1,12,15.498,0.606,repair,repair_gecode_long,8.0,6.0,-2.0,True,False,False
ALNS-A,Example1,1,1,13,16.129,0.631,destroy,destroy_worst_days_10pct,6.0,6.0,0.0,True,False,False
ALNS-A,Example1,1,1,13,16.129,0.631,repair,repair_chuffed_fast,6.0,6.0,0.0,True,False,False
ALNS-A,Example1,1,1,14,16.712,0.583,destroy,destroy_random_window_20pct,6.0,6.0,0.0,True,False,False
ALNS-A,Example1,1,1,14,16.712,0.583,repair,repair_gecode_fast,6.0,6.0,0.0,True,False,False
ALNS-A,Example1,1,1,15,17.591,0.879,destroy,destroy_random_window_20pct,6.0,6.0,0.0,True,False,False
ALNS-A,Example1,1,1,15,17.591,0.879,repair,repair_gecode_fast,6.0,6.0,0.0,True,False,False
ALNS-A,Example1,1,1,16,18.403,0.812,destroy,destroy_all_forbidden_sequences,6.0,6.0,0.0,True,False,False
ALNS-A,Example1,1,1,16,18.403,0.812,repair,repair_chuffed_long,6.0,6.0,0.0,True,False,False
ALNS-A,Example1,1,1,17,19.147,0.744,destroy,destroy_random_workers_20pct,6.0,6.0,0.0,True,False,False
ALNS-A,Example1,1,1,17,19.147,0.744,repair,repair_chuffed_fast,6.0,6.0,0.0,True,False,False
ALNS-A,Example1,1,1,18,21.067,1.92,destroy,destroy_streak_around_worst_worker,6.0,6.0,0.0,True,False,False
ALNS-A,Example1,1,1,18,21.067,1.92,repair,repair_chuffed_long,6.0,6.0,0.0,True,False,False
ALNS-A,Example1,1,1,19,21.589,0.523,destroy,destroy_max_border_shift_3,6.0,6.0,0.0,True,False,False
ALNS-A,Example1,1,1,19,21.589,0.523,repair,repair_gecode_fast,6.0,6.0,0.0,True,False,False
ALNS-A,Example1,1,1,20,22.278,0.688,destroy,destroy_random_workers_20pct,6.0,6.0,0.0,True,False,False
ALNS-A,Example1,1,1,20,22.278,0.688,repair,repair_gecode_long,6.0,6.0,0.0,True,False,False
ALNS-A,Example1,1,1,21,22.866,0.588,destroy,destroy_random_window_20pct,6.0,6.0,0.0,True,False,False
ALNS-A,Example1,1,1,21,22.866,0.588,repair,repair_chuffed_fast,6.0,6.0,0.0,True,False,False
ALNS-A,Example1,1,1,22,23.594,0.729,destroy,destroy_random_workers_20pct,6.0,6.0,0.0,True,False,False
ALNS-A,Example1,1,1,22,23.594,0.729,repair,repair_gecode_fast,6.0,6.0,0.0,True,False,False
ALNS-A,Example1,1,1,23,24.514,0.92,destroy,destroy_exploration,6.0,6.0,0.0,True,False,True
ALNS-A,Example1,1,1,23,24.514,0.92,repair,repair_exploration,6.0,6.0,0.0,True,False,True
ALNS-A,Example1,1,1,24,25.264,0.75,destroy,destroy_exploration,6.0,6.0,0.0,True,False,True
ALNS-A,Example1,1,1,24,25.264,0.75,repair,repair_exploration,6.0,6.0,0.0,True,False,True
ALNS-A,Example1,1,1,25,25.882,0.618,destroy,destroy_random_window_20pct,6.0,6.0,0.0,True,False,False
ALNS-A,Example1,1,1,25,25.882,0.618,repair,repair_chuffed_fast,6.0,6.0,0.0,True,False,False
ALNS-A,Example1,1,1,26,26.655,0.773,destroy,destroy_random_workers_20pct,6.0,6.0,0.0,True,False,False
ALNS-A,Example1,1,1,26,26.655,0.773,repair,repair_chuffed_fast,6.0,6.0,0.0,True,False,False
ALNS-A,Example1,1,1,27,27.351,0.696,destroy,destroy_random_workers_20pct,6.0,6.0,0.0,True,False,False
ALNS-A,Example1,1,1,27,27.351,0.696,repair,repair_gecode_long,6.0,6.0,0.0,True,False,False
ALNS-A,Example1,1,1,28,28.152,0.801,destroy,destroy_random_workers_20pct,6.0,5.0,-1.0,True,False,False
ALNS-A,Example1,1,1,28,28.152,0.801,repair,repair_gecode_long,6.0,5.0,-1.0,True,False,False
ALNS-A,Example1,1,1,29,28.793,0.64,destroy,destroy_all_forbidden_sequences,5.0,5.0,0.0,True,False,False
ALNS-A,Example1,1,1,29,28.793,0.64,repair,repair_chuffed_long,5.0,5.0,0.0,True,False,False
ALNS-A,Example1,1,1,30,29.381,0.588,destroy,destroy_random_window_20pct,5.0,5.0,0.0,True,False,False
ALNS-A,Example1,1,1,30,29.381,0.588,repair,repair_gecode_fast,5.0,5.0,0.0,True,False,False
ALNS-A,Example1,1,1,31,30.072,0.691,destroy,destroy_random_workers_20pct,5.0,4.0,-1.0,True,False,False
ALNS-A,Example1,1,1,31,30.072,0.691,repair,repair_chuffed_long,5.0,4.0,-1.0,True,False,False
ALNS-A,Example1,1,1,32,30.753,0.681,destroy,destroy_random_window_20pct,4.0,4.0,0.0,True,False,False
ALNS-A,Example1,1,1,32,30.753,0.681,repair,repair_gecode_long,4.0,4.0,0.0,True,False,False
ALNS-A,Example1,1,1,33,31.392,0.639,destroy,destroy_random_window_20pct,4.0,4.0,0.0,True,False,False
ALNS-A,Example1,1,1,33,31.392,0.639,repair,repair_gecode_fast,4.0,4.0,0.0,True,False,False
ALNS-A,Example1,1,1,34,46.812,15.42,destroy,destroy_worst_days_30pct,4.0,26.0,22.0,False,False,False
ALNS-A,Example1,1,1,34,46.812,15.42,repair,repair_gecode_long,4.0,26.0,22.0,False,False,False
ALNS-A,Example1,1,1,35,47.55,0.738,destroy,destroy_random_workers_20pct,4.0,4.0,0.0,True,False,False
ALNS-A,Example1,1,1,35,47.55,0.738,repair,repair_chuffed_fast,4.0,4.0,0.0,True,False,False
ALNS-A,Example1,1,1,36,48.178,0.628,destroy,destroy_random_window_20pct,4.0,4.0,0.0,True,False,False
ALNS-A,Example1,1,1,36,48.178,0.628,repair,repair_gecode_long,4.0,4.0,0.0,True,False,False
ALNS-A,Example1,1,1,37,48.916,0.738,destroy,destroy_random_workers_20pct,4.0,4.0,0.0,True,False,False
ALNS-A,Example1,1,1,37,48.916,0.738,repair,repair_chuffed_fast,4.0,4.0,0.0,True,False,False
ALNS-A,Example1,1,1,38,49.587,0.672,destroy,destroy_random_workers_20pct,4.0,4.0,0.0,True,False,False
ALNS-A,Example1,1,1,38,49.587,0.672,repair,repair_gecode_long,4.0,4.0,0.0,True,False,False
ALNS-A,Example1,1,1,39,64.999,15.412,destroy,destroy_worst_days_30pct,4.0,23.0,19.0,False,False,False
ALNS-A,Example1,1,1,39,64.999,15.412,repair,repair_gecode_long,4.0,23.0,19.0,False,False,False
ALNS-A,Example1,1,1,40,65.683,0.684,destroy,destroy_random_workers_20pct,4.0,4.0,0.0,True,False,False
ALNS-A,Example1,1,1,40,65.683,0.684,repair,repair_gecode_long,4.0,4.0,0.0,True,False,False
ALNS-A,Example1,1,1,41,66.655,0.972,destroy,destroy_random_workers_20pct,4.0,4.0,0.0,True,False,False
ALNS-A,Example1,1,1,41,66.655,0.972,repair,repair_chuffed_fast,4.0,4.0,0.0,True,False,False
ALNS-A,Example1,1,1,42,80.559,13.904,destroy,destroy_exploration,4.0,3.0,-1.0,True,False,True
ALNS-A,Example1,1,1,42,80.559,13.904,repair,repair_exploration,4.0,3.0,-1.0,True,False,True
ALNS-A,Example1,1,1,43,81.979,1.42,destroy,destroy_exploration,3.0,3.0,0.0,True,False,True
ALNS-A,Example1,1,1,43,81.979,1.42,repair,repair_exploration,3.0,3.0,0.0,True,False,True
ALNS-A,Example1,1,1,44,82.541,0.562,destroy,destroy_all_forbidden_sequences,3.0,3.0,0.0,True,False,False
ALNS-A,Example1,1,1,44,82.541,0.562,repair,repair_gecode_long,3.0,3.0,0.0,True,False,False
ALNS-A,Example1,1,1,45,83.195,0.654,destroy,destroy_random_workers_20pct,3.0,3.0,0.0,True,False,False
ALNS-A,Example1,1,1,45,83.195,0.654,repair,repair_gecode_long,3.0,3.0,0.0,True,False,False
ALNS-A,Example1,1,1,46,90.501,7.306,destroy,destroy_random_window_20pct,3.0,3.0,0.0,True,False,False
ALNS-A,Example1,1,1,46,90.501,7.306,repair,repair_chuffed_long,3.0,3.0,0.0,True,False,False
ALNS-A,Example1,1,1,47,106.036,15.535,destroy,destroy_streak_around_worst_worker,3.0,46.0,43.0,False,False,False
ALNS-A,Example1,1,1,47,106.036,15.535,repair,repair_chuffed_long,3.0,46.0,43.0,False,False,False
ALNS-A,Example1,1,1,48,115.219,9.183,destroy,destroy_worst_workers_30pct,3.0,3.0,0.0,True,False,False
ALNS-A,Example1,1,1,48,115.219,9.183,repair,repair_chuffed_long,3.0,3.0,0.0,True,False,False
ALNS-A,Example1,1,1,49,115.87,0.651,destroy,destroy_random_window_20pct,3.0,3.0,0.0,True,False,False
ALNS-A,Example1,1,1,49,115.87,0.651,repair,repair_gecode_fast,3.0,3.0,0.0,True,False,False
ALNS-A,Example1,1,1,50,131.3,15.43,destroy,destroy_worst_days_30pct,3.0,39.0,36.0,False,False,False
ALNS-A,Example1,1,1,50,131.3,15.43,repair,repair_chuffed_long,3.0,39.0,36.0,False,False,False
ALNS-A,Example1,1,1,51,131.943,0.643,destroy,destroy_random_window_20pct,3.0,3.0,0.0,True,False,False
ALNS-A,Example1,1,1,51,131.943,0.643,repair,repair_gecode_long,3.0,3.0,0.0,True,False,False
ALNS-A,Example1,1,1,52,132.544,0.601,destroy,destroy_random_window_20pct,3.0,2.0,-1.0,True,False,False
ALNS-A,Example1,1,1,52,132.544,0.601,repair,repair_gecode_fast,3.0,2.0,-1.0,True,False,False
ALNS-A,Example1,1,1,53,133.095,0.551,destroy,destroy_max_border_shift_3,2.0,2.0,0.0,True,False,False
ALNS-A,Example1,1,1,53,133.095,0.551,repair,repair_gecode_long,2.0,2.0,0.0,True,False,False
ALNS-A,Example1,1,1,54,133.823,0.728,destroy,destroy_random_workers_20pct,2.0,2.0,0.0,True,False,False
ALNS-A,Example1,1,1,54,133.823,0.728,repair,repair_gecode_long,2.0,2.0,0.0,True,False,False
ALNS-A,Example1,1,1,55,134.528,0.705,destroy,destroy_random_workers_20pct,2.0,2.0,0.0,True,False,False
ALNS-A,Example1,1,1,55,134.528,0.705,repair,repair_gecode_long,2.0,2.0,0.0,True,False,False
ALNS-A,Example1,1,1,56,135.159,0.631,destroy,destroy_random_window_20pct,2.0,2.0,0.0,True,False,False
ALNS-A,Example1,1,1,56,135.159,0.631,repair,repair_chuffed_fast,2.0,2.0,0.0,True,False,False
ALNS-A,Example1,1,1,57,136.074,0.915,destroy,destroy_random_workers_20pct,2.0,2.0,0.0,True,False,False
ALNS-A,Example1,1,1,57,136.074,0.915,repair,repair_chuffed_fast,2.0,2.0,0.0,True,False,False
ALNS-A,Example1,1,1,58,138.974,2.9,destroy,destroy_worst_workers_30pct,2.0,2.0,0.0,True,False,False
ALNS-A,Example1,1,1,58,138.974,2.9,repair,repair_gecode_long,2.0,2.0,0.0,True,False,False
ALNS-A,Example1,1,1,59,139.651,0.677,destroy,destroy_random_workers_20pct,2.0,2.0,0.0,True,False,False
ALNS-A,Example1,1,1,59,139.651,0.677,repair,repair_gecode_long,2.0,2.0,0.0,True,False,False
ALNS-A,Example1,1,1,60,155.096,15.445,destroy,destroy_worst_days_30pct,2.0,12.0,10.0,False,False,False
ALNS-A,Example1,1,1,60,155.096,15.445,repair,repair_gecode_long,2.0,12.0,10.0,False,False,False
ALNS-A,Example1,1,1,61,155.643,0.547,destroy,destroy_all_forbidden_sequences,2.0,2.0,0.0,True,False,False
ALNS-A,Example1,1,1,61,155.643,0.547,repair,repair_gecode_fast,2.0,2.0,0.0,True,False,False
ALNS-A,Example1,1,1,62,157.487,1.844,destroy,destroy_random_window_20pct,2.0,2.0,0.0,True,False,False
ALNS-A,Example1,1,1,62,157.487,1.844,repair,repair_gecode_fast,2.0,2.0,0.0,True,False,False
ALNS-A,Example1,1,1,63,158.105,0.618,destroy,destroy_exploration,2.0,2.0,0.0,True,False,True
ALNS-A,Example1,1,1,63,158.105,0.618,repair,repair_exploration,2.0,2.0,0.0,True,False,True
ALNS-A,Example1,1,1,64,172.746,14.641,destroy,destroy_exploration,2.0,2.0,0.0,True,False,True
ALNS-A,Example1,1,1,64,172.746,14.641,repair,repair_exploration,2.0,2.0,0.0,True,False,True
ALNS-A,Example1,1,1,65,173.582,0.836,destroy,destroy_random_workers_20pct,2.0,2.0,0.0,True,False,False
ALNS-A,Example1,1,1,65,173.582,0.836,repair,repair_gecode_long,2.0,2.0,0.0,True,False,False
ALNS-A,Example1,1,1,66,177.024,3.442,destroy,destroy_worst_days_30pct,2.0,41.0,39.0,False,False,False
ALNS-A,Example1,1,1,66,177.024,3.442,repair,repair_gecode_fast,2.0,41.0,39.0,False,False,False
ALNS-A,Example1,1,1,67,177.827,0.803,destroy,destroy_random_window_20pct,2.0,2.0,0.0,True,False,False
ALNS-A,Example1,1,1,67,177.827,0.803,repair,repair_gecode_fast,2.0,2.0,0.0,True,False,False
ALNS-A,Example1,1,1,68,180.157,2.329,destroy,destroy_worst_workers_30pct,2.0,2.0,0.0,True,False,False
ALNS-A,Example1,1,1,68,180.157,2.329,repair,repair_gecode_fast,2.0,2.0,0.0,True,False,False
ALNS-A,Example1,1,2,1,0.832,0.832,destroy,destroy_worst_workers_10pct,inf,21.0,nan,True,False,False
ALNS-A,Example1,1,2,1,0.832,0.832,repair,repair_gecode_long,inf,21.0,nan,True,False,False
ALNS-A,Example1,1,2,2,4.553,3.722,destroy,destroy_all_forbidden_sequences,21.0,40.0,19.0,False,False,False
ALNS-A,Example1,1,2,2,4.553,3.722,repair,repair_chuffed_fast,21.0,40.0,19.0,False,False,False
ALNS-A,Example1,1,2,3,5.04,0.487,destroy,destroy_max_border_shift_3,21.0,21.0,0.0,True,False,False
ALNS-A,Example1,1,2,3,5.04,0.487,repair,repair_chuffed_long,21.0,21.0,0.0,True,False,False
ALNS-A,Example1,1,2,4,5.527,0.487,destroy,destroy_max_border_shift_2,21.0,21.0,0.0,True,False,False
ALNS-A,Example1,1,2,4,5.527,0.487,repair,repair_chuffed_fast,21.0,21.0,0.0,True,False,False
ALNS-A,Example1,1,2,5,6.084,0.556,destroy,destroy_max_border_shift_1,21.0,21.0,0.0,True,False,False
ALNS-A,Example1,1,2,5,6.084,0.556,repair,repair_gecode_long,21.0,21.0,0.0,True,False,False
ALNS-A,Example1,1,2,6,6.837,0.754,destroy,destroy_max_border_shift_2,21.0,21.0,0.0,True,False,False
ALNS-A,Example1,1,2,6,6.837,0.754,repair,repair_gecode_fast,21.0,21.0,0.0,True,False,False
ALNS-A,Example1,1,2,7,7.426,0.589,destroy,destroy_max_border_shift_2,21.0,21.0,0.0,True,False,False
ALNS-A,Example1,1,2,7,7.426,0.589,repair,repair_chuffed_fast,21.0,21.0,0.0,True,False,False
ALNS-A,Example1,1,2,8,10.939,3.512,destroy,destroy_worst_days_30pct,21.0,32.0,11.0,False,False,False
ALNS-A,Example1,1,2,8,10.939,3.512,repair,repair_chuffed_fast,21.0,32.0,11.0,False,False,False
ALNS-A,Example1,1,2,9,12.398,1.46,destroy,destroy_random_days_20pct,21.0,12.0,-9.0,True,False,False
ALNS-A,Example1,1,2,9,12.398,1.46,repair,repair_gecode_fast,21.0,12.0,-9.0,True,False,False
ALNS-A,Example1,1,2,10,12.897,0.499,destroy,destroy_max_border_shift_2,12.0,12.0,0.0,True,False,False
ALNS-A,Example1,1,2,10,12.897,0.499,repair,repair_chuffed_fast,12.0,12.0,0.0,True,False,False
ALNS-A,Example1,1,2,11,16.32,3.423,destroy,destroy_worst_days_30pct,12.0,35.0,23.0,False,False,False
ALNS-A,Example1,1,2,11,16.32,3.423,repair,repair_gecode_fast,12.0,35.0,23.0,False,False,False
ALNS-A,Example1,1,2,12,19.706,3.386,destroy,destroy_random_days_20pct,12.0,14.0,2.0,True,False,False
ALNS-A,Example1,1,2,12,19.706,3.386,repair,repair_chuffed_fast,12.0,14.0,2.0,True,False,False
ALNS-A,Example1,1,2,13,20.674,0.968,destroy,destroy_random_days_20pct,14.0,14.0,0.0,True,False,False
ALNS-A,Example1,1,2,13,20.674,0.968,repair,repair_gecode_fast,14.0,14.0,0.0,True,False,False
ALNS-A,Example1,1,2,14,21.425,0.75,destroy,destroy_random_workers_20pct,14.0,10.0,-4.0,True,False,False
ALNS-A,Example1,1,2,14,21.425,0.75,repair,repair_gecode_fast,14.0,10.0,-4.0,True,False,False
ALNS-A,Example1,1,2,15,23.306,1.882,destroy,destroy_random_days_20pct,10.0,8.0,-2.0,True,False,False
ALNS-A,Example1,1,2,15,23.306,1.882,repair,repair_gecode_fast,10.0,8.0,-2.0,True,False,False
ALNS-A,Example1,1,2,16,24.456,1.149,destroy,destroy_random_days_20pct,8.0,5.0,-3.0,True,False,False
ALNS-A,Example1,1,2,16,24.456,1.149,repair,repair_gecode_fast,8.0,5.0,-3.0,True,False,False
ALNS-A,Example1,1,2,17,25.232,0.776,destroy,destroy_streak_around_worst_worker,5.0,5.0,0.0,True,False,False
ALNS-A,Example1,1,2,17,25.232,0.776,repair,repair_gecode_fast,5.0,5.0,0.0,True,False,False
ALNS-A,Example1,1,2,18,25.916,0.684,destroy,destroy_random_workers_20pct,5.0,5.0,0.0,True,False,False
ALNS-A,Example1,1,2,18,25.916,0.684,repair,repair_gecode_long,5.0,5.0,0.0,True,False,False
ALNS-A,Example1,1,2,19,27.396,1.48,destroy,destroy_random_days_20pct,5.0,5.0,0.0,True,False,False
ALNS-A,Example1,1,2,19,27.396,1.48,repair,repair_gecode_long,5.0,5.0,0.0,True,False,False
ALNS-A,Example1,1,2,20,29.705,2.309,destroy,destroy_random_days_20pct,5.0,5.0,0.0,True,False,False
ALNS-A,Example1,1,2,20,29.705,2.309,repair,repair_gecode_fast,5.0,5.0,0.0,True,False,False
ALNS-A,Example1,1,2,21,30.398,0.693,destroy,destroy_random_workers_20pct,5.0,5.0,0.0,True,False,False
ALNS-A,Example1,1,2,21,30.398,0.693,repair,repair_gecode_fast,5.0,5.0,0.0,True,False,False
ALNS-A,Example1,1,2,22,31.003,0.605,destroy,destroy_random_window_20pct,5.0,5.0,0.0,True,False,False
ALNS-A,Example1,1,2,22,31.003,0.605,repair,repair_gecode_long,5.0,5.0,0.0,True,False,False
ALNS-A,Example1,1,2,23,32.069,1.066,destroy,destroy_random_days_20pct,5.0,5.0,0.0,True,False,False
ALNS-A,Example1,1,2,23,32.069,1.066,repair,repair_gecode_fast,5.0,5.0,0.0,True,False,False
ALNS-A,Example1,1,2,24,33.116,1.047,destroy,destroy_random_days_20pct,5.0,5.0,0.0,True,False,False
ALNS-A,Example1,1,2,24,33.116,1.047,repair,repair_gecode_fast,5.0,5.0,0.0,True,False,False
ALNS-A,Example1,1,2,25,34.887,1.771,destroy,destroy_worst_workers_30pct,5.0,4.0,-1.0,True,False,False
ALNS-A,Example1,1,2,25,34.887,1.771,repair,repair_gecode_long,5.0,4.0,-1.0,True,False,False
ALNS-A,Example1,1,2,26,38.188,3.301,destroy,destroy_worst_workers_30pct,4.0,3.0,-1.0,True,False,False
ALNS-A,Example1,1,2,26,38.188,3.301,repair,repair_gecode_fast,4.0,3.0,-1.0,True,False,False
ALNS-A,Example1,1,2,27,39.19,1.003,destroy,destroy_random_days_20pct,3.0,3.0,0.0,True,False,False
ALNS-A,Example1,1,2,27,39.19,1.003,repair,repair_gecode_long,3.0,3.0,0.0,True,False,False
ALNS-A,Example1,1,2,28,40.415,1.225,destroy,destroy_random_days_20pct,3.0,3.0,0.0,True,False,False
ALNS-A,Example1,1,2,28,40.415,1.225,repair,repair_gecode_fast,3.0,3.0,0.0,True,False,False
ALNS-A,Example1,1,2,29,41.111,0.696,destroy,destroy_random_workers_20pct,3.0,3.0,0.0,True,False,False
ALNS-A,Example1,1,2,29,41.111,0.696,repair,repair_gecode_fast,3.0,3.0,0.0,True,False,False
ALNS-A,Example1,1,2,30,42.841,1.729,destroy,destroy_random_days_20pct,3.0,3.0,0.0,True,False,False
ALNS-A,Example1,1,2,30,42.841,1.729,repair,repair_chuffed_fast,3.0,3.0,0.0,True,False,False
ALNS-A,Example1,1,2,31,43.583,0.742,destroy,destroy_random_window_20pct,3.0,3.0,0.0,True,False,False
ALNS-A,Example1,1,2,31,43.583,0.742,repair,repair_gecode_fast,3.0,3.0,0.0,True,False,False
ALNS-A,Example1,1,2,32,44.15,0.568,destroy,destroy_all_forbidden_sequences,3.0,3.0,0.0,True,False,False
ALNS-A,Example1,1,2,32,44.15,0.568,repair,repair_gecode_long,3.0,3.0,0.0,True,False,False
ALNS-A,Example1,1,2,33,45.12,0.97,destroy,destroy_random_workers_20pct,3.0,3.0,0.0,True,False,False
ALNS-A,Example1,1,2,33,45.12,0.97,repair,repair_gecode_long,3.0,3.0,0.0,True,False,False
ALNS-A,Example1,1,2,34,48.542,3.423,destroy,destroy_worst_workers_30pct,3.0,8.0,5.0,False,False,False
ALNS-A,Example1,1,2,34,48.542,3.423,repair,repair_gecode_fast,3.0,8.0,5.0,False,False,False
ALNS-A,Example1,1,2,35,51.703,3.16,destroy,destroy_worst_workers_30pct,3.0,3.0,0.0,True,False,False
ALNS-A,Example1,1,2,35,51.703,3.16,repair,repair_chuffed_fast,3.0,3.0,0.0,True,False,False
ALNS-A,Example1,1,2,36,53.275,1.572,destroy,destroy_random_days_20pct,3.0,3.0,0.0,True,False,False
ALNS-A,Example1,1,2,36,53.275,1.572,repair,repair_chuffed_fast,3.0,3.0,0.0,True,False,False
ALNS-A,Example1,1,2,37,53.956,0.681,destroy,destroy_exploration,3.0,3.0,0.0,True,False,True
ALNS-A,Example1,1,2,37,53.956,0.681,repair,repair_exploration,3.0,3.0,0.0,True,False,True
ALNS-A,Example1,1,2,38,54.601,0.646,destroy,destroy_exploration,3.0,3.0,0.0,True,False,True
ALNS-A,Example1,1,2,38,54.601,0.646,repair,repair_exploration,3.0,3.0,0.0,True,False,True
ALNS-A,Example1,1,2,39,55.275,0.674,destroy,destroy_random_workers_20pct,3.0,3.0,0.0,True,False,False
ALNS-A,Example1,1,2,39,55.275,0.674,repair,repair_gecode_fast,3.0,3.0,0.0,True,False,False
ALNS-A,Example1,1,2,40,56.518,1.243,destroy,destroy_worst_workers_30pct,3.0,3.0,0.0,True,False,False
ALNS-A,Example1,1,2,40,56.518,1.243,repair,repair_gecode_long,3.0,3.0,0.0,True,False,False
ALNS-A,Example1,1,2,41,58.23,1.712,destroy,destroy_streak_around_worst_worker,3.0,3.0,0.0,True,False,False
ALNS-A,Example1,1,2,41,58.23,1.712,repair,repair_gecode_fast,3.0,3.0,0.0,True,False,False
ALNS-A,Example1,1,2,42,61.653,3.423,destroy,destroy_worst_days_30pct,3.0,36.0,33.0,False,False,False
ALNS-A,Example1,1,2,42,61.653,3.423,repair,repair_gecode_fast,3.0,36.0,33.0,False,False,False
ALNS-A,Example1,1,2,43,65.067,3.414,destroy,destroy_worst_workers_30pct,3.0,3.0,0.0,True,False,False
ALNS-A,Example1,1,2,43,65.067,3.414,repair,repair_gecode_fast,3.0,3.0,0.0,True,False,False
ALNS-A,Example1,1,2,44,66.086,1.02,destroy,destroy_random_days_20pct,3.0,3.0,0.0,True,False,False
ALNS-A,Example1,1,2,44,66.086,1.02,repair,repair_gecode_fast,3.0,3.0,0.0,True,False,False
ALNS-A,Example1,1,2,45,69.524,3.438,destroy,destroy_worst_days_30pct,3.0,35.0,32.0,False,False,False
ALNS-A,Example1,1,2,45,69.524,3.438,repair,repair_chuffed_fast,3.0,35.0,32.0,False,False,False
ALNS-A,Example1,1,2,46,71.367,1.843,destroy,destroy_random_days_20pct,3.0,3.0,0.0,True,False,False
ALNS-A,Example1,1,2,46,71.367,1.843,repair,repair_chuffed_fast,3.0,3.0,0.0,True,False,False
ALNS-A,Example1,1,2,47,75.783,4.416,destroy,destroy_exploration,3.0,3.0,0.0,True,False,True
ALNS-A,Example1,1,2,47,75.783,4.416,repair,repair_exploration,3.0,3.0,0.0,True,False,True
ALNS-A,Example1,1,2,48,76.436,0.653,destroy,destroy_exploration,3.0,3.0,0.0,True,False,True
ALNS-A,Example1,1,2,48,76.436,0.653,repair,repair_exploration,3.0,3.0,0.0,True,False,True
ALNS-A,Example1,1,2,49,79.187,2.751,destroy,destroy_worst_workers_30pct,3.0,3.0,0.0,True,False,False
ALNS-A,Example1,1,2,49,79.187,2.751,repair,repair_gecode_fast,3.0,3.0,0.0,True,False,False
ALNS-A,Example1,1,2,50,79.751,0.564,destroy,destroy_all_forbidden_sequences,3.0,3.0,0.0,True,False,False
ALNS-A,Example1,1,2,50,79.751,0.564,repair,repair_gecode_long,3.0,3.0,0.0,True,False,False
ALNS-A,Example1,1,2,51,82.36,2.609,destroy,destroy_worst_workers_30pct,3.0,3.0,0.0,True,False,False
ALNS-A,Example1,1,2,51,82.36,2.609,repair,repair_gecode_long,3.0,3.0,0.0,True,False,False
ALNS-A,Example1,1,2,52,85.772,3.412,destroy,destroy_worst_workers_30pct,3.0,16.0,13.0,False,False,False
ALNS-A,Example1,1,2,52,85.772,3.412,repair,repair_gecode_fast,3.0,16.0,13.0,False,False,False
ALNS-A,Example1,1,2,53,89.201,3.428,destroy,destroy_worst_days_30pct,3.0,33.0,30.0,False,False,False
ALNS-A,Example1,1,2,53,89.201,3.428,repair,repair_chuffed_fast,3.0,33.0,30.0,False,False,False
ALNS-A,Example1,1,2,54,90.088,0.888,destroy,destroy_random_workers_20pct,3.0,3.0,0.0,True,False,False
ALNS-A,Example1,1,2,54,90.088,0.888,repair,repair_chuffed_fast,3.0,3.0,0.0,True,False,False
ALNS-A,Example1,1,2,55,92.361,2.273,destroy,destroy_random_days_20pct,3.0,3.0,0.0,True,False,False
ALNS-A,Example1,1,2,55,92.361,2.273,repair,repair_gecode_fast,3.0,3.0,0.0,True,False,False
ALNS-A,Example1,1,2,56,93.028,0.667,destroy,destroy_random_workers_20pct,3.0,3.0,0.0,True,False,False
ALNS-A,Example1,1,2,56,93.028,0.667,repair,repair_gecode_fast,3.0,3.0,0.0,True,False,False
ALNS-A,Example1,1,2,57,95.155,2.127,destroy,destroy_exploration,3.0,3.0,0.0,True,False,True
ALNS-A,Example1,1,2,57,95.155,2.127,repair,repair_exploration,3.0,3.0,0.0,True,False,True
ALNS-A,Example1,1,2,58,96.922,1.767,destroy,destroy_exploration,3.0,3.0,0.0,True,False,True
ALNS-A,Example1,1,2,58,96.922,1.767,repair,repair_exploration,3.0,3.0,0.0,True,False,True
ALNS-A,Example1,1,2,59,112.388,15.466,destroy,destroy_worst_days_30pct,3.0,30.0,27.0,False,False,False
ALNS-A,Example1,1,2,59,112.388,15.466,repair,repair_chuffed_long,3.0,30.0,27.0,False,False,False
ALNS-A,Example1,1,2,60,114.45,2.063,destroy,destroy_worst_workers_30pct,3.0,3.0,0.0,True,False,False
ALNS-A,Example1,1,2,60,114.45,2.063,repair,repair_gecode_fast,3.0,3.0,0.0,True,False,False
ALNS-A,Example1,1,2,61,122.808,8.357,destroy,destroy_worst_workers_30pct,3.0,3.0,0.0,True,False,False
ALNS-A,Example1,1,2,61,122.808,8.357,repair,repair_gecode_long,3.0,3.0,0.0,True,False,False
ALNS-A,Example1,1,2,62,123.489,0.681,destroy,destroy_random_window_20pct,3.0,3.0,0.0,True,False,False
ALNS-A,Example1,1,2,62,123.489,0.681,repair,repair_gecode_long,3.0,3.0,0.0,True,False,False
ALNS-A,Example1,1,2,63,128.847,5.358,destroy,destroy_worst_workers_30pct,3.0,3.0,0.0,True,False,False
ALNS-A,Example1,1,2,63,128.847,5.358,repair,repair_gecode_long,3.0,3.0,0.0,True,False,False
ALNS-A,Example1,1,2,64,132.274,3.426,destroy,destroy_worst_days_30pct,3.0,31.0,28.0,False,False,False
ALNS-A,Example1,1,2,64,132.274,3.426,repair,repair_gecode_fast,3.0,31.0,28.0,False,False,False
ALNS-A,Example1,1,2,65,136.078,3.804,destroy,destroy_worst_workers_30pct,3.0,3.0,0.0,True,False,False
ALNS-A,Example1,1,2,65,136.078,3.804,repair,repair_gecode_long,3.0,3.0,0.0,True,False,False
ALNS-A,Example1,1,2,66,136.902,0.824,destroy,destroy_random_days_20pct,3.0,3.0,0.0,True,False,False
ALNS-A,Example1,1,2,66,136.902,0.824,repair,repair_gecode_long,3.0,3.0,0.0,True,False,False
ALNS-A,Example1,1,2,67,137.538,0.636,destroy,destroy_exploration,3.0,3.0,0.0,True,False,True
ALNS-A,Example1,1,2,67,137.538,0.636,repair,repair_exploration,3.0,3.0,0.0,True,False,True
ALNS-A,Example1,1,2,68,138.167,0.629,destroy,destroy_exploration,3.0,3.0,0.0,True,False,True
ALNS-A,Example1,1,2,68,138.167,0.629,repair,repair_exploration,3.0,3.0,0.0,True,False,True
ALNS-A,Example1,1,2,69,139.835,1.668,destroy,destroy_random_days_20pct,3.0,2.0,-1.0,True,False,False
ALNS-A,Example1,1,2,69,139.835,1.668,repair,repair_gecode_long,3.0,2.0,-1.0,True,False,False
ALNS-A,Example1,1,2,70,141.04,1.205,destroy,destroy_random_days_20pct,2.0,2.0,0.0,True,False,False
ALNS-A,Example1,1,2,70,141.04,1.205,repair,repair_gecode_fast,2.0,2.0,0.0,True,False,False
ALNS-A,Example1,1,2,71,142.656,1.616,destroy,destroy_random_days_20pct,2.0,2.0,0.0,True,False,False
ALNS-A,Example1,1,2,71,142.656,1.616,repair,repair_gecode_long,2.0,2.0,0.0,True,False,False
ALNS-A,Example1,1,2,72,143.935,1.279,destroy,destroy_random_days_20pct,2.0,2.0,0.0,True,False,False
ALNS-A,Example1,1,2,72,143.935,1.279,repair,repair_gecode_fast,2.0,2.0,0.0,True,False,False
ALNS-A,Example1,1,2,73,144.958,1.024,destroy,destroy_random_workers_20pct,2.0,2.0,0.0,True,False,False
ALNS-A,Example1,1,2,73,144.958,1.024,repair,repair_chuffed_fast,2.0,2.0,0.0,True,False,False
ALNS-A,Example1,1,2,74,145.772,0.813,destroy,destroy_streak_around_worst_worker,2.0,1.0,-1.0,True,False,False
ALNS-A,Example1,1,2,74,145.772,0.813,repair,repair_gecode_fast,2.0,1.0,-1.0,True,False,False
ALNS-A,Example1,1,2,75,152.942,7.17,destroy,destroy_worst_workers_30pct,1.0,1.0,0.0,True,False,False
ALNS-A,Example1,1,2,75,152.942,7.17,repair,repair_gecode_long,1.0,1.0,0.0,True,False,False
ALNS-A,Example1,1,2,76,154.115,1.173,destroy,destroy_random_days_20pct,1.0,1.0,0.0,True,False,False
ALNS-A,Example1,1,2,76,154.115,1.173,repair,repair_chuffed_long,1.0,1.0,0.0,True,False,False
ALNS-A,Example1,1,2,77,156.078,1.963,destroy,destroy_worst_workers_30pct,1.0,0.0,-1.0,True,False,False
ALNS-A,Example1,1,2,77,156.078,1.963,repair,repair_gecode_fast,1.0,0.0,-1.0,True,False,False
ALNS-A,Example2,2,0,1,0.997,0.997,destroy,destroy_streak_around_worst_worker,inf,61.0,nan,True,False,False
ALNS-A,Example2,2,0,1,0.997,0.997,repair,repair_chuffed_long,inf,61.0,nan,True,False,False
ALNS-A,Example2,2,0,2,16.611,15.614,destroy,destroy_worst_days_30pct,61.0,60.0,-1.0,True,False,False
ALNS-A,Example2,2,0,2,16.611,15.614,repair,repair_chuffed_long,61.0,60.0,-1.0,True,False,False
ALNS-A,Example2,2,0,3,17.206,0.595,destroy,destroy_max_border_off,60.0,47.0,-13.0,True,False,False
ALNS-A,Example2,2,0,3,17.206,0.595,repair,repair_chuffed_fast,60.0,47.0,-13.0,True,False,False
ALNS-A,Example2,2,0,4,17.797,0.592,destroy,destroy_worst_workers_10pct,47.0,39.0,-8.0,True,False,False
ALNS-A,Example2,2,0,4,17.797,0.592,repair,repair_chuffed_fast,47.0,39.0,-8.0,True,False,False
ALNS-A,Example2,2,0,5,21.486,3.689,destroy,destroy_random_window_20pct,39.0,21.0,-18.0,True,False,False
ALNS-A,Example2,2,0,5,21.486,3.689,repair,repair_gecode_fast,39.0,21.0,-18.0,True,False,False
ALNS-A,Example2,2,0,6,23.724,2.237,destroy,destroy_worst_workers_30pct,21.0,5.0,-16.0,True,False,False
ALNS-A,Example2,2,0,6,23.724,2.237,repair,repair_chuffed_fast,21.0,5.0,-16.0,True,False,False
ALNS-A,Example2,2,0,7,24.816,1.092,destroy,destroy_worst_workers_30pct,5.0,4.0,-1.0,True,False,False
ALNS-A,Example2,2,0,7,24.816,1.092,repair,repair_gecode_fast,5.0,4.0,-1.0,True,False,False
ALNS-A,Example2,2,0,8,31.487,6.67,destroy,destroy_worst_days_30pct,4.0,3.0,-1.0,True,False,False
ALNS-A,Example2,2,0,8,31.487,6.67,repair,repair_chuffed_long,4.0,3.0,-1.0,True,False,False
ALNS-A,Example2,2,0,9,32.186,0.699,destroy,destroy_random_workers_20pct,3.0,2.0,-1.0,True,False,False
ALNS-A,Example2,2,0,9,32.186,0.699,repair,repair_chuffed_fast,3.0,2.0,-1.0,True,False,False
ALNS-A,Example2,2,0,10,32.936,0.75,destroy,destroy_random_days_20pct,2.0,1.0,-1.0,True,False,False
ALNS-A,Example2,2,0,10,32.936,0.75,repair,repair_gecode_fast,2.0,1.0,-1.0,True,False,False
ALNS-A,Example2,2,0,11,34.087,1.151,destroy,destroy_worst_workers_30pct,1.0,1.0,0.0,True,False,False
ALNS-A,Example2,2,0,11,34.087,1.151,repair,repair_gecode_fast,1.0,1.0,0.0,True,False,False
ALNS-A,Example2,2,0,12,34.904,0.817,destroy,destroy_streak_around_worst_worker,1.0,1.0,0.0,True,False,False
ALNS-A,Example2,2,0,12,34.904,0.817,repair,repair_gecode_long,1.0,1.0,0.0,True,False,False
ALNS-A,Example2,2,0,13,35.569,0.665,destroy,destroy_random_workers_20pct,1.0,1.0,0.0,True,False,False
ALNS-A,Example2,2,0,13,35.569,0.665,repair,repair_gecode_long,1.0,1.0,0.0,True,False,False
ALNS-A,Example2,2,0,14,39.054,3.484,destroy,destroy_streak_around_worst_worker,1.0,12.0,11.0,False,False,False
ALNS-A,Example2,2,0,14,39.054,3.484,repair,repair_chuffed_fast,1.0,12.0,11.0,False,False,False
ALNS-A,Example2,2,0,15,39.815,0.761,destroy,destroy_random_workers_20pct,1.0,1.0,0.0,True,False,False
ALNS-A,Example2,2,0,15,39.815,0.761,repair,repair_chuffed_fast,1.0,1.0,0.0,True,False,False
ALNS-A,Example2,2,0,16,41.772,1.957,destroy,destroy_worst_days_30pct,1.0,1.0,0.0,True,False,False
ALNS-A,Example2,2,0,16,41.772,1.957,repair,repair_gecode_fast,1.0,1.0,0.0,True,False,False
ALNS-A,Example2,2,0,17,42.658,0.886,destroy,destroy_random_window_20pct,1.0,1.0,0.0,True,False,False
ALNS-A,Example2,2,0,17,42.658,0.886,repair,repair_chuffed_fast,1.0,1.0,0.0,True,False,False
ALNS-A,Example2,2,0,18,43.681,1.023,destroy,destroy_worst_workers_30pct,1.0,1.0,0.0,True,False,False
ALNS-A,Example2,2,0,18,43.681,1.023,repair,repair_gecode_fast,1.0,1.0,0.0,True,False,False
ALNS-A,Example2,2,0,19,58.002,14.32,destroy,destroy_streak_around_worst_worker,1.0,1.0,0.0,True,False,False
ALNS-A,Example2,2,0,19,58.002,14.32,repair,repair_gecode_long,1.0,1.0,0.0,True,False,False
ALNS-A,Example2,2,0,20,61.613,3.611,destroy,destroy_worst_days_30pct,1.0,31.0,30.0,False,False,False
ALNS-A,Example2,2,0,20,61.613,3.611,repair,repair_chuffed_fast,1.0,31.0,30.0,False,False,False
ALNS-A,Example2,2,0,21,62.37,0.757,destroy,destroy_exploration,1.0,1.0,0.0,True,False,True
ALNS-A,Example2,2,0,21,62.37,0.757,repair,repair_exploration,1.0,1.0,0.0,True,False,True
ALNS-A,Example2,2,0,22,63.383,1.013,destroy,destroy_exploration,1.0,1.0,0.0,True,False,True
ALNS-A,Example2,2,0,22,63.383,1.013,repair,repair_exploration,1.0,1.0,0.0,True,False,True
ALNS-A,Example2,2,0,23,66.085,2.702,destroy,destroy_worst_workers_30pct,1.0,1.0,0.0,True,False,False
ALNS-A,Example2,2,0,23,66.085,2.702,repair,repair_chuffed_fast,1.0,1.0,0.0,True,False,False
ALNS-A,Example2,2,0,24,66.78,0.695,destroy,destroy_random_window_20pct,1.0,1.0,0.0,True,False,False
ALNS-A,Example2,2,0,24,66.78,0.695,repair,repair_chuffed_long,1.0,1.0,0.0,True,False,False
ALNS-A,Example2,2,0,25,67.442,0.662,destroy,destroy_random_workers_20pct,1.0,1.0,0.0,True,False,False
ALNS-A,Example2,2,0,25,67.442,0.662,repair,repair_gecode_fast,1.0,1.0,0.0,True,False,False
ALNS-A,Example2,2,0,26,68.342,0.899,destroy,destroy_random_workers_20pct,1.0,1.0,0.0,True,False,False
ALNS-A,Example2,2,0,26,68.342,0.899,repair,repair_chuffed_fast,1.0,1.0,0.0,True,False,False
ALNS-A,Example2,2,0,27,69.434,1.092,destroy,destroy_random_days_20pct,1.0,1.0,0.0,True,False,False
ALNS-A,Example2,2,0,27,69.434,1.092,repair,repair_chuffed_fast,1.0,1.0,0.0,True,False,False
ALNS-A,Example2,2,0,28,70.165,0.731,destroy,destroy_random_window_20pct,1.0,1.0,0.0,True,False,False
ALNS-A,Example2,2,0,28,70.165,0.731,repair,repair_chuffed_long,1.0,1.0,0.0,True,False,False
ALNS-A,Example2,2,0,29,73.631,3.466,destroy,destroy_worst_days_30pct,1.0,35.0,34.0,False,False,False
ALNS-A,Example2,2,0,29,73.631,3.466,repair,repair_chuffed_fast,1.0,35.0,34.0,False,False,False
ALNS-A,Example2,2,0,30,75.565,1.934,destroy,destroy_streak_around_worst_worker,1.0,1.0,0.0,True,False,False
ALNS-A,Example2,2,0,30,75.565,1.934,repair,repair_chuffed_fast,1.0,1.0,0.0,True,False,False
ALNS-A,Example2,2,0,31,77.299,1.733,destroy,destroy_exploration,1.0,1.0,0.0,True,False,True
ALNS-A,Example2,2,0,31,77.299,1.733,repair,repair_exploration,1.0,1.0,0.0,True,False,True
ALNS-A,Example2,2,0,32,78.111,0.812,destroy,destroy_exploration,1.0,1.0,0.0,True,False,True
ALNS-A,Example2,2,0,32,78.111,0.812,repair,repair_exploration,1.0,1.0,0.0,True,False,True
ALNS-A,Example2,2,0,33,79.16,1.049,destroy,destroy_random_days_20pct,1.0,1.0,0.0,True,False,False
ALNS-A,Example2,2,0,33,79.16,1.049,repair,repair_gecode_fast,1.0,1.0,0.0,True,False,False
ALNS-A,Example2,2,0,34,81.428,2.269,destroy,destroy_worst_days_30pct,1.0,1.0,0.0,True,False,False
ALNS-A,Example2,2,0,34,81.428,2.269,repair,repair_gecode_long,1.0,1.0,0.0,True,False,False
ALNS-A,Example2,2,0,35,83.167,1.739,destroy,destroy_worst_workers_30pct,1.0,1.0,0.0,True,False,False
ALNS-A,Example2,2,0,35,83.167,1.739,repair,repair_chuffed_fast,1.0,1.0,0.0,True,False,False
ALNS-A,Example2,2,0,36,84.159,0.992,destroy,destroy_worst_workers_30pct,1.0,1.0,0.0,True,False,False
ALNS-A,Example2,2,0,36,84.159,0.992,repair,repair_gecode_long,1.0,1.0,0.0,True,False,False
ALNS-A,Example2,2,0,37,85.126,0.967,destroy,destroy_worst_workers_30pct,1.0,1.0,0.0,True,False,False
ALNS-A,Example2,2,0,37,85.126,0.967,repair,repair_gecode_fast,1.0,1.0,0.0,True,False,False
ALNS-A,Example2,2,0,38,85.872,0.746,destroy,destroy_random_workers_20pct,1.0,1.0,0.0,True,False,False
ALNS-A,Example2,2,0,38,85.872,0.746,repair,repair_gecode_fast,1.0,1.0,0.0,True,False,False
ALNS-A,Example2,2,0,39,88.68,2.808,destroy,destroy_worst_days_30pct,1.0,0.0,-1.0,True,False,False
ALNS-A,Example2,2,0,39,88.68,2.808,repair,repair_chuffed_fast,1.0,0.0,-1.0,True,False,False
ALNS-A,Example2,2,1,1,0.852,0.852,destroy,destroy_random_window_20pct,inf,64.0,nan,True,False,False
ALNS-A,Example2,2,1,1,0.852,0.852,repair,repair_chuffed_fast,inf,64.0,nan,True,False,False
ALNS-A,Example2,2,1,2,1.985,1.132,destroy,destroy_random_workers_20pct,64.0,50.0,-14.0,True,False,False
ALNS-A,Example2,2,1,2,1.985,1.132,repair,repair_chuffed_fast,64.0,50.0,-14.0,True,False,False
ALNS-A,Example2,2,1,3,2.69,0.705,destroy,destroy_streak_around_worst_worker,50.0,40.0,-10.0,True,False,False
ALNS-A,Example2,2,1,3,2.69,0.705,repair,repair_chuffed_long,50.0,40.0,-10.0,True,False,False
ALNS-A,Example2,2,1,4,6.171,3.481,destroy,destroy_worst_days_30pct,40.0,59.0,19.0,False,False,False
ALNS-A,Example2,2,1,4,6.171,3.481,repair,repair_chuffed_fast,40.0,59.0,19.0,False,False,False
ALNS-A,Example2,2,1,5,7.188,1.017,destroy,destroy_random_workers_20pct,40.0,30.0,-10.0,True,False,False
ALNS-A,Example2,2,1,5,7.188,1.017,repair,repair_gecode_fast,40.0,30.0,-10.0,True,False,False
ALNS-A,Example2,2,1,6,22.842,15.654,destroy,destroy_worst_days_30pct,30.0,68.0,38.0,False,False,False
ALNS-A,Example2,2,1,6,22.842,15.654,repair,repair_chuffed_long,30.0,68.0,38.0,False,False,False
ALNS-A,Example2,2,1,7,23.717,0.875,destroy,destroy_random_window_20pct,30.0,28.0,-2.0,True,False,False
ALNS-A,Example2,2,1,7,23.717,0.875,repair,repair_chuffed_fast,30.0,28.0,-2.0,True,False,False
ALNS-A,Example2,2,1,8,27.167,3.449,destroy,destroy_worst_workers_30pct,28.0,21.0,-7.0,True,False,False
ALNS-A,Example2,2,1,8,27.167,3.449,repair,repair_chuffed_fast,28.0,21.0,-7.0,True,False,False
ALNS-A,Example2,2,1,9,28.251,1.084,destroy,destroy_worst_workers_30pct,21.0,6.0,-15.0,True,False,False
ALNS-A,Example2,2,1,9,28.251,1.084,repair,repair_gecode_fast,21.0,6.0,-15.0,True,False,False
ALNS-A,Example2,2,1,10,28.992,0.741,destroy,destroy_streak_around_worst_worker,6.0,4.0,-2.0,True,False,False
ALNS-A,Example2,2,1,10,28.992,0.741,repair,repair_chuffed_fast,6.0,4.0,-2.0,True,False,False
ALNS-A,Example2,2,1,11,29.626,0.634,destroy,destroy_random_window_20pct,4.0,4.0,0.0,True,False,False
ALNS-A,Example2,2,1,11,29.626,0.634,repair,repair_gecode_fast,4.0,4.0,0.0,True,False,False
ALNS-A,Example2,2,1,12,30.387,0.761,destroy,destroy_random_window_20pct,4.0,4.0,0.0,True,False,False
ALNS-A,Example2,2,1,12,30.387,0.761,repair,repair_gecode_fast,4.0,4.0,0.0,True,False,False
ALNS-A,Example2,2,1,13,33.843,3.456,destroy,destroy_streak_around_worst_worker,4.0,25.0,21.0,False,False,False
ALNS-A,Example2,2,1,13,33.843,3.456,repair,repair_gecode_fast,4.0,25.0,21.0,False,False,False
ALNS-A,Example2,2,1,14,37.296,3.452,destroy,destroy_worst_workers_30pct,4.0,3.0,-1.0,True,False,False
ALNS-A,Example2,2,1,14,37.296,3.452,repair,repair_chuffed_fast,4.0,3.0,-1.0,True,False,False
ALNS-A,Example2,2,1,15,38.025,0.729,destroy,destroy_random_workers_20pct,3.0,3.0,0.0,True,False,False
ALNS-A,Example2,2,1,15,38.025,0.729,repair,repair_gecode_fast,3.0,3.0,0.0,True,False,False
ALNS-A,Example2,2,1,16,40.333,2.308,destroy,destroy_streak_around_worst_worker,3.0,3.0,0.0,True,False,False
ALNS-A,Example2,2,1,16,40.333,2.308,repair,repair_chuffed_fast,3.0,3.0,0.0,True,False,False
ALNS-A,Example2,2,1,17,41.111,0.778,destroy,destroy_random_window_20pct,3.0,3.0,0.0,True,False,False
ALNS-A,Example2,2,1,17,41.111,0.778,repair,repair_gecode_fast,3.0,3.0,0.0,True,False,False
ALNS-A,Example2,2,1,18,41.839,0.728,destroy,destroy_random_workers_20pct,3.0,3.0,0.0,True,False,False
ALNS-A,Example2,2,1,18,41.839,0.728,repair,repair_gecode_fast,3.0,3.0,0.0,True,False,False
ALNS-A,Example2,2,1,19,45.349,3.51,destroy,destroy_worst_days_30pct,3.0,37.0,34.0,False,False,False
ALNS-A,Example2,2,1,19,45.349,3.51,repair,repair_chuffed_fast,3.0,37.0,34.0,False,False,False
ALNS-A,Example2,2,1,20,46.536,1.186,destroy,destroy_worst_workers_30pct,3.0,3.0,0.0,True,False,False
ALNS-A,Example2,2,1,20,46.536,1.186,repair,repair_gecode_fast,3.0,3.0,0.0,True,False,False
ALNS-A,Example2,2,1,21,50.096,3.561,destroy,destroy_streak_around_worst_worker,3.0,42.0,39.0,False,False,False
ALNS-A,Example2,2,1,21,50.096,3.561,repair,repair_chuffed_fast,3.0,42.0,39.0,False,False,False
ALNS-A,Example2,2,1,22,51.248,1.152,destroy,destroy_worst_workers_30pct,3.0,1.0,-2.0,True,False,False
ALNS-A,Example2,2,1,22,51.248,1.152,repair,repair_chuffed_fast,3.0,1.0,-2.0,True,False,False
ALNS-A,Example2,2,1,23,52.179,0.931,destroy,destroy_worst_workers_30pct,1.0,1.0,0.0,True,False,False
ALNS-A,Example2,2,1,23,52.179,0.931,repair,repair_gecode_fast,1.0,1.0,0.0,True,False,False
ALNS-A,Example2,2,1,24,53.393,1.214,destroy,destroy_random_days_20pct,1.0,1.0,0.0,True,False,False
ALNS-A,Example2,2,1,24,53.393,1.214,repair,repair_chuffed_fast,1.0,1.0,0.0,True,False,False
ALNS-A,Example2,2,1,25,55.481,2.088,destroy,destroy_worst_workers_30pct,1.0,1.0,0.0,True,False,False
ALNS-A,Example2,2,1,25,55.481,2.088,repair,repair_chuffed_fast,1.0,1.0,0.0,True,False,False
ALNS-A,Example2,2,1,26,57.295,1.814,destroy,destroy_worst_workers_30pct,1.0,1.0,0.0,True,False,False
ALNS-A,Example2,2,1,26,57.295,1.814,repair,repair_chuffed_fast,1.0,1.0,0.0,True,False,False
ALNS-A,Example2,2,1,27,57.904,0.61,destroy,destroy_random_window_20pct,1.0,1.0,0.0,True,False,False
ALNS-A,Example2,2,1,27,57.904,0.61,repair,repair_chuffed_fast,1.0,1.0,0.0,True,False,False
ALNS-A,Example2,2,1,28,62.759,4.855,destroy,destroy_worst_workers_30pct,1.0,1.0,0.0,True,False,False
ALNS-A,Example2,2,1,28,62.759,4.855,repair,repair_chuffed_long,1.0,1.0,0.0,True,False,False
ALNS-A,Example2,2,1,29,63.811,1.052,destroy,destroy_worst_workers_30pct,1.0,1.0,0.0,True,False,False
ALNS-A,Example2,2,1,29,63.811,1.052,repair,repair_gecode_fast,1.0,1.0,0.0,True,False,False
ALNS-A,Example2,2,1,30,64.632,0.821,destroy,destroy_random_days_20pct,1.0,1.0,0.0,True,False,False
ALNS-A,Example2,2,1,30,64.632,0.821,repair,repair_gecode_fast,1.0,1.0,0.0,True,False,False
ALNS-A,Example2,2,1,31,65.602,0.97,destroy,destroy_worst_workers_30pct,1.0,1.0,0.0,True,False,False
ALNS-A,Example2,2,1,31,65.602,0.97,repair,repair_gecode_long,1.0,1.0,0.0,True,False,False
ALNS-A,Example2,2,1,32,66.38,0.778,destroy,destroy_random_days_20pct,1.0,1.0,0.0,True,False,False
ALNS-A,Example2,2,1,32,66.38,0.778,repair,repair_gecode_fast,1.0,1.0,0.0,True,False,False
ALNS-A,Example2,2,1,33,67.261,0.881,destroy,destroy_exploration,1.0,1.0,0.0,True,False,True
ALNS-A,Example2,2,1,33,67.261,0.881,repair,repair_exploration,1.0,1.0,0.0,True,False,True
ALNS-A,Example2,2,1,34,68.069,0.808,destroy,destroy_exploration,1.0,1.0,0.0,True,False,True
ALNS-A,Example2,2,1,34,68.069,0.808,repair,repair_exploration,1.0,1.0,0.0,True,False,True
ALNS-A,Example2,2,1,35,69.005,0.936,destroy,destroy_streak_around_worst_worker,1.0,1.0,0.0,True,False,False
ALNS-A,Example2,2,1,35,69.005,0.936,repair,repair_chuffed_long,1.0,1.0,0.0,True,False,False
ALNS-A,Example2,2,1,36,71.217,2.212,destroy,destroy_worst_workers_30pct,1.0,1.0,0.0,True,False,False
ALNS-A,Example2,2,1,36,71.217,2.212,repair,repair_chuffed_fast,1.0,1.0,0.0,True,False,False
ALNS-A,Example2,2,1,37,72.437,1.22,destroy,destroy_worst_workers_30pct,1.0,1.0,0.0,True,False,False
ALNS-A,Example2,2,1,37,72.437,1.22,repair,repair_chuffed_fast,1.0,1.0,0.0,True,False,False
ALNS-A,Example2,2,1,38,73.092,0.655,destroy,destroy_random_window_20pct,1.0,1.0,0.0,True,False,False
ALNS-A,Example2,2,1,38,73.092,0.655,repair,repair_gecode_fast,1.0,1.0,0.0,True,False,False
ALNS-A,Example2,2,1,39,73.813,0.722,destroy,destroy_random_window_20pct,1.0,1.0,0.0,True,False,False
ALNS-A,Example2,2,1,39,73.813,0.722,repair,repair_chuffed_fast,1.0,1.0,0.0,True,False,False
ALNS-A,Example2,2,1,40,74.492,0.678,destroy,destroy_random_window_20pct,1.0,1.0,0.0,True,False,False
ALNS-A,Example2,2,1,40,74.492,0.678,repair,repair_gecode_fast,1.0,1.0,0.0,True,False,False
ALNS-A,Example2,2,1,41,77.881,3.39,destroy,destroy_worst_workers_30pct,1.0,1.0,0.0,True,False,False
ALNS-A,Example2,2,1,41,77.881,3.39,repair,repair_chuffed_fast,1.0,1.0,0.0,True,False,False
ALNS-A,Example2,2,1,42,79.028,1.147,destroy,destroy_worst_days_30pct,1.0,1.0,0.0,True,False,False
ALNS-A,Example2,2,1,42,79.028,1.147,repair,repair_gecode_fast,1.0,1.0,0.0,True,False,False
ALNS-A,Example2,2,1,43,106.896,27.867,destroy,destroy_exploration,1.0,1.0,0.0,True,False,True
ALNS-A,Example2,2,1,43,106.896,27.867,repair,repair_exploration,1.0,1.0,0.0,True,False,True
ALNS-A,Example2,2,1,44,108.097,1.201,destroy,destroy_exploration,1.0,1.0,0.0,True,False,True
ALNS-A,Example2,2,1,44,108.097,1.201,repair,repair_exploration,1.0,1.0,0.0,True,False,True
ALNS-A,Example2,2,1,45,108.704,0.607,destroy,destroy_random_window_20pct,1.0,1.0,0.0,True,False,False
ALNS-A,Example2,2,1,45,108.704,0.607,repair,repair_gecode_fast,1.0,1.0,0.0,True,False,False
ALNS-A,Example2,2,1,46,110.31,1.606,destroy,destroy_worst_workers_30pct,1.0,1.0,0.0,True,False,False
ALNS-A,Example2,2,1,46,110.31,1.606,repair,repair_chuffed_fast,1.0,1.0,0.0,True,False,False
ALNS-A,Example2,2,1,47,110.919,0.609,destroy,destroy_random_window_20pct,1.0,1.0,0.0,True,False,False
ALNS-A,Example2,2,1,47,110.919,0.609,repair,repair_chuffed_fast,1.0,1.0,0.0,True,False,False
ALNS-A,Example2,2,1,48,111.573,0.653,destroy,destroy_random_window_20pct,1.0,1.0,0.0,True,False,False
ALNS-A,Example2,2,1,48,111.573,0.653,repair,repair_chuffed_fast,1.0,1.0,0.0,True,False,False
ALNS-A,Example2,2,1,49,112.488,0.916,destroy,destroy_worst_workers_30pct,1.0,1.0,0.0,True,False,False
ALNS-A,Example2,2,1,49,112.488,0.916,repair,repair_chuffed_fast,1.0,1.0,0.0,True,False,False
ALNS-A,Example2,2,1,50,113.487,0.998,destroy,destroy_worst_workers_30pct,1.0,1.0,0.0,True,False,False
ALNS-A,Example2,2,1,50,113.487,0.998,repair,repair_chuffed_fast,1.0,1.0,0.0,True,False,False
ALNS-A,Example2,2,1,51,114.715,1.228,destroy,destroy_worst_workers_30pct,1.0,1.0,0.0,True,False,False
ALNS-A,Example2,2,1,51,114.715,1.228,repair,repair_chuffed_fast,1.0,1.0,0.0,True,False,False
ALNS-A,Example2,2,1,52,115.336,0.621,destroy,destroy_random_window_20pct,1.0,1.0,0.0,True,False,False
ALNS-A,Example2,2,1,52,115.336,0.621,repair,repair_chuffed_fast,1.0,1.0,0.0,True,False,False
ALNS-A,Example2,2,1,53,116.513,1.178,destroy,destroy_exploration,1.0,1.0,0.0,True,False,True
ALNS-A,Example2,2,1,53,116.513,1.178,repair,repair_exploration,1.0,1.0,0.0,True,False,True
ALNS-A,Example2,2,1,54,117.1,0.587,destroy,destroy_exploration,1.0,1.0,0.0,True,False,True
ALNS-A,Example2,2,1,54,117.1,0.587,repair,repair_exploration,1.0,1.0,0.0,True,False,True
ALNS-A,Example2,2,1,55,118.039,0.938,destroy,destroy_worst_workers_30pct,1.0,1.0,0.0,True,False,False
ALNS-A,Example2,2,1,55,118.039,0.938,repair,repair_gecode_fast,1.0,1.0,0.0,True,False,False
ALNS-A,Example2,2,1,56,118.635,0.597,destroy,destroy_random_window_20pct,1.0,1.0,0.0,True,False,False
ALNS-A,Example2,2,1,56,118.635,0.597,repair,repair_chuffed_fast,1.0,1.0,0.0,True,False,False
ALNS-A,Example2,2,1,57,119.712,1.077,destroy,destroy_worst_workers_30pct,1.0,1.0,0.0,True,False,False
ALNS-A,Example2,2,1,57,119.712,1.077,repair,repair_gecode_fast,1.0,1.0,0.0,True,False,False
ALNS-A,Example2,2,1,58,120.359,0.646,destroy,destroy_random_window_20pct,1.0,1.0,0.0,True,False,False
ALNS-A,Example2,2,1,58,120.359,0.646,repair,repair_chuffed_fast,1.0,1.0,0.0,True,False,False
ALNS-A,Example2,2,1,59,120.977,0.618,destroy,destroy_random_window_20pct,1.0,1.0,0.0,True,False,False
ALNS-A,Example2,2,1,59,120.977,0.618,repair,repair_gecode_fast,1.0,1.0,0.0,True,False,False
ALNS-A,Example2,2,1,60,121.721,0.744,destroy,destroy_random_window_20pct,1.0,1.0,0.0,True,False,False
ALNS-A,Example2,2,1,60,121.721,0.744,repair,repair_gecode_long,1.0,1.0,0.0,True,False,False
ALNS-A,Example2,2,1,61,122.75,1.029,destroy,destroy_worst_workers_30pct,1.0,1.0,0.0,True,False,False
ALNS-A,Example2,2,1,61,122.75,1.029,repair,repair_chuffed_long,1.0,1.0,0.0,True,False,False
ALNS-A,Example2,2,1,62,123.68,0.93,destroy,destroy_random_days_20pct,1.0,1.0,0.0,True,False,False
ALNS-A,Example2,2,1,62,123.68,0.93,repair,repair_gecode_fast,1.0,1.0,0.0,True,False,False
ALNS-A,Example2,2,1,63,124.515,0.835,destroy,destroy_exploration,1.0,1.0,0.0,True,False,True
ALNS-A,Example2,2,1,63,124.515,0.835,repair,repair_exploration,1.0,1.0,0.0,True,False,True
ALNS-A,Example2,2,1,64,125.244,0.729,destroy,destroy_exploration,1.0,1.0,0.0,True,False,True
ALNS-A,Example2,2,1,64,125.244,0.729,repair,repair_exploration,1.0,1.0,0.0,True,False,True
ALNS-A,Example2,2,1,65,126.017,0.773,destroy,destroy_random_workers_20pct,1.0,1.0,0.0,True,False,False
ALNS-A,Example2,2,1,65,126.017,0.773,repair,repair_chuffed_long,1.0,1.0,0.0,True,False,False
ALNS-A,Example2,2,1,66,126.582,0.565,destroy,destroy_random_window_20pct,1.0,1.0,0.0,True,False,False
ALNS-A,Example2,2,1,66,126.582,0.565,repair,repair_gecode_long,1.0,1.0,0.0,True,False,False
ALNS-A,Example2,2,1,67,127.15,0.568,destroy,destroy_random_window_20pct,1.0,1.0,0.0,True,False,False
ALNS-A,Example2,2,1,67,127.15,0.568,repair,repair_gecode_long,1.0,1.0,0.0,True,False,False
ALNS-A,Example2,2,1,68,129.974,2.824,destroy,destroy_streak_around_worst_worker,1.0,1.0,0.0,True,False,False
ALNS-A,Example2,2,1,68,129.974,2.824,repair,repair_chuffed_long,1.0,1.0,0.0,True,False,False
ALNS-A,Example2,2,1,69,130.755,0.78,destroy,destroy_random_days_20pct,1.0,1.0,0.0,True,False,False
ALNS-A,Example2,2,1,69,130.755,0.78,repair,repair_gecode_long,1.0,1.0,0.0,True,False,False
ALNS-A,Example2,2,1,70,132.342,1.587,destroy,destroy_worst_workers_30pct,1.0,1.0,0.0,True,False,False
ALNS-A,Example2,2,1,70,132.342,1.587,repair,repair_chuffed_long,1.0,1.0,0.0,True,False,False
ALNS-A,Example2,2,1,71,132.958,0.616,destroy,destroy_random_window_20pct,1.0,1.0,0.0,True,False,False
ALNS-A,Example2,2,1,71,132.958,0.616,repair,repair_gecode_fast,1.0,1.0,0.0,True,False,False
ALNS-A,Example2,2,1,72,148.39,15.433,destroy,destroy_worst_days_30pct,1.0,26.0,25.0,False,False,False
ALNS-A,Example2,2,1,72,148.39,15.433,repair,repair_gecode_long,1.0,26.0,25.0,False,False,False
ALNS-A,Example2,2,1,73,148.96,0.569,destroy,destroy_exploration,1.0,1.0,0.0,True,False,True
ALNS-A,Example2,2,1,73,148.96,0.569,repair,repair_exploration,1.0,1.0,0.0,True,False,True
ALNS-A,Example2,2,1,74,149.604,0.644,destroy,destroy_exploration,1.0,1.0,0.0,True,False,True
ALNS-A,Example2,2,1,74,149.604,0.644,repair,repair_exploration,1.0,1.0,0.0,True,False,True
ALNS-A,Example2,2,1,75,150.22,0.616,destroy,destroy_random_window_20pct,1.0,1.0,0.0,True,False,False
ALNS-A,Example2,2,1,75,150.22,0.616,repair,repair_gecode_long,1.0,1.0,0.0,True,False,False
ALNS-A,Example2,2,1,76,151.035,0.815,destroy,destroy_worst_workers_30pct,1.0,1.0,0.0,True,False,False
ALNS-A,Example2,2,1,76,151.035,0.815,repair,repair_gecode_fast,1.0,1.0,0.0,True,False,False
ALNS-A,Example2,2,1,77,152.043,1.008,destroy,destroy_worst_workers_30pct,1.0,1.0,0.0,True,False,False
ALNS-A,Example2,2,1,77,152.043,1.008,repair,repair_gecode_fast,1.0,1.0,0.0,True,False,False
ALNS-A,Example2,2,1,78,152.648,0.605,destroy,destroy_random_window_20pct,1.0,1.0,0.0,True,False,False
ALNS-A,Example2,2,1,78,152.648,0.605,repair,repair_gecode_fast,1.0,1.0,0.0,True,False,False
ALNS-A,Example2,2,1,79,153.209,0.561,destroy,destroy_random_window_20pct,1.0,1.0,0.0,True,False,False
ALNS-A,Example2,2,1,79,153.209,0.561,repair,repair_chuffed_fast,1.0,1.0,0.0,True,False,False
ALNS-A,Example2,2,1,80,153.883,0.673,destroy,destroy_random_workers_20pct,1.0,1.0,0.0,True,False,False
ALNS-A,Example2,2,1,80,153.883,0.673,repair,repair_gecode_fast,1.0,1.0,0.0,True,False,False
ALNS-A,Example2,2,1,81,154.979,1.097,destroy,destroy_worst_workers_30pct,1.0,1.0,0.0,True,False,False
ALNS-A,Example2,2,1,81,154.979,1.097,repair,repair_chuffed_long,1.0,1.0,0.0,True,False,False
ALNS-A,Example2,2,1,82,155.603,0.624,destroy,destroy_random_window_20pct,1.0,1.0,0.0,True,False,False
ALNS-A,Example2,2,1,82,155.603,0.624,repair,repair_gecode_long,1.0,1.0,0.0,True,False,False
ALNS-A,Example2,2,1,83,156.213,0.61,destroy,destroy_exploration,1.0,1.0,0.0,True,False,True
ALNS-A,Example2,2,1,83,156.213,0.61,repair,repair_exploration,1.0,1.0,0.0,True,False,True
ALNS-A,Example2,2,1,84,157.138,0.925,destroy,destroy_exploration,1.0,1.0,0.0,True,False,True
ALNS-A,Example2,2,1,84,157.138,0.925,repair,repair_exploration,1.0,1.0,0.0,True,False,True
ALNS-A,Example2,2,1,85,158.109,0.971,destroy,destroy_worst_workers_30pct,1.0,1.0,0.0,True,False,False
ALNS-A,Example2,2,1,85,158.109,0.971,repair,repair_chuffed_long,1.0,1.0,0.0,True,False,False
ALNS-A,Example2,2,1,86,161.542,3.433,destroy,destroy_worst_workers_30pct,1.0,11.0,10.0,False,False,False
ALNS-A,Example2,2,1,86,161.542,3.433,repair,repair_chuffed_fast,1.0,11.0,10.0,False,False,False
ALNS-A,Example2,2,1,87,162.534,0.992,destroy,destroy_random_days_20pct,1.0,1.0,0.0,True,False,False
ALNS-A,Example2,2,1,87,162.534,0.992,repair,repair_chuffed_long,1.0,1.0,0.0,True,False,False
ALNS-A,Example2,2,1,88,165.972,3.438,destroy,destroy_worst_days_30pct,1.0,24.0,23.0,False,False,False
ALNS-A,Example2,2,1,88,165.972,3.438,repair,repair_chuffed_fast,1.0,24.0,23.0,False,False,False
ALNS-A,Example2,2,1,89,166.681,0.709,destroy,destroy_random_workers_20pct,1.0,1.0,0.0,True,False,False
ALNS-A,Example2,2,1,89,166.681,0.709,repair,repair_chuffed_long,1.0,1.0,0.0,True,False,False
ALNS-A,Example2,2,1,90,167.737,1.056,destroy,destroy_worst_workers_30pct,1.0,1.0,0.0,True,False,False
ALNS-A,Example2,2,1,90,167.737,1.056,repair,repair_gecode_fast,1.0,1.0,0.0,True,False,False
ALNS-A,Example2,2,1,91,169.442,1.705,destroy,destroy_worst_workers_30pct,1.0,1.0,0.0,True,False,False
ALNS-A,Example2,2,1,91,169.442,1.705,repair,repair_chuffed_fast,1.0,1.0,0.0,True,False,False
ALNS-A,Example2,2,1,92,172.036,2.594,destroy,destroy_worst_days_30pct,1.0,1.0,0.0,True,False,False
ALNS-A,Example2,2,1,92,172.036,2.594,repair,repair_chuffed_fast,1.0,1.0,0.0,True,False,False
ALNS-A,Example2,2,1,93,177.244,5.207,destroy,destroy_exploration,1.0,1.0,0.0,True,False,True
ALNS-A,Example2,2,1,93,177.244,5.207,repair,repair_exploration,1.0,1.0,0.0,True,False,True
ALNS-A,Example2,2,1,94,178.469,1.226,destroy,destroy_exploration,1.0,1.0,0.0,True,False,True
ALNS-A,Example2,2,1,94,178.469,1.226,repair,repair_exploration,1.0,1.0,0.0,True,False,True
ALNS-A,Example2,2,1,95,179.84,1.371,destroy,destroy_worst_workers_30pct,1.0,1.0,0.0,True,False,False
ALNS-A,Example2,2,1,95,179.84,1.371,repair,repair_chuffed_fast,1.0,1.0,0.0,True,False,False
ALNS-A,Example2,2,1,96,180.752,0.912,destroy,destroy_random_window_20pct,1.0,1.0,0.0,True,False,False
ALNS-A,Example2,2,1,96,180.752,0.912,repair,repair_chuffed_fast,1.0,1.0,0.0,True,False,False
ALNS-A,Example2,2,2,1,0.844,0.844,destroy,destroy_worst_workers_10pct,inf,63.0,nan,True,False,False
ALNS-A,Example2,2,2,1,0.844,0.844,repair,repair_gecode_long,inf,63.0,nan,True,False,False
ALNS-A,Example2,2,2,2,4.523,3.678,destroy,destroy_all_forbidden_sequences,63.0,57.0,-6.0,True,False,False
ALNS-A,Example2,2,2,2,4.523,3.678,repair,repair_chuffed_fast,63.0,57.0,-6.0,True,False,False
ALNS-A,Example2,2,2,3,5.389,0.866,destroy,destroy_random_workers_20pct,57.0,47.0,-10.0,True,False,False
ALNS-A,Example2,2,2,3,5.389,0.866,repair,repair_gecode_long,57.0,47.0,-10.0,True,False,False
ALNS-A,Example2,2,2,4,6.029,0.64,destroy,destroy_random_window_20pct,47.0,47.0,0.0,True,False,False
ALNS-A,Example2,2,2,4,6.029,0.64,repair,repair_chuffed_fast,47.0,47.0,0.0,True,False,False
ALNS-A,Example2,2,2,5,6.902,0.873,destroy,destroy_random_window_20pct,47.0,44.0,-3.0,True,False,False
ALNS-A,Example2,2,2,5,6.902,0.873,repair,repair_gecode_long,47.0,44.0,-3.0,True,False,False
ALNS-A,Example2,2,2,6,7.999,1.097,destroy,destroy_random_window_20pct,44.0,26.0,-18.0,True,False,False
ALNS-A,Example2,2,2,6,7.999,1.097,repair,repair_gecode_fast,44.0,26.0,-18.0,True,False,False
ALNS-A,Example2,2,2,7,9.966,1.967,destroy,destroy_worst_workers_30pct,26.0,15.0,-11.0,True,False,False
ALNS-A,Example2,2,2,7,9.966,1.967,repair,repair_gecode_fast,26.0,15.0,-11.0,True,False,False
ALNS-A,Example2,2,2,8,11.707,1.741,destroy,destroy_random_window_20pct,15.0,15.0,0.0,True,False,False
ALNS-A,Example2,2,2,8,11.707,1.741,repair,repair_gecode_fast,15.0,15.0,0.0,True,False,False
ALNS-A,Example2,2,2,9,12.322,0.615,destroy,destroy_random_window_20pct,15.0,14.0,-1.0,True,False,False
ALNS-A,Example2,2,2,9,12.322,0.615,repair,repair_gecode_fast,15.0,14.0,-1.0,True,False,False
ALNS-A,Example2,2,2,10,12.924,0.602,destroy,destroy_random_window_20pct,14.0,13.0,-1.0,True,False,False
ALNS-A,Example2,2,2,10,12.924,0.602,repair,repair_chuffed_fast,14.0,13.0,-1.0,True,False,False
ALNS-A,Example2,2,2,11,13.475,0.551,destroy,destroy_all_forbidden_sequences,13.0,13.0,0.0,True,False,False
ALNS-A,Example2,2,2,11,13.475,0.551,repair,repair_gecode_fast,13.0,13.0,0.0,True,False,False
ALNS-A,Example2,2,2,12,13.975,0.5,destroy,destroy_max_border_work,13.0,13.0,0.0,True,False,False
ALNS-A,Example2,2,2,12,13.975,0.5,repair,repair_chuffed_fast,13.0,13.0,0.0,True,False,False
ALNS-A,Example2,2,2,13,15.349,1.374,destroy,destroy_worst_workers_30pct,13.0,3.0,-10.0,True,False,False
ALNS-A,Example2,2,2,13,15.349,1.374,repair,repair_gecode_long,13.0,3.0,-10.0,True,False,False
ALNS-A,Example2,2,2,14,16.057,0.708,destroy,destroy_random_workers_20pct,3.0,3.0,0.0,True,False,False
ALNS-A,Example2,2,2,14,16.057,0.708,repair,repair_gecode_fast,3.0,3.0,0.0,True,False,False
ALNS-A,Example2,2,2,15,17.031,0.974,destroy,destroy_random_days_20pct,3.0,2.0,-1.0,True,False,False
ALNS-A,Example2,2,2,15,17.031,0.974,repair,repair_chuffed_fast,3.0,2.0,-1.0,True,False,False
ALNS-A,Example2,2,2,16,17.724,0.693,destroy,destroy_random_window_20pct,2.0,2.0,0.0,True,False,False
ALNS-A,Example2,2,2,16,17.724,0.693,repair,repair_gecode_long,2.0,2.0,0.0,True,False,False
ALNS-A,Example2,2,2,17,18.423,0.699,destroy,destroy_random_window_20pct,2.0,2.0,0.0,True,False,False
ALNS-A,Example2,2,2,17,18.423,0.699,repair,repair_chuffed_fast,2.0,2.0,0.0,True,False,False
ALNS-A,Example2,2,2,18,20.552,2.129,destroy,destroy_worst_days_30pct,2.0,2.0,0.0,True,False,False
ALNS-A,Example2,2,2,18,20.552,2.129,repair,repair_gecode_fast,2.0,2.0,0.0,True,False,False
ALNS-A,Example2,2,2,19,27.773,7.221,destroy,destroy_streak_around_worst_worker,2.0,1.0,-1.0,True,False,False
ALNS-A,Example2,2,2,19,27.773,7.221,repair,repair_chuffed_long,2.0,1.0,-1.0,True,False,False
ALNS-A,Example2,2,2,20,28.809,1.036,destroy,destroy_worst_workers_30pct,1.0,1.0,0.0,True,False,False
ALNS-A,Example2,2,2,20,28.809,1.036,repair,repair_gecode_fast,1.0,1.0,0.0,True,False,False
ALNS-A,Example2,2,2,21,29.685,0.876,destroy,destroy_random_days_20pct,1.0,1.0,0.0,True,False,False
ALNS-A,Example2,2,2,21,29.685,0.876,repair,repair_chuffed_long,1.0,1.0,0.0,True,False,False
ALNS-A,Example2,2,2,22,30.584,0.899,destroy,destroy_random_days_20pct,1.0,1.0,0.0,True,False,False
ALNS-A,Example2,2,2,22,30.584,0.899,repair,repair_chuffed_long,1.0,1.0,0.0,True,False,False
ALNS-A,Example2,2,2,23,32.727,2.143,destroy,destroy_worst_workers_30pct,1.0,1.0,0.0,True,False,False
ALNS-A,Example2,2,2,23,32.727,2.143,repair,repair_gecode_long,1.0,1.0,0.0,True,False,False
ALNS-A,Example2,2,2,24,33.727,1.0,destroy,destroy_random_days_20pct,1.0,1.0,0.0,True,False,False
ALNS-A,Example2,2,2,24,33.727,1.0,repair,repair_gecode_fast,1.0,1.0,0.0,True,False,False
ALNS-A,Example2,2,2,25,34.341,0.614,destroy,destroy_random_window_20pct,1.0,1.0,0.0,True,False,False
ALNS-A,Example2,2,2,25,34.341,0.614,repair,repair_chuffed_fast,1.0,1.0,0.0,True,False,False
ALNS-A,Example2,2,2,26,35.273,0.932,destroy,destroy_random_days_20pct,1.0,1.0,0.0,True,False,False
ALNS-A,Example2,2,2,26,35.273,0.932,repair,repair_chuffed_long,1.0,1.0,0.0,True,False,False
ALNS-A,Example2,2,2,27,35.956,0.683,destroy,destroy_random_workers_20pct,1.0,1.0,0.0,True,False,False
ALNS-A,Example2,2,2,27,35.956,0.683,repair,repair_gecode_fast,1.0,1.0,0.0,True,False,False
ALNS-A,Example2,2,2,28,36.515,0.559,destroy,destroy_random_window_20pct,1.0,1.0,0.0,True,False,False
ALNS-A,Example2,2,2,28,36.515,0.559,repair,repair_gecode_long,1.0,1.0,0.0,True,False,False
ALNS-A,Example2,2,2,29,37.186,0.67,destroy,destroy_random_workers_20pct,1.0,1.0,0.0,True,False,False
ALNS-A,Example2,2,2,29,37.186,0.67,repair,repair_gecode_fast,1.0,1.0,0.0,True,False,False
ALNS-A,Example2,2,2,30,37.847,0.661,destroy,destroy_exploration,1.0,1.0,0.0,True,False,True
ALNS-A,Example2,2,2,30,37.847,0.661,repair,repair_exploration,1.0,1.0,0.0,True,False,True
ALNS-A,Example2,2,2,31,38.663,0.817,destroy,destroy_exploration,1.0,1.0,0.0,True,False,True
ALNS-A,Example2,2,2,31,38.663,0.817,repair,repair_exploration,1.0,1.0,0.0,True,False,True
ALNS-A,Example2,2,2,32,39.479,0.815,destroy,destroy_streak_around_worst_worker,1.0,1.0,0.0,True,False,False
ALNS-A,Example2,2,2,32,39.479,0.815,repair,repair_chuffed_fast,1.0,1.0,0.0,True,False,False
ALNS-A,Example2,2,2,33,40.494,1.015,destroy,destroy_streak_around_worst_worker,1.0,1.0,0.0,True,False,False
ALNS-A,Example2,2,2,33,40.494,1.015,repair,repair_gecode_long,1.0,1.0,0.0,True,False,False
ALNS-A,Example2,2,2,34,41.333,0.839,destroy,destroy_random_days_20pct,1.0,1.0,0.0,True,False,False
ALNS-A,Example2,2,2,34,41.333,0.839,repair,repair_chuffed_fast,1.0,1.0,0.0,True,False,False
ALNS-A,Example2,2,2,35,41.919,0.586,destroy,destroy_random_window_20pct,1.0,1.0,0.0,True,False,False
ALNS-A,Example2,2,2,35,41.919,0.586,repair,repair_gecode_fast,1.0,1.0,0.0,True,False,False
ALNS-A,Example2,2,2,36,42.774,0.855,destroy,destroy_random_days_20pct,1.0,1.0,0.0,True,False,False
ALNS-A,Example2,2,2,36,42.774,0.855,repair,repair_chuffed_fast,1.0,1.0,0.0,True,False,False
ALNS-A,Example2,2,2,37,43.44,0.665,destroy,destroy_random_workers_20pct,1.0,1.0,0.0,True,False,False
ALNS-A,Example2,2,2,37,43.44,0.665,repair,repair_gecode_fast,1.0,1.0,0.0,True,False,False
ALNS-A,Example2,2,2,38,44.498,1.058,destroy,destroy_worst_workers_30pct,1.0,1.0,0.0,True,False,False
ALNS-A,Example2,2,2,38,44.498,1.058,repair,repair_gecode_fast,1.0,1.0,0.0,True,False,False
ALNS-A,Example2,2,2,39,45.231,0.733,destroy,destroy_random_days_20pct,1.0,1.0,0.0,True,False,False
ALNS-A,Example2,2,2,39,45.231,0.733,repair,repair_gecode_long,1.0,1.0,0.0,True,False,False
ALNS-A,Example2,2,2,40,45.84,0.609,destroy,destroy_exploration,1.0,1.0,0.0,True,False,True
ALNS-A,Example2,2,2,40,45.84,0.609,repair,repair_exploration,1.0,1.0,0.0,True,False,True
ALNS-A,Example2,2,2,41,46.478,0.638,destroy,destroy_exploration,1.0,1.0,0.0,True,False,True
ALNS-A,Example2,2,2,41,46.478,0.638,repair,repair_exploration,1.0,1.0,0.0,True,False,True
ALNS-A,Example2,2,2,42,47.291,0.813,destroy,destroy_random_days_20pct,1.0,1.0,0.0,True,False,False
ALNS-A,Example2,2,2,42,47.291,0.813,repair,repair_chuffed_long,1.0,1.0,0.0,True,False,False
ALNS-A,Example2,2,2,43,48.382,1.091,destroy,destroy_worst_workers_30pct,1.0,1.0,0.0,True,False,False
ALNS-A,Example2,2,2,43,48.382,1.091,repair,repair_chuffed_fast,1.0,1.0,0.0,True,False,False
ALNS-A,Example2,2,2,44,51.832,3.451,destroy,destroy_worst_days_30pct,1.0,22.0,21.0,False,False,False
ALNS-A,Example2,2,2,44,51.832,3.451,repair,repair_chuffed_fast,1.0,22.0,21.0,False,False,False
ALNS-A,Example2,2,2,45,52.786,0.954,destroy,destroy_random_days_20pct,1.0,1.0,0.0,True,False,False
ALNS-A,Example2,2,2,45,52.786,0.954,repair,repair_chuffed_fast,1.0,1.0,0.0,True,False,False
ALNS-A,Example2,2,2,46,53.977,1.191,destroy,destroy_worst_workers_30pct,1.0,1.0,0.0,True,False,False
ALNS-A,Example2,2,2,46,53.977,1.191,repair,repair_chuffed_long,1.0,1.0,0.0,True,False,False
ALNS-A,Example2,2,2,47,54.653,0.675,destroy,destroy_random_window_20pct,1.0,1.0,0.0,True,False,False
ALNS-A,Example2,2,2,47,54.653,0.675,repair,repair_chuffed_fast,1.0,1.0,0.0,True,False,False
ALNS-A,Example2,2,2,48,55.221,0.569,destroy,destroy_random_window_20pct,1.0,1.0,0.0,True,False,False
ALNS-A,Example2,2,2,48,55.221,0.569,repair,repair_chuffed_long,1.0,1.0,0.0,True,False,False
ALNS-A,Example2,2,2,49,56.177,0.956,destroy,destroy_worst_workers_30pct,1.0,1.0,0.0,True,False,False
ALNS-A,Example2,2,2,49,56.177,0.956,repair,repair_gecode_fast,1.0,1.0,0.0,True,False,False
ALNS-A,Example2,2,2,50,57.016,0.839,destroy,destroy_exploration,1.0,1.0,0.0,True,False,True
ALNS-A,Example2,2,2,50,57.016,0.839,repair,repair_exploration,1.0,1.0,0.0,True,False,True
ALNS-A,Example2,2,2,51,70.68,13.664,destroy,destroy_exploration,1.0,1.0,0.0,True,False,True
ALNS-A,Example2,2,2,51,70.68,13.664,repair,repair_exploration,1.0,1.0,0.0,True,False,True
ALNS-A,Example2,2,2,52,72.06,1.38,destroy,destroy_worst_workers_30pct,1.0,1.0,0.0,True,False,False
ALNS-A,Example2,2,2,52,72.06,1.38,repair,repair_chuffed_long,1.0,1.0,0.0,True,False,False
ALNS-A,Example2,2,2,53,73.503,1.442,destroy,destroy_worst_workers_30pct,1.0,1.0,0.0,True,False,False
ALNS-A,Example2,2,2,53,73.503,1.442,repair,repair_gecode_fast,1.0,1.0,0.0,True,False,False
ALNS-A,Example2,2,2,54,74.33,0.827,destroy,destroy_random_window_20pct,1.0,1.0,0.0,True,False,False
ALNS-A,Example2,2,2,54,74.33,0.827,repair,repair_gecode_fast,1.0,1.0,0.0,True,False,False
ALNS-A,Example2,2,2,55,76.758,2.427,destroy,destroy_worst_days_30pct,1.0,1.0,0.0,True,False,False
ALNS-A,Example2,2,2,55,76.758,2.427,repair,repair_chuffed_fast,1.0,1.0,0.0,True,False,False
ALNS-A,Example2,2,2,56,77.851,1.094,destroy,destroy_worst_workers_30pct,1.0,1.0,0.0,True,False,False
ALNS-A,Example2,2,2,56,77.851,1.094,repair,repair_chuffed_long,1.0,1.0,0.0,True,False,False
ALNS-A,Example2,2,2,57,78.651,0.799,destroy,destroy_random_window_20pct,1.0,1.0,0.0,True,False,False
ALNS-A,Example2,2,2,57,78.651,0.799,repair,repair_gecode_long,1.0,1.0,0.0,True,False,False
ALNS-A,Example2,2,2,58,80.159,1.508,destroy,destroy_worst_workers_30pct,1.0,1.0,0.0,True,False,False
ALNS-A,Example2,2,2,58,80.159,1.508,repair,repair_gecode_fast,1.0,1.0,0.0,True,False,False
ALNS-A,Example2,2,2,59,80.809,0.651,destroy,destroy_random_window_20pct,1.0,1.0,0.0,True,False,False
ALNS-A,Example2,2,2,59,80.809,0.651,repair,repair_chuffed_fast,1.0,1.0,0.0,True,False,False
ALNS-A,Example2,2,2,60,81.529,0.72,destroy,destroy_exploration,1.0,1.0,0.0,True,False,True
ALNS-A,Example2,2,2,60,81.529,0.72,repair,repair_exploration,1.0,1.0,0.0,True,False,True
ALNS-A,Example2,2,2,61,82.51,0.981,destroy,destroy_exploration,1.0,1.0,0.0,True,False,True
ALNS-A,Example2,2,2,61,82.51,0.981,repair,repair_exploration,1.0,1.0,0.0,True,False,True
ALNS-A,Example2,2,2,62,83.112,0.602,destroy,destroy_random_window_20pct,1.0,1.0,0.0,True,False,False
ALNS-A,Example2,2,2,62,83.112,0.602,repair,repair_gecode_fast,1.0,1.0,0.0,True,False,False
ALNS-A,Example2,2,2,63,83.735,0.623,destroy,destroy_random_window_20pct,1.0,1.0,0.0,True,False,False
ALNS-A,Example2,2,2,63,83.735,0.623,repair,repair_gecode_fast,1.0,1.0,0.0,True,False,False
ALNS-A,Example2,2,2,64,86.825,3.089,destroy,destroy_worst_workers_30pct,1.0,1.0,0.0,True,False,False
ALNS-A,Example2,2,2,64,86.825,3.089,repair,repair_gecode_long,1.0,1.0,0.0,True,False,False
ALNS-A,Example2,2,2,65,88.5,1.675,destroy,destroy_streak_around_worst_worker,1.0,1.0,0.0,True,False,False
ALNS-A,Example2,2,2,65,88.5,1.675,repair,repair_chuffed_fast,1.0,1.0,0.0,True,False,False
ALNS-A,Example2,2,2,66,89.279,0.779,destroy,destroy_random_workers_20pct,1.0,1.0,0.0,True,False,False
ALNS-A,Example2,2,2,66,89.279,0.779,repair,repair_chuffed_fast,1.0,1.0,0.0,True,False,False
ALNS-A,Example2,2,2,67,91.081,1.802,destroy,destroy_worst_workers_30pct,1.0,1.0,0.0,True,False,False
ALNS-A,Example2,2,2,67,91.081,1.802,repair,repair_chuffed_fast,1.0,1.0,0.0,True,False,False
ALNS-A,Example2,2,2,68,92.611,1.53,destroy,destroy_worst_days_30pct,1.0,1.0,0.0,True,False,False
ALNS-A,Example2,2,2,68,92.611,1.53,repair,repair_gecode_fast,1.0,1.0,0.0,True,False,False
ALNS-A,Example2,2,2,69,93.22,0.609,destroy,destroy_random_window_20pct,1.0,1.0,0.0,True,False,False
ALNS-A,Example2,2,2,69,93.22,0.609,repair,repair_chuffed_long,1.0,1.0,0.0,True,False,False
ALNS-A,Example2,2,2,70,94.481,1.261,destroy,destroy_exploration,1.0,1.0,0.0,True,False,True
ALNS-A,Example2,2,2,70,94.481,1.261,repair,repair_exploration,1.0,1.0,0.0,True,False,True
ALNS-A,Example2,2,2,71,95.855,1.374,destroy,destroy_exploration,1.0,1.0,0.0,True,False,True
ALNS-A,Example2,2,2,71,95.855,1.374,repair,repair_exploration,1.0,1.0,0.0,True,False,True
ALNS-A,Example2,2,2,72,96.536,0.681,destroy,destroy_random_window_20pct,1.0,1.0,0.0,True,False,False
ALNS-A,Example2,2,2,72,96.536,0.681,repair,repair_chuffed_fast,1.0,1.0,0.0,True,False,False
ALNS-A,Example2,2,2,73,97.225,0.689,destroy,destroy_random_window_20pct,1.0,0.0,-1.0,True,False,False
ALNS-A,Example2,2,2,73,97.225,0.689,repair,repair_gecode_long,1.0,0.0,-1.0,True,False,False
ALNS-A,Example3,3,0,1,1.019,1.019,destroy,destroy_max_border_off,inf,162.0,nan,True,False,False
ALNS-A,Example3,3,0,1,1.019,1.019,repair,repair_chuffed_long,inf,162.0,nan,True,False,False
ALNS-A,Example3,3,0,2,4.737,3.718,destroy,destroy_random_window_20pct,162.0,41.0,-121.0,True,False,False
ALNS-A,Example3,3,0,2,4.737,3.718,repair,repair_gecode_fast,162.0,41.0,-121.0,True,False,False
ALNS-A,Example3,3,0,3,20.21,15.472,destroy,destroy_streak_around_worst_worker,41.0,78.0,37.0,False,False,False
ALNS-A,Example3,3,0,3,20.21,15.472,repair,repair_gecode_long,41.0,78.0,37.0,False,False,False
ALNS-A,Example3,3,0,4,23.869,3.659,destroy,destroy_random_workers_20pct,41.0,64.0,23.0,False,False,False
ALNS-A,Example3,3,0,4,23.869,3.659,repair,repair_chuffed_fast,41.0,64.0,23.0,False,False,False
ALNS-A,Example3,3,0,5,27.637,3.768,destroy,destroy_worst_workers_30pct,41.0,91.0,50.0,False,False,False
ALNS-A,Example3,3,0,5,27.637,3.768,repair,repair_chuffed_fast,41.0,91.0,50.0,False,False,False
ALNS-A,Example3,3,0,6,31.244,3.607,destroy,destroy_random_window_20pct,41.0,198.0,157.0,False,False,False
ALNS-A,Example3,3,0,6,31.244,3.607,repair,repair_chuffed_fast,41.0,198.0,157.0,False,False,False
ALNS-A,Example3,3,0,7,46.685,15.441,destroy,destroy_random_window_20pct,41.0,49.0,8.0,False,False,False
ALNS-A,Example3,3,0,7,46.685,15.441,repair,repair_gecode_long,41.0,49.0,8.0,False,False,False
ALNS-A,Example3,3,0,8,62.223,15.539,destroy,destroy_random_workers_20pct,41.0,56.0,15.0,False,False,False
ALNS-A,Example3,3,0,8,62.223,15.539,repair,repair_chuffed_long,41.0,56.0,15.0,False,False,False
ALNS-A,Example3,3,0,9,77.654,15.43,destroy,destroy_random_workers_20pct,41.0,52.0,11.0,False,False,False
ALNS-A,Example3,3,0,9,77.654,15.43,repair,repair_gecode_long,41.0,52.0,11.0,False,False,False
ALNS-A,Example3,3,0,10,81.253,3.599,destroy,destroy_all_forbidden_sequences,41.0,58.0,17.0,False,False,False
ALNS-A,Example3,3,0,10,81.253,3.599,repair,repair_chuffed_fast,41.0,58.0,17.0,False,False,False
ALNS-A,Example3,3,0,11,84.686,3.433,destroy,destroy_random_workers_20pct,41.0,54.0,13.0,False,False,False
ALNS-A,Example3,3,0,11,84.686,3.433,repair,repair_gecode_fast,41.0,54.0,13.0,False,False,False
ALNS-A,Example3,3,0,12,88.254,3.569,destroy,destroy_random_window_20pct,41.0,74.0,33.0,False,False,False
ALNS-A,Example3,3,0,12,88.254,3.569,repair,repair_chuffed_fast,41.0,74.0,33.0,False,False,False
ALNS-A,Example3,3,0,13,138.919,50.665,destroy,destroy_exploration,41.0,54.0,13.0,False,False,True
ALNS-A,Example3,3,0,13,138.919,50.665,repair,repair_exploration,41.0,54.0,13.0,False,False,True
ALNS-A,Example3,3,0,14,189.589,50.67,destroy,destroy_exploration,41.0,79.0,38.0,False,False,True
ALNS-A,Example3,3,0,14,189.589,50.67,repair,repair_exploration,41.0,79.0,38.0,False,False,True
ALNS-A,Example3,3,1,1,1.036,1.036,destroy,destroy_max_border_off,inf,162.0,nan,True,False,False
ALNS-A,Example3,3,1,1,1.036,1.036,repair,repair_chuffed_fast,inf,162.0,nan,True,False,False
ALNS-A,Example3,3,1,2,4.862,3.826,destroy,destroy_worst_workers_30pct,162.0,76.0,-86.0,True,False,False
ALNS-A,Example3,3,1,2,4.862,3.826,repair,repair_chuffed_fast,162.0,76.0,-86.0,True,False,False
ALNS-A,Example3,3,1,3,8.408,3.546,destroy,destroy_max_border_off,76.0,40.0,-36.0,True,False,False
ALNS-A,Example3,3,1,3,8.408,3.546,repair,repair_chuffed_fast,76.0,40.0,-36.0,True,False,False
ALNS-A,Example3,3,1,4,9.397,0.988,destroy,destroy_max_border_off,40.0,26.0,-14.0,True,False,False
ALNS-A,Example3,3,1,4,9.397,0.988,repair,repair_chuffed_fast,40.0,26.0,-14.0,True,False,False
ALNS-A,Example3,3,1,5,13.141,3.744,destroy,destroy_streak_around_worst_worker,26.0,67.0,41.0,False,False,False
ALNS-A,Example3,3,1,5,13.141,3.744,repair,repair_chuffed_fast,26.0,67.0,41.0,False,False,False
ALNS-A,Example3,3,1,6,16.691,3.55,destroy,destroy_random_window_20pct,26.0,55.0,29.0,False,False,False
ALNS-A,Example3,3,1,6,16.691,3.55,repair,repair_chuffed_fast,26.0,55.0,29.0,False,False,False
ALNS-A,Example3,3,1,7,20.494,3.802,destroy,destroy_random_window_20pct,26.0,54.0,28.0,False,False,False
ALNS-A,Example3,3,1,7,20.494,3.802,repair,repair_gecode_fast,26.0,54.0,28.0,False,False,False
ALNS-A,Example3,3,1,8,23.969,3.475,destroy,destroy_all_forbidden_sequences,26.0,27.0,1.0,False,False,False
ALNS-A,Example3,3,1,8,23.969,3.475,repair,repair_gecode_fast,26.0,27.0,1.0,False,False,False
ALNS-A,Example3,3,1,9,39.693,15.724,destroy,destroy_worst_workers_30pct,26.0,55.0,29.0,False,False,False
ALNS-A,Example3,3,1,9,39.693,15.724,repair,repair_chuffed_long,26.0,55.0,29.0,False,False,False
ALNS-A,Example3,3,1,10,55.295,15.602,destroy,destroy_random_workers_20pct,26.0,42.0,16.0,False,False,False
ALNS-A,Example3,3,1,10,55.295,15.602,repair,repair_chuffed_long,26.0,42.0,16.0,False,False,False
ALNS-A,Example3,3,1,11,58.732,3.437,destroy,destroy_random_workers_20pct,26.0,34.0,8.0,True,False,False
ALNS-A,Example3,3,1,11,58.732,3.437,repair,repair_gecode_fast,26.0,34.0,8.0,True,False,False
ALNS-A,Example3,3,1,12,74.442,15.71,destroy,destroy_worst_workers_30pct,34.0,59.0,25.0,False,False,False
ALNS-A,Example3,3,1,12,74.442,15.71,repair,repair_chuffed_long,34.0,59.0,25.0,False,False,False
ALNS-A,Example3,3,1,13,77.904,3.462,destroy,destroy_random_window_20pct,34.0,51.0,17.0,False,False,False
ALNS-A,Example3,3,1,13,77.904,3.462,repair,repair_gecode_fast,34.0,51.0,17.0,False,False,False
ALNS-A,Example3,3,1,14,78.873,0.968,destroy,destroy_max_border_off,34.0,24.0,-10.0,True,False,False
ALNS-A,Example3,3,1,14,78.873,0.968,repair,repair_chuffed_long,34.0,24.0,-10.0,True,False,False
ALNS-A,Example3,3,1,15,82.447,3.575,destroy,destroy_random_workers_20pct,24.0,46.0,22.0,False,False,False
ALNS-A,Example3,3,1,15,82.447,3.575,repair,repair_chuffed_fast,24.0,46.0,22.0,False,False,False
ALNS-A,Example3,3,1,16,83.519,1.072,destroy,destroy_random_window_20pct,24.0,21.0,-3.0,True,False,False
ALNS-A,Example3,3,1,16,83.519,1.072,repair,repair_gecode_fast,24.0,21.0,-3.0,True,False,False
ALNS-A,Example3,3,1,17,87.291,3.772,destroy,destroy_random_window_20pct,21.0,64.0,43.0,False,False,False
ALNS-A,Example3,3,1,17,87.291,3.772,repair,repair_chuffed_fast,21.0,64.0,43.0,False,False,False
ALNS-A,Example3,3,1,18,90.76,3.469,destroy,destroy_worst_workers_30pct,21.0,70.0,49.0,False,False,False
ALNS-A,Example3,3,1,18,90.76,3.469,repair,repair_gecode_fast,21.0,70.0,49.0,False,False,False
ALNS-A,Example3,3,1,19,94.354,3.594,destroy,destroy_random_window_20pct,21.0,50.0,29.0,False,False,False
ALNS-A,Example3,3,1,19,94.354,3.594,repair,repair_chuffed_fast,21.0,50.0,29.0,False,False,False
ALNS-A,Example3,3,1,20,109.826,15.472,destroy,destroy_worst_days_30pct,21.0,96.0,75.0,False,False,False
ALNS-A,Example3,3,1,20,109.826,15.472,repair,repair_gecode_long,21.0,96.0,75.0,False,False,False
ALNS-A,Example3,3,1,21,125.333,15.507,destroy,destroy_random_window_20pct,21.0,32.0,11.0,False,False,False
ALNS-A,Example3,3,1,21,125.333,15.507,repair,repair_chuffed_long,21.0,32.0,11.0,False,False,False
ALNS-A,Example3,3,1,22,141.032,15.699,destroy,destroy_random_window_20pct,21.0,23.0,2.0,False,False,False
ALNS-A,Example3,3,1,22,141.032,15.699,repair,repair_chuffed_long,21.0,23.0,2.0,False,False,False
ALNS-A,Example3,3,1,23,141.983,0.952,destroy,destroy_all_forbidden_sequences,21.0,21.0,0.0,True,False,False
ALNS-A,Example3,3,1,23,141.983,0.952,repair,repair_chuffed_long,21.0,21.0,0.0,True,False,False
ALNS-A,Example3,3,1,24,145.549,3.566,destroy,destroy_random_window_20pct,21.0,28.0,7.0,True,False,False
ALNS-A,Example3,3,1,24,145.549,3.566,repair,repair_gecode_fast,21.0,28.0,7.0,True,False,False
ALNS-A,Example3,3,1,25,149.279,3.73,destroy,destroy_worst_workers_30pct,28.0,93.0,65.0,False,False,False
ALNS-A,Example3,3,1,25,149.279,3.73,repair,repair_chuffed_fast,28.0,93.0,65.0,False,False,False
ALNS-A,Example3,3,1,26,149.896,0.617,destroy,destroy_max_border_off,28.0,20.0,-8.0,True,False,False
ALNS-A,Example3,3,1,26,149.896,0.617,repair,repair_gecode_long,28.0,20.0,-8.0,True,False,False
ALNS-A,Example3,3,1,27,153.56,3.664,destroy,destroy_worst_workers_30pct,20.0,70.0,50.0,False,False,False
ALNS-A,Example3,3,1,27,153.56,3.664,repair,repair_chuffed_fast,20.0,70.0,50.0,False,False,False
ALNS-A,Example3,3,1,28,156.998,3.439,destroy,destroy_random_window_20pct,20.0,39.0,19.0,False,False,False
ALNS-A,Example3,3,1,28,156.998,3.439,repair,repair_gecode_fast,20.0,39.0,19.0,False,False,False
ALNS-A,Example3,3,1,29,160.713,3.714,destroy,destroy_streak_around_worst_worker,20.0,67.0,47.0,False,False,False
ALNS-A,Example3,3,1,29,160.713,3.714,repair,repair_chuffed_fast,20.0,67.0,47.0,False,False,False
ALNS-A,Example3,3,1,30,164.454,3.741,destroy,destroy_random_window_20pct,20.0,60.0,40.0,False,False,False
ALNS-A,Example3,3,1,30,164.454,3.741,repair,repair_chuffed_fast,20.0,60.0,40.0,False,False,False
ALNS-A,Example3,3,1,31,168.154,3.7,destroy,destroy_random_window_20pct,20.0,54.0,34.0,False,False,False
ALNS-A,Example3,3,1,31,168.154,3.7,repair,repair_chuffed_fast,20.0,54.0,34.0,False,False,False
ALNS-A,Example3,3,1,32,183.753,15.599,destroy,destroy_random_window_20pct,20.0,44.0,24.0,False,False,False
ALNS-A,Example3,3,1,32,183.753,15.599,repair,repair_chuffed_long,20.0,44.0,24.0,False,False,False
ALNS-A,Example3,3,2,1,1.117,1.117,destroy,destroy_worst_workers_10pct,inf,163.0,nan,True,False,False
ALNS-A,Example3,3,2,1,1.117,1.117,repair,repair_gecode_long,inf,163.0,nan,True,False,False
ALNS-A,Example3,3,2,2,2.002,0.885,destroy,destroy_max_border_off,163.0,162.0,-1.0,True,False,False
ALNS-A,Example3,3,2,2,2.002,0.885,repair,repair_chuffed_fast,163.0,162.0,-1.0,True,False,False
ALNS-A,Example3,3,2,3,5.446,3.443,destroy,destroy_all_forbidden_sequences,162.0,38.0,-124.0,True,False,False
ALNS-A,Example3,3,2,3,5.446,3.443,repair,repair_gecode_fast,162.0,38.0,-124.0,True,False,False
ALNS-A,Example3,3,2,4,8.863,3.417,destroy,destroy_random_window_20pct,38.0,36.0,-2.0,True,False,False
ALNS-A,Example3,3,2,4,8.863,3.417,repair,repair_gecode_fast,38.0,36.0,-2.0,True,False,False
ALNS-A,Example3,3,2,5,12.404,3.541,destroy,destroy_random_workers_20pct,36.0,56.0,20.0,False,False,False
ALNS-A,Example3,3,2,5,12.404,3.541,repair,repair_gecode_fast,36.0,56.0,20.0,False,False,False
ALNS-A,Example3,3,2,6,13.713,1.308,destroy,destroy_streak_around_worst_worker,36.0,22.0,-14.0,True,False,False
ALNS-A,Example3,3,2,6,13.713,1.308,repair,repair_gecode_fast,36.0,22.0,-14.0,True,False,False
ALNS-A,Example3,3,2,7,29.188,15.476,destroy,destroy_streak_around_worst_worker,22.0,72.0,50.0,False,False,False
ALNS-A,Example3,3,2,7,29.188,15.476,repair,repair_gecode_long,22.0,72.0,50.0,False,False,False
ALNS-A,Example3,3,2,8,32.916,3.728,destroy,destroy_worst_workers_30pct,22.0,69.0,47.0,False,False,False
ALNS-A,Example3,3,2,8,32.916,3.728,repair,repair_chuffed_fast,22.0,69.0,47.0,False,False,False
ALNS-A,Example3,3,2,9,36.343,3.427,destroy,destroy_random_window_20pct,22.0,38.0,16.0,False,False,False
ALNS-A,Example3,3,2,9,36.343,3.427,repair,repair_gecode_fast,22.0,38.0,16.0,False,False,False
ALNS-A,Example3,3,2,10,37.303,0.96,destroy,destroy_random_window_20pct,22.0,18.0,-4.0,True,False,False
ALNS-A,Example3,3,2,10,37.303,0.96,repair,repair_gecode_fast,22.0,18.0,-4.0,True,False,False
ALNS-A,Example3,3,2,11,37.967,0.664,destroy,destroy_all_forbidden_sequences,18.0,18.0,0.0,True,False,False
ALNS-A,Example3,3,2,11,37.967,0.664,repair,repair_chuffed_fast,18.0,18.0,0.0,True,False,False
ALNS-A,Example3,3,2,12,41.392,3.425,destroy,destroy_random_window_20pct,18.0,42.0,24.0,False,False,False
ALNS-A,Example3,3,2,12,41.392,3.425,repair,repair_gecode_fast,18.0,42.0,24.0,False,False,False
ALNS-A,Example3,3,2,13,44.236,2.844,destroy,destroy_random_window_20pct,18.0,18.0,0.0,True,False,False
ALNS-A,Example3,3,2,13,44.236,2.844,repair,repair_gecode_fast,18.0,18.0,0.0,True,False,False
ALNS-A,Example3,3,2,14,44.862,0.626,destroy,destroy_max_border_off,18.0,18.0,0.0,True,False,False
ALNS-A,Example3,3,2,14,44.862,0.626,repair,repair_chuffed_fast,18.0,18.0,0.0,True,False,False
ALNS-A,Example3,3,2,15,48.326,3.464,destroy,destroy_worst_workers_30pct,18.0,59.0,41.0,False,False,False
ALNS-A,Example3,3,2,15,48.326,3.464,repair,repair_gecode_fast,18.0,59.0,41.0,False,False,False
ALNS-A,Example3,3,2,16,50.37,2.043,destroy,destroy_random_window_20pct,18.0,15.0,-3.0,True,False,False
ALNS-A,Example3,3,2,16,50.37,2.043,repair,repair_gecode_fast,18.0,15.0,-3.0,True,False,False
ALNS-A,Example3,3,2,17,66.084,15.715,destroy,destroy_worst_workers_30pct,15.0,54.0,39.0,False,False,False
ALNS-A,Example3,3,2,17,66.084,15.715,repair,repair_chuffed_long,15.0,54.0,39.0,False,False,False
ALNS-A,Example3,3,2,18,69.555,3.471,destroy,destroy_random_window_20pct,15.0,31.0,16.0,False,False,False
ALNS-A,Example3,3,2,18,69.555,3.471,repair,repair_chuffed_fast,15.0,31.0,16.0,False,False,False
ALNS-A,Example3,3,2,19,70.868,1.313,destroy,destroy_random_window_20pct,15.0,14.0,-1.0,True,False,False
ALNS-A,Example3,3,2,19,70.868,1.313,repair,repair_gecode_fast,15.0,14.0,-1.0,True,False,False
ALNS-A,Example3,3,2,20,74.431,3.562,destroy,destroy_random_window_20pct,14.0,35.0,21.0,False,False,False
ALNS-A,Example3,3,2,20,74.431,3.562,repair,repair_chuffed_fast,14.0,35.0,21.0,False,False,False
ALNS-A,Example3,3,2,21,75.335,0.904,destroy,destroy_random_window_20pct,14.0,14.0,0.0,True,False,False
ALNS-A,Example3,3,2,21,75.335,0.904,repair,repair_gecode_long,14.0,14.0,0.0,True,False,False
ALNS-A,Example3,3,2,22,75.941,0.607,destroy,destroy_all_forbidden_sequences,14.0,14.0,0.0,True,False,False
ALNS-A,Example3,3,2,22,75.941,0.607,repair,repair_gecode_fast,14.0,14.0,0.0,True,False,False
ALNS-A,Example3,3,2,23,79.408,3.467,destroy,destroy_random_window_20pct,14.0,65.0,51.0,False,False,False
ALNS-A,Example3,3,2,23,79.408,3.467,repair,repair_gecode_fast,14.0,65.0,51.0,False,False,False
ALNS-A,Example3,3,2,24,82.947,3.539,destroy,destroy_random_workers_20pct,14.0,40.0,26.0,False,False,False
ALNS-A,Example3,3,2,24,82.947,3.539,repair,repair_chuffed_fast,14.0,40.0,26.0,False,False,False
ALNS-A,Example3,3,2,25,86.559,3.612,destroy,destroy_random_window_20pct,14.0,60.0,46.0,False,False,False
ALNS-A,Example3,3,2,25,86.559,3.612,repair,repair_chuffed_fast,14.0,60.0,46.0,False,False,False
ALNS-A,Example3,3,2,26,90.008,3.449,destroy,destroy_random_workers_20pct,14.0,33.0,19.0,False,False,False
ALNS-A,Example3,3,2,26,90.008,3.449,repair,repair_gecode_fast,14.0,33.0,19.0,False,False,False
ALNS-A,Example3,3,2,27,93.441,3.433,destroy,destroy_random_window_20pct,14.0,25.0,11.0,False,False,False
ALNS-A,Example3,3,2,27,93.441,3.433,repair,repair_gecode_fast,14.0,25.0,11.0,False,False,False
ALNS-A,Example3,3,2,28,108.871,15.43,destroy,destroy_random_workers_20pct,14.0,34.0,20.0,False,False,False
ALNS-A,Example3,3,2,28,108.871,15.43,repair,repair_gecode_long,14.0,34.0,20.0,False,False,False
ALNS-A,Example3,3,2,29,112.435,3.563,destroy,destroy_random_workers_20pct,14.0,47.0,33.0,False,False,False
ALNS-A,Example3,3,2,29,112.435,3.563,repair,repair_chuffed_fast,14.0,47.0,33.0,False,False,False
ALNS-A,Example3,3,2,30,154.677,42.242,destroy,destroy_exploration,14.0,14.0,0.0,True,False,True
ALNS-A,Example3,3,2,30,154.677,42.242,repair,repair_exploration,14.0,14.0,0.0,True,False,True
ALNS-A,Example3,3,2,31,205.571,50.895,destroy,destroy_exploration,14.0,60.0,46.0,False,False,True
ALNS-A,Example3,3,2,31,205.571,50.895,repair,repair_exploration,14.0,60.0,46.0,False,False,True
ALNS-A,Example4,4,0,1,2.271,2.271,destroy,destroy_streak_around_worst_worker,inf,19.0,nan,True,False,False
ALNS-A,Example4,4,0,1,2.271,2.271,repair,repair_chuffed_long,inf,19.0,nan,True,False,False
ALNS-A,Example4,4,0,2,3.296,1.025,destroy,destroy_random_window_20pct,19.0,17.0,-2.0,True,False,False
ALNS-A,Example4,4,0,2,3.296,1.025,repair,repair_gecode_fast,19.0,17.0,-2.0,True,False,False
ALNS-A,Example4,4,0,3,18.718,15.422,destroy,destroy_all_forbidden_sequences,17.0,11.0,-6.0,True,False,False
ALNS-A,Example4,4,0,3,18.718,15.422,repair,repair_gecode_long,17.0,11.0,-6.0,True,False,False
ALNS-A,Example4,4,0,4,22.177,3.46,destroy,destroy_random_window_20pct,11.0,10.0,-1.0,True,False,False
ALNS-A,Example4,4,0,4,22.177,3.46,repair,repair_chuffed_fast,11.0,10.0,-1.0,True,False,False
ALNS-A,Example4,4,0,5,37.634,15.457,destroy,destroy_streak_around_worst_worker,10.0,39.0,29.0,False,False,False
ALNS-A,Example4,4,0,5,37.634,15.457,repair,repair_gecode_long,10.0,39.0,29.0,False,False,False
ALNS-A,Example4,4,0,6,38.625,0.99,destroy,destroy_random_window_20pct,10.0,8.0,-2.0,True,False,False
ALNS-A,Example4,4,0,6,38.625,0.99,repair,repair_gecode_long,10.0,8.0,-2.0,True,False,False
ALNS-A,Example4,4,0,7,42.044,3.419,destroy,destroy_random_workers_20pct,8.0,19.0,11.0,True,False,False
ALNS-A,Example4,4,0,7,42.044,3.419,repair,repair_gecode_fast,8.0,19.0,11.0,True,False,False
ALNS-A,Example4,4,0,8,42.649,0.605,destroy,destroy_max_border_off,19.0,12.0,-7.0,True,False,False
ALNS-A,Example4,4,0,8,42.649,0.605,repair,repair_chuffed_fast,19.0,12.0,-7.0,True,False,False
ALNS-A,Example4,4,0,9,43.999,1.35,destroy,destroy_random_window_20pct,12.0,9.0,-3.0,True,False,False
ALNS-A,Example4,4,0,9,43.999,1.35,repair,repair_chuffed_fast,12.0,9.0,-3.0,True,False,False
ALNS-A,Example4,4,0,10,59.454,15.455,destroy,destroy_random_window_20pct,9.0,25.0,16.0,False,False,False
ALNS-A,Example4,4,0,10,59.454,15.455,repair,repair_gecode_long,9.0,25.0,16.0,False,False,False
ALNS-A,Example4,4,0,11,61.306,1.852,destroy,destroy_random_window_20pct,9.0,9.0,0.0,True,False,False
ALNS-A,Example4,4,0,11,61.306,1.852,repair,repair_gecode_fast,9.0,9.0,0.0,True,False,False
ALNS-A,Example4,4,0,12,64.059,2.753,destroy,destroy_random_window_20pct,9.0,7.0,-2.0,True,False,False
ALNS-A,Example4,4,0,12,64.059,2.753,repair,repair_chuffed_long,9.0,7.0,-2.0,True,False,False
ALNS-A,Example4,4,0,13,65.328,1.269,destroy,destroy_random_window_20pct,7.0,6.0,-1.0,True,False,False
ALNS-A,Example4,4,0,13,65.328,1.269,repair,repair_chuffed_fast,7.0,6.0,-1.0,True,False,False
ALNS-A,Example4,4,0,14,65.908,0.58,destroy,destroy_all_forbidden_sequences,6.0,6.0,0.0,True,False,False
ALNS-A,Example4,4,0,14,65.908,0.58,repair,repair_chuffed_fast,6.0,6.0,0.0,True,False,False
ALNS-A,Example4,4,0,15,66.876,0.969,destroy,destroy_worst_workers_10pct,6.0,6.0,0.0,True,False,False
ALNS-A,Example4,4,0,15,66.876,0.969,repair,repair_chuffed_long,6.0,6.0,0.0,True,False,False
ALNS-A,Example4,4,0,16,70.374,3.498,destroy,destroy_worst_days_30pct,6.0,52.0,46.0,False,False,False
ALNS-A,Example4,4,0,16,70.374,3.498,repair,repair_chuffed_fast,6.0,52.0,46.0,False,False,False
ALNS-A,Example4,4,0,17,73.816,3.442,destroy,destroy_random_days_20pct,6.0,31.0,25.0,False,False,False
ALNS-A,Example4,4,0,17,73.816,3.442,repair,repair_chuffed_fast,6.0,31.0,25.0,False,False,False
ALNS-A,Example4,4,0,18,76.569,2.753,destroy,destroy_random_window_20pct,6.0,6.0,0.0,True,False,False
ALNS-A,Example4,4,0,18,76.569,2.753,repair,repair_chuffed_long,6.0,6.0,0.0,True,False,False
ALNS-A,Example4,4,0,19,80.044,3.475,destroy,destroy_worst_workers_30pct,6.0,22.0,16.0,False,False,False
ALNS-A,Example4,4,0,19,80.044,3.475,repair,repair_chuffed_fast,6.0,22.0,16.0,False,False,False
ALNS-A,Example4,4,0,20,95.543,15.499,destroy,destroy_worst_workers_30pct,6.0,21.0,15.0,False,False,False
ALNS-A,Example4,4,0,20,95.543,15.499,repair,repair_chuffed_long,6.0,21.0,15.0,False,False,False
ALNS-A,Example4,4,0,21,99.001,3.458,destroy,destroy_random_window_20pct,6.0,34.0,28.0,False,False,False
ALNS-A,Example4,4,0,21,99.001,3.458,repair,repair_chuffed_fast,6.0,34.0,28.0,False,False,False
ALNS-A,Example4,4,0,22,102.433,3.431,destroy,destroy_random_workers_20pct,6.0,12.0,6.0,False,False,False
ALNS-A,Example4,4,0,22,102.433,3.431,repair,repair_chuffed_fast,6.0,12.0,6.0,False,False,False
ALNS-A,Example4,4,0,23,105.851,3.418,destroy,destroy_random_workers_20pct,6.0,6.0,0.0,True,False,False
ALNS-A,Example4,4,0,23,105.851,3.418,repair,repair_gecode_fast,6.0,6.0,0.0,True,False,False
ALNS-A,Example4,4,0,24,121.239,15.388,destroy,destroy_exploration,6.0,4.0,-2.0,True,False,True
ALNS-A,Example4,4,0,24,121.239,15.388,repair,repair_exploration,6.0,4.0,-2.0,True,False,True
ALNS-A,Example4,4,0,25,123.453,2.215,destroy,destroy_exploration,4.0,4.0,0.0,True,False,True
ALNS-A,Example4,4,0,25,123.453,2.215,repair,repair_exploration,4.0,4.0,0.0,True,False,True
ALNS-A,Example4,4,0,26,124.017,0.564,destroy,destroy_all_forbidden_sequences,4.0,4.0,0.0,True,False,False
ALNS-A,Example4,4,0,26,124.017,0.564,repair,repair_gecode_fast,4.0,4.0,0.0,True,False,False
ALNS-A,Example4,4,0,27,139.5,15.483,destroy,destroy_worst_workers_30pct,4.0,10.0,6.0,True,False,False
ALNS-A,Example4,4,0,27,139.5,15.483,repair,repair_chuffed_long,4.0,10.0,6.0,True,False,False
ALNS-A,Example4,4,0,28,154.999,15.5,destroy,destroy_worst_workers_30pct,10.0,12.0,2.0,True,False,False
ALNS-A,Example4,4,0,28,154.999,15.5,repair,repair_chuffed_long,10.0,12.0,2.0,True,False,False
ALNS-A,Example4,4,0,29,158.539,3.54,destroy,destroy_streak_around_worst_worker,12.0,39.0,27.0,False,False,False
ALNS-A,Example4,4,0,29,158.539,3.54,repair,repair_chuffed_fast,12.0,39.0,27.0,False,False,False
ALNS-A,Example4,4,0,30,161.977,3.438,destroy,destroy_streak_around_worst_worker,12.0,38.0,26.0,False,False,False
ALNS-A,Example4,4,0,30,161.977,3.438,repair,repair_gecode_fast,12.0,38.0,26.0,False,False,False
ALNS-A,Example4,4,0,31,165.489,3.512,destroy,destroy_worst_workers_30pct,12.0,14.0,2.0,False,False,False
ALNS-A,Example4,4,0,31,165.489,3.512,repair,repair_chuffed_fast,12.0,14.0,2.0,False,False,False
ALNS-A,Example4,4,0,32,166.063,0.574,destroy,destroy_max_border_off,12.0,4.0,-8.0,True,False,False
ALNS-A,Example4,4,0,32,166.063,0.574,repair,repair_chuffed_fast,12.0,4.0,-8.0,True,False,False
ALNS-A,Example4,4,0,33,166.967,0.904,destroy,destroy_random_window_20pct,4.0,3.0,-1.0,True,False,False
ALNS-A,Example4,4,0,33,166.967,0.904,repair,repair_chuffed_fast,4.0,3.0,-1.0,True,False,False
ALNS-A,Example4,4,0,34,167.771,0.804,destroy,destroy_random_window_20pct,3.0,3.0,0.0,True,False,False
ALNS-A,Example4,4,0,34,167.771,0.804,repair,repair_chuffed_long,3.0,3.0,0.0,True,False,False
ALNS-A,Example4,4,0,35,169.09,1.319,destroy,destroy_random_workers_20pct,3.0,3.0,0.0,True,False,False
ALNS-A,Example4,4,0,35,169.09,1.319,repair,repair_chuffed_long,3.0,3.0,0.0,True,False,False
ALNS-A,Example4,4,0,36,169.764,0.675,destroy,destroy_random_window_20pct,3.0,3.0,0.0,True,False,False
ALNS-A,Example4,4,0,36,169.764,0.675,repair,repair_chuffed_fast,3.0,3.0,0.0,True,False,False
ALNS-A,Example4,4,0,37,170.476,0.712,destroy,destroy_random_window_20pct,3.0,3.0,0.0,True,False,False
ALNS-A,Example4,4,0,37,170.476,0.712,repair,repair_gecode_long,3.0,3.0,0.0,True,False,False
ALNS-A,Example4,4,0,38,173.91,3.434,destroy,destroy_worst_workers_30pct,3.0,9.0,6.0,False,False,False
ALNS-A,Example4,4,0,38,173.91,3.434,repair,repair_gecode_fast,3.0,9.0,6.0,False,False,False
ALNS-A,Example4,4,0,39,177.343,3.433,destroy,destroy_random_window_20pct,3.0,18.0,15.0,False,False,False
ALNS-A,Example4,4,0,39,177.343,3.433,repair,repair_gecode_fast,3.0,18.0,15.0,False,False,False
ALNS-A,Example4,4,0,40,192.837,15.493,destroy,destroy_worst_days_30pct,3.0,47.0,44.0,False,False,False
ALNS-A,Example4,4,0,40,192.837,15.493,repair,repair_chuffed_long,3.0,47.0,44.0,False,False,False
ALNS-A,Example4,4,1,1,3.622,3.622,destroy,destroy_random_window_20pct,inf,24.0,nan,True,False,False
ALNS-A,Example4,4,1,1,3.622,3.622,repair,repair_chuffed_fast,inf,24.0,nan,True,False,False
ALNS-A,Example4,4,1,2,7.279,3.657,destroy,destroy_worst_workers_30pct,24.0,25.0,1.0,True,False,False
ALNS-A,Example4,4,1,2,7.279,3.657,repair,repair_gecode_fast,24.0,25.0,1.0,True,False,False
ALNS-A,Example4,4,1,3,8.354,1.074,destroy,destroy_worst_days_10pct,25.0,16.0,-9.0,True,False,False
ALNS-A,Example4,4,1,3,8.354,1.074,repair,repair_chuffed_long,25.0,16.0,-9.0,True,False,False
ALNS-A,Example4,4,1,4,8.939,0.585,destroy,destroy_max_border_off,16.0,10.0,-6.0,True,False,False
ALNS-A,Example4,4,1,4,8.939,0.585,repair,repair_gecode_fast,16.0,10.0,-6.0,True,False,False
ALNS-A,Example4,4,1,5,9.707,0.768,destroy,destroy_worst_workers_10pct,10.0,7.0,-3.0,True,False,False
ALNS-A,Example4,4,1,5,9.707,0.768,repair,repair_chuffed_fast,10.0,7.0,-3.0,True,False,False
ALNS-A,Example4,4,1,6,13.245,3.537,destroy,destroy_worst_days_30pct,7.0,32.0,25.0,False,False,False
ALNS-A,Example4,4,1,6,13.245,3.537,repair,repair_chuffed_fast,7.0,32.0,25.0,False,False,False
ALNS-A,Example4,4,1,7,14.55,1.305,destroy,destroy_random_window_20pct,7.0,7.0,0.0,True,False,False
ALNS-A,Example4,4,1,7,14.55,1.305,repair,repair_gecode_long,7.0,7.0,0.0,True,False,False
ALNS-A,Example4,4,1,8,16.249,1.699,destroy,destroy_random_workers_20pct,7.0,6.0,-1.0,True,False,False
ALNS-A,Example4,4,1,8,16.249,1.699,repair,repair_chuffed_long,7.0,6.0,-1.0,True,False,False
ALNS-A,Example4,4,1,9,19.689,3.44,destroy,destroy_worst_days_30pct,6.0,30.0,24.0,False,False,False
ALNS-A,Example4,4,1,9,19.689,3.44,repair,repair_gecode_fast,6.0,30.0,24.0,False,False,False
ALNS-A,Example4,4,1,10,20.292,0.603,destroy,destroy_all_forbidden_sequences,6.0,5.0,-1.0,True,False,False
ALNS-A,Example4,4,1,10,20.292,0.603,repair,repair_gecode_fast,6.0,5.0,-1.0,True,False,False
ALNS-A,Example4,4,1,11,20.975,0.683,destroy,destroy_worst_workers_10pct,5.0,5.0,0.0,True,False,False
ALNS-A,Example4,4,1,11,20.975,0.683,repair,repair_gecode_fast,5.0,5.0,0.0,True,False,False
ALNS-A,Example4,4,1,12,24.521,3.546,destroy,destroy_worst_days_30pct,5.0,42.0,37.0,False,False,False
ALNS-A,Example4,4,1,12,24.521,3.546,repair,repair_chuffed_fast,5.0,42.0,37.0,False,False,False
ALNS-A,Example4,4,1,13,25.644,1.124,destroy,destroy_random_workers_20pct,5.0,4.0,-1.0,True,False,False
ALNS-A,Example4,4,1,13,25.644,1.124,repair,repair_chuffed_fast,5.0,4.0,-1.0,True,False,False
ALNS-A,Example4,4,1,14,29.073,3.429,destroy,destroy_streak_around_worst_worker,4.0,21.0,17.0,False,False,False
ALNS-A,Example4,4,1,14,29.073,3.429,repair,repair_gecode_fast,4.0,21.0,17.0,False,False,False
ALNS-A,Example4,4,1,15,31.859,2.786,destroy,destroy_random_workers_20pct,4.0,4.0,0.0,True,False,False
ALNS-A,Example4,4,1,15,31.859,2.786,repair,repair_gecode_fast,4.0,4.0,0.0,True,False,False
ALNS-A,Example4,4,1,16,32.736,0.876,destroy,destroy_random_window_20pct,4.0,3.0,-1.0,True,False,False
ALNS-A,Example4,4,1,16,32.736,0.876,repair,repair_gecode_fast,4.0,3.0,-1.0,True,False,False
ALNS-A,Example4,4,1,17,34.666,1.931,destroy,destroy_random_workers_20pct,3.0,3.0,0.0,True,False,False
ALNS-A,Example4,4,1,17,34.666,1.931,repair,repair_gecode_fast,3.0,3.0,0.0,True,False,False
ALNS-A,Example4,4,1,18,35.801,1.135,destroy,destroy_random_workers_20pct,3.0,3.0,0.0,True,False,False
ALNS-A,Example4,4,1,18,35.801,1.135,repair,repair_gecode_long,3.0,3.0,0.0,True,False,False
ALNS-A,Example4,4,1,19,51.404,15.603,destroy,destroy_streak_around_worst_worker,3.0,41.0,38.0,False,False,False
ALNS-A,Example4,4,1,19,51.404,15.603,repair,repair_chuffed_long,3.0,41.0,38.0,False,False,False
ALNS-A,Example4,4,1,20,52.645,1.24,destroy,destroy_random_days_20pct,3.0,3.0,0.0,True,False,False
ALNS-A,Example4,4,1,20,52.645,1.24,repair,repair_chuffed_fast,3.0,3.0,0.0,True,False,False
ALNS-A,Example4,4,1,21,53.314,0.669,destroy,destroy_random_window_20pct,3.0,3.0,0.0,True,False,False
ALNS-A,Example4,4,1,21,53.314,0.669,repair,repair_gecode_long,3.0,3.0,0.0,True,False,False
ALNS-A,Example4,4,1,22,56.757,3.443,destroy,destroy_random_days_20pct,3.0,21.0,18.0,False,False,False
ALNS-A,Example4,4,1,22,56.757,3.443,repair,repair_chuffed_fast,3.0,21.0,18.0,False,False,False
ALNS-A,Example4,4,1,23,58.775,2.018,destroy,destroy_random_workers_20pct,3.0,3.0,0.0,True,False,False
ALNS-A,Example4,4,1,23,58.775,2.018,repair,repair_chuffed_long,3.0,3.0,0.0,True,False,False
ALNS-A,Example4,4,1,24,59.472,0.696,destroy,destroy_random_window_20pct,3.0,3.0,0.0,True,False,False
ALNS-A,Example4,4,1,24,59.472,0.696,repair,repair_gecode_fast,3.0,3.0,0.0,True,False,False
ALNS-A,Example4,4,1,25,60.497,1.026,destroy,destroy_random_workers_20pct,3.0,3.0,0.0,True,False,False
ALNS-A,Example4,4,1,25,60.497,1.026,repair,repair_chuffed_long,3.0,3.0,0.0,True,False,False
ALNS-A,Example4,4,1,26,64.03,3.532,destroy,destroy_random_window_20pct,3.0,10.0,7.0,False,False,False
ALNS-A,Example4,4,1,26,64.03,3.532,repair,repair_chuffed_fast,3.0,10.0,7.0,False,False,False
ALNS-A,Example4,4,1,27,74.346,10.316,destroy,destroy_exploration,3.0,3.0,0.0,True,False,True
ALNS-A,Example4,4,1,27,74.346,10.316,repair,repair_exploration,3.0,3.0,0.0,True,False,True
ALNS-A,Example4,4,1,28,75.17,0.824,destroy,destroy_exploration,3.0,3.0,0.0,True,False,True
ALNS-A,Example4,4,1,28,75.17,0.824,repair,repair_exploration,3.0,3.0,0.0,True,False,True
ALNS-A,Example4,4,1,29,76.281,1.111,destroy,destroy_random_workers_20pct,3.0,3.0,0.0,True,False,False
ALNS-A,Example4,4,1,29,76.281,1.111,repair,repair_chuffed_long,3.0,3.0,0.0,True,False,False
ALNS-A,Example4,4,1,30,79.711,3.429,destroy,destroy_random_days_20pct,3.0,27.0,24.0,False,False,False
ALNS-A,Example4,4,1,30,79.711,3.429,repair,repair_chuffed_fast,3.0,27.0,24.0,False,False,False
ALNS-A,Example4,4,1,31,83.123,3.412,destroy,destroy_random_window_20pct,3.0,16.0,13.0,False,False,False
ALNS-A,Example4,4,1,31,83.123,3.412,repair,repair_gecode_fast,3.0,16.0,13.0,False,False,False
ALNS-A,Example4,4,1,32,83.845,0.723,destroy,destroy_worst_workers_10pct,3.0,3.0,0.0,True,False,False
ALNS-A,Example4,4,1,32,83.845,0.723,repair,repair_gecode_fast,3.0,3.0,0.0,True,False,False
ALNS-A,Example4,4,1,33,99.406,15.56,destroy,destroy_worst_days_30pct,3.0,24.0,21.0,False,False,False
ALNS-A,Example4,4,1,33,99.406,15.56,repair,repair_chuffed_long,3.0,24.0,21.0,False,False,False
ALNS-A,Example4,4,1,34,100.246,0.84,destroy,destroy_random_window_20pct,3.0,3.0,0.0,True,False,False
ALNS-A,Example4,4,1,34,100.246,0.84,repair,repair_gecode_fast,3.0,3.0,0.0,True,False,False
ALNS-A,Example4,4,1,35,101.057,0.811,destroy,destroy_random_window_20pct,3.0,3.0,0.0,True,False,False
ALNS-A,Example4,4,1,35,101.057,0.811,repair,repair_chuffed_long,3.0,3.0,0.0,True,False,False
ALNS-A,Example4,4,1,36,102.707,1.65,destroy,destroy_random_workers_20pct,3.0,3.0,0.0,True,False,False
ALNS-A,Example4,4,1,36,102.707,1.65,repair,repair_chuffed_fast,3.0,3.0,0.0,True,False,False
ALNS-A,Example4,4,1,37,153.186,50.48,destroy,destroy_exploration,3.0,24.0,21.0,False,False,True
ALNS-A,Example4,4,1,37,153.186,50.48,repair,repair_exploration,3.0,24.0,21.0,False,False,True
ALNS-A,Example4,4,1,38,153.96,0.774,destroy,destroy_exploration,3.0,3.0,0.0,True,False,True
ALNS-A,Example4,4,1,38,153.96,0.774,repair,repair_exploration,3.0,3.0,0.0,True,False,True
ALNS-A,Example4,4,1,39,169.565,15.605,destroy,destroy_streak_around_worst_worker,3.0,36.0,33.0,False,False,False
ALNS-A,Example4,4,1,39,169.565,15.605,repair,repair_chuffed_long,3.0,36.0,33.0,False,False,False
ALNS-A,Example4,4,1,40,170.224,0.659,destroy,destroy_random_window_20pct,3.0,3.0,0.0,True,False,False
ALNS-A,Example4,4,1,40,170.224,0.659,repair,repair_chuffed_fast,3.0,3.0,0.0,True,False,False
ALNS-A,Example4,4,1,41,173.694,3.47,destroy,destroy_worst_workers_30pct,3.0,24.0,21.0,False,False,False
ALNS-A,Example4,4,1,41,173.694,3.47,repair,repair_chuffed_fast,3.0,24.0,21.0,False,False,False
ALNS-A,Example4,4,1,42,189.238,15.544,destroy,destroy_worst_days_30pct,3.0,14.0,11.0,False,False,False
ALNS-A,Example4,4,1,42,189.238,15.544,repair,repair_chuffed_long,3.0,14.0,11.0,False,False,False
ALNS-A,Example4,4,2,1,1.01,1.01,destroy,destroy_worst_workers_10pct,inf,18.0,nan,True,False,False
ALNS-A,Example4,4,2,1,1.01,1.01,repair,repair_gecode_long,inf,18.0,nan,True,False,False
ALNS-A,Example4,4,2,2,3.902,2.893,destroy,destroy_all_forbidden_sequences,18.0,7.0,-11.0,True,False,False
ALNS-A,Example4,4,2,2,3.902,2.893,repair,repair_chuffed_fast,18.0,7.0,-11.0,True,False,False
ALNS-A,Example4,4,2,3,4.671,0.769,destroy,destroy_random_window_20pct,7.0,7.0,0.0,True,False,False
ALNS-A,Example4,4,2,3,4.671,0.769,repair,repair_gecode_fast,7.0,7.0,0.0,True,False,False
ALNS-A,Example4,4,2,4,20.118,15.448,destroy,destroy_streak_around_worst_worker,7.0,22.0,15.0,False,False,False
ALNS-A,Example4,4,2,4,20.118,15.448,repair,repair_gecode_long,7.0,22.0,15.0,False,False,False
ALNS-A,Example4,4,2,5,23.851,3.733,destroy,destroy_worst_days_30pct,7.0,22.0,15.0,False,False,False
ALNS-A,Example4,4,2,5,23.851,3.733,repair,repair_chuffed_fast,7.0,22.0,15.0,False,False,False
ALNS-A,Example4,4,2,6,24.604,0.753,destroy,destroy_random_window_20pct,7.0,6.0,-1.0,True,False,False
ALNS-A,Example4,4,2,6,24.604,0.753,repair,repair_gecode_long,7.0,6.0,-1.0,True,False,False
ALNS-A,Example4,4,2,7,26.991,2.387,destroy,destroy_random_window_20pct,6.0,6.0,0.0,True,False,False
ALNS-A,Example4,4,2,7,26.991,2.387,repair,repair_chuffed_fast,6.0,6.0,0.0,True,False,False
ALNS-A,Example4,4,2,8,29.108,2.118,destroy,destroy_random_window_20pct,6.0,5.0,-1.0,True,False,False
ALNS-A,Example4,4,2,8,29.108,2.118,repair,repair_gecode_fast,6.0,5.0,-1.0,True,False,False
ALNS-A,Example4,4,2,9,31.825,2.717,destroy,destroy_random_days_20pct,5.0,5.0,0.0,True,False,False
ALNS-A,Example4,4,2,9,31.825,2.717,repair,repair_chuffed_fast,5.0,5.0,0.0,True,False,False
ALNS-A,Example4,4,2,10,32.542,0.716,destroy,destroy_random_window_20pct,5.0,5.0,0.0,True,False,False
ALNS-A,Example4,4,2,10,32.542,0.716,repair,repair_gecode_fast,5.0,5.0,0.0,True,False,False
ALNS-A,Example4,4,2,11,34.073,1.531,destroy,destroy_random_workers_20pct,5.0,5.0,0.0,True,False,False
ALNS-A,Example4,4,2,11,34.073,1.531,repair,repair_chuffed_fast,5.0,5.0,0.0,True,False,False
ALNS-A,Example4,4,2,12,35.326,1.253,destroy,destroy_random_workers_20pct,5.0,5.0,0.0,True,False,False
ALNS-A,Example4,4,2,12,35.326,1.253,repair,repair_gecode_long,5.0,5.0,0.0,True,False,False
ALNS-A,Example4,4,2,13,35.916,0.589,destroy,destroy_all_forbidden_sequences,5.0,5.0,0.0,True,False,False
ALNS-A,Example4,4,2,13,35.916,0.589,repair,repair_chuffed_long,5.0,5.0,0.0,True,False,False
ALNS-A,Example4,4,2,14,36.928,1.013,destroy,destroy_random_workers_20pct,5.0,5.0,0.0,True,False,False
ALNS-A,Example4,4,2,14,36.928,1.013,repair,repair_gecode_long,5.0,5.0,0.0,True,False,False
ALNS-A,Example4,4,2,15,40.413,3.485,destroy,destroy_worst_days_30pct,5.0,38.0,33.0,False,False,False
ALNS-A,Example4,4,2,15,40.413,3.485,repair,repair_chuffed_fast,5.0,38.0,33.0,False,False,False
ALNS-A,Example4,4,2,16,41.484,1.072,destroy,destroy_random_workers_20pct,5.0,4.0,-1.0,True,False,False
ALNS-A,Example4,4,2,16,41.484,1.072,repair,repair_gecode_long,5.0,4.0,-1.0,True,False,False
ALNS-A,Example4,4,2,17,42.197,0.713,destroy,destroy_worst_workers_10pct,4.0,3.0,-1.0,True,False,False
ALNS-A,Example4,4,2,17,42.197,0.713,repair,repair_gecode_fast,4.0,3.0,-1.0,True,False,False
ALNS-A,Example4,4,2,18,45.624,3.427,destroy,destroy_worst_workers_30pct,3.0,16.0,13.0,False,False,False
ALNS-A,Example4,4,2,18,45.624,3.427,repair,repair_gecode_fast,3.0,16.0,13.0,False,False,False
ALNS-A,Example4,4,2,19,49.061,3.437,destroy,destroy_worst_days_30pct,3.0,32.0,29.0,False,False,False
ALNS-A,Example4,4,2,19,49.061,3.437,repair,repair_gecode_fast,3.0,32.0,29.0,False,False,False
ALNS-A,Example4,4,2,20,52.487,3.426,destroy,destroy_worst_workers_30pct,3.0,20.0,17.0,False,False,False
ALNS-A,Example4,4,2,20,52.487,3.426,repair,repair_gecode_fast,3.0,20.0,17.0,False,False,False
ALNS-A,Example4,4,2,21,55.917,3.43,destroy,destroy_worst_workers_30pct,3.0,17.0,14.0,False,False,False
ALNS-A,Example4,4,2,21,55.917,3.43,repair,repair_gecode_fast,3.0,17.0,14.0,False,False,False
ALNS-A,Example4,4,2,22,57.623,1.706,destroy,destroy_random_window_20pct,3.0,3.0,0.0,True,False,False
ALNS-A,Example4,4,2,22,57.623,1.706,repair,repair_gecode_fast,3.0,3.0,0.0,True,False,False
ALNS-A,Example4,4,2,23,58.428,0.805,destroy,destroy_random_window_20pct,3.0,3.0,0.0,True,False,False
ALNS-A,Example4,4,2,23,58.428,0.805,repair,repair_gecode_long,3.0,3.0,0.0,True,False,False
ALNS-A,Example4,4,2,24,73.833,15.406,destroy,destroy_random_window_20pct,3.0,9.0,6.0,False,False,False
ALNS-A,Example4,4,2,24,73.833,15.406,repair,repair_gecode_long,3.0,9.0,6.0,False,False,False
ALNS-A,Example4,4,2,25,74.386,0.553,destroy,destroy_all_forbidden_sequences,3.0,3.0,0.0,True,False,False
ALNS-A,Example4,4,2,25,74.386,0.553,repair,repair_gecode_long,3.0,3.0,0.0,True,False,False
ALNS-A,Example4,4,2,26,75.361,0.975,destroy,destroy_random_workers_20pct,3.0,2.0,-1.0,True,False,False
ALNS-A,Example4,4,2,26,75.361,0.975,repair,repair_gecode_long,3.0,2.0,-1.0,True,False,False
ALNS-A,Example4,4,2,27,90.812,15.45,destroy,destroy_worst_days_30pct,2.0,46.0,44.0,False,False,False
ALNS-A,Example4,4,2,27,90.812,15.45,repair,repair_gecode_long,2.0,46.0,44.0,False,False,False
ALNS-A,Example4,4,2,28,94.257,3.445,destroy,destroy_worst_days_30pct,2.0,55.0,53.0,False,False,False
ALNS-A,Example4,4,2,28,94.257,3.445,repair,repair_gecode_fast,2.0,55.0,53.0,False,False,False
ALNS-A,Example4,4,2,29,109.664,15.407,destroy,destroy_random_days_20pct,2.0,8.0,6.0,False,False,False
ALNS-A,Example4,4,2,29,109.664,15.407,repair,repair_gecode_long,2.0,8.0,6.0,False,False,False
ALNS-A,Example4,4,2,30,113.1,3.436,destroy,destroy_worst_days_30pct,2.0,35.0,33.0,False,False,False
ALNS-A,Example4,4,2,30,113.1,3.436,repair,repair_gecode_fast,2.0,35.0,33.0,False,False,False
ALNS-A,Example4,4,2,31,114.015,0.915,destroy,destroy_random_workers_20pct,2.0,2.0,0.0,True,False,False
ALNS-A,Example4,4,2,31,114.015,0.915,repair,repair_gecode_fast,2.0,2.0,0.0,True,False,False
ALNS-A,Example4,4,2,32,115.649,1.634,destroy,destroy_random_workers_20pct,2.0,2.0,0.0,True,False,False
ALNS-A,Example4,4,2,32,115.649,1.634,repair,repair_chuffed_fast,2.0,2.0,0.0,True,False,False
ALNS-A,Example4,4,2,33,117.518,1.869,destroy,destroy_random_workers_20pct,2.0,2.0,0.0,True,False,False
ALNS-A,Example4,4,2,33,117.518,1.869,repair,repair_gecode_fast,2.0,2.0,0.0,True,False,False
ALNS-A,Example4,4,2,34,118.745,1.227,destroy,destroy_random_workers_20pct,2.0,2.0,0.0,True,False,False
ALNS-A,Example4,4,2,34,118.745,1.227,repair,repair_chuffed_fast,2.0,2.0,0.0,True,False,False
ALNS-A,Example4,4,2,35,119.464,0.719,destroy,destroy_worst_workers_10pct,2.0,2.0,0.0,True,False,False
ALNS-A,Example4,4,2,35,119.464,0.719,repair,repair_gecode_long,2.0,2.0,0.0,True,False,False
ALNS-A,Example4,4,2,36,120.948,1.484,destroy,destroy_random_workers_20pct,2.0,2.0,0.0,True,False,False
ALNS-A,Example4,4,2,36,120.948,1.484,repair,repair_gecode_long,2.0,2.0,0.0,True,False,False
ALNS-A,Example4,4,2,37,162.723,41.776,destroy,destroy_exploration,2.0,2.0,0.0,True,False,True
ALNS-A,Example4,4,2,37,162.723,41.776,repair,repair_exploration,2.0,2.0,0.0,True,False,True
ALNS-A,Example4,4,2,38,179.907,17.184,destroy,destroy_exploration,2.0,1.0,-1.0,True,False,True
ALNS-A,Example4,4,2,38,179.907,17.184,repair,repair_exploration,2.0,1.0,-1.0,True,False,True
ALNS-A,Example4,4,2,39,180.707,0.799,destroy,destroy_worst_workers_10pct,1.0,1.0,0.0,True,False,False
ALNS-A,Example4,4,2,39,180.707,0.799,repair,repair_chuffed_fast,1.0,1.0,0.0,True,False,False
ALNS-A,Example5,5,0,1,1.068,1.068,destroy,destroy_streak_around_worst_worker,inf,44.0,nan,True,False,False
ALNS-A,Example5,5,0,1,1.068,1.068,repair,repair_chuffed_long,inf,44.0,nan,True,False,False
ALNS-A,Example5,5,0,2,2.008,0.94,destroy,destroy_worst_days_10pct,44.0,25.0,-19.0,True,False,False
ALNS-A,Example5,5,0,2,2.008,0.94,repair,repair_chuffed_fast,44.0,25.0,-19.0,True,False,False
ALNS-A,Example5,5,0,3,3.292,1.284,destroy,destroy_random_window_20pct,25.0,21.0,-4.0,True,False,False
ALNS-A,Example5,5,0,3,3.292,1.284,repair,repair_chuffed_long,25.0,21.0,-4.0,True,False,False
ALNS-A,Example5,5,0,4,6.822,3.53,destroy,destroy_worst_workers_30pct,21.0,30.0,9.0,False,False,False
ALNS-A,Example5,5,0,4,6.822,3.53,repair,repair_chuffed_fast,21.0,30.0,9.0,False,False,False
ALNS-A,Example5,5,0,5,10.722,3.9,destroy,destroy_worst_days_30pct,21.0,48.0,27.0,False,False,False
ALNS-A,Example5,5,0,5,10.722,3.9,repair,repair_gecode_fast,21.0,48.0,27.0,False,False,False
ALNS-A,Example5,5,0,6,12.544,1.822,destroy,destroy_random_workers_20pct,21.0,20.0,-1.0,True,False,False
ALNS-A,Example5,5,0,6,12.544,1.822,repair,repair_gecode_fast,21.0,20.0,-1.0,True,False,False
ALNS-A,Example5,5,0,7,15.973,3.429,destroy,destroy_worst_days_30pct,20.0,61.0,41.0,False,False,False
ALNS-A,Example5,5,0,7,15.973,3.429,repair,repair_gecode_fast,20.0,61.0,41.0,False,False,False
ALNS-A,Example5,5,0,8,19.39,3.417,destroy,destroy_random_window_20pct,20.0,31.0,11.0,False,False,False
ALNS-A,Example5,5,0,8,19.39,3.417,repair,repair_gecode_fast,20.0,31.0,11.0,False,False,False
ALNS-A,Example5,5,0,9,22.792,3.402,destroy,destroy_random_days_20pct,20.0,37.0,17.0,False,False,False
ALNS-A,Example5,5,0,9,22.792,3.402,repair,repair_gecode_fast,20.0,37.0,17.0,False,False,False
ALNS-A,Example5,5,0,10,23.434,0.642,destroy,destroy_random_window_20pct,20.0,19.0,-1.0,True,False,False
ALNS-A,Example5,5,0,10,23.434,0.642,repair,repair_gecode_fast,20.0,19.0,-1.0,True,False,False
ALNS-A,Example5,5,0,11,26.85,3.417,destroy,destroy_random_workers_20pct,19.0,22.0,3.0,False,False,False
ALNS-A,Example5,5,0,11,26.85,3.417,repair,repair_chuffed_fast,19.0,22.0,3.0,False,False,False
ALNS-A,Example5,5,0,12,30.266,3.415,destroy,destroy_random_workers_20pct,19.0,24.0,5.0,False,False,False
ALNS-A,Example5,5,0,12,30.266,3.415,repair,repair_chuffed_fast,19.0,24.0,5.0,False,False,False
ALNS-A,Example5,5,0,13,33.682,3.417,destroy,destroy_random_workers_20pct,19.0,16.0,-3.0,True,False,False
ALNS-A,Example5,5,0,13,33.682,3.417,repair,repair_gecode_fast,19.0,16.0,-3.0,True,False,False
ALNS-A,Example5,5,0,14,49.154,15.472,destroy,destroy_worst_workers_30pct,16.0,29.0,13.0,False,False,False
ALNS-A,Example5,5,0,14,49.154,15.472,repair,repair_chuffed_long,16.0,29.0,13.0,False,False,False
ALNS-A,Example5,5,0,15,52.579,3.425,destroy,destroy_worst_days_30pct,16.0,38.0,22.0,False,False,False
ALNS-A,Example5,5,0,15,52.579,3.425,repair,repair_gecode_fast,16.0,38.0,22.0,False,False,False
ALNS-A,Example5,5,0,16,53.49,0.911,destroy,destroy_all_forbidden_sequences,16.0,14.0,-2.0,True,False,False
ALNS-A,Example5,5,0,16,53.49,0.911,repair,repair_chuffed_fast,16.0,14.0,-2.0,True,False,False
ALNS-A,Example5,5,0,17,54.218,0.727,destroy,destroy_random_window_20pct,14.0,13.0,-1.0,True,False,False
ALNS-A,Example5,5,0,17,54.218,0.727,repair,repair_gecode_fast,14.0,13.0,-1.0,True,False,False
ALNS-A,Example5,5,0,18,57.644,3.426,destroy,destroy_random_workers_20pct,13.0,14.0,1.0,True,False,False
ALNS-A,Example5,5,0,18,57.644,3.426,repair,repair_chuffed_fast,13.0,14.0,1.0,True,False,False
ALNS-A,Example5,5,0,19,61.067,3.423,destroy,destroy_worst_workers_30pct,14.0,39.0,25.0,False,False,False
ALNS-A,Example5,5,0,19,61.067,3.423,repair,repair_gecode_fast,14.0,39.0,25.0,False,False,False
ALNS-A,Example5,5,0,20,61.797,0.73,destroy,destroy_all_forbidden_sequences,14.0,14.0,0.0,True,False,False
ALNS-A,Example5,5,0,20,61.797,0.73,repair,repair_gecode_fast,14.0,14.0,0.0,True,False,False
ALNS-A,Example5,5,0,21,77.23,15.432,destroy,destroy_random_workers_20pct,14.0,13.0,-1.0,True,False,False
ALNS-A,Example5,5,0,21,77.23,15.432,repair,repair_chuffed_long,14.0,13.0,-1.0,True,False,False
ALNS-A,Example5,5,0,22,77.874,0.645,destroy,destroy_random_window_20pct,13.0,11.0,-2.0,True,False,False
ALNS-A,Example5,5,0,22,77.874,0.645,repair,repair_gecode_fast,13.0,11.0,-2.0,True,False,False
ALNS-A,Example5,5,0,23,80.969,3.095,destroy,destroy_random_window_20pct,11.0,8.0,-3.0,True,False,False
ALNS-A,Example5,5,0,23,80.969,3.095,repair,repair_gecode_fast,11.0,8.0,-3.0,True,False,False
ALNS-A,Example5,5,0,24,82.08,1.111,destroy,destroy_random_window_20pct,8.0,8.0,0.0,True,False,False
ALNS-A,Example5,5,0,24,82.08,1.111,repair,repair_chuffed_long,8.0,8.0,0.0,True,False,False
ALNS-A,Example5,5,0,25,82.867,0.787,destroy,destroy_random_window_20pct,8.0,7.0,-1.0,True,False,False
ALNS-A,Example5,5,0,25,82.867,0.787,repair,repair_chuffed_fast,8.0,7.0,-1.0,True,False,False
ALNS-A,Example5,5,0,26,83.739,0.871,destroy,destroy_random_workers_20pct,7.0,7.0,0.0,True,False,False
ALNS-A,Example5,5,0,26,83.739,0.871,repair,repair_gecode_long,7.0,7.0,0.0,True,False,False
ALNS-A,Example5,5,0,27,87.156,3.418,destroy,destroy_random_window_20pct,7.0,19.0,12.0,True,False,False
ALNS-A,Example5,5,0,27,87.156,3.418,repair,repair_gecode_fast,7.0,19.0,12.0,True,False,False
ALNS-A,Example5,5,0,28,88.182,1.025,destroy,destroy_random_workers_20pct,19.0,10.0,-9.0,True,False,False
ALNS-A,Example5,5,0,28,88.182,1.025,repair,repair_gecode_fast,19.0,10.0,-9.0,True,False,False
ALNS-A,Example5,5,0,29,91.342,3.16,destroy,destroy_random_workers_20pct,10.0,9.0,-1.0,True,False,False
ALNS-A,Example5,5,0,29,91.342,3.16,repair,repair_gecode_fast,10.0,9.0,-1.0,True,False,False
ALNS-A,Example5,5,0,30,92.064,0.722,destroy,destroy_random_window_20pct,9.0,8.0,-1.0,True,False,False
ALNS-A,Example5,5,0,30,92.064,0.722,repair,repair_gecode_fast,9.0,8.0,-1.0,True,False,False
ALNS-A,Example5,5,0,31,93.006,0.942,destroy,destroy_random_window_20pct,8.0,8.0,0.0,True,False,False
ALNS-A,Example5,5,0,31,93.006,0.942,repair,repair_chuffed_long,8.0,8.0,0.0,True,False,False
ALNS-A,Example5,5,0,32,105.552,12.547,destroy,destroy_random_window_20pct,8.0,5.0,-3.0,True,False,False
ALNS-A,Example5,5,0,32,105.552,12.547,repair,repair_chuffed_long,8.0,5.0,-3.0,True,False,False
ALNS-A,Example5,5,0,33,106.51,0.958,destroy,destroy_random_workers_20pct,5.0,5.0,0.0,True,False,False
ALNS-A,Example5,5,0,33,106.51,0.958,repair,repair_gecode_fast,5.0,5.0,0.0,True,False,False
ALNS-A,Example5,5,0,34,107.199,0.689,destroy,destroy_random_window_20pct,5.0,5.0,0.0,True,False,False
ALNS-A,Example5,5,0,34,107.199,0.689,repair,repair_gecode_fast,5.0,5.0,0.0,True,False,False
ALNS-A,Example5,5,0,35,110.648,3.449,destroy,destroy_random_window_20pct,5.0,26.0,21.0,False,False,False
ALNS-A,Example5,5,0,35,110.648,3.449,repair,repair_chuffed_fast,5.0,26.0,21.0,False,False,False
ALNS-A,Example5,5,0,36,111.638,0.99,destroy,destroy_random_workers_20pct,5.0,5.0,0.0,True,False,False
ALNS-A,Example5,5,0,36,111.638,0.99,repair,repair_gecode_long,5.0,5.0,0.0,True,False,False
ALNS-A,Example5,5,0,37,115.058,3.42,destroy,destroy_random_window_20pct,5.0,16.0,11.0,True,False,False
ALNS-A,Example5,5,0,37,115.058,3.42,repair,repair_gecode_fast,5.0,16.0,11.0,True,False,False
ALNS-A,Example5,5,0,38,118.469,3.411,destroy,destroy_random_workers_20pct,16.0,14.0,-2.0,True,False,False
ALNS-A,Example5,5,0,38,118.469,3.411,repair,repair_gecode_fast,16.0,14.0,-2.0,True,False,False
ALNS-A,Example5,5,0,39,119.215,0.745,destroy,destroy_random_window_20pct,14.0,9.0,-5.0,True,False,False
ALNS-A,Example5,5,0,39,119.215,0.745,repair,repair_chuffed_fast,14.0,9.0,-5.0,True,False,False
ALNS-A,Example5,5,0,40,122.653,3.439,destroy,destroy_random_workers_20pct,9.0,24.0,15.0,False,False,False
ALNS-A,Example5,5,0,40,122.653,3.439,repair,repair_chuffed_fast,9.0,24.0,15.0,False,False,False
ALNS-A,Example5,5,0,41,126.114,3.461,destroy,destroy_random_window_20pct,9.0,42.0,33.0,False,False,False
ALNS-A,Example5,5,0,41,126.114,3.461,repair,repair_chuffed_fast,9.0,42.0,33.0,False,False,False
ALNS-A,Example5,5,0,42,127.061,0.947,destroy,destroy_random_window_20pct,9.0,7.0,-2.0,True,False,False
ALNS-A,Example5,5,0,42,127.061,0.947,repair,repair_chuffed_fast,9.0,7.0,-2.0,True,False,False
ALNS-A,Example5,5,0,43,127.749,0.688,destroy,destroy_random_window_20pct,7.0,7.0,0.0,True,False,False
ALNS-A,Example5,5,0,43,127.749,0.688,repair,repair_chuffed_fast,7.0,7.0,0.0,True,False,False
ALNS-A,Example5,5,0,44,128.407,0.657,destroy,destroy_random_window_20pct,7.0,7.0,0.0,True,False,False
ALNS-A,Example5,5,0,44,128.407,0.657,repair,repair_chuffed_fast,7.0,7.0,0.0,True,False,False
ALNS-A,Example5,5,0,45,135.232,6.825,destroy,destroy_random_window_20pct,7.0,7.0,0.0,True,False,False
ALNS-A,Example5,5,0,45,135.232,6.825,repair,repair_chuffed_long,7.0,7.0,0.0,True,False,False
ALNS-A,Example5,5,0,46,150.761,15.529,destroy,destroy_worst_days_30pct,7.0,33.0,26.0,False,False,False
ALNS-A,Example5,5,0,46,150.761,15.529,repair,repair_chuffed_long,7.0,33.0,26.0,False,False,False
ALNS-A,Example5,5,0,47,155.615,4.854,destroy,destroy_random_window_20pct,7.0,7.0,0.0,True,False,False
ALNS-A,Example5,5,0,47,155.615,4.854,repair,repair_chuffed_long,7.0,7.0,0.0,True,False,False
ALNS-A,Example5,5,0,48,156.336,0.721,destroy,destroy_random_window_20pct,7.0,6.0,-1.0,True,False,False
ALNS-A,Example5,5,0,48,156.336,0.721,repair,repair_gecode_fast,7.0,6.0,-1.0,True,False,False
ALNS-A,Example5,5,0,49,158.455,2.118,destroy,destroy_random_window_20pct,6.0,6.0,0.0,True,False,False
ALNS-A,Example5,5,0,49,158.455,2.118,repair,repair_chuffed_long,6.0,6.0,0.0,True,False,False
ALNS-A,Example5,5,0,50,159.125,0.67,destroy,destroy_random_window_20pct,6.0,6.0,0.0,True,False,False
ALNS-A,Example5,5,0,50,159.125,0.67,repair,repair_gecode_fast,6.0,6.0,0.0,True,False,False
ALNS-A,Example5,5,0,51,174.608,15.483,destroy,destroy_worst_workers_30pct,6.0,24.0,18.0,False,False,False
ALNS-A,Example5,5,0,51,174.608,15.483,repair,repair_chuffed_long,6.0,24.0,18.0,False,False,False
ALNS-A,Example5,5,0,52,178.096,3.488,destroy,destroy_worst_days_30pct,6.0,49.0,43.0,False,False,False
ALNS-A,Example5,5,0,52,178.096,3.488,repair,repair_chuffed_fast,6.0,49.0,43.0,False,False,False
ALNS-A,Example5,5,0,53,179.404,1.308,destroy,destroy_random_window_20pct,6.0,6.0,0.0,True,False,False
ALNS-A,Example5,5,0,53,179.404,1.308,repair,repair_chuffed_fast,6.0,6.0,0.0,True,False,False
ALNS-A,Example5,5,0,54,180.322,0.918,destroy,destroy_random_window_20pct,6.0,6.0,0.0,True,False,False
ALNS-A,Example5,5,0,54,180.322,0.918,repair,repair_chuffed_fast,6.0,6.0,0.0,True,False,False
ALNS-A,Example5,5,1,1,1.689,1.689,destroy,destroy_random_window_20pct,inf,30.0,nan,True,False,False
ALNS-A,Example5,5,1,1,1.689,1.689,repair,repair_chuffed_fast,inf,30.0,nan,True,False,False
ALNS-A,Example5,5,1,2,5.397,3.708,destroy,destroy_worst_workers_30pct,30.0,20.0,-10.0,True,False,False
ALNS-A,Example5,5,1,2,5.397,3.708,repair,repair_gecode_fast,30.0,20.0,-10.0,True,False,False
ALNS-A,Example5,5,1,3,6.625,1.229,destroy,destroy_worst_days_10pct,20.0,14.0,-6.0,True,False,False
ALNS-A,Example5,5,1,3,6.625,1.229,repair,repair_chuffed_fast,20.0,14.0,-6.0,True,False,False
ALNS-A,Example5,5,1,4,7.5,0.874,destroy,destroy_worst_workers_10pct,14.0,10.0,-4.0,True,False,False
ALNS-A,Example5,5,1,4,7.5,0.874,repair,repair_gecode_fast,14.0,10.0,-4.0,True,False,False
ALNS-A,Example5,5,1,5,8.253,0.753,destroy,destroy_random_window_20pct,10.0,10.0,0.0,True,False,False
ALNS-A,Example5,5,1,5,8.253,0.753,repair,repair_gecode_fast,10.0,10.0,0.0,True,False,False
ALNS-A,Example5,5,1,6,11.841,3.588,destroy,destroy_worst_days_30pct,10.0,37.0,27.0,False,False,False
ALNS-A,Example5,5,1,6,11.841,3.588,repair,repair_gecode_fast,10.0,37.0,27.0,False,False,False
ALNS-A,Example5,5,1,7,12.517,0.676,destroy,destroy_all_forbidden_sequences,10.0,8.0,-2.0,True,False,False
ALNS-A,Example5,5,1,7,12.517,0.676,repair,repair_gecode_fast,10.0,8.0,-2.0,True,False,False
ALNS-A,Example5,5,1,8,15.94,3.423,destroy,destroy_worst_workers_30pct,8.0,35.0,27.0,False,False,False
ALNS-A,Example5,5,1,8,15.94,3.423,repair,repair_gecode_fast,8.0,35.0,27.0,False,False,False
ALNS-A,Example5,5,1,9,19.386,3.446,destroy,destroy_worst_days_30pct,8.0,48.0,40.0,False,False,False
ALNS-A,Example5,5,1,9,19.386,3.446,repair,repair_gecode_fast,8.0,48.0,40.0,False,False,False
ALNS-A,Example5,5,1,10,20.274,0.887,destroy,destroy_random_window_20pct,8.0,8.0,0.0,True,False,False
ALNS-A,Example5,5,1,10,20.274,0.887,repair,repair_chuffed_fast,8.0,8.0,0.0,True,False,False
ALNS-A,Example5,5,1,11,23.882,3.608,destroy,destroy_streak_around_worst_worker,8.0,31.0,23.0,False,False,False
ALNS-A,Example5,5,1,11,23.882,3.608,repair,repair_chuffed_fast,8.0,31.0,23.0,False,False,False
ALNS-A,Example5,5,1,12,27.325,3.443,destroy,destroy_random_workers_20pct,8.0,12.0,4.0,False,False,False
ALNS-A,Example5,5,1,12,27.325,3.443,repair,repair_chuffed_fast,8.0,12.0,4.0,False,False,False
ALNS-A,Example5,5,1,13,42.737,15.412,destroy,destroy_random_workers_20pct,8.0,15.0,7.0,False,False,False
ALNS-A,Example5,5,1,13,42.737,15.412,repair,repair_gecode_long,8.0,15.0,7.0,False,False,False
ALNS-A,Example5,5,1,14,46.186,3.449,destroy,destroy_random_window_20pct,8.0,17.0,9.0,False,False,False
ALNS-A,Example5,5,1,14,46.186,3.449,repair,repair_chuffed_fast,8.0,17.0,9.0,False,False,False
ALNS-A,Example5,5,1,15,49.04,2.854,destroy,destroy_random_window_20pct,8.0,8.0,0.0,True,False,False
ALNS-A,Example5,5,1,15,49.04,2.854,repair,repair_chuffed_fast,8.0,8.0,0.0,True,False,False
ALNS-A,Example5,5,1,16,52.452,3.412,destroy,destroy_random_workers_20pct,8.0,8.0,0.0,True,False,False
ALNS-A,Example5,5,1,16,52.452,3.412,repair,repair_gecode_fast,8.0,8.0,0.0,True,False,False
ALNS-A,Example5,5,1,17,68.031,15.58,destroy,destroy_streak_around_worst_worker,8.0,58.0,50.0,False,False,False
ALNS-A,Example5,5,1,17,68.031,15.58,repair,repair_chuffed_long,8.0,58.0,50.0,False,False,False
ALNS-A,Example5,5,1,18,68.782,0.75,destroy,destroy_exploration,8.0,8.0,0.0,True,False,True
ALNS-A,Example5,5,1,18,68.782,0.75,repair,repair_exploration,8.0,8.0,0.0,True,False,True
ALNS-A,Example5,5,1,19,73.429,4.647,destroy,destroy_exploration,8.0,7.0,-1.0,True,False,True
ALNS-A,Example5,5,1,19,73.429,4.647,repair,repair_exploration,8.0,7.0,-1.0,True,False,True
ALNS-A,Example5,5,1,20,76.877,3.448,destroy,destroy_random_workers_20pct,7.0,14.0,7.0,False,False,False
ALNS-A,Example5,5,1,20,76.877,3.448,repair,repair_chuffed_fast,7.0,14.0,7.0,False,False,False
ALNS-A,Example5,5,1,21,78.982,2.105,destroy,destroy_random_workers_20pct,7.0,5.0,-2.0,True,False,False
ALNS-A,Example5,5,1,21,78.982,2.105,repair,repair_gecode_fast,7.0,5.0,-2.0,True,False,False
ALNS-A,Example5,5,1,22,80.202,1.22,destroy,destroy_random_window_20pct,5.0,3.0,-2.0,True,False,False
ALNS-A,Example5,5,1,22,80.202,1.22,repair,repair_chuffed_fast,5.0,3.0,-2.0,True,False,False
ALNS-A,Example5,5,1,23,81.835,1.633,destroy,destroy_random_window_20pct,3.0,2.0,-1.0,True,False,False
ALNS-A,Example5,5,1,23,81.835,1.633,repair,repair_gecode_long,3.0,2.0,-1.0,True,False,False
ALNS-A,Example5,5,1,24,83.021,1.186,destroy,destroy_random_window_20pct,2.0,2.0,0.0,True,False,False
ALNS-A,Example5,5,1,24,83.021,1.186,repair,repair_chuffed_fast,2.0,2.0,0.0,True,False,False
ALNS-A,Example5,5,1,25,86.458,3.437,destroy,destroy_worst_workers_30pct,2.0,28.0,26.0,False,False,False
ALNS-A,Example5,5,1,25,86.458,3.437,repair,repair_gecode_fast,2.0,28.0,26.0,False,False,False
ALNS-A,Example5,5,1,26,89.892,3.434,destroy,destroy_worst_workers_30pct,2.0,15.0,13.0,False,False,False
ALNS-A,Example5,5,1,26,89.892,3.434,repair,repair_gecode_fast,2.0,15.0,13.0,False,False,False
ALNS-A,Example5,5,1,27,105.313,15.421,destroy,destroy_worst_days_30pct,2.0,35.0,33.0,False,False,False
ALNS-A,Example5,5,1,27,105.313,15.421,repair,repair_gecode_long,2.0,35.0,33.0,False,False,False
ALNS-A,Example5,5,1,28,108.782,3.469,destroy,destroy_worst_workers_30pct,2.0,26.0,24.0,False,False,False
ALNS-A,Example5,5,1,28,108.782,3.469,repair,repair_chuffed_fast,2.0,26.0,24.0,False,False,False
ALNS-A,Example5,5,1,29,111.323,2.54,destroy,destroy_random_window_20pct,2.0,2.0,0.0,True,False,False
ALNS-A,Example5,5,1,29,111.323,2.54,repair,repair_chuffed_fast,2.0,2.0,0.0,True,False,False
ALNS-A,Example5,5,1,30,112.607,1.284,destroy,destroy_streak_around_worst_worker,2.0,2.0,0.0,True,False,False
ALNS-A,Example5,5,1,30,112.607,1.284,repair,repair_gecode_fast,2.0,2.0,0.0,True,False,False
ALNS-A,Example5,5,1,31,114.409,1.802,destroy,destroy_random_days_20pct,2.0,2.0,0.0,True,False,False
ALNS-A,Example5,5,1,31,114.409,1.802,repair,repair_chuffed_fast,2.0,2.0,0.0,True,False,False
ALNS-A,Example5,5,1,32,116.177,1.768,destroy,destroy_random_workers_20pct,2.0,2.0,0.0,True,False,False
ALNS-A,Example5,5,1,32,116.177,1.768,repair,repair_chuffed_fast,2.0,2.0,0.0,True,False,False
ALNS-A,Example5,5,1,33,119.665,3.488,destroy,destroy_worst_workers_30pct,2.0,30.0,28.0,False,False,False
ALNS-A,Example5,5,1,33,119.665,3.488,repair,repair_chuffed_fast,2.0,30.0,28.0,False,False,False
ALNS-A,Example5,5,1,34,129.118,9.453,destroy,destroy_exploration,2.0,2.0,0.0,True,False,True
ALNS-A,Example5,5,1,34,129.118,9.453,repair,repair_exploration,2.0,2.0,0.0,True,False,True
ALNS-A,Example5,5,1,35,130.27,1.152,destroy,destroy_exploration,2.0,2.0,0.0,True,False,True
ALNS-A,Example5,5,1,35,130.27,1.152,repair,repair_exploration,2.0,2.0,0.0,True,False,True
ALNS-A,Example5,5,1,36,132.67,2.4,destroy,destroy_random_workers_20pct,2.0,2.0,0.0,True,False,False
ALNS-A,Example5,5,1,36,132.67,2.4,repair,repair_gecode_fast,2.0,2.0,0.0,True,False,False
ALNS-A,Example5,5,1,37,136.143,3.473,destroy,destroy_worst_days_30pct,2.0,38.0,36.0,False,False,False
ALNS-A,Example5,5,1,37,136.143,3.473,repair,repair_chuffed_fast,2.0,38.0,36.0,False,False,False
ALNS-A,Example5,5,1,38,136.695,0.552,destroy,destroy_all_forbidden_sequences,2.0,2.0,0.0,True,False,False
ALNS-A,Example5,5,1,38,136.695,0.552,repair,repair_gecode_long,2.0,2.0,0.0,True,False,False
ALNS-A,Example5,5,1,39,140.118,3.424,destroy,destroy_worst_workers_30pct,2.0,18.0,16.0,False,False,False
ALNS-A,Example5,5,1,39,140.118,3.424,repair,repair_gecode_fast,2.0,18.0,16.0,False,False,False
ALNS-A,Example5,5,1,40,141.202,1.084,destroy,destroy_random_workers_20pct,2.0,2.0,0.0,True,False,False
ALNS-A,Example5,5,1,40,141.202,1.084,repair,repair_gecode_long,2.0,2.0,0.0,True,False,False
ALNS-A,Example5,5,1,41,142.619,1.416,destroy,destroy_random_workers_20pct,2.0,2.0,0.0,True,False,False
ALNS-A,Example5,5,1,41,142.619,1.416,repair,repair_gecode_long,2.0,2.0,0.0,True,False,False
ALNS-A,Example5,5,1,42,143.801,1.183,destroy,destroy_random_days_20pct,2.0,2.0,0.0,True,False,False
ALNS-A,Example5,5,1,42,143.801,1.183,repair,repair_gecode_fast,2.0,2.0,0.0,True,False,False
ALNS-A,Example5,5,1,43,148.881,5.08,destroy,destroy_random_days_20pct,2.0,2.0,0.0,True,False,False
ALNS-A,Example5,5,1,43,148.881,5.08,repair,repair_gecode_long,2.0,2.0,0.0,True,False,False
ALNS-A,Example5,5,1,44,149.472,0.591,destroy,destroy_exploration,2.0,2.0,0.0,True,False,True
ALNS-A,Example5,5,1,44,149.472,0.591,repair,repair_exploration,2.0,2.0,0.0,True,False,True
ALNS-A,Example5,5,1,45,150.933,1.461,destroy,destroy_exploration,2.0,2.0,0.0,True,False,True
ALNS-A,Example5,5,1,45,150.933,1.461,repair,repair_exploration,2.0,2.0,0.0,True,False,True
ALNS-A,Example5,5,1,46,154.369,3.436,destroy,destroy_worst_days_30pct,2.0,56.0,54.0,False,False,False
ALNS-A,Example5,5,1,46,154.369,3.436,repair,repair_gecode_fast,2.0,56.0,54.0,False,False,False
ALNS-A,Example5,5,1,47,157.784,3.415,destroy,destroy_random_workers_20pct,2.0,8.0,6.0,False,False,False
ALNS-A,Example5,5,1,47,157.784,3.415,repair,repair_gecode_fast,2.0,8.0,6.0,False,False,False
ALNS-A,Example5,5,1,48,159.844,2.06,destroy,destroy_random_workers_20pct,2.0,2.0,0.0,True,False,False
ALNS-A,Example5,5,1,48,159.844,2.06,repair,repair_chuffed_fast,2.0,2.0,0.0,True,False,False
ALNS-A,Example5,5,1,49,162.72,2.876,destroy,destroy_random_workers_20pct,2.0,2.0,0.0,True,False,False
ALNS-A,Example5,5,1,49,162.72,2.876,repair,repair_gecode_long,2.0,2.0,0.0,True,False,False
ALNS-A,Example5,5,1,50,163.416,0.696,destroy,destroy_worst_workers_10pct,2.0,2.0,0.0,True,False,False
ALNS-A,Example5,5,1,50,163.416,0.696,repair,repair_gecode_fast,2.0,2.0,0.0,True,False,False
ALNS-A,Example5,5,1,51,165.307,1.89,destroy,destroy_random_days_20pct,2.0,2.0,0.0,True,False,False
ALNS-A,Example5,5,1,51,165.307,1.89,repair,repair_chuffed_fast,2.0,2.0,0.0,True,False,False
ALNS-A,Example5,5,1,52,168.793,3.486,destroy,destroy_random_window_20pct,2.0,20.0,18.0,False,False,False
ALNS-A,Example5,5,1,52,168.793,3.486,repair,repair_chuffed_fast,2.0,20.0,18.0,False,False,False
ALNS-A,Example5,5,1,53,169.852,1.059,destroy,destroy_random_workers_20pct,2.0,2.0,0.0,True,False,False
ALNS-A,Example5,5,1,53,169.852,1.059,repair,repair_chuffed_fast,2.0,2.0,0.0,True,False,False
ALNS-A,Example5,5,1,54,171.604,1.752,destroy,destroy_exploration,2.0,2.0,0.0,True,False,True
ALNS-A,Example5,5,1,54,171.604,1.752,repair,repair_exploration,2.0,2.0,0.0,True,False,True
ALNS-A,Example5,5,1,55,172.208,0.604,destroy,destroy_exploration,2.0,2.0,0.0,True,False,True
ALNS-A,Example5,5,1,55,172.208,0.604,repair,repair_exploration,2.0,2.0,0.0,True,False,True
ALNS-A,Example5,5,1,56,173.133,0.925,destroy,destroy_random_window_20pct,2.0,2.0,0.0,True,False,False
ALNS-A,Example5,5,1,56,173.133,0.925,repair,repair_chuffed_fast,2.0,2.0,0.0,True,False,False
ALNS-A,Example5,5,1,57,176.534,3.4,destroy,destroy_random_days_20pct,2.0,28.0,26.0,False,False,False
ALNS-A,Example5,5,1,57,176.534,3.4,repair,repair_chuffed_fast,2.0,28.0,26.0,False,False,False
ALNS-A,Example5,5,1,58,177.191,0.657,destroy,destroy_random_window_20pct,2.0,2.0,0.0,True,False,False
ALNS-A,Example5,5,1,58,177.191,0.657,repair,repair_gecode_long,2.0,2.0,0.0,True,False,False
ALNS-A,Example5,5,1,59,179.24,2.049,destroy,destroy_random_days_20pct,2.0,2.0,0.0,True,False,False
ALNS-A,Example5,5,1,59,179.24,2.049,repair,repair_gecode_long,2.0,2.0,0.0,True,False,False
ALNS-A,Example5,5,1,60,179.795,0.555,destroy,destroy_all_forbidden_sequences,2.0,2.0,0.0,True,False,False
ALNS-A,Example5,5,1,60,179.795,0.555,repair,repair_gecode_fast,2.0,2.0,0.0,True,False,False
ALNS-A,Example5,5,1,61,181.518,1.723,destroy,destroy_random_workers_20pct,2.0,2.0,0.0,True,False,False
ALNS-A,Example5,5,1,61,181.518,1.723,repair,repair_gecode_fast,2.0,2.0,0.0,True,False,False
ALNS-A,Example5,5,2,1,1.064,1.064,destroy,destroy_worst_workers_10pct,inf,43.0,nan,True,False,False
ALNS-A,Example5,5,2,1,1.064,1.064,repair,repair_gecode_long,inf,43.0,nan,True,False,False
ALNS-A,Example5,5,2,2,1.854,0.79,destroy,destroy_max_border_off,43.0,43.0,0.0,True,False,False
ALNS-A,Example5,5,2,2,1.854,0.79,repair,repair_chuffed_fast,43.0,43.0,0.0,True,False,False
ALNS-A,Example5,5,2,3,5.291,3.436,destroy,destroy_all_forbidden_sequences,43.0,32.0,-11.0,True,False,False
ALNS-A,Example5,5,2,3,5.291,3.436,repair,repair_gecode_fast,43.0,32.0,-11.0,True,False,False
ALNS-A,Example5,5,2,4,8.454,3.163,destroy,destroy_streak_around_worst_worker,32.0,27.0,-5.0,True,False,False
ALNS-A,Example5,5,2,4,8.454,3.163,repair,repair_gecode_long,32.0,27.0,-5.0,True,False,False
ALNS-A,Example5,5,2,5,9.195,0.741,destroy,destroy_max_border_off,27.0,24.0,-3.0,True,False,False
ALNS-A,Example5,5,2,5,9.195,0.741,repair,repair_gecode_fast,27.0,24.0,-3.0,True,False,False
ALNS-A,Example5,5,2,6,21.239,12.044,destroy,destroy_random_workers_20pct,24.0,21.0,-3.0,True,False,False
ALNS-A,Example5,5,2,6,21.239,12.044,repair,repair_gecode_long,24.0,21.0,-3.0,True,False,False
ALNS-A,Example5,5,2,7,24.726,3.487,destroy,destroy_random_window_20pct,21.0,34.0,13.0,False,False,False
ALNS-A,Example5,5,2,7,24.726,3.487,repair,repair_chuffed_fast,21.0,34.0,13.0,False,False,False
ALNS-A,Example5,5,2,8,28.245,3.519,destroy,destroy_streak_around_worst_worker,21.0,53.0,32.0,False,False,False
ALNS-A,Example5,5,2,8,28.245,3.519,repair,repair_chuffed_fast,21.0,53.0,32.0,False,False,False
ALNS-A,Example5,5,2,9,31.66,3.415,destroy,destroy_random_workers_20pct,21.0,26.0,5.0,False,False,False
ALNS-A,Example5,5,2,9,31.66,3.415,repair,repair_gecode_fast,21.0,26.0,5.0,False,False,False
ALNS-A,Example5,5,2,10,47.074,15.414,destroy,destroy_random_window_20pct,21.0,20.0,-1.0,True,False,False
ALNS-A,Example5,5,2,10,47.074,15.414,repair,repair_gecode_long,21.0,20.0,-1.0,True,False,False
ALNS-A,Example5,5,2,11,50.489,3.415,destroy,destroy_random_window_20pct,20.0,36.0,16.0,False,False,False
ALNS-A,Example5,5,2,11,50.489,3.415,repair,repair_chuffed_fast,20.0,36.0,16.0,False,False,False
ALNS-A,Example5,5,2,12,51.402,0.913,destroy,destroy_random_window_20pct,20.0,13.0,-7.0,True,False,False
ALNS-A,Example5,5,2,12,51.402,0.913,repair,repair_gecode_fast,20.0,13.0,-7.0,True,False,False
ALNS-A,Example5,5,2,13,51.937,0.535,destroy,destroy_max_border_shift_1,13.0,13.0,0.0,True,False,False
ALNS-A,Example5,5,2,13,51.937,0.535,repair,repair_gecode_fast,13.0,13.0,0.0,True,False,False
ALNS-A,Example5,5,2,14,67.368,15.431,destroy,destroy_worst_workers_30pct,13.0,17.0,4.0,True,False,False
ALNS-A,Example5,5,2,14,67.368,15.431,repair,repair_gecode_long,13.0,17.0,4.0,True,False,False
ALNS-A,Example5,5,2,15,70.783,3.415,destroy,destroy_random_workers_20pct,17.0,30.0,13.0,False,False,False
ALNS-A,Example5,5,2,15,70.783,3.415,repair,repair_gecode_fast,17.0,30.0,13.0,False,False,False
ALNS-A,Example5,5,2,16,86.232,15.449,destroy,destroy_worst_days_30pct,17.0,47.0,30.0,False,False,False
ALNS-A,Example5,5,2,16,86.232,15.449,repair,repair_chuffed_long,17.0,47.0,30.0,False,False,False
ALNS-A,Example5,5,2,17,101.661,15.429,destroy,destroy_worst_workers_30pct,17.0,24.0,7.0,True,False,False
ALNS-A,Example5,5,2,17,101.661,15.429,repair,repair_gecode_long,17.0,24.0,7.0,True,False,False
ALNS-A,Example5,5,2,18,105.097,3.436,destroy,destroy_random_window_20pct,24.0,49.0,25.0,False,False,False
ALNS-A,Example5,5,2,18,105.097,3.436,repair,repair_gecode_fast,24.0,49.0,25.0,False,False,False
ALNS-A,Example5,5,2,19,105.678,0.581,destroy,destroy_max_border_off,24.0,12.0,-12.0,True,False,False
ALNS-A,Example5,5,2,19,105.678,0.581,repair,repair_gecode_fast,24.0,12.0,-12.0,True,False,False
ALNS-A,Example5,5,2,20,109.104,3.426,destroy,destroy_worst_workers_30pct,12.0,35.0,23.0,False,False,False
ALNS-A,Example5,5,2,20,109.104,3.426,repair,repair_gecode_fast,12.0,35.0,23.0,False,False,False
ALNS-A,Example5,5,2,21,112.509,3.406,destroy,destroy_random_window_20pct,12.0,19.0,7.0,False,False,False
ALNS-A,Example5,5,2,21,112.509,3.406,repair,repair_gecode_fast,12.0,19.0,7.0,False,False,False
ALNS-A,Example5,5,2,22,113.498,0.989,destroy,destroy_random_window_20pct,12.0,9.0,-3.0,True,False,False
ALNS-A,Example5,5,2,22,113.498,0.989,repair,repair_chuffed_fast,12.0,9.0,-3.0,True,False,False
ALNS-A,Example5,5,2,23,114.257,0.759,destroy,destroy_random_window_20pct,9.0,6.0,-3.0,True,False,False
ALNS-A,Example5,5,2,23,114.257,0.759,repair,repair_gecode_fast,9.0,6.0,-3.0,True,False,False
ALNS-A,Example5,5,2,24,114.883,0.626,destroy,destroy_random_window_20pct,6.0,6.0,0.0,True,False,False
ALNS-A,Example5,5,2,24,114.883,0.626,repair,repair_gecode_fast,6.0,6.0,0.0,True,False,False
ALNS-A,Example5,5,2,25,115.502,0.619,destroy,destroy_random_window_20pct,6.0,6.0,0.0,True,False,False
ALNS-A,Example5,5,2,25,115.502,0.619,repair,repair_gecode_long,6.0,6.0,0.0,True,False,False
ALNS-A,Example5,5,2,26,116.083,0.58,destroy,destroy_all_forbidden_sequences,6.0,6.0,0.0,True,False,False
ALNS-A,Example5,5,2,26,116.083,0.58,repair,repair_gecode_long,6.0,6.0,0.0,True,False,False
ALNS-A,Example5,5,2,27,119.5,3.417,destroy,destroy_random_window_20pct,6.0,37.0,31.0,False,False,False
ALNS-A,Example5,5,2,27,119.5,3.417,repair,repair_chuffed_fast,6.0,37.0,31.0,False,False,False
ALNS-A,Example5,5,2,28,134.918,15.418,destroy,destroy_worst_workers_30pct,6.0,14.0,8.0,True,False,False
ALNS-A,Example5,5,2,28,134.918,15.418,repair,repair_gecode_long,6.0,14.0,8.0,True,False,False
ALNS-A,Example5,5,2,29,137.898,2.981,destroy,destroy_random_workers_20pct,14.0,7.0,-7.0,True,False,False
ALNS-A,Example5,5,2,29,137.898,2.981,repair,repair_chuffed_fast,14.0,7.0,-7.0,True,False,False
ALNS-A,Example5,5,2,30,139.742,1.844,destroy,destroy_random_days_20pct,7.0,7.0,0.0,True,False,False
ALNS-A,Example5,5,2,30,139.742,1.844,repair,repair_gecode_long,7.0,7.0,0.0,True,False,False
ALNS-A,Example5,5,2,31,143.166,3.424,destroy,destroy_random_workers_20pct,7.0,13.0,6.0,False,False,False
ALNS-A,Example5,5,2,31,143.166,3.424,repair,repair_gecode_fast,7.0,13.0,6.0,False,False,False
ALNS-A,Example5,5,2,32,143.74,0.574,destroy,destroy_max_border_off,7.0,7.0,0.0,True,False,False
ALNS-A,Example5,5,2,32,143.74,0.574,repair,repair_gecode_fast,7.0,7.0,0.0,True,False,False
ALNS-A,Example5,5,2,33,144.445,0.705,destroy,destroy_random_window_20pct,7.0,7.0,0.0,True,False,False
ALNS-A,Example5,5,2,33,144.445,0.705,repair,repair_gecode_fast,7.0,7.0,0.0,True,False,False
ALNS-A,Example5,5,2,34,145.985,1.54,destroy,destroy_random_workers_20pct,7.0,6.0,-1.0,True,False,False
ALNS-A,Example5,5,2,34,145.985,1.54,repair,repair_chuffed_fast,7.0,6.0,-1.0,True,False,False
ALNS-A,Example5,5,2,35,148.35,2.365,destroy,destroy_random_days_20pct,6.0,6.0,0.0,True,False,False
ALNS-A,Example5,5,2,35,148.35,2.365,repair,repair_gecode_fast,6.0,6.0,0.0,True,False,False
ALNS-A,Example5,5,2,36,150.006,1.655,destroy,destroy_random_workers_20pct,6.0,6.0,0.0,True,False,False
ALNS-A,Example5,5,2,36,150.006,1.655,repair,repair_gecode_fast,6.0,6.0,0.0,True,False,False
ALNS-A,Example5,5,2,37,165.506,15.5,destroy,destroy_worst_days_30pct,6.0,42.0,36.0,False,False,False
ALNS-A,Example5,5,2,37,165.506,15.5,repair,repair_chuffed_long,6.0,42.0,36.0,False,False,False
ALNS-A,Example5,5,2,38,166.126,0.62,destroy,destroy_all_forbidden_sequences,6.0,6.0,0.0,True,False,False
ALNS-A,Example5,5,2,38,166.126,0.62,repair,repair_gecode_fast,6.0,6.0,0.0,True,False,False
ALNS-A,Example5,5,2,39,181.62,15.494,destroy,destroy_worst_workers_30pct,6.0,28.0,22.0,False,False,False
ALNS-A,Example5,5,2,39,181.62,15.494,repair,repair_chuffed_long,6.0,28.0,22.0,False,False,False
ALNS-A,Example6,6,0,1,0.876,0.876,destroy,destroy_streak_around_worst_worker,inf,22.0,nan,True,False,False
ALNS-A,Example6,6,0,1,0.876,0.876,repair,repair_chuffed_long,inf,22.0,nan,True,False,False
ALNS-A,Example6,6,0,2,2.802,1.926,destroy,destroy_random_days_20pct,22.0,20.0,-2.0,True,False,False
ALNS-A,Example6,6,0,2,2.802,1.926,repair,repair_gecode_fast,22.0,20.0,-2.0,True,False,False
ALNS-A,Example6,6,0,3,3.388,0.586,destroy,destroy_random_window_20pct,20.0,17.0,-3.0,True,False,False
ALNS-A,Example6,6,0,3,3.388,0.586,repair,repair_gecode_fast,20.0,17.0,-3.0,True,False,False
ALNS-A,Example6,6,0,4,4.782,1.394,destroy,destroy_streak_around_worst_worker,17.0,14.0,-3.0,True,False,False
ALNS-A,Example6,6,0,4,4.782,1.394,repair,repair_gecode_fast,17.0,14.0,-3.0,True,False,False
ALNS-A,Example6,6,0,5,6.986,2.204,destroy,destroy_random_days_20pct,14.0,14.0,0.0,True,False,False
ALNS-A,Example6,6,0,5,6.986,2.204,repair,repair_gecode_fast,14.0,14.0,0.0,True,False,False
ALNS-A,Example6,6,0,6,8.14,1.154,destroy,destroy_random_days_20pct,14.0,11.0,-3.0,True,False,False
ALNS-A,Example6,6,0,6,8.14,1.154,repair,repair_gecode_fast,14.0,11.0,-3.0,True,False,False
ALNS-A,Example6,6,0,7,9.02,0.881,destroy,destroy_all_forbidden_sequences,11.0,11.0,0.0,True,False,False
ALNS-A,Example6,6,0,7,9.02,0.881,repair,repair_gecode_fast,11.0,11.0,0.0,True,False,False
ALNS-A,Example6,6,0,8,9.626,0.605,destroy,destroy_worst_workers_10pct,11.0,10.0,-1.0,True,False,False
ALNS-A,Example6,6,0,8,9.626,0.605,repair,repair_chuffed_fast,11.0,10.0,-1.0,True,False,False
ALNS-A,Example6,6,0,9,10.2,0.574,destroy,destroy_random_window_20pct,10.0,9.0,-1.0,True,False,False
ALNS-A,Example6,6,0,9,10.2,0.574,repair,repair_gecode_fast,10.0,9.0,-1.0,True,False,False
ALNS-A,Example6,6,0,10,10.888,0.688,destroy,destroy_random_days_20pct,9.0,7.0,-2.0,True,False,False
ALNS-A,Example6,6,0,10,10.888,0.688,repair,repair_gecode_fast,9.0,7.0,-2.0,True,False,False
ALNS-A,Example6,6,0,11,11.606,0.717,destroy,destroy_random_workers_20pct,7.0,7.0,0.0,True,False,False
ALNS-A,Example6,6,0,11,11.606,0.717,repair,repair_chuffed_long,7.0,7.0,0.0,True,False,False
ALNS-A,Example6,6,0,12,12.195,0.59,destroy,destroy_random_window_20pct,7.0,7.0,0.0,True,False,False
ALNS-A,Example6,6,0,12,12.195,0.59,repair,repair_chuffed_fast,7.0,7.0,0.0,True,False,False
ALNS-A,Example6,6,0,13,12.71,0.515,destroy,destroy_random_window_20pct,7.0,7.0,0.0,True,False,False
ALNS-A,Example6,6,0,13,12.71,0.515,repair,repair_chuffed_fast,7.0,7.0,0.0,True,False,False
ALNS-A,Example6,6,0,14,13.257,0.547,destroy,destroy_random_window_20pct,7.0,7.0,0.0,True,False,False
ALNS-A,Example6,6,0,14,13.257,0.547,repair,repair_chuffed_fast,7.0,7.0,0.0,True,False,False
ALNS-A,Example6,6,0,15,13.805,0.548,destroy,destroy_random_window_20pct,7.0,7.0,0.0,True,False,False
ALNS-A,Example6,6,0,15,13.805,0.548,repair,repair_gecode_fast,7.0,7.0,0.0,True,False,False
ALNS-A,Example6,6,0,16,14.524,0.719,destroy,destroy_random_window_20pct,7.0,7.0,0.0,True,False,False
ALNS-A,Example6,6,0,16,14.524,0.719,repair,repair_chuffed_fast,7.0,7.0,0.0,True,False,False
ALNS-A,Example6,6,0,17,15.115,0.591,destroy,destroy_random_window_20pct,7.0,7.0,0.0,True,False,False
ALNS-A,Example6,6,0,17,15.115,0.591,repair,repair_gecode_fast,7.0,7.0,0.0,True,False,False
ALNS-A,Example6,6,0,18,15.705,0.59,destroy,destroy_random_window_20pct,7.0,6.0,-1.0,True,False,False
ALNS-A,Example6,6,0,18,15.705,0.59,repair,repair_chuffed_fast,7.0,6.0,-1.0,True,False,False
ALNS-A,Example6,6,0,19,23.354,7.649,destroy,destroy_worst_workers_30pct,6.0,3.0,-3.0,True,False,False
ALNS-A,Example6,6,0,19,23.354,7.649,repair,repair_chuffed_long,6.0,3.0,-3.0,True,False,False
ALNS-A,Example6,6,0,20,24.387,1.032,destroy,destroy_worst_days_30pct,3.0,2.0,-1.0,True,False,False
ALNS-A,Example6,6,0,20,24.387,1.032,repair,repair_gecode_fast,3.0,2.0,-1.0,True,False,False
ALNS-A,Example6,6,0,21,25.074,0.688,destroy,destroy_random_days_20pct,2.0,2.0,0.0,True,False,False
ALNS-A,Example6,6,0,21,25.074,0.688,repair,repair_gecode_fast,2.0,2.0,0.0,True,False,False
ALNS-A,Example6,6,0,22,25.957,0.882,destroy,destroy_random_window_20pct,2.0,2.0,0.0,True,False,False
ALNS-A,Example6,6,0,22,25.957,0.882,repair,repair_chuffed_fast,2.0,2.0,0.0,True,False,False
ALNS-A,Example6,6,0,23,29.212,3.255,destroy,destroy_worst_days_30pct,2.0,2.0,0.0,True,False,False
ALNS-A,Example6,6,0,23,29.212,3.255,repair,repair_chuffed_fast,2.0,2.0,0.0,True,False,False
ALNS-A,Example6,6,0,24,29.791,0.579,destroy,destroy_random_window_20pct,2.0,2.0,0.0,True,False,False
ALNS-A,Example6,6,0,24,29.791,0.579,repair,repair_gecode_fast,2.0,2.0,0.0,True,False,False
ALNS-A,Example6,6,0,25,30.337,0.546,destroy,destroy_random_window_20pct,2.0,2.0,0.0,True,False,False
ALNS-A,Example6,6,0,25,30.337,0.546,repair,repair_chuffed_fast,2.0,2.0,0.0,True,False,False
ALNS-A,Example6,6,0,26,31.803,1.466,destroy,destroy_random_window_20pct,2.0,2.0,0.0,True,False,False
ALNS-A,Example6,6,0,26,31.803,1.466,repair,repair_chuffed_long,2.0,2.0,0.0,True,False,False
ALNS-A,Example6,6,0,27,32.515,0.712,destroy,destroy_random_workers_20pct,2.0,2.0,0.0,True,False,False
ALNS-A,Example6,6,0,27,32.515,0.712,repair,repair_chuffed_fast,2.0,2.0,0.0,True,False,False
ALNS-A,Example6,6,0,28,35.902,3.387,destroy,destroy_worst_days_30pct,2.0,14.0,12.0,False,False,False
ALNS-A,Example6,6,0,28,35.902,3.387,repair,repair_chuffed_fast,2.0,14.0,12.0,False,False,False
ALNS-A,Example6,6,0,29,37.123,1.222,destroy,destroy_worst_workers_30pct,2.0,2.0,0.0,True,False,False
ALNS-A,Example6,6,0,29,37.123,1.222,repair,repair_gecode_long,2.0,2.0,0.0,True,False,False
ALNS-A,Example6,6,0,30,40.5,3.377,destroy,destroy_worst_days_30pct,2.0,12.0,10.0,True,False,False
ALNS-A,Example6,6,0,30,40.5,3.377,repair,repair_chuffed_fast,2.0,12.0,10.0,True,False,False
ALNS-A,Example6,6,0,31,41.079,0.578,destroy,destroy_exploration,12.0,12.0,0.0,True,False,True
ALNS-A,Example6,6,0,31,41.079,0.578,repair,repair_exploration,12.0,12.0,0.0,True,False,True
ALNS-A,Example6,6,0,32,42.236,1.157,destroy,destroy_exploration,12.0,4.0,-8.0,True,False,True
ALNS-A,Example6,6,0,32,42.236,1.157,repair,repair_exploration,12.0,4.0,-8.0,True,False,True
ALNS-A,Example6,6,0,33,45.648,3.413,destroy,destroy_worst_workers_30pct,4.0,15.0,11.0,True,False,False
ALNS-A,Example6,6,0,33,45.648,3.413,repair,repair_gecode_fast,4.0,15.0,11.0,True,False,False
ALNS-A,Example6,6,0,34,46.319,0.671,destroy,destroy_random_window_20pct,15.0,8.0,-7.0,True,False,False
ALNS-A,Example6,6,0,34,46.319,0.671,repair,repair_gecode_fast,15.0,8.0,-7.0,True,False,False
ALNS-A,Example6,6,0,35,46.865,0.546,destroy,destroy_random_window_20pct,8.0,8.0,0.0,True,False,False
ALNS-A,Example6,6,0,35,46.865,0.546,repair,repair_chuffed_fast,8.0,8.0,0.0,True,False,False
ALNS-A,Example6,6,0,36,48.55,1.684,destroy,destroy_random_workers_20pct,8.0,8.0,0.0,True,False,False
ALNS-A,Example6,6,0,36,48.55,1.684,repair,repair_chuffed_long,8.0,8.0,0.0,True,False,False
ALNS-A,Example6,6,0,37,49.237,0.687,destroy,destroy_random_days_20pct,8.0,8.0,0.0,True,False,False
ALNS-A,Example6,6,0,37,49.237,0.687,repair,repair_gecode_long,8.0,8.0,0.0,True,False,False
ALNS-A,Example6,6,0,38,51.872,2.635,destroy,destroy_worst_days_30pct,8.0,3.0,-5.0,True,False,False
ALNS-A,Example6,6,0,38,51.872,2.635,repair,repair_gecode_fast,8.0,3.0,-5.0,True,False,False
ALNS-A,Example6,6,0,39,53.081,1.21,destroy,destroy_random_window_20pct,3.0,2.0,-1.0,True,False,False
ALNS-A,Example6,6,0,39,53.081,1.21,repair,repair_chuffed_long,3.0,2.0,-1.0,True,False,False
ALNS-A,Example6,6,0,40,53.7,0.619,destroy,destroy_random_window_20pct,2.0,2.0,0.0,True,False,False
ALNS-A,Example6,6,0,40,53.7,0.619,repair,repair_chuffed_fast,2.0,2.0,0.0,True,False,False
ALNS-A,Example6,6,0,41,57.116,3.416,destroy,destroy_worst_workers_30pct,2.0,11.0,9.0,False,False,False
ALNS-A,Example6,6,0,41,57.116,3.416,repair,repair_gecode_fast,2.0,11.0,9.0,False,False,False
ALNS-A,Example6,6,0,42,57.788,0.672,destroy,destroy_random_window_20pct,2.0,2.0,0.0,True,False,False
ALNS-A,Example6,6,0,42,57.788,0.672,repair,repair_chuffed_fast,2.0,2.0,0.0,True,False,False
ALNS-A,Example6,6,0,43,59.095,1.307,destroy,destroy_worst_workers_30pct,2.0,1.0,-1.0,True,False,False
ALNS-A,Example6,6,0,43,59.095,1.307,repair,repair_gecode_long,2.0,1.0,-1.0,True,False,False
ALNS-A,Example6,6,0,44,60.693,1.599,destroy,destroy_worst_workers_30pct,1.0,1.0,0.0,True,False,False
ALNS-A,Example6,6,0,44,60.693,1.599,repair,repair_chuffed_long,1.0,1.0,0.0,True,False,False
ALNS-A,Example6,6,0,45,61.628,0.935,destroy,destroy_random_window_20pct,1.0,1.0,0.0,True,False,False
ALNS-A,Example6,6,0,45,61.628,0.935,repair,repair_chuffed_fast,1.0,1.0,0.0,True,False,False
ALNS-A,Example6,6,0,46,62.726,1.098,destroy,destroy_worst_days_30pct,1.0,1.0,0.0,True,False,False
ALNS-A,Example6,6,0,46,62.726,1.098,repair,repair_chuffed_long,1.0,1.0,0.0,True,False,False
ALNS-A,Example6,6,0,47,63.769,1.043,destroy,destroy_worst_days_30pct,1.0,1.0,0.0,True,False,False
ALNS-A,Example6,6,0,47,63.769,1.043,repair,repair_chuffed_fast,1.0,1.0,0.0,True,False,False
ALNS-A,Example6,6,0,48,64.396,0.626,destroy,destroy_random_window_20pct,1.0,1.0,0.0,True,False,False
ALNS-A,Example6,6,0,48,64.396,0.626,repair,repair_chuffed_long,1.0,1.0,0.0,True,False,False
ALNS-A,Example6,6,0,49,65.697,1.302,destroy,destroy_worst_workers_30pct,1.0,1.0,0.0,True,False,False
ALNS-A,Example6,6,0,49,65.697,1.302,repair,repair_gecode_fast,1.0,1.0,0.0,True,False,False
ALNS-A,Example6,6,0,50,66.853,1.156,destroy,destroy_worst_days_30pct,1.0,1.0,0.0,True,False,False
ALNS-A,Example6,6,0,50,66.853,1.156,repair,repair_chuffed_long,1.0,1.0,0.0,True,False,False
ALNS-A,Example6,6,0,51,68.022,1.169,destroy,destroy_worst_workers_30pct,1.0,1.0,0.0,True,False,False
ALNS-A,Example6,6,0,51,68.022,1.169,repair,repair_chuffed_fast,1.0,1.0,0.0,True,False,False
ALNS-A,Example6,6,0,52,68.591,0.57,destroy,destroy_random_window_20pct,1.0,1.0,0.0,True,False,False
ALNS-A,Example6,6,0,52,68.591,0.57,repair,repair_chuffed_fast,1.0,1.0,0.0,True,False,False
ALNS-A,Example6,6,0,53,69.671,1.08,destroy,destroy_worst_workers_30pct,1.0,1.0,0.0,True,False,False
ALNS-A,Example6,6,0,53,69.671,1.08,repair,repair_chuffed_long,1.0,1.0,0.0,True,False,False
ALNS-A,Example6,6,0,54,70.239,0.568,destroy,destroy_exploration,1.0,1.0,0.0,True,False,True
ALNS-A,Example6,6,0,54,70.239,0.568,repair,repair_exploration,1.0,1.0,0.0,True,False,True
ALNS-A,Example6,6,0,55,70.804,0.565,destroy,destroy_exploration,1.0,1.0,0.0,True,False,True
ALNS-A,Example6,6,0,55,70.804,0.565,repair,repair_exploration,1.0,1.0,0.0,True,False,True
ALNS-A,Example6,6,0,56,72.387,1.582,destroy,destroy_worst_workers_30pct,1.0,1.0,0.0,True,False,False
ALNS-A,Example6,6,0,56,72.387,1.582,repair,repair_chuffed_long,1.0,1.0,0.0,True,False,False
ALNS-A,Example6,6,0,57,73.301,0.914,destroy,destroy_worst_days_30pct,1.0,1.0,0.0,True,False,False
ALNS-A,Example6,6,0,57,73.301,0.914,repair,repair_gecode_fast,1.0,1.0,0.0,True,False,False
ALNS-A,Example6,6,0,58,75.354,2.053,destroy,destroy_worst_workers_30pct,1.0,1.0,0.0,True,False,False
ALNS-A,Example6,6,0,58,75.354,2.053,repair,repair_chuffed_long,1.0,1.0,0.0,True,False,False
ALNS-A,Example6,6,0,59,76.705,1.351,destroy,destroy_worst_workers_30pct,1.0,1.0,0.0,True,False,False
ALNS-A,Example6,6,0,59,76.705,1.351,repair,repair_gecode_long,1.0,1.0,0.0,True,False,False
ALNS-A,Example6,6,0,60,77.403,0.698,destroy,destroy_streak_around_worst_worker,1.0,1.0,0.0,True,False,False
ALNS-A,Example6,6,0,60,77.403,0.698,repair,repair_gecode_fast,1.0,1.0,0.0,True,False,False
ALNS-A,Example6,6,0,61,78.051,0.648,destroy,destroy_random_workers_20pct,1.0,1.0,0.0,True,False,False
ALNS-A,Example6,6,0,61,78.051,0.648,repair,repair_chuffed_long,1.0,1.0,0.0,True,False,False
ALNS-A,Example6,6,0,62,79.985,1.934,destroy,destroy_worst_workers_30pct,1.0,1.0,0.0,True,False,False
ALNS-A,Example6,6,0,62,79.985,1.934,repair,repair_gecode_fast,1.0,1.0,0.0,True,False,False
ALNS-A,Example6,6,0,63,80.553,0.567,destroy,destroy_random_window_20pct,1.0,1.0,0.0,True,False,False
ALNS-A,Example6,6,0,63,80.553,0.567,repair,repair_gecode_fast,1.0,1.0,0.0,True,False,False
ALNS-A,Example6,6,0,64,81.281,0.728,destroy,destroy_exploration,1.0,1.0,0.0,True,False,True
ALNS-A,Example6,6,0,64,81.281,0.728,repair,repair_exploration,1.0,1.0,0.0,True,False,True
ALNS-A,Example6,6,0,65,81.906,0.625,destroy,destroy_exploration,1.0,1.0,0.0,True,False,True
ALNS-A,Example6,6,0,65,81.906,0.625,repair,repair_exploration,1.0,1.0,0.0,True,False,True
ALNS-A,Example6,6,0,66,82.686,0.779,destroy,destroy_random_days_20pct,1.0,1.0,0.0,True,False,False
ALNS-A,Example6,6,0,66,82.686,0.779,repair,repair_chuffed_long,1.0,1.0,0.0,True,False,False
ALNS-A,Example6,6,0,67,86.09,3.405,destroy,destroy_worst_workers_30pct,1.0,13.0,12.0,False,False,False
ALNS-A,Example6,6,0,67,86.09,3.405,repair,repair_gecode_fast,1.0,13.0,12.0,False,False,False
ALNS-A,Example6,6,0,68,86.666,0.576,destroy,destroy_random_window_20pct,1.0,1.0,0.0,True,False,False
ALNS-A,Example6,6,0,68,86.666,0.576,repair,repair_gecode_fast,1.0,1.0,0.0,True,False,False
ALNS-A,Example6,6,0,69,87.245,0.58,destroy,destroy_random_window_20pct,1.0,1.0,0.0,True,False,False
ALNS-A,Example6,6,0,69,87.245,0.58,repair,repair_gecode_fast,1.0,1.0,0.0,True,False,False
ALNS-A,Example6,6,0,70,97.594,10.348,destroy,destroy_worst_workers_30pct,1.0,1.0,0.0,True,False,False
ALNS-A,Example6,6,0,70,97.594,10.348,repair,repair_chuffed_long,1.0,1.0,0.0,True,False,False
ALNS-A,Example6,6,0,71,98.606,1.012,destroy,destroy_worst_workers_30pct,1.0,1.0,0.0,True,False,False
ALNS-A,Example6,6,0,71,98.606,1.012,repair,repair_chuffed_long,1.0,1.0,0.0,True,False,False
ALNS-A,Example6,6,0,72,99.159,0.553,destroy,destroy_random_window_20pct,1.0,1.0,0.0,True,False,False
ALNS-A,Example6,6,0,72,99.159,0.553,repair,repair_gecode_long,1.0,1.0,0.0,True,False,False
ALNS-A,Example6,6,0,73,100.067,0.908,destroy,destroy_worst_days_30pct,1.0,1.0,0.0,True,False,False
ALNS-A,Example6,6,0,73,100.067,0.908,repair,repair_gecode_fast,1.0,1.0,0.0,True,False,False
ALNS-A,Example6,6,0,74,100.642,0.575,destroy,destroy_exploration,1.0,1.0,0.0,True,False,True
ALNS-A,Example6,6,0,74,100.642,0.575,repair,repair_exploration,1.0,1.0,0.0,True,False,True
ALNS-A,Example6,6,0,75,101.199,0.557,destroy,destroy_exploration,1.0,1.0,0.0,True,False,True
ALNS-A,Example6,6,0,75,101.199,0.557,repair,repair_exploration,1.0,1.0,0.0,True,False,True
ALNS-A,Example6,6,0,76,102.214,1.016,destroy,destroy_worst_workers_30pct,1.0,1.0,0.0,True,False,False
ALNS-A,Example6,6,0,76,102.214,1.016,repair,repair_chuffed_long,1.0,1.0,0.0,True,False,False
ALNS-A,Example6,6,0,77,103.299,1.084,destroy,destroy_worst_days_30pct,1.0,1.0,0.0,True,False,False
ALNS-A,Example6,6,0,77,103.299,1.084,repair,repair_gecode_long,1.0,1.0,0.0,True,False,False
ALNS-A,Example6,6,0,78,103.91,0.612,destroy,destroy_random_window_20pct,1.0,1.0,0.0,True,False,False
ALNS-A,Example6,6,0,78,103.91,0.612,repair,repair_chuffed_long,1.0,1.0,0.0,True,False,False
ALNS-A,Example6,6,0,79,104.591,0.681,destroy,destroy_random_days_20pct,1.0,1.0,0.0,True,False,False
ALNS-A,Example6,6,0,79,104.591,0.681,repair,repair_gecode_long,1.0,1.0,0.0,True,False,False
ALNS-A,Example6,6,0,80,107.302,2.71,destroy,destroy_worst_workers_30pct,1.0,1.0,0.0,True,False,False
ALNS-A,Example6,6,0,80,107.302,2.71,repair,repair_gecode_long,1.0,1.0,0.0,True,False,False
ALNS-A,Example6,6,0,81,108.517,1.215,destroy,destroy_worst_days_30pct,1.0,1.0,0.0,True,False,False
ALNS-A,Example6,6,0,81,108.517,1.215,repair,repair_gecode_long,1.0,1.0,0.0,True,False,False
ALNS-A,Example6,6,0,82,109.712,1.195,destroy,destroy_worst_days_30pct,1.0,1.0,0.0,True,False,False
ALNS-A,Example6,6,0,82,109.712,1.195,repair,repair_gecode_fast,1.0,1.0,0.0,True,False,False
ALNS-A,Example6,6,0,83,111.851,2.139,destroy,destroy_worst_workers_30pct,1.0,1.0,0.0,True,False,False
ALNS-A,Example6,6,0,83,111.851,2.139,repair,repair_gecode_long,1.0,1.0,0.0,True,False,False
ALNS-A,Example6,6,0,84,112.486,0.634,destroy,destroy_exploration,1.0,1.0,0.0,True,False,True
ALNS-A,Example6,6,0,84,112.486,0.634,repair,repair_exploration,1.0,1.0,0.0,True,False,True
ALNS-A,Example6,6,0,85,113.041,0.555,destroy,destroy_exploration,1.0,1.0,0.0,True,False,True
ALNS-A,Example6,6,0,85,113.041,0.555,repair,repair_exploration,1.0,1.0,0.0,True,False,True
ALNS-A,Example6,6,0,86,116.459,3.418,destroy,destroy_worst_workers_30pct,1.0,17.0,16.0,False,False,False
ALNS-A,Example6,6,0,86,116.459,3.418,repair,repair_chuffed_fast,1.0,17.0,16.0,False,False,False
ALNS-A,Example6,6,0,87,117.065,0.606,destroy,destroy_random_window_20pct,1.0,1.0,0.0,True,False,False
ALNS-A,Example6,6,0,87,117.065,0.606,repair,repair_chuffed_long,1.0,1.0,0.0,True,False,False
ALNS-A,Example6,6,0,88,117.735,0.67,destroy,destroy_random_window_20pct,1.0,1.0,0.0,True,False,False
ALNS-A,Example6,6,0,88,117.735,0.67,repair,repair_gecode_fast,1.0,1.0,0.0,True,False,False
ALNS-A,Example6,6,0,89,118.945,1.21,destroy,destroy_worst_workers_30pct,1.0,1.0,0.0,True,False,False
ALNS-A,Example6,6,0,89,118.945,1.21,repair,repair_gecode_fast,1.0,1.0,0.0,True,False,False
ALNS-A,Example6,6,0,90,119.632,0.687,destroy,destroy_random_window_20pct,1.0,1.0,0.0,True,False,False
ALNS-A,Example6,6,0,90,119.632,0.687,repair,repair_gecode_long,1.0,1.0,0.0,True,False,False
ALNS-A,Example6,6,0,91,120.971,1.339,destroy,destroy_worst_days_30pct,1.0,1.0,0.0,True,False,False
ALNS-A,Example6,6,0,91,120.971,1.339,repair,repair_gecode_long,1.0,1.0,0.0,True,False,False
ALNS-A,Example6,6,0,92,121.597,0.626,destroy,destroy_random_window_20pct,1.0,1.0,0.0,True,False,False
ALNS-A,Example6,6,0,92,121.597,0.626,repair,repair_gecode_fast,1.0,1.0,0.0,True,False,False
ALNS-A,Example6,6,0,93,122.552,0.955,destroy,destroy_worst_days_30pct,1.0,1.0,0.0,True,False,False
ALNS-A,Example6,6,0,93,122.552,0.955,repair,repair_chuffed_fast,1.0,1.0,0.0,True,False,False
ALNS-A,Example6,6,0,94,123.127,0.575,destroy,destroy_exploration,1.0,1.0,0.0,True,False,True
ALNS-A,Example6,6,0,94,123.127,0.575,repair,repair_exploration,1.0,1.0,0.0,True,False,True
ALNS-A,Example6,6,0,95,123.734,0.607,destroy,destroy_exploration,1.0,1.0,0.0,True,False,True
ALNS-A,Example6,6,0,95,123.734,0.607,repair,repair_exploration,1.0,1.0,0.0,True,False,True
ALNS-A,Example6,6,0,96,132.125,8.391,destroy,destroy_worst_workers_30pct,1.0,1.0,0.0,True,False,False
ALNS-A,Example6,6,0,96,132.125,8.391,repair,repair_gecode_long,1.0,1.0,0.0,True,False,False
ALNS-A,Example6,6,0,97,133.263,1.138,destroy,destroy_worst_days_30pct,1.0,1.0,0.0,True,False,False
ALNS-A,Example6,6,0,97,133.263,1.138,repair,repair_chuffed_fast,1.0,1.0,0.0,True,False,False
ALNS-A,Example6,6,0,98,133.932,0.669,destroy,destroy_random_days_20pct,1.0,1.0,0.0,True,False,False
ALNS-A,Example6,6,0,98,133.932,0.669,repair,repair_gecode_fast,1.0,1.0,0.0,True,False,False
ALNS-A,Example6,6,0,99,134.621,0.689,destroy,destroy_random_window_20pct,1.0,1.0,0.0,True,False,False
ALNS-A,Example6,6,0,99,134.621,0.689,repair,repair_chuffed_fast,1.0,1.0,0.0,True,False,False
ALNS-A,Example6,6,0,100,135.313,0.692,destroy,destroy_random_days_20pct,1.0,1.0,0.0,True,False,False
ALNS-A,Example6,6,0,100,135.313,0.692,repair,repair_gecode_long,1.0,1.0,0.0,True,False,False
ALNS-A,Example6,6,0,101,136.257,0.945,destroy,destroy_worst_workers_30pct,1.0,1.0,0.0,True,False,False
ALNS-A,Example6,6,0,101,136.257,0.945,repair,repair_gecode_fast,1.0,1.0,0.0,True,False,False
ALNS-A,Example6,6,0,102,137.481,1.224,destroy,destroy_worst_workers_30pct,1.0,1.0,0.0,True,False,False
ALNS-A,Example6,6,0,102,137.481,1.224,repair,repair_chuffed_long,1.0,1.0,0.0,True,False,False
ALNS-A,Example6,6,0,103,138.161,0.68,destroy,destroy_random_window_20pct,1.0,1.0,0.0,True,False,False
ALNS-A,Example6,6,0,103,138.161,0.68,repair,repair_chuffed_fast,1.0,1.0,0.0,True,False,False
ALNS-A,Example6,6,0,104,139.786,1.625,destroy,destroy_exploration,1.0,1.0,0.0,True,False,True
ALNS-A,Example6,6,0,104,139.786,1.625,repair,repair_exploration,1.0,1.0,0.0,True,False,True
ALNS-A,Example6,6,0,105,140.404,0.618,destroy,destroy_exploration,1.0,1.0,0.0,True,False,True
ALNS-A,Example6,6,0,105,140.404,0.618,repair,repair_exploration,1.0,1.0,0.0,True,False,True
ALNS-A,Example6,6,0,106,141.416,1.012,destroy,destroy_worst_days_30pct,1.0,1.0,0.0,True,False,False
ALNS-A,Example6,6,0,106,141.416,1.012,repair,repair_chuffed_fast,1.0,1.0,0.0,True,False,False
ALNS-A,Example6,6,0,107,143.767,2.352,destroy,destroy_worst_days_30pct,1.0,1.0,0.0,True,False,False
ALNS-A,Example6,6,0,107,143.767,2.352,repair,repair_chuffed_fast,1.0,1.0,0.0,True,False,False
ALNS-A,Example6,6,0,108,145.062,1.294,destroy,destroy_worst_days_30pct,1.0,1.0,0.0,True,False,False
ALNS-A,Example6,6,0,108,145.062,1.294,repair,repair_gecode_long,1.0,1.0,0.0,True,False,False
ALNS-A,Example6,6,0,109,145.981,0.919,destroy,destroy_worst_days_30pct,1.0,1.0,0.0,True,False,False
ALNS-A,Example6,6,0,109,145.981,0.919,repair,repair_gecode_long,1.0,1.0,0.0,True,False,False
ALNS-A,Example6,6,0,110,146.57,0.589,destroy,destroy_random_window_20pct,1.0,1.0,0.0,True,False,False
ALNS-A,Example6,6,0,110,146.57,0.589,repair,repair_chuffed_long,1.0,1.0,0.0,True,False,False
ALNS-A,Example6,6,0,111,147.227,0.657,destroy,destroy_random_workers_20pct,1.0,1.0,0.0,True,False,False
ALNS-A,Example6,6,0,111,147.227,0.657,repair,repair_chuffed_long,1.0,1.0,0.0,True,False,False
ALNS-A,Example6,6,0,112,148.232,1.005,destroy,destroy_worst_days_30pct,1.0,1.0,0.0,True,False,False
ALNS-A,Example6,6,0,112,148.232,1.005,repair,repair_gecode_fast,1.0,1.0,0.0,True,False,False
ALNS-A,Example6,6,0,113,149.139,0.906,destroy,destroy_streak_around_worst_worker,1.0,1.0,0.0,True,False,False
ALNS-A,Example6,6,0,113,149.139,0.906,repair,repair_gecode_long,1.0,1.0,0.0,True,False,False
ALNS-A,Example6,6,0,114,149.694,0.555,destroy,destroy_exploration,1.0,1.0,0.0,True,False,True
ALNS-A,Example6,6,0,114,149.694,0.555,repair,repair_exploration,1.0,1.0,0.0,True,False,True
ALNS-A,Example6,6,0,115,150.258,0.564,destroy,destroy_exploration,1.0,1.0,0.0,True,False,True
ALNS-A,Example6,6,0,115,150.258,0.564,repair,repair_exploration,1.0,1.0,0.0,True,False,True
ALNS-A,Example6,6,0,116,152.062,1.804,destroy,destroy_worst_workers_30pct,1.0,1.0,0.0,True,False,False
ALNS-A,Example6,6,0,116,152.062,1.804,repair,repair_gecode_long,1.0,1.0,0.0,True,False,False
ALNS-A,Example6,6,0,117,152.745,0.683,destroy,destroy_random_workers_20pct,1.0,1.0,0.0,True,False,False
ALNS-A,Example6,6,0,117,152.745,0.683,repair,repair_chuffed_fast,1.0,1.0,0.0,True,False,False
ALNS-A,Example6,6,0,118,153.416,0.671,destroy,destroy_random_days_20pct,1.0,1.0,0.0,True,False,False
ALNS-A,Example6,6,0,118,153.416,0.671,repair,repair_gecode_long,1.0,1.0,0.0,True,False,False
ALNS-A,Example6,6,0,119,154.209,0.793,destroy,destroy_worst_days_30pct,1.0,1.0,0.0,True,False,False
ALNS-A,Example6,6,0,119,154.209,0.793,repair,repair_gecode_long,1.0,1.0,0.0,True,False,False
ALNS-A,Example6,6,0,120,155.315,1.106,destroy,destroy_worst_days_30pct,1.0,1.0,0.0,True,False,False
ALNS-A,Example6,6,0,120,155.315,1.106,repair,repair_chuffed_long,1.0,1.0,0.0,True,False,False
ALNS-A,Example6,6,0,121,155.878,0.563,destroy,destroy_random_window_20pct,1.0,1.0,0.0,True,False,False
ALNS-A,Example6,6,0,121,155.878,0.563,repair,repair_gecode_fast,1.0,1.0,0.0,True,False,False
ALNS-A,Example6,6,0,122,156.791,0.913,destroy,destroy_worst_days_30pct,1.0,1.0,0.0,True,False,False
ALNS-A,Example6,6,0,122,156.791,0.913,repair,repair_gecode_fast,1.0,1.0,0.0,True,False,False
ALNS-A,Example6,6,0,123,157.48,0.69,destroy,destroy_random_days_20pct,1.0,1.0,0.0,True,False,False
ALNS-A,Example6,6,0,123,157.48,0.69,repair,repair_gecode_fast,1.0,1.0,0.0,True,False,False
ALNS-A,Example6,6,0,124,157.999,0.519,destroy,destroy_exploration,1.0,1.0,0.0,True,False,True
ALNS-A,Example6,6,0,124,157.999,0.519,repair,repair_exploration,1.0,1.0,0.0,True,False,True
ALNS-A,Example6,6,0,125,158.54,0.54,destroy,destroy_exploration,1.0,1.0,0.0,True,False,True
ALNS-A,Example6,6,0,125,158.54,0.54,repair,repair_exploration,1.0,1.0,0.0,True,False,True
ALNS-A,Example6,6,0,126,159.207,0.667,destroy,destroy_random_workers_20pct,1.0,1.0,0.0,True,False,False
ALNS-A,Example6,6,0,126,159.207,0.667,repair,repair_chuffed_fast,1.0,1.0,0.0,True,False,False
ALNS-A,Example6,6,0,127,160.996,1.789,destroy,destroy_worst_days_30pct,1.0,1.0,0.0,True,False,False
ALNS-A,Example6,6,0,127,160.996,1.789,repair,repair_chuffed_fast,1.0,1.0,0.0,True,False,False
ALNS-A,Example6,6,0,128,161.673,0.678,destroy,destroy_random_workers_20pct,1.0,1.0,0.0,True,False,False
ALNS-A,Example6,6,0,128,161.673,0.678,repair,repair_gecode_long,1.0,1.0,0.0,True,False,False
ALNS-A,Example6,6,0,129,162.326,0.653,destroy,destroy_random_window_20pct,1.0,1.0,0.0,True,False,False
ALNS-A,Example6,6,0,129,162.326,0.653,repair,repair_chuffed_fast,1.0,1.0,0.0,True,False,False
ALNS-A,Example6,6,0,130,162.956,0.63,destroy,destroy_random_window_20pct,1.0,1.0,0.0,True,False,False
ALNS-A,Example6,6,0,130,162.956,0.63,repair,repair_gecode_long,1.0,1.0,0.0,True,False,False
ALNS-A,Example6,6,0,131,164.047,1.091,destroy,destroy_worst_days_30pct,1.0,1.0,0.0,True,False,False
ALNS-A,Example6,6,0,131,164.047,1.091,repair,repair_chuffed_fast,1.0,1.0,0.0,True,False,False
ALNS-A,Example6,6,0,132,164.603,0.556,destroy,destroy_random_window_20pct,1.0,1.0,0.0,True,False,False
ALNS-A,Example6,6,0,132,164.603,0.556,repair,repair_gecode_long,1.0,1.0,0.0,True,False,False
ALNS-A,Example6,6,0,133,167.308,2.705,destroy,destroy_worst_workers_30pct,1.0,1.0,0.0,True,False,False
ALNS-A,Example6,6,0,133,167.308,2.705,repair,repair_gecode_fast,1.0,1.0,0.0,True,False,False
ALNS-A,Example6,6,0,134,167.846,0.538,destroy,destroy_exploration,1.0,1.0,0.0,True,False,True
ALNS-A,Example6,6,0,134,167.846,0.538,repair,repair_exploration,1.0,1.0,0.0,True,False,True
ALNS-A,Example6,6,0,135,168.355,0.509,destroy,destroy_exploration,1.0,1.0,0.0,True,False,True
ALNS-A,Example6,6,0,135,168.355,0.509,repair,repair_exploration,1.0,1.0,0.0,True,False,True
ALNS-A,Example6,6,0,136,169.502,1.147,destroy,destroy_worst_days_30pct,1.0,1.0,0.0,True,False,False
ALNS-A,Example6,6,0,136,169.502,1.147,repair,repair_chuffed_fast,1.0,1.0,0.0,True,False,False
ALNS-A,Example6,6,0,137,170.048,0.547,destroy,destroy_random_window_20pct,1.0,1.0,0.0,True,False,False
ALNS-A,Example6,6,0,137,170.048,0.547,repair,repair_chuffed_fast,1.0,1.0,0.0,True,False,False
ALNS-A,Example6,6,0,138,171.457,1.409,destroy,destroy_worst_workers_30pct,1.0,1.0,0.0,True,False,False
ALNS-A,Example6,6,0,138,171.457,1.409,repair,repair_chuffed_fast,1.0,1.0,0.0,True,False,False
ALNS-A,Example6,6,0,139,172.313,0.856,destroy,destroy_worst_days_30pct,1.0,1.0,0.0,True,False,False
ALNS-A,Example6,6,0,139,172.313,0.856,repair,repair_gecode_fast,1.0,1.0,0.0,True,False,False
ALNS-A,Example6,6,0,140,175.725,3.412,destroy,destroy_worst_workers_30pct,1.0,12.0,11.0,False,False,False
ALNS-A,Example6,6,0,140,175.725,3.412,repair,repair_gecode_fast,1.0,12.0,11.0,False,False,False
ALNS-A,Example6,6,0,141,176.463,0.738,destroy,destroy_random_window_20pct,1.0,1.0,0.0,True,False,False
ALNS-A,Example6,6,0,141,176.463,0.738,repair,repair_chuffed_fast,1.0,1.0,0.0,True,False,False
ALNS-A,Example6,6,0,142,177.481,1.018,destroy,destroy_worst_days_30pct,1.0,1.0,0.0,True,False,False
ALNS-A,Example6,6,0,142,177.481,1.018,repair,repair_chuffed_long,1.0,1.0,0.0,True,False,False
ALNS-A,Example6,6,0,143,178.754,1.272,destroy,destroy_worst_days_30pct,1.0,1.0,0.0,True,False,False
ALNS-A,Example6,6,0,143,178.754,1.272,repair,repair_chuffed_long,1.0,1.0,0.0,True,False,False
ALNS-A,Example6,6,0,144,179.328,0.575,destroy,destroy_exploration,1.0,1.0,0.0,True,False,True
ALNS-A,Example6,6,0,144,179.328,0.575,repair,repair_exploration,1.0,1.0,0.0,True,False,True
ALNS-A,Example6,6,0,145,181.038,1.709,destroy,destroy_exploration,1.0,1.0,0.0,True,False,True
ALNS-A,Example6,6,0,145,181.038,1.709,repair,repair_exploration,1.0,1.0,0.0,True,False,True
ALNS-A,Example6,6,1,1,0.929,0.929,destroy,destroy_random_window_20pct,inf,20.0,nan,True,False,False
ALNS-A,Example6,6,1,1,0.929,0.929,repair,repair_chuffed_fast,inf,20.0,nan,True,False,False
ALNS-A,Example6,6,1,2,1.829,0.899,destroy,destroy_random_workers_20pct,20.0,17.0,-3.0,True,False,False
ALNS-A,Example6,6,1,2,1.829,0.899,repair,repair_chuffed_fast,20.0,17.0,-3.0,True,False,False
ALNS-A,Example6,6,1,3,2.501,0.672,destroy,destroy_streak_around_worst_worker,17.0,15.0,-2.0,True,False,False
ALNS-A,Example6,6,1,3,2.501,0.672,repair,repair_chuffed_long,17.0,15.0,-2.0,True,False,False
ALNS-A,Example6,6,1,4,3.332,0.831,destroy,destroy_streak_around_worst_worker,15.0,10.0,-5.0,True,False,False
ALNS-A,Example6,6,1,4,3.332,0.831,repair,repair_gecode_long,15.0,10.0,-5.0,True,False,False
ALNS-A,Example6,6,1,5,3.915,0.583,destroy,destroy_all_forbidden_sequences,10.0,10.0,0.0,True,False,False
ALNS-A,Example6,6,1,5,3.915,0.583,repair,repair_gecode_fast,10.0,10.0,0.0,True,False,False
ALNS-A,Example6,6,1,6,4.646,0.731,destroy,destroy_random_days_20pct,10.0,8.0,-2.0,True,False,False
ALNS-A,Example6,6,1,6,4.646,0.731,repair,repair_gecode_long,10.0,8.0,-2.0,True,False,False
ALNS-A,Example6,6,1,7,8.045,3.398,destroy,destroy_worst_days_30pct,8.0,28.0,20.0,False,False,False
ALNS-A,Example6,6,1,7,8.045,3.398,repair,repair_chuffed_fast,8.0,28.0,20.0,False,False,False
ALNS-A,Example6,6,1,8,8.819,0.774,destroy,destroy_all_forbidden_sequences,8.0,7.0,-1.0,True,False,False
ALNS-A,Example6,6,1,8,8.819,0.774,repair,repair_gecode_fast,8.0,7.0,-1.0,True,False,False
ALNS-A,Example6,6,1,9,9.597,0.779,destroy,destroy_random_window_20pct,7.0,6.0,-1.0,True,False,False
ALNS-A,Example6,6,1,9,9.597,0.779,repair,repair_gecode_fast,7.0,6.0,-1.0,True,False,False
ALNS-A,Example6,6,1,10,10.204,0.607,destroy,destroy_random_window_20pct,6.0,6.0,0.0,True,False,False
ALNS-A,Example6,6,1,10,10.204,0.607,repair,repair_chuffed_long,6.0,6.0,0.0,True,False,False
ALNS-A,Example6,6,1,11,10.845,0.641,destroy,destroy_random_window_20pct,6.0,5.0,-1.0,True,False,False
ALNS-A,Example6,6,1,11,10.845,0.641,repair,repair_chuffed_fast,6.0,5.0,-1.0,True,False,False
ALNS-A,Example6,6,1,12,11.866,1.021,destroy,destroy_random_window_20pct,5.0,4.0,-1.0,True,False,False
ALNS-A,Example6,6,1,12,11.866,1.021,repair,repair_gecode_long,5.0,4.0,-1.0,True,False,False
ALNS-A,Example6,6,1,13,13.199,1.333,destroy,destroy_streak_around_worst_worker,4.0,2.0,-2.0,True,False,False
ALNS-A,Example6,6,1,13,13.199,1.333,repair,repair_chuffed_fast,4.0,2.0,-2.0,True,False,False
ALNS-A,Example6,6,1,14,13.771,0.572,destroy,destroy_random_window_20pct,2.0,2.0,0.0,True,False,False
ALNS-A,Example6,6,1,14,13.771,0.572,repair,repair_chuffed_fast,2.0,2.0,0.0,True,False,False
ALNS-A,Example6,6,1,15,14.576,0.805,destroy,destroy_streak_around_worst_worker,2.0,2.0,0.0,True,False,False
ALNS-A,Example6,6,1,15,14.576,0.805,repair,repair_gecode_long,2.0,2.0,0.0,True,False,False
ALNS-A,Example6,6,1,16,15.243,0.667,destroy,destroy_random_window_20pct,2.0,2.0,0.0,True,False,False
ALNS-A,Example6,6,1,16,15.243,0.667,repair,repair_gecode_long,2.0,2.0,0.0,True,False,False
ALNS-A,Example6,6,1,17,15.917,0.674,destroy,destroy_random_workers_20pct,2.0,2.0,0.0,True,False,False
ALNS-A,Example6,6,1,17,15.917,0.674,repair,repair_gecode_long,2.0,2.0,0.0,True,False,False
ALNS-A,Example6,6,1,18,19.322,3.405,destroy,destroy_worst_days_30pct,2.0,22.0,20.0,False,False,False
ALNS-A,Example6,6,1,18,19.322,3.405,repair,repair_gecode_fast,2.0,22.0,20.0,False,False,False
ALNS-A,Example6,6,1,19,19.85,0.527,destroy,destroy_random_window_20pct,2.0,2.0,0.0,True,False,False
ALNS-A,Example6,6,1,19,19.85,0.527,repair,repair_chuffed_fast,2.0,2.0,0.0,True,False,False
ALNS-A,Example6,6,1,20,21.836,1.987,destroy,destroy_worst_workers_30pct,2.0,2.0,0.0,True,False,False
ALNS-A,Example6,6,1,20,21.836,1.987,repair,repair_gecode_fast,2.0,2.0,0.0,True,False,False
ALNS-A,Example6,6,1,21,22.479,0.642,destroy,destroy_random_window_20pct,2.0,2.0,0.0,True,False,False
ALNS-A,Example6,6,1,21,22.479,0.642,repair,repair_gecode_long,2.0,2.0,0.0,True,False,False
ALNS-A,Example6,6,1,22,23.192,0.713,destroy,destroy_random_days_20pct,2.0,2.0,0.0,True,False,False
ALNS-A,Example6,6,1,22,23.192,0.713,repair,repair_chuffed_fast,2.0,2.0,0.0,True,False,False
ALNS-A,Example6,6,1,23,23.783,0.59,destroy,destroy_random_window_20pct,2.0,2.0,0.0,True,False,False
ALNS-A,Example6,6,1,23,23.783,0.59,repair,repair_chuffed_fast,2.0,2.0,0.0,True,False,False
ALNS-A,Example6,6,1,24,24.317,0.534,destroy,destroy_exploration,2.0,2.0,0.0,True,False,True
ALNS-A,Example6,6,1,24,24.317,0.534,repair,repair_exploration,2.0,2.0,0.0,True,False,True
ALNS-A,Example6,6,1,25,24.837,0.52,destroy,destroy_exploration,2.0,2.0,0.0,True,False,True
ALNS-A,Example6,6,1,25,24.837,0.52,repair,repair_exploration,2.0,2.0,0.0,True,False,True
ALNS-A,Example6,6,1,26,25.979,1.142,destroy,destroy_streak_around_worst_worker,2.0,2.0,0.0,True,False,False
ALNS-A,Example6,6,1,26,25.979,1.142,repair,repair_gecode_fast,2.0,2.0,0.0,True,False,False
ALNS-A,Example6,6,1,27,28.25,2.271,destroy,destroy_worst_days_30pct,2.0,2.0,0.0,True,False,False
ALNS-A,Example6,6,1,27,28.25,2.271,repair,repair_chuffed_fast,2.0,2.0,0.0,True,False,False
ALNS-A,Example6,6,1,28,29.05,0.801,destroy,destroy_random_days_20pct,2.0,2.0,0.0,True,False,False
ALNS-A,Example6,6,1,28,29.05,0.801,repair,repair_chuffed_fast,2.0,2.0,0.0,True,False,False
ALNS-A,Example6,6,1,29,29.658,0.608,destroy,destroy_random_window_20pct,2.0,2.0,0.0,True,False,False
ALNS-A,Example6,6,1,29,29.658,0.608,repair,repair_chuffed_fast,2.0,2.0,0.0,True,False,False
ALNS-A,Example6,6,1,30,30.453,0.795,destroy,destroy_random_workers_20pct,2.0,2.0,0.0,True,False,False
ALNS-A,Example6,6,1,30,30.453,0.795,repair,repair_gecode_fast,2.0,2.0,0.0,True,False,False
ALNS-A,Example6,6,1,31,31.202,0.749,destroy,destroy_random_days_20pct,2.0,2.0,0.0,True,False,False
ALNS-A,Example6,6,1,31,31.202,0.749,repair,repair_chuffed_fast,2.0,2.0,0.0,True,False,False
ALNS-A,Example6,6,1,32,31.862,0.66,destroy,destroy_random_workers_20pct,2.0,2.0,0.0,True,False,False
ALNS-A,Example6,6,1,32,31.862,0.66,repair,repair_gecode_fast,2.0,2.0,0.0,True,False,False
ALNS-A,Example6,6,1,33,32.493,0.631,destroy,destroy_random_days_20pct,2.0,2.0,0.0,True,False,False
ALNS-A,Example6,6,1,33,32.493,0.631,repair,repair_gecode_fast,2.0,2.0,0.0,True,False,False
ALNS-A,Example6,6,1,34,33.048,0.555,destroy,destroy_exploration,2.0,2.0,0.0,True,False,True
ALNS-A,Example6,6,1,34,33.048,0.555,repair,repair_exploration,2.0,2.0,0.0,True,False,True
ALNS-A,Example6,6,1,35,33.593,0.545,destroy,destroy_exploration,2.0,2.0,0.0,True,False,True
ALNS-A,Example6,6,1,35,33.593,0.545,repair,repair_exploration,2.0,2.0,0.0,True,False,True
ALNS-A,Example6,6,1,36,34.198,0.605,destroy,destroy_random_window_20pct,2.0,2.0,0.0,True,False,False
ALNS-A,Example6,6,1,36,34.198,0.605,repair,repair_chuffed_fast,2.0,2.0,0.0,True,False,False
ALNS-A,Example6,6,1,37,35.324,1.126,destroy,destroy_streak_around_worst_worker,2.0,2.0,0.0,True,False,False
ALNS-A,Example6,6,1,37,35.324,1.126,repair,repair_gecode_fast,2.0,2.0,0.0,True,False,False
ALNS-A,Example6,6,1,38,35.829,0.505,destroy,destroy_all_forbidden_sequences,2.0,2.0,0.0,True,False,False
ALNS-A,Example6,6,1,38,35.829,0.505,repair,repair_chuffed_fast,2.0,2.0,0.0,True,False,False
ALNS-A,Example6,6,1,39,36.4,0.571,destroy,destroy_random_window_20pct,2.0,2.0,0.0,True,False,False
ALNS-A,Example6,6,1,39,36.4,0.571,repair,repair_chuffed_fast,2.0,2.0,0.0,True,False,False
ALNS-A,Example6,6,1,40,36.957,0.558,destroy,destroy_random_window_20pct,2.0,2.0,0.0,True,False,False
ALNS-A,Example6,6,1,40,36.957,0.558,repair,repair_gecode_fast,2.0,2.0,0.0,True,False,False
ALNS-A,Example6,6,1,41,37.537,0.579,destroy,destroy_random_window_20pct,2.0,2.0,0.0,True,False,False
ALNS-A,Example6,6,1,41,37.537,0.579,repair,repair_gecode_fast,2.0,2.0,0.0,True,False,False
ALNS-A,Example6,6,1,42,38.241,0.704,destroy,destroy_random_workers_20pct,2.0,2.0,0.0,True,False,False
ALNS-A,Example6,6,1,42,38.241,0.704,repair,repair_gecode_fast,2.0,2.0,0.0,True,False,False
ALNS-A,Example6,6,1,43,38.828,0.587,destroy,destroy_random_window_20pct,2.0,2.0,0.0,True,False,False
ALNS-A,Example6,6,1,43,38.828,0.587,repair,repair_chuffed_fast,2.0,2.0,0.0,True,False,False
ALNS-A,Example6,6,1,44,39.363,0.535,destroy,destroy_exploration,2.0,2.0,0.0,True,False,True
ALNS-A,Example6,6,1,44,39.363,0.535,repair,repair_exploration,2.0,2.0,0.0,True,False,True
ALNS-A,Example6,6,1,45,39.941,0.578,destroy,destroy_exploration,2.0,2.0,0.0,True,False,True
ALNS-A,Example6,6,1,45,39.941,0.578,repair,repair_exploration,2.0,2.0,0.0,True,False,True
ALNS-A,Example6,6,1,46,40.478,0.537,destroy,destroy_random_window_20pct,2.0,2.0,0.0,True,False,False
ALNS-A,Example6,6,1,46,40.478,0.537,repair,repair_chuffed_fast,2.0,2.0,0.0,True,False,False
ALNS-A,Example6,6,1,47,41.031,0.553,destroy,destroy_random_window_20pct,2.0,2.0,0.0,True,False,False
ALNS-A,Example6,6,1,47,41.031,0.553,repair,repair_gecode_fast,2.0,2.0,0.0,True,False,False
ALNS-A,Example6,6,1,48,41.687,0.656,destroy,destroy_random_days_20pct,2.0,2.0,0.0,True,False,False
ALNS-A,Example6,6,1,48,41.687,0.656,repair,repair_chuffed_long,2.0,2.0,0.0,True,False,False
ALNS-A,Example6,6,1,49,42.356,0.669,destroy,destroy_random_workers_20pct,2.0,2.0,0.0,True,False,False
ALNS-A,Example6,6,1,49,42.356,0.669,repair,repair_gecode_long,2.0,2.0,0.0,True,False,False
ALNS-A,Example6,6,1,50,43.003,0.647,destroy,destroy_random_workers_20pct,2.0,2.0,0.0,True,False,False
ALNS-A,Example6,6,1,50,43.003,0.647,repair,repair_gecode_fast,2.0,2.0,0.0,True,False,False
ALNS-A,Example6,6,1,51,43.705,0.702,destroy,destroy_random_workers_20pct,2.0,2.0,0.0,True,False,False
ALNS-A,Example6,6,1,51,43.705,0.702,repair,repair_gecode_long,2.0,2.0,0.0,True,False,False
ALNS-A,Example6,6,1,52,44.291,0.585,destroy,destroy_random_window_20pct,2.0,2.0,0.0,True,False,False
ALNS-A,Example6,6,1,52,44.291,0.585,repair,repair_gecode_fast,2.0,2.0,0.0,True,False,False
ALNS-A,Example6,6,1,53,45.115,0.825,destroy,destroy_random_days_20pct,2.0,2.0,0.0,True,False,False
ALNS-A,Example6,6,1,53,45.115,0.825,repair,repair_gecode_long,2.0,2.0,0.0,True,False,False
ALNS-A,Example6,6,1,54,45.68,0.565,destroy,destroy_exploration,2.0,2.0,0.0,True,False,True
ALNS-A,Example6,6,1,54,45.68,0.565,repair,repair_exploration,2.0,2.0,0.0,True,False,True
ALNS-A,Example6,6,1,55,46.251,0.571,destroy,destroy_exploration,2.0,2.0,0.0,True,False,True
ALNS-A,Example6,6,1,55,46.251,0.571,repair,repair_exploration,2.0,2.0,0.0,True,False,True
ALNS-A,Example6,6,1,56,46.793,0.542,destroy,destroy_random_window_20pct,2.0,2.0,0.0,True,False,False
ALNS-A,Example6,6,1,56,46.793,0.542,repair,repair_gecode_long,2.0,2.0,0.0,True,False,False
ALNS-A,Example6,6,1,57,47.711,0.918,destroy,destroy_random_window_20pct,2.0,2.0,0.0,True,False,False
ALNS-A,Example6,6,1,57,47.711,0.918,repair,repair_chuffed_long,2.0,2.0,0.0,True,False,False
ALNS-A,Example6,6,1,58,48.396,0.685,destroy,destroy_random_workers_20pct,2.0,2.0,0.0,True,False,False
ALNS-A,Example6,6,1,58,48.396,0.685,repair,repair_gecode_fast,2.0,2.0,0.0,True,False,False
ALNS-A,Example6,6,1,59,49.155,0.759,destroy,destroy_random_window_20pct,2.0,2.0,0.0,True,False,False
ALNS-A,Example6,6,1,59,49.155,0.759,repair,repair_gecode_fast,2.0,2.0,0.0,True,False,False
ALNS-A,Example6,6,1,60,50.815,1.66,destroy,destroy_worst_workers_30pct,2.0,1.0,-1.0,True,False,False
ALNS-A,Example6,6,1,60,50.815,1.66,repair,repair_chuffed_fast,2.0,1.0,-1.0,True,False,False
ALNS-A,Example6,6,1,61,51.344,0.529,destroy,destroy_all_forbidden_sequences,1.0,1.0,0.0,True,False,False
ALNS-A,Example6,6,1,61,51.344,0.529,repair,repair_gecode_fast,1.0,1.0,0.0,True,False,False
ALNS-A,Example6,6,1,62,52.676,1.332,destroy,destroy_worst_workers_30pct,1.0,1.0,0.0,True,False,False
ALNS-A,Example6,6,1,62,52.676,1.332,repair,repair_chuffed_fast,1.0,1.0,0.0,True,False,False
ALNS-A,Example6,6,1,63,53.258,0.581,destroy,destroy_random_window_20pct,1.0,1.0,0.0,True,False,False
ALNS-A,Example6,6,1,63,53.258,0.581,repair,repair_gecode_long,1.0,1.0,0.0,True,False,False
ALNS-A,Example6,6,1,64,54.052,0.795,destroy,destroy_random_days_20pct,1.0,1.0,0.0,True,False,False
ALNS-A,Example6,6,1,64,54.052,0.795,repair,repair_chuffed_fast,1.0,1.0,0.0,True,False,False
ALNS-A,Example6,6,1,65,54.792,0.74,destroy,destroy_random_days_20pct,1.0,1.0,0.0,True,False,False
ALNS-A,Example6,6,1,65,54.792,0.74,repair,repair_gecode_fast,1.0,1.0,0.0,True,False,False
ALNS-A,Example6,6,1,66,57.669,2.877,destroy,destroy_worst_workers_30pct,1.0,1.0,0.0,True,False,False
ALNS-A,Example6,6,1,66,57.669,2.877,repair,repair_chuffed_long,1.0,1.0,0.0,True,False,False
ALNS-A,Example6,6,1,67,58.227,0.558,destroy,destroy_random_window_20pct,1.0,1.0,0.0,True,False,False
ALNS-A,Example6,6,1,67,58.227,0.558,repair,repair_gecode_fast,1.0,1.0,0.0,True,False,False
ALNS-A,Example6,6,1,68,61.65,3.424,destroy,destroy_worst_workers_30pct,1.0,6.0,5.0,False,False,False
ALNS-A,Example6,6,1,68,61.65,3.424,repair,repair_chuffed_fast,1.0,6.0,5.0,False,False,False
ALNS-A,Example6,6,1,69,65.493,3.842,destroy,destroy_worst_workers_30pct,1.0,1.0,0.0,True,False,False
ALNS-A,Example6,6,1,69,65.493,3.842,repair,repair_gecode_long,1.0,1.0,0.0,True,False,False
ALNS-A,Example6,6,1,70,66.096,0.604,destroy,destroy_random_window_20pct,1.0,1.0,0.0,True,False,False
ALNS-A,Example6,6,1,70,66.096,0.604,repair,repair_chuffed_long,1.0,1.0,0.0,True,False,False
ALNS-A,Example6,6,1,71,66.725,0.629,destroy,destroy_exploration,1.0,1.0,0.0,True,False,True
ALNS-A,Example6,6,1,71,66.725,0.629,repair,repair_exploration,1.0,1.0,0.0,True,False,True
ALNS-A,Example6,6,1,72,67.358,0.633,destroy,destroy_exploration,1.0,1.0,0.0,True,False,True
ALNS-A,Example6,6,1,72,67.358,0.633,repair,repair_exploration,1.0,1.0,0.0,True,False,True
ALNS-A,Example6,6,1,73,67.881,0.522,destroy,destroy_all_forbidden_sequences,1.0,1.0,0.0,True,False,False
ALNS-A,Example6,6,1,73,67.881,0.522,repair,repair_chuffed_fast,1.0,1.0,0.0,True,False,False
ALNS-A,Example6,6,1,74,69.804,1.923,destroy,destroy_worst_workers_30pct,1.0,1.0,0.0,True,False,False
ALNS-A,Example6,6,1,74,69.804,1.923,repair,repair_gecode_long,1.0,1.0,0.0,True,False,False
ALNS-A,Example6,6,1,75,71.146,1.342,destroy,destroy_worst_workers_30pct,1.0,1.0,0.0,True,False,False
ALNS-A,Example6,6,1,75,71.146,1.342,repair,repair_chuffed_fast,1.0,1.0,0.0,True,False,False
ALNS-A,Example6,6,1,76,72.598,1.452,destroy,destroy_random_days_20pct,1.0,1.0,0.0,True,False,False
ALNS-A,Example6,6,1,76,72.598,1.452,repair,repair_chuffed_long,1.0,1.0,0.0,True,False,False
ALNS-A,Example6,6,1,77,73.716,1.118,destroy,destroy_random_days_20pct,1.0,1.0,0.0,True,False,False
ALNS-A,Example6,6,1,77,73.716,1.118,repair,repair_gecode_fast,1.0,1.0,0.0,True,False,False
ALNS-A,Example6,6,1,78,74.486,0.77,destroy,destroy_random_window_20pct,1.0,1.0,0.0,True,False,False
ALNS-A,Example6,6,1,78,74.486,0.77,repair,repair_chuffed_long,1.0,1.0,0.0,True,False,False
ALNS-A,Example6,6,1,79,75.732,1.246,destroy,destroy_streak_around_worst_worker,1.0,1.0,0.0,True,False,False
ALNS-A,Example6,6,1,79,75.732,1.246,repair,repair_chuffed_fast,1.0,1.0,0.0,True,False,False
ALNS-A,Example6,6,1,80,78.228,2.496,destroy,destroy_worst_workers_30pct,1.0,1.0,0.0,True,False,False
ALNS-A,Example6,6,1,80,78.228,2.496,repair,repair_chuffed_fast,1.0,1.0,0.0,True,False,False
ALNS-A,Example6,6,1,81,78.954,0.726,destroy,destroy_exploration,1.0,1.0,0.0,True,False,True
ALNS-A,Example6,6,1,81,78.954,0.726,repair,repair_exploration,1.0,1.0,0.0,True,False,True
ALNS-A,Example6,6,1,82,79.606,0.652,destroy,destroy_exploration,1.0,1.0,0.0,True,False,True
ALNS-A,Example6,6,1,82,79.606,0.652,repair,repair_exploration,1.0,1.0,0.0,True,False,True
ALNS-A,Example6,6,1,83,81.968,2.362,destroy,destroy_worst_workers_30pct,1.0,1.0,0.0,True,False,False
ALNS-A,Example6,6,1,83,81.968,2.362,repair,repair_gecode_fast,1.0,1.0,0.0,True,False,False
ALNS-A,Example6,6,1,84,82.829,0.861,destroy,destroy_random_days_20pct,1.0,1.0,0.0,True,False,False
ALNS-A,Example6,6,1,84,82.829,0.861,repair,repair_chuffed_fast,1.0,1.0,0.0,True,False,False
ALNS-A,Example6,6,1,85,85.82,2.991,destroy,destroy_worst_days_30pct,1.0,1.0,0.0,True,False,False
ALNS-A,Example6,6,1,85,85.82,2.991,repair,repair_gecode_fast,1.0,1.0,0.0,True,False,False
ALNS-A,Example6,6,1,86,89.263,3.443,destroy,destroy_streak_around_worst_worker,1.0,4.0,3.0,False,False,False
ALNS-A,Example6,6,1,86,89.263,3.443,repair,repair_chuffed_fast,1.0,4.0,3.0,False,False,False
ALNS-A,Example6,6,1,87,89.766,0.504,destroy,destroy_all_forbidden_sequences,1.0,1.0,0.0,True,False,False
ALNS-A,Example6,6,1,87,89.766,0.504,repair,repair_chuffed_long,1.0,1.0,0.0,True,False,False
ALNS-A,Example6,6,1,88,90.411,0.645,destroy,destroy_random_days_20pct,1.0,1.0,0.0,True,False,False
ALNS-A,Example6,6,1,88,90.411,0.645,repair,repair_gecode_long,1.0,1.0,0.0,True,False,False
ALNS-A,Example6,6,1,89,91.69,1.279,destroy,destroy_worst_workers_30pct,1.0,1.0,0.0,True,False,False
ALNS-A,Example6,6,1,89,91.69,1.279,repair,repair_chuffed_fast,1.0,1.0,0.0,True,False,False
ALNS-A,Example6,6,1,90,92.349,0.658,destroy,destroy_random_window_20pct,1.0,1.0,0.0,True,False,False
ALNS-A,Example6,6,1,90,92.349,0.658,repair,repair_gecode_fast,1.0,1.0,0.0,True,False,False
ALNS-A,Example6,6,1,91,92.891,0.542,destroy,destroy_exploration,1.0,1.0,0.0,True,False,True
ALNS-A,Example6,6,1,91,92.891,0.542,repair,repair_exploration,1.0,1.0,0.0,True,False,True
ALNS-A,Example6,6,1,92,93.424,0.533,destroy,destroy_exploration,1.0,1.0,0.0,True,False,True
ALNS-A,Example6,6,1,92,93.424,0.533,repair,repair_exploration,1.0,1.0,0.0,True,False,True
ALNS-A,Example6,6,1,93,97.219,3.795,destroy,destroy_worst_workers_30pct,1.0,1.0,0.0,True,False,False
ALNS-A,Example6,6,1,93,97.219,3.795,repair,repair_chuffed_long,1.0,1.0,0.0,True,False,False
ALNS-A,Example6,6,1,94,97.761,0.542,destroy,destroy_random_window_20pct,1.0,1.0,0.0,True,False,False
ALNS-A,Example6,6,1,94,97.761,0.542,repair,repair_gecode_fast,1.0,1.0,0.0,True,False,False
ALNS-A,Example6,6,1,95,98.402,0.642,destroy,destroy_random_days_20pct,1.0,1.0,0.0,True,False,False
ALNS-A,Example6,6,1,95,98.402,0.642,repair,repair_gecode_long,1.0,1.0,0.0,True,False,False
ALNS-A,Example6,6,1,96,99.021,0.619,destroy,destroy_random_window_20pct,1.0,1.0,0.0,True,False,False
ALNS-A,Example6,6,1,96,99.021,0.619,repair,repair_gecode_long,1.0,1.0,0.0,True,False,False
ALNS-A,Example6,6,1,97,101.64,2.618,destroy,destroy_worst_workers_30pct,1.0,1.0,0.0,True,False,False
ALNS-A,Example6,6,1,97,101.64,2.618,repair,repair_chuffed_fast,1.0,1.0,0.0,True,False,False
ALNS-A,Example6,6,1,98,102.293,0.654,destroy,destroy_random_workers_20pct,1.0,1.0,0.0,True,False,False
ALNS-A,Example6,6,1,98,102.293,0.654,repair,repair_gecode_long,1.0,1.0,0.0,True,False,False
ALNS-A,Example6,6,1,99,105.673,3.379,destroy,destroy_worst_days_30pct,1.0,31.0,30.0,False,False,False
ALNS-A,Example6,6,1,99,105.673,3.379,repair,repair_chuffed_fast,1.0,31.0,30.0,False,False,False
ALNS-A,Example6,6,1,100,106.862,1.189,destroy,destroy_streak_around_worst_worker,1.0,1.0,0.0,True,False,False
ALNS-A,Example6,6,1,100,106.862,1.189,repair,repair_gecode_fast,1.0,1.0,0.0,True,False,False
ALNS-A,Example6,6,1,101,107.401,0.539,destroy,destroy_exploration,1.0,1.0,0.0,True,False,True
ALNS-A,Example6,6,1,101,107.401,0.539,repair,repair_exploration,1.0,1.0,0.0,True,False,True
ALNS-A,Example6,6,1,102,108.036,0.635,destroy,destroy_exploration,1.0,1.0,0.0,True,False,True
ALNS-A,Example6,6,1,102,108.036,0.635,repair,repair_exploration,1.0,1.0,0.0,True,False,True
ALNS-A,Example6,6,1,103,111.488,3.452,destroy,destroy_streak_around_worst_worker,1.0,22.0,21.0,False,False,False
ALNS-A,Example6,6,1,103,111.488,3.452,repair,repair_chuffed_fast,1.0,22.0,21.0,False,False,False
ALNS-A,Example6,6,1,104,112.144,0.655,destroy,destroy_random_window_20pct,1.0,1.0,0.0,True,False,False
ALNS-A,Example6,6,1,104,112.144,0.655,repair,repair_gecode_fast,1.0,1.0,0.0,True,False,False
ALNS-A,Example6,6,1,105,114.083,1.939,destroy,destroy_worst_workers_30pct,1.0,1.0,0.0,True,False,False
ALNS-A,Example6,6,1,105,114.083,1.939,repair,repair_chuffed_fast,1.0,1.0,0.0,True,False,False
ALNS-A,Example6,6,1,106,115.333,1.25,destroy,destroy_random_days_20pct,1.0,1.0,0.0,True,False,False
ALNS-A,Example6,6,1,106,115.333,1.25,repair,repair_gecode_fast,1.0,1.0,0.0,True,False,False
ALNS-A,Example6,6,1,107,116.035,0.701,destroy,destroy_random_workers_20pct,1.0,1.0,0.0,True,False,False
ALNS-A,Example6,6,1,107,116.035,0.701,repair,repair_gecode_fast,1.0,1.0,0.0,True,False,False
ALNS-A,Example6,6,1,108,116.851,0.817,destroy,destroy_random_workers_20pct,1.0,1.0,0.0,True,False,False
ALNS-A,Example6,6,1,108,116.851,0.817,repair,repair_chuffed_fast,1.0,1.0,0.0,True,False,False
ALNS-A,Example6,6,1,109,119.464,2.612,destroy,destroy_worst_workers_30pct,1.0,1.0,0.0,True,False,False
ALNS-A,Example6,6,1,109,119.464,2.612,repair,repair_gecode_fast,1.0,1.0,0.0,True,False,False
ALNS-A,Example6,6,1,110,121.857,2.394,destroy,destroy_worst_workers_30pct,1.0,1.0,0.0,True,False,False
ALNS-A,Example6,6,1,110,121.857,2.394,repair,repair_gecode_fast,1.0,1.0,0.0,True,False,False
ALNS-A,Example6,6,1,111,122.408,0.55,destroy,destroy_exploration,1.0,1.0,0.0,True,False,True
ALNS-A,Example6,6,1,111,122.408,0.55,repair,repair_exploration,1.0,1.0,0.0,True,False,True
ALNS-A,Example6,6,1,112,122.97,0.562,destroy,destroy_exploration,1.0,1.0,0.0,True,False,True
ALNS-A,Example6,6,1,112,122.97,0.562,repair,repair_exploration,1.0,1.0,0.0,True,False,True
ALNS-A,Example6,6,1,113,123.657,0.687,destroy,destroy_random_days_20pct,1.0,1.0,0.0,True,False,False
ALNS-A,Example6,6,1,113,123.657,0.687,repair,repair_gecode_fast,1.0,1.0,0.0,True,False,False
ALNS-A,Example6,6,1,114,124.222,0.565,destroy,destroy_random_window_20pct,1.0,1.0,0.0,True,False,False
ALNS-A,Example6,6,1,114,124.222,0.565,repair,repair_chuffed_fast,1.0,1.0,0.0,True,False,False
ALNS-A,Example6,6,1,115,125.467,1.245,destroy,destroy_worst_workers_30pct,1.0,1.0,0.0,True,False,False
ALNS-A,Example6,6,1,115,125.467,1.245,repair,repair_gecode_long,1.0,1.0,0.0,True,False,False
ALNS-A,Example6,6,1,116,135.532,10.065,destroy,destroy_worst_workers_30pct,1.0,1.0,0.0,True,False,False
ALNS-A,Example6,6,1,116,135.532,10.065,repair,repair_gecode_long,1.0,1.0,0.0,True,False,False
ALNS-A,Example6,6,1,117,138.912,3.38,destroy,destroy_worst_days_30pct,1.0,14.0,13.0,False,False,False
ALNS-A,Example6,6,1,117,138.912,3.38,repair,repair_chuffed_fast,1.0,14.0,13.0,False,False,False
ALNS-A,Example6,6,1,118,151.352,12.44,destroy,destroy_worst_days_30pct,1.0,1.0,0.0,True,False,False
ALNS-A,Example6,6,1,118,151.352,12.44,repair,repair_chuffed_long,1.0,1.0,0.0,True,False,False
ALNS-A,Example6,6,1,119,151.914,0.562,destroy,destroy_random_window_20pct,1.0,1.0,0.0,True,False,False
ALNS-A,Example6,6,1,119,151.914,0.562,repair,repair_gecode_fast,1.0,1.0,0.0,True,False,False
ALNS-A,Example6,6,1,120,153.201,1.287,destroy,destroy_worst_workers_30pct,1.0,1.0,0.0,True,False,False
ALNS-A,Example6,6,1,120,153.201,1.287,repair,repair_gecode_fast,1.0,1.0,0.0,True,False,False
ALNS-A,Example6,6,1,121,153.835,0.634,destroy,destroy_exploration,1.0,1.0,0.0,True,False,True
ALNS-A,Example6,6,1,121,153.835,0.634,repair,repair_exploration,1.0,1.0,0.0,True,False,True
ALNS-A,Example6,6,1,122,154.396,0.562,destroy,destroy_exploration,1.0,1.0,0.0,True,False,True
ALNS-A,Example6,6,1,122,154.396,0.562,repair,repair_exploration,1.0,1.0,0.0,True,False,True
ALNS-A,Example6,6,1,123,155.169,0.773,destroy,destroy_random_window_20pct,1.0,1.0,0.0,True,False,False
ALNS-A,Example6,6,1,123,155.169,0.773,repair,repair_gecode_long,1.0,1.0,0.0,True,False,False
ALNS-A,Example6,6,1,124,155.737,0.568,destroy,destroy_random_window_20pct,1.0,1.0,0.0,True,False,False
ALNS-A,Example6,6,1,124,155.737,0.568,repair,repair_gecode_fast,1.0,1.0,0.0,True,False,False
ALNS-A,Example6,6,1,125,159.17,3.433,destroy,destroy_streak_around_worst_worker,1.0,7.0,6.0,False,False,False
ALNS-A,Example6,6,1,125,159.17,3.433,repair,repair_chuffed_fast,1.0,7.0,6.0,False,False,False
ALNS-A,Example6,6,1,126,171.182,12.012,destroy,destroy_worst_days_30pct,1.0,1.0,0.0,True,False,False
ALNS-A,Example6,6,1,126,171.182,12.012,repair,repair_chuffed_long,1.0,1.0,0.0,True,False,False
ALNS-A,Example6,6,1,127,171.804,0.622,destroy,destroy_random_window_20pct,1.0,1.0,0.0,True,False,False
ALNS-A,Example6,6,1,127,171.804,0.622,repair,repair_chuffed_fast,1.0,1.0,0.0,True,False,False
ALNS-A,Example6,6,1,128,172.486,0.682,destroy,destroy_random_days_20pct,1.0,1.0,0.0,True,False,False
ALNS-A,Example6,6,1,128,172.486,0.682,repair,repair_chuffed_fast,1.0,1.0,0.0,True,False,False
ALNS-A,Example6,6,1,129,173.233,0.746,destroy,destroy_random_workers_20pct,1.0,1.0,0.0,True,False,False
ALNS-A,Example6,6,1,129,173.233,0.746,repair,repair_gecode_fast,1.0,1.0,0.0,True,False,False
ALNS-A,Example6,6,1,130,174.504,1.271,destroy,destroy_worst_workers_30pct,1.0,1.0,0.0,True,False,False
ALNS-A,Example6,6,1,130,174.504,1.271,repair,repair_gecode_fast,1.0,1.0,0.0,True,False,False
ALNS-A,Example6,6,1,131,175.052,0.548,destroy,destroy_exploration,1.0,1.0,0.0,True,False,True
ALNS-A,Example6,6,1,131,175.052,0.548,repair,repair_exploration,1.0,1.0,0.0,True,False,True
ALNS-A,Example6,6,1,132,175.635,0.583,destroy,destroy_exploration,1.0,1.0,0.0,True,False,True
ALNS-A,Example6,6,1,132,175.635,0.583,repair,repair_exploration,1.0,1.0,0.0,True,False,True
ALNS-A,Example6,6,1,133,189.277,13.643,destroy,destroy_worst_workers_30pct,1.0,1.0,0.0,True,False,False
ALNS-A,Example6,6,1,133,189.277,13.643,repair,repair_chuffed_long,1.0,1.0,0.0,True,False,False
ALNS-A,Example6,6,2,1,0.812,0.812,destroy,destroy_worst_workers_10pct,inf,23.0,nan,True,False,False
ALNS-A,Example6,6,2,1,0.812,0.812,repair,repair_gecode_long,inf,23.0,nan,True,False,False
ALNS-A,Example6,6,2,2,4.449,3.637,destroy,destroy_all_forbidden_sequences,23.0,32.0,9.0,False,False,False
ALNS-A,Example6,6,2,2,4.449,3.637,repair,repair_chuffed_fast,23.0,32.0,9.0,False,False,False
ALNS-A,Example6,6,2,3,4.919,0.47,destroy,destroy_max_border_work,23.0,23.0,0.0,True,False,False
ALNS-A,Example6,6,2,3,4.919,0.47,repair,repair_chuffed_long,23.0,23.0,0.0,True,False,False
ALNS-A,Example6,6,2,4,8.381,3.462,destroy,destroy_all_forbidden_sequences,23.0,35.0,12.0,False,False,False
ALNS-A,Example6,6,2,4,8.381,3.462,repair,repair_chuffed_fast,23.0,35.0,12.0,False,False,False
ALNS-A,Example6,6,2,5,12.01,3.629,destroy,destroy_worst_days_30pct,23.0,27.0,4.0,False,False,False
ALNS-A,Example6,6,2,5,12.01,3.629,repair,repair_gecode_fast,23.0,27.0,4.0,False,False,False
ALNS-A,Example6,6,2,6,12.491,0.481,destroy,destroy_max_border_shift_2,23.0,23.0,0.0,True,False,False
ALNS-A,Example6,6,2,6,12.491,0.481,repair,repair_chuffed_long,23.0,23.0,0.0,True,False,False
ALNS-A,Example6,6,2,7,13.008,0.517,destroy,destroy_max_border_off,23.0,23.0,0.0,True,False,False
ALNS-A,Example6,6,2,7,13.008,0.517,repair,repair_gecode_fast,23.0,23.0,0.0,True,False,False
ALNS-A,Example6,6,2,8,13.471,0.463,destroy,destroy_max_border_shift_2,23.0,23.0,0.0,True,False,False
ALNS-A,Example6,6,2,8,13.471,0.463,repair,repair_chuffed_fast,23.0,23.0,0.0,True,False,False
ALNS-A,Example6,6,2,9,14.426,0.954,destroy,destroy_streak_around_worst_worker,23.0,20.0,-3.0,True,False,False
ALNS-A,Example6,6,2,9,14.426,0.954,repair,repair_gecode_long,23.0,20.0,-3.0,True,False,False
ALNS-A,Example6,6,2,10,15.382,0.957,destroy,destroy_random_workers_20pct,20.0,12.0,-8.0,True,False,False
ALNS-A,Example6,6,2,10,15.382,0.957,repair,repair_gecode_fast,20.0,12.0,-8.0,True,False,False
ALNS-A,Example6,6,2,11,15.852,0.469,destroy,destroy_max_border_off,12.0,12.0,0.0,True,False,False
ALNS-A,Example6,6,2,11,15.852,0.469,repair,repair_chuffed_fast,12.0,12.0,0.0,True,False,False
ALNS-A,Example6,6,2,12,16.332,0.48,destroy,destroy_max_border_shift_1,12.0,12.0,0.0,True,False,False
ALNS-A,Example6,6,2,12,16.332,0.48,repair,repair_chuffed_fast,12.0,12.0,0.0,True,False,False
ALNS-A,Example6,6,2,13,17.115,0.783,destroy,destroy_random_window_20pct,12.0,9.0,-3.0,True,False,False
ALNS-A,Example6,6,2,13,17.115,0.783,repair,repair_chuffed_fast,12.0,9.0,-3.0,True,False,False
ALNS-A,Example6,6,2,14,17.663,0.548,destroy,destroy_random_window_20pct,9.0,8.0,-1.0,True,False,False
ALNS-A,Example6,6,2,14,17.663,0.548,repair,repair_chuffed_fast,9.0,8.0,-1.0,True,False,False
ALNS-A,Example6,6,2,15,18.229,0.565,destroy,destroy_random_window_20pct,8.0,8.0,0.0,True,False,False
ALNS-A,Example6,6,2,15,18.229,0.565,repair,repair_gecode_fast,8.0,8.0,0.0,True,False,False
ALNS-A,Example6,6,2,16,21.543,3.315,destroy,destroy_worst_workers_30pct,8.0,3.0,-5.0,True,False,False
ALNS-A,Example6,6,2,16,21.543,3.315,repair,repair_chuffed_fast,8.0,3.0,-5.0,True,False,False
ALNS-A,Example6,6,2,17,22.097,0.554,destroy,destroy_all_forbidden_sequences,3.0,3.0,0.0,True,False,False
ALNS-A,Example6,6,2,17,22.097,0.554,repair,repair_gecode_long,3.0,3.0,0.0,True,False,False
ALNS-A,Example6,6,2,18,26.432,4.335,destroy,destroy_worst_days_30pct,3.0,3.0,0.0,True,False,False
ALNS-A,Example6,6,2,18,26.432,4.335,repair,repair_gecode_long,3.0,3.0,0.0,True,False,False
ALNS-A,Example6,6,2,19,27.185,0.753,destroy,destroy_random_days_20pct,3.0,3.0,0.0,True,False,False
ALNS-A,Example6,6,2,19,27.185,0.753,repair,repair_gecode_fast,3.0,3.0,0.0,True,False,False
ALNS-A,Example6,6,2,20,29.43,2.245,destroy,destroy_streak_around_worst_worker,3.0,1.0,-2.0,True,False,False
ALNS-A,Example6,6,2,20,29.43,2.245,repair,repair_chuffed_fast,3.0,1.0,-2.0,True,False,False
ALNS-A,Example6,6,2,21,32.829,3.4,destroy,destroy_worst_days_30pct,1.0,5.0,4.0,True,False,False
ALNS-A,Example6,6,2,21,32.829,3.4,repair,repair_chuffed_fast,1.0,5.0,4.0,True,False,False
ALNS-A,Example6,6,2,22,33.318,0.488,destroy,destroy_max_border_off,5.0,5.0,0.0,True,False,False
ALNS-A,Example6,6,2,22,33.318,0.488,repair,repair_chuffed_fast,5.0,5.0,0.0,True,False,False
ALNS-A,Example6,6,2,23,34.318,1.0,destroy,destroy_streak_around_worst_worker,5.0,3.0,-2.0,True,False,False
ALNS-A,Example6,6,2,23,34.318,1.0,repair,repair_chuffed_fast,5.0,3.0,-2.0,True,False,False
ALNS-A,Example6,6,2,24,35.486,1.168,destroy,destroy_worst_days_30pct,3.0,3.0,0.0,True,False,False
ALNS-A,Example6,6,2,24,35.486,1.168,repair,repair_chuffed_fast,3.0,3.0,0.0,True,False,False
ALNS-A,Example6,6,2,25,36.182,0.695,destroy,destroy_streak_around_worst_worker,3.0,3.0,0.0,True,False,False
ALNS-A,Example6,6,2,25,36.182,0.695,repair,repair_chuffed_fast,3.0,3.0,0.0,True,False,False
ALNS-A,Example6,6,2,26,36.721,0.54,destroy,destroy_max_border_off,3.0,3.0,0.0,True,False,False
ALNS-A,Example6,6,2,26,36.721,0.54,repair,repair_gecode_fast,3.0,3.0,0.0,True,False,False
ALNS-A,Example6,6,2,27,39.006,2.285,destroy,destroy_streak_around_worst_worker,3.0,3.0,0.0,True,False,False
ALNS-A,Example6,6,2,27,39.006,2.285,repair,repair_chuffed_fast,3.0,3.0,0.0,True,False,False
ALNS-A,Example6,6,2,28,39.497,0.491,destroy,destroy_all_forbidden_sequences,3.0,3.0,0.0,True,False,False
ALNS-A,Example6,6,2,28,39.497,0.491,repair,repair_chuffed_fast,3.0,3.0,0.0,True,False,False
ALNS-A,Example6,6,2,29,41.387,1.89,destroy,destroy_worst_workers_30pct,3.0,3.0,0.0,True,False,False
ALNS-A,Example6,6,2,29,41.387,1.89,repair,repair_gecode_long,3.0,3.0,0.0,True,False,False
ALNS-A,Example6,6,2,30,43.073,1.685,destroy,destroy_worst_workers_30pct,3.0,1.0,-2.0,True,False,False
ALNS-A,Example6,6,2,30,43.073,1.685,repair,repair_chuffed_long,3.0,1.0,-2.0,True,False,False
ALNS-A,Example6,6,2,31,44.043,0.971,destroy,destroy_worst_workers_30pct,1.0,1.0,0.0,True,False,False
ALNS-A,Example6,6,2,31,44.043,0.971,repair,repair_gecode_fast,1.0,1.0,0.0,True,False,False
ALNS-A,Example6,6,2,32,44.983,0.939,destroy,destroy_worst_days_30pct,1.0,1.0,0.0,True,False,False
ALNS-A,Example6,6,2,32,44.983,0.939,repair,repair_gecode_long,1.0,1.0,0.0,True,False,False
ALNS-A,Example6,6,2,33,48.083,3.1,destroy,destroy_worst_workers_30pct,1.0,1.0,0.0,True,False,False
ALNS-A,Example6,6,2,33,48.083,3.1,repair,repair_chuffed_long,1.0,1.0,0.0,True,False,False
ALNS-A,Example6,6,2,34,50.085,2.002,destroy,destroy_streak_around_worst_worker,1.0,1.0,0.0,True,False,False
ALNS-A,Example6,6,2,34,50.085,2.002,repair,repair_chuffed_fast,1.0,1.0,0.0,True,False,False
ALNS-A,Example6,6,2,35,53.095,3.01,destroy,destroy_worst_workers_30pct,1.0,1.0,0.0,True,False,False
ALNS-A,Example6,6,2,35,53.095,3.01,repair,repair_chuffed_long,1.0,1.0,0.0,True,False,False
ALNS-A,Example6,6,2,36,54.149,1.054,destroy,destroy_worst_days_30pct,1.0,1.0,0.0,True,False,False
ALNS-A,Example6,6,2,36,54.149,1.054,repair,repair_gecode_fast,1.0,1.0,0.0,True,False,False
ALNS-A,Example6,6,2,37,54.983,0.835,destroy,destroy_random_workers_20pct,1.0,1.0,0.0,True,False,False
ALNS-A,Example6,6,2,37,54.983,0.835,repair,repair_chuffed_fast,1.0,1.0,0.0,True,False,False
ALNS-A,Example6,6,2,38,56.329,1.345,destroy,destroy_worst_workers_30pct,1.0,1.0,0.0,True,False,False
ALNS-A,Example6,6,2,38,56.329,1.345,repair,repair_gecode_long,1.0,1.0,0.0,True,False,False
ALNS-A,Example6,6,2,39,57.43,1.102,destroy,destroy_worst_days_30pct,1.0,1.0,0.0,True,False,False
ALNS-A,Example6,6,2,39,57.43,1.102,repair,repair_chuffed_long,1.0,1.0,0.0,True,False,False
ALNS-A,Example6,6,2,40,61.286,3.855,destroy,destroy_worst_workers_30pct,1.0,1.0,0.0,True,False,False
ALNS-A,Example6,6,2,40,61.286,3.855,repair,repair_chuffed_long,1.0,1.0,0.0,True,False,False
ALNS-A,Example6,6,2,41,61.926,0.641,destroy,destroy_exploration,1.0,1.0,0.0,True,False,True
ALNS-A,Example6,6,2,41,61.926,0.641,repair,repair_exploration,1.0,1.0,0.0,True,False,True
ALNS-A,Example6,6,2,42,62.563,0.637,destroy,destroy_exploration,1.0,1.0,0.0,True,False,True
ALNS-A,Example6,6,2,42,62.563,0.637,repair,repair_exploration,1.0,1.0,0.0,True,False,True
ALNS-A,Example6,6,2,43,63.13,0.567,destroy,destroy_random_window_20pct,1.0,1.0,0.0,True,False,False
ALNS-A,Example6,6,2,43,63.13,0.567,repair,repair_chuffed_fast,1.0,1.0,0.0,True,False,False
ALNS-A,Example6,6,2,44,64.984,1.853,destroy,destroy_worst_workers_30pct,1.0,1.0,0.0,True,False,False
ALNS-A,Example6,6,2,44,64.984,1.853,repair,repair_chuffed_fast,1.0,1.0,0.0,True,False,False
ALNS-A,Example6,6,2,45,80.44,15.456,destroy,destroy_streak_around_worst_worker,1.0,16.0,15.0,True,False,False
ALNS-A,Example6,6,2,45,80.44,15.456,repair,repair_chuffed_long,1.0,16.0,15.0,True,False,False
ALNS-A,Example6,6,2,46,81.52,1.08,destroy,destroy_random_workers_20pct,16.0,16.0,0.0,True,False,False
ALNS-A,Example6,6,2,46,81.52,1.08,repair,repair_gecode_fast,16.0,16.0,0.0,True,False,False
ALNS-A,Example6,6,2,47,82.349,0.828,destroy,destroy_random_window_20pct,16.0,12.0,-4.0,True,False,False
ALNS-A,Example6,6,2,47,82.349,0.828,repair,repair_chuffed_fast,16.0,12.0,-4.0,True,False,False
ALNS-A,Example6,6,2,48,85.735,3.386,destroy,destroy_worst_days_30pct,12.0,24.0,12.0,True,False,False
ALNS-A,Example6,6,2,48,85.735,3.386,repair,repair_chuffed_fast,12.0,24.0,12.0,True,False,False
ALNS-A,Example6,6,2,49,86.844,1.11,destroy,destroy_streak_around_worst_worker,24.0,4.0,-20.0,True,False,False
ALNS-A,Example6,6,2,49,86.844,1.11,repair,repair_chuffed_fast,24.0,4.0,-20.0,True,False,False
ALNS-A,Example6,6,2,50,93.556,6.711,destroy,destroy_worst_workers_30pct,4.0,4.0,0.0,True,False,False
ALNS-A,Example6,6,2,50,93.556,6.711,repair,repair_chuffed_long,4.0,4.0,0.0,True,False,False
ALNS-A,Example6,6,2,51,94.109,0.553,destroy,destroy_all_forbidden_sequences,4.0,4.0,0.0,True,False,False
ALNS-A,Example6,6,2,51,94.109,0.553,repair,repair_gecode_fast,4.0,4.0,0.0,True,False,False
ALNS-A,Example6,6,2,52,94.671,0.563,destroy,destroy_random_window_20pct,4.0,4.0,0.0,True,False,False
ALNS-A,Example6,6,2,52,94.671,0.563,repair,repair_gecode_fast,4.0,4.0,0.0,True,False,False
ALNS-A,Example6,6,2,53,100.613,5.942,destroy,destroy_worst_days_30pct,4.0,4.0,0.0,True,False,False
ALNS-A,Example6,6,2,53,100.613,5.942,repair,repair_chuffed_long,4.0,4.0,0.0,True,False,False
ALNS-A,Example6,6,2,54,101.162,0.549,destroy,destroy_random_window_20pct,4.0,4.0,0.0,True,False,False
ALNS-A,Example6,6,2,54,101.162,0.549,repair,repair_chuffed_long,4.0,4.0,0.0,True,False,False
ALNS-A,Example6,6,2,55,102.153,0.991,destroy,destroy_random_workers_20pct,4.0,3.0,-1.0,True,False,False
ALNS-A,Example6,6,2,55,102.153,0.991,repair,repair_chuffed_fast,4.0,3.0,-1.0,True,False,False
ALNS-A,Example6,6,2,56,102.734,0.58,destroy,destroy_random_window_20pct,3.0,3.0,0.0,True,False,False
ALNS-A,Example6,6,2,56,102.734,0.58,repair,repair_chuffed_fast,3.0,3.0,0.0,True,False,False
ALNS-A,Example6,6,2,57,103.336,0.602,destroy,destroy_random_window_20pct,3.0,2.0,-1.0,True,False,False
ALNS-A,Example6,6,2,57,103.336,0.602,repair,repair_chuffed_long,3.0,2.0,-1.0,True,False,False
ALNS-A,Example6,6,2,58,104.139,0.804,destroy,destroy_streak_around_worst_worker,2.0,1.0,-1.0,True,False,False
ALNS-A,Example6,6,2,58,104.139,0.804,repair,repair_chuffed_long,2.0,1.0,-1.0,True,False,False
ALNS-A,Example6,6,2,59,104.721,0.581,destroy,destroy_random_window_20pct,1.0,1.0,0.0,True,False,False
ALNS-A,Example6,6,2,59,104.721,0.581,repair,repair_chuffed_fast,1.0,1.0,0.0,True,False,False
ALNS-A,Example6,6,2,60,120.138,15.418,destroy,destroy_streak_around_worst_worker,1.0,21.0,20.0,False,False,False
ALNS-A,Example6,6,2,60,120.138,15.418,repair,repair_gecode_long,1.0,21.0,20.0,False,False,False
ALNS-A,Example6,6,2,61,120.89,0.752,destroy,destroy_random_workers_20pct,1.0,1.0,0.0,True,False,False
ALNS-A,Example6,6,2,61,120.89,0.752,repair,repair_chuffed_fast,1.0,1.0,0.0,True,False,False
ALNS-A,Example6,6,2,62,122.752,1.862,destroy,destroy_worst_days_30pct,1.0,1.0,0.0,True,False,False
ALNS-A,Example6,6,2,62,122.752,1.862,repair,repair_gecode_fast,1.0,1.0,0.0,True,False,False
ALNS-A,Example6,6,2,63,124.848,2.095,destroy,destroy_worst_workers_30pct,1.0,1.0,0.0,True,False,False
ALNS-A,Example6,6,2,63,124.848,2.095,repair,repair_chuffed_fast,1.0,1.0,0.0,True,False,False
ALNS-A,Example6,6,2,64,125.526,0.678,destroy,destroy_random_workers_20pct,1.0,1.0,0.0,True,False,False
ALNS-A,Example6,6,2,64,125.526,0.678,repair,repair_chuffed_long,1.0,1.0,0.0,True,False,False
ALNS-A,Example6,6,2,65,126.085,0.559,destroy,destroy_worst_days_10pct,1.0,1.0,0.0,True,False,False
ALNS-A,Example6,6,2,65,126.085,0.559,repair,repair_chuffed_fast,1.0,1.0,0.0,True,False,False
ALNS-A,Example6,6,2,66,129.905,3.82,destroy,destroy_worst_workers_30pct,1.0,1.0,0.0,True,False,False
ALNS-A,Example6,6,2,66,129.905,3.82,repair,repair_chuffed_long,1.0,1.0,0.0,True,False,False
ALNS-A,Example6,6,2,67,130.56,0.655,destroy,destroy_random_workers_20pct,1.0,1.0,0.0,True,False,False
ALNS-A,Example6,6,2,67,130.56,0.655,repair,repair_gecode_long,1.0,1.0,0.0,True,False,False
ALNS-A,Example6,6,2,68,133.073,2.513,destroy,destroy_worst_days_30pct,1.0,1.0,0.0,True,False,False
ALNS-A,Example6,6,2,68,133.073,2.513,repair,repair_chuffed_fast,1.0,1.0,0.0,True,False,False
ALNS-A,Example6,6,2,69,133.64,0.567,destroy,destroy_exploration,1.0,1.0,0.0,True,False,True
ALNS-A,Example6,6,2,69,133.64,0.567,repair,repair_exploration,1.0,1.0,0.0,True,False,True
ALNS-A,Example6,6,2,70,134.206,0.566,destroy,destroy_exploration,1.0,1.0,0.0,True,False,True
ALNS-A,Example6,6,2,70,134.206,0.566,repair,repair_exploration,1.0,1.0,0.0,True,False,True
ALNS-A,Example6,6,2,71,134.838,0.632,destroy,destroy_streak_around_worst_worker,1.0,1.0,0.0,True,False,False
ALNS-A,Example6,6,2,71,134.838,0.632,repair,repair_chuffed_long,1.0,1.0,0.0,True,False,False
ALNS-A,Example6,6,2,72,139.56,4.722,destroy,destroy_worst_workers_30pct,1.0,1.0,0.0,True,False,False
ALNS-A,Example6,6,2,72,139.56,4.722,repair,repair_gecode_long,1.0,1.0,0.0,True,False,False
ALNS-A,Example6,6,2,73,140.152,0.592,destroy,destroy_random_window_20pct,1.0,1.0,0.0,True,False,False
ALNS-A,Example6,6,2,73,140.152,0.592,repair,repair_gecode_fast,1.0,1.0,0.0,True,False,False
ALNS-A,Example6,6,2,74,140.771,0.619,destroy,destroy_random_window_20pct,1.0,1.0,0.0,True,False,False
ALNS-A,Example6,6,2,74,140.771,0.619,repair,repair_gecode_long,1.0,1.0,0.0,True,False,False
ALNS-A,Example6,6,2,75,141.426,0.655,destroy,destroy_random_workers_20pct,1.0,1.0,0.0,True,False,False
ALNS-A,Example6,6,2,75,141.426,0.655,repair,repair_gecode_fast,1.0,1.0,0.0,True,False,False
ALNS-A,Example6,6,2,76,142.074,0.648,destroy,destroy_random_workers_20pct,1.0,1.0,0.0,True,False,False
ALNS-A,Example6,6,2,76,142.074,0.648,repair,repair_chuffed_long,1.0,1.0,0.0,True,False,False
ALNS-A,Example6,6,2,77,143.202,1.128,destroy,destroy_random_window_20pct,1.0,1.0,0.0,True,False,False
ALNS-A,Example6,6,2,77,143.202,1.128,repair,repair_chuffed_fast,1.0,1.0,0.0,True,False,False
ALNS-A,Example6,6,2,78,143.939,0.737,destroy,destroy_random_workers_20pct,1.0,1.0,0.0,True,False,False
ALNS-A,Example6,6,2,78,143.939,0.737,repair,repair_gecode_fast,1.0,1.0,0.0,True,False,False
ALNS-A,Example6,6,2,79,144.595,0.656,destroy,destroy_exploration,1.0,1.0,0.0,True,False,True
ALNS-A,Example6,6,2,79,144.595,0.656,repair,repair_exploration,1.0,1.0,0.0,True,False,True
ALNS-A,Example6,6,2,80,145.121,0.527,destroy,destroy_exploration,1.0,1.0,0.0,True,False,True
ALNS-A,Example6,6,2,80,145.121,0.527,repair,repair_exploration,1.0,1.0,0.0,True,False,True
ALNS-A,Example6,6,2,81,146.943,1.822,destroy,destroy_worst_workers_30pct,1.0,1.0,0.0,True,False,False
ALNS-A,Example6,6,2,81,146.943,1.822,repair,repair_gecode_fast,1.0,1.0,0.0,True,False,False
ALNS-A,Example6,6,2,82,149.791,2.847,destroy,destroy_worst_workers_30pct,1.0,0.0,-1.0,True,False,False
ALNS-A,Example6,6,2,82,149.791,2.847,repair,repair_chuffed_fast,1.0,0.0,-1.0,True,False,False
ALNS-A,Example7,7,0,1,16.55,16.55,destroy,destroy_max_border_off,inf,416.0,nan,True,False,False
ALNS-A,Example7,7,0,1,16.55,16.55,repair,repair_chuffed_long,inf,416.0,nan,True,False,False
ALNS-A,Example7,7,0,2,20.337,3.787,destroy,destroy_random_window_20pct,416.0,164.0,-252.0,True,False,False
ALNS-A,Example7,7,0,2,20.337,3.787,repair,repair_gecode_fast,416.0,164.0,-252.0,True,False,False
ALNS-A,Example7,7,0,3,36.952,16.615,destroy,destroy_random_window_20pct,164.0,244.0,80.0,False,False,False
ALNS-A,Example7,7,0,3,36.952,16.615,repair,repair_chuffed_long,164.0,244.0,80.0,False,False,False
ALNS-A,Example7,7,0,4,40.482,3.53,destroy,destroy_worst_workers_30pct,164.0,202.0,38.0,False,False,False
ALNS-A,Example7,7,0,4,40.482,3.53,repair,repair_gecode_fast,164.0,202.0,38.0,False,False,False
ALNS-A,Example7,7,0,5,48.16,7.678,destroy,destroy_all_forbidden_sequences,164.0,121.0,-43.0,True,False,False
ALNS-A,Example7,7,0,5,48.16,7.678,repair,repair_chuffed_long,164.0,121.0,-43.0,True,False,False
ALNS-A,Example7,7,0,6,63.992,15.832,destroy,destroy_random_window_20pct,121.0,326.0,205.0,False,False,False
ALNS-A,Example7,7,0,6,63.992,15.832,repair,repair_chuffed_long,121.0,326.0,205.0,False,False,False
ALNS-A,Example7,7,0,7,67.462,3.47,destroy,destroy_random_workers_20pct,121.0,162.0,41.0,False,False,False
ALNS-A,Example7,7,0,7,67.462,3.47,repair,repair_gecode_fast,121.0,162.0,41.0,False,False,False
ALNS-A,Example7,7,0,8,71.365,3.903,destroy,destroy_random_workers_20pct,121.0,120.0,-1.0,True,False,False
ALNS-A,Example7,7,0,8,71.365,3.903,repair,repair_chuffed_fast,121.0,120.0,-1.0,True,False,False
ALNS-A,Example7,7,0,9,75.798,4.433,destroy,destroy_worst_workers_30pct,120.0,157.0,37.0,False,False,False
ALNS-A,Example7,7,0,9,75.798,4.433,repair,repair_chuffed_fast,120.0,157.0,37.0,False,False,False
ALNS-A,Example7,7,0,10,79.899,4.101,destroy,destroy_random_window_20pct,120.0,333.0,213.0,False,False,False
ALNS-A,Example7,7,0,10,79.899,4.101,repair,repair_chuffed_fast,120.0,333.0,213.0,False,False,False
ALNS-A,Example7,7,0,11,95.384,15.485,destroy,destroy_max_border_off,120.0,82.0,-38.0,True,False,False
ALNS-A,Example7,7,0,11,95.384,15.485,repair,repair_gecode_long,120.0,82.0,-38.0,True,False,False
ALNS-A,Example7,7,0,12,96.531,1.146,destroy,destroy_all_forbidden_sequences,82.0,82.0,0.0,True,False,False
ALNS-A,Example7,7,0,12,96.531,1.146,repair,repair_chuffed_fast,82.0,82.0,0.0,True,False,False
ALNS-A,Example7,7,0,13,100.067,3.536,destroy,destroy_random_workers_20pct,82.0,112.0,30.0,False,False,False
ALNS-A,Example7,7,0,13,100.067,3.536,repair,repair_gecode_fast,82.0,112.0,30.0,False,False,False
ALNS-A,Example7,7,0,14,104.235,4.169,destroy,destroy_random_workers_20pct,82.0,119.0,37.0,False,False,False
ALNS-A,Example7,7,0,14,104.235,4.169,repair,repair_chuffed_fast,82.0,119.0,37.0,False,False,False
ALNS-A,Example7,7,0,15,120.312,16.076,destroy,destroy_random_workers_20pct,82.0,106.0,24.0,False,False,False
ALNS-A,Example7,7,0,15,120.312,16.076,repair,repair_chuffed_long,82.0,106.0,24.0,False,False,False
ALNS-A,Example7,7,0,16,136.809,16.497,destroy,destroy_random_window_20pct,82.0,632.0,550.0,False,False,False
ALNS-A,Example7,7,0,16,136.809,16.497,repair,repair_chuffed_long,82.0,632.0,550.0,False,False,False
ALNS-A,Example7,7,0,17,141.327,4.518,destroy,destroy_streak_around_worst_worker,82.0,197.0,115.0,False,False,False
ALNS-A,Example7,7,0,17,141.327,4.518,repair,repair_chuffed_fast,82.0,197.0,115.0,False,False,False
ALNS-A,Example7,7,0,18,145.323,3.995,destroy,destroy_random_window_20pct,82.0,140.0,58.0,False,False,False
ALNS-A,Example7,7,0,18,145.323,3.995,repair,repair_chuffed_fast,82.0,140.0,58.0,False,False,False
ALNS-A,Example7,7,0,19,161.818,16.496,destroy,destroy_random_window_20pct,82.0,188.0,106.0,False,False,False
ALNS-A,Example7,7,0,19,161.818,16.496,repair,repair_chuffed_long,82.0,188.0,106.0,False,False,False
ALNS-A,Example7,7,0,20,165.817,3.998,destroy,destroy_random_workers_20pct,82.0,102.0,20.0,False,False,False
ALNS-A,Example7,7,0,20,165.817,3.998,repair,repair_chuffed_fast,82.0,102.0,20.0,False,False,False
ALNS-A,Example7,7,0,21,170.276,4.459,destroy,destroy_streak_around_worst_worker,82.0,260.0,178.0,False,False,False
ALNS-A,Example7,7,0,21,170.276,4.459,repair,repair_chuffed_fast,82.0,260.0,178.0,False,False,False
ALNS-A,Example7,7,0,22,221.08,50.804,destroy,destroy_exploration,82.0,93.0,11.0,False,False,True
ALNS-A,Example7,7,0,22,221.08,50.804,repair,repair_exploration,82.0,93.0,11.0,False,False,True
ALNS-A,Example7,7,1,1,4.581,4.581,destroy,destroy_max_border_off,inf,418.0,nan,True,False,False
ALNS-A,Example7,7,1,1,4.581,4.581,repair,repair_chuffed_fast,inf,418.0,nan,True,False,False
ALNS-A,Example7,7,1,2,9.061,4.479,destroy,destroy_worst_workers_30pct,418.0,288.0,-130.0,True,False,False
ALNS-A,Example7,7,1,2,9.061,4.479,repair,repair_chuffed_fast,418.0,288.0,-130.0,True,False,False
ALNS-A,Example7,7,1,3,13.605,4.544,destroy,destroy_max_border_off,288.0,238.0,-50.0,True,False,False
ALNS-A,Example7,7,1,3,13.605,4.544,repair,repair_chuffed_fast,288.0,238.0,-50.0,True,False,False
ALNS-A,Example7,7,1,4,18.135,4.531,destroy,destroy_random_window_20pct,238.0,370.0,132.0,False,False,False
ALNS-A,Example7,7,1,4,18.135,4.531,repair,repair_chuffed_fast,238.0,370.0,132.0,False,False,False
ALNS-A,Example7,7,1,5,21.92,3.785,destroy,destroy_random_window_20pct,238.0,238.0,0.0,True,False,False
ALNS-A,Example7,7,1,5,21.92,3.785,repair,repair_chuffed_fast,238.0,238.0,0.0,True,False,False
ALNS-A,Example7,7,1,6,25.891,3.971,destroy,destroy_random_window_20pct,238.0,267.0,29.0,False,False,False
ALNS-A,Example7,7,1,6,25.891,3.971,repair,repair_chuffed_fast,238.0,267.0,29.0,False,False,False
ALNS-A,Example7,7,1,7,26.945,1.054,destroy,destroy_all_forbidden_sequences,238.0,235.0,-3.0,True,False,False
ALNS-A,Example7,7,1,7,26.945,1.054,repair,repair_chuffed_fast,238.0,235.0,-3.0,True,False,False
ALNS-A,Example7,7,1,8,30.81,3.864,destroy,destroy_random_window_20pct,235.0,243.0,8.0,False,False,False
ALNS-A,Example7,7,1,8,30.81,3.864,repair,repair_chuffed_fast,235.0,243.0,8.0,False,False,False
ALNS-A,Example7,7,1,9,34.673,3.864,destroy,destroy_random_window_20pct,235.0,334.0,99.0,False,False,False
ALNS-A,Example7,7,1,9,34.673,3.864,repair,repair_gecode_fast,235.0,334.0,99.0,False,False,False
ALNS-A,Example7,7,1,10,39.286,4.613,destroy,destroy_max_border_off,235.0,176.0,-59.0,True,False,False
ALNS-A,Example7,7,1,10,39.286,4.613,repair,repair_chuffed_fast,235.0,176.0,-59.0,True,False,False
ALNS-A,Example7,7,1,11,42.813,3.527,destroy,destroy_random_window_20pct,176.0,209.0,33.0,False,False,False
ALNS-A,Example7,7,1,11,42.813,3.527,repair,repair_gecode_fast,176.0,209.0,33.0,False,False,False
ALNS-A,Example7,7,1,12,47.209,4.396,destroy,destroy_random_window_20pct,176.0,228.0,52.0,False,False,False
ALNS-A,Example7,7,1,12,47.209,4.396,repair,repair_chuffed_fast,176.0,228.0,52.0,False,False,False
ALNS-A,Example7,7,1,13,51.137,3.928,destroy,destroy_random_workers_20pct,176.0,195.0,19.0,False,False,False
ALNS-A,Example7,7,1,13,51.137,3.928,repair,repair_chuffed_fast,176.0,195.0,19.0,False,False,False
ALNS-A,Example7,7,1,14,54.97,3.834,destroy,destroy_random_window_20pct,176.0,202.0,26.0,False,False,False
ALNS-A,Example7,7,1,14,54.97,3.834,repair,repair_chuffed_fast,176.0,202.0,26.0,False,False,False
ALNS-A,Example7,7,1,15,58.894,3.924,destroy,destroy_random_workers_20pct,176.0,304.0,128.0,False,False,False
ALNS-A,Example7,7,1,15,58.894,3.924,repair,repair_chuffed_fast,176.0,304.0,128.0,False,False,False
ALNS-A,Example7,7,1,16,62.409,3.515,destroy,destroy_random_window_20pct,176.0,195.0,19.0,False,False,False
ALNS-A,Example7,7,1,16,62.409,3.515,repair,repair_gecode_fast,176.0,195.0,19.0,False,False,False
ALNS-A,Example7,7,1,17,66.401,3.993,destroy,destroy_random_window_20pct,176.0,223.0,47.0,False,False,False
ALNS-A,Example7,7,1,17,66.401,3.993,repair,repair_chuffed_fast,176.0,223.0,47.0,False,False,False
ALNS-A,Example7,7,1,18,70.867,4.466,destroy,destroy_random_window_20pct,176.0,347.0,171.0,False,False,False
ALNS-A,Example7,7,1,18,70.867,4.466,repair,repair_chuffed_fast,176.0,347.0,171.0,False,False,False
ALNS-A,Example7,7,1,19,71.808,0.941,destroy,destroy_all_forbidden_sequences,176.0,176.0,0.0,True,False,False
ALNS-A,Example7,7,1,19,71.808,0.941,repair,repair_chuffed_fast,176.0,176.0,0.0,True,False,False
ALNS-A,Example7,7,1,20,75.736,3.928,destroy,destroy_random_window_20pct,176.0,212.0,36.0,False,False,False
ALNS-A,Example7,7,1,20,75.736,3.928,repair,repair_chuffed_fast,176.0,212.0,36.0,False,False,False
ALNS-A,Example7,7,1,21,126.502,50.765,destroy,destroy_exploration,176.0,169.0,-7.0,True,False,True
ALNS-A,Example7,7,1,21,126.502,50.765,repair,repair_exploration,176.0,169.0,-7.0,True,False,True
ALNS-A,Example7,7,1,22,177.659,51.157,destroy,destroy_exploration,169.0,223.0,54.0,False,False,True
ALNS-A,Example7,7,1,22,177.659,51.157,repair,repair_exploration,169.0,223.0,54.0,False,False,True
ALNS-A,Example7,7,1,23,181.136,3.478,destroy,destroy_max_border_off,169.0,136.0,-33.0,True,False,False
ALNS-A,Example7,7,1,23,181.136,3.478,repair,repair_gecode_fast,169.0,136.0,-33.0,True,False,False
ALNS-A,Example7,7,2,1,2.633,2.633,destroy,destroy_worst_workers_10pct,inf,506.0,nan,True,False,False
ALNS-A,Example7,7,2,1,2.633,2.633,repair,repair_gecode_long,inf,506.0,nan,True,False,False
ALNS-A,Example7,7,2,2,7.165,4.531,destroy,destroy_max_border_off,506.0,415.0,-91.0,True,False,False
ALNS-A,Example7,7,2,2,7.165,4.531,repair,repair_chuffed_fast,506.0,415.0,-91.0,True,False,False
ALNS-A,Example7,7,2,3,10.679,3.515,destroy,destroy_all_forbidden_sequences,415.0,171.0,-244.0,True,False,False
ALNS-A,Example7,7,2,3,10.679,3.515,repair,repair_gecode_fast,415.0,171.0,-244.0,True,False,False
ALNS-A,Example7,7,2,4,26.231,15.551,destroy,destroy_streak_around_worst_worker,171.0,249.0,78.0,False,False,False
ALNS-A,Example7,7,2,4,26.231,15.551,repair,repair_gecode_long,171.0,249.0,78.0,False,False,False
ALNS-A,Example7,7,2,5,29.757,3.526,destroy,destroy_random_window_20pct,171.0,231.0,60.0,False,False,False
ALNS-A,Example7,7,2,5,29.757,3.526,repair,repair_gecode_fast,171.0,231.0,60.0,False,False,False
ALNS-A,Example7,7,2,6,33.27,3.513,destroy,destroy_random_window_20pct,171.0,298.0,127.0,False,False,False
ALNS-A,Example7,7,2,6,33.27,3.513,repair,repair_gecode_fast,171.0,298.0,127.0,False,False,False
ALNS-A,Example7,7,2,7,37.184,3.914,destroy,destroy_random_workers_20pct,171.0,140.0,-31.0,True,False,False
ALNS-A,Example7,7,2,7,37.184,3.914,repair,repair_chuffed_fast,171.0,140.0,-31.0,True,False,False
ALNS-A,Example7,7,2,8,52.68,15.496,destroy,destroy_random_window_20pct,140.0,182.0,42.0,False,False,False
ALNS-A,Example7,7,2,8,52.68,15.496,repair,repair_gecode_long,140.0,182.0,42.0,False,False,False
ALNS-A,Example7,7,2,9,57.136,4.457,destroy,destroy_streak_around_worst_worker,140.0,294.0,154.0,False,False,False
ALNS-A,Example7,7,2,9,57.136,4.457,repair,repair_chuffed_fast,140.0,294.0,154.0,False,False,False
ALNS-A,Example7,7,2,10,61.505,4.368,destroy,destroy_random_window_20pct,140.0,199.0,59.0,False,False,False
ALNS-A,Example7,7,2,10,61.505,4.368,repair,repair_chuffed_fast,140.0,199.0,59.0,False,False,False
ALNS-A,Example7,7,2,11,77.209,15.705,destroy,destroy_random_workers_20pct,140.0,138.0,-2.0,True,False,False
ALNS-A,Example7,7,2,11,77.209,15.705,repair,repair_gecode_long,140.0,138.0,-2.0,True,False,False
ALNS-A,Example7,7,2,12,81.131,3.922,destroy,destroy_random_workers_20pct,138.0,198.0,60.0,False,False,False
ALNS-A,Example7,7,2,12,81.131,3.922,repair,repair_chuffed_fast,138.0,198.0,60.0,False,False,False
ALNS-A,Example7,7,2,13,85.319,4.188,destroy,destroy_max_border_off,138.0,118.0,-20.0,True,False,False
ALNS-A,Example7,7,2,13,85.319,4.188,repair,repair_chuffed_fast,138.0,118.0,-20.0,True,False,False
ALNS-A,Example7,7,2,14,101.79,16.47,destroy,destroy_streak_around_worst_worker,118.0,348.0,230.0,False,False,False
ALNS-A,Example7,7,2,14,101.79,16.47,repair,repair_chuffed_long,118.0,348.0,230.0,False,False,False
ALNS-A,Example7,7,2,15,105.674,3.885,destroy,destroy_random_window_20pct,118.0,157.0,39.0,False,False,False
ALNS-A,Example7,7,2,15,105.674,3.885,repair,repair_chuffed_fast,118.0,157.0,39.0,False,False,False
ALNS-A,Example7,7,2,16,109.46,3.786,destroy,destroy_random_window_20pct,118.0,131.0,13.0,False,False,False
ALNS-A,Example7,7,2,16,109.46,3.786,repair,repair_chuffed_fast,118.0,131.0,13.0,False,False,False
ALNS-A,Example7,7,2,17,124.944,15.484,destroy,destroy_random_workers_20pct,118.0,151.0,33.0,False,False,False
ALNS-A,Example7,7,2,17,124.944,15.484,repair,repair_gecode_long,118.0,151.0,33.0,False,False,False
ALNS-A,Example7,7,2,18,129.327,4.383,destroy,destroy_random_window_20pct,118.0,159.0,41.0,False,False,False
ALNS-A,Example7,7,2,18,129.327,4.383,repair,repair_gecode_fast,118.0,159.0,41.0,False,False,False
ALNS-A,Example7,7,2,19,145.339,16.012,destroy,destroy_random_workers_20pct,118.0,179.0,61.0,False,False,False
ALNS-A,Example7,7,2,19,145.339,16.012,repair,repair_chuffed_long,118.0,179.0,61.0,False,False,False
ALNS-A,Example7,7,2,20,148.85,3.511,destroy,destroy_random_workers_20pct,118.0,132.0,14.0,False,False,False
ALNS-A,Example7,7,2,20,148.85,3.511,repair,repair_gecode_fast,118.0,132.0,14.0,False,False,False
ALNS-A,Example7,7,2,21,149.537,0.686,destroy,destroy_all_forbidden_sequences,118.0,114.0,-4.0,True,False,False
ALNS-A,Example7,7,2,21,149.537,0.686,repair,repair_gecode_fast,118.0,114.0,-4.0,True,False,False
ALNS-A,Example7,7,2,22,165.052,15.516,destroy,destroy_random_workers_20pct,114.0,152.0,38.0,False,False,False
ALNS-A,Example7,7,2,22,165.052,15.516,repair,repair_gecode_long,114.0,152.0,38.0,False,False,False
ALNS-A,Example7,7,2,23,165.94,0.888,destroy,destroy_max_border_shift_1,114.0,114.0,0.0,True,False,False
ALNS-A,Example7,7,2,23,165.94,0.888,repair,repair_chuffed_fast,114.0,114.0,0.0,True,False,False
ALNS-A,Example7,7,2,24,182.093,16.152,destroy,destroy_max_border_off,114.0,83.0,-31.0,True,False,False
ALNS-A,Example7,7,2,24,182.093,16.152,repair,repair_chuffed_long,114.0,83.0,-31.0,True,False,False
ALNS-A,Example8,8,0,1,1.063,1.063,destroy,destroy_max_border_off,inf,65.0,nan,True,False,False
ALNS-A,Example8,8,0,1,1.063,1.063,repair,repair_chuffed_long,inf,65.0,nan,True,False,False
ALNS-A,Example8,8,0,2,4.747,3.684,destroy,destroy_random_window_20pct,65.0,55.0,-10.0,True,False,False
ALNS-A,Example8,8,0,2,4.747,3.684,repair,repair_gecode_fast,65.0,55.0,-10.0,True,False,False
ALNS-A,Example8,8,0,3,8.241,3.494,destroy,destroy_worst_days_30pct,55.0,92.0,37.0,False,False,False
ALNS-A,Example8,8,0,3,8.241,3.494,repair,repair_gecode_fast,55.0,92.0,37.0,False,False,False
ALNS-A,Example8,8,0,4,11.936,3.695,destroy,destroy_worst_days_30pct,55.0,84.0,29.0,False,False,False
ALNS-A,Example8,8,0,4,11.936,3.695,repair,repair_chuffed_fast,55.0,84.0,29.0,False,False,False
ALNS-A,Example8,8,0,5,12.563,0.627,destroy,destroy_max_border_off,55.0,52.0,-3.0,True,False,False
ALNS-A,Example8,8,0,5,12.563,0.627,repair,repair_chuffed_fast,55.0,52.0,-3.0,True,False,False
ALNS-A,Example8,8,0,6,28.206,15.643,destroy,destroy_worst_workers_30pct,52.0,60.0,8.0,False,False,False
ALNS-A,Example8,8,0,6,28.206,15.643,repair,repair_chuffed_long,52.0,60.0,8.0,False,False,False
ALNS-A,Example8,8,0,7,29.081,0.874,destroy,destroy_random_window_20pct,52.0,18.0,-34.0,True,False,False
ALNS-A,Example8,8,0,7,29.081,0.874,repair,repair_gecode_fast,52.0,18.0,-34.0,True,False,False
ALNS-A,Example8,8,0,8,32.523,3.443,destroy,destroy_random_window_20pct,18.0,43.0,25.0,False,False,False
ALNS-A,Example8,8,0,8,32.523,3.443,repair,repair_gecode_fast,18.0,43.0,25.0,False,False,False
ALNS-A,Example8,8,0,9,48.153,15.63,destroy,destroy_worst_workers_30pct,18.0,44.0,26.0,False,False,False
ALNS-A,Example8,8,0,9,48.153,15.63,repair,repair_chuffed_long,18.0,44.0,26.0,False,False,False
ALNS-A,Example8,8,0,10,50.257,2.103,destroy,destroy_all_forbidden_sequences,18.0,15.0,-3.0,True,False,False
ALNS-A,Example8,8,0,10,50.257,2.103,repair,repair_chuffed_fast,18.0,15.0,-3.0,True,False,False
ALNS-A,Example8,8,0,11,53.495,3.238,destroy,destroy_random_window_20pct,15.0,15.0,0.0,True,False,False
ALNS-A,Example8,8,0,11,53.495,3.238,repair,repair_chuffed_fast,15.0,15.0,0.0,True,False,False
ALNS-A,Example8,8,0,12,57.313,3.818,destroy,destroy_worst_days_30pct,15.0,83.0,68.0,False,False,False
ALNS-A,Example8,8,0,12,57.313,3.818,repair,repair_chuffed_fast,15.0,83.0,68.0,False,False,False
ALNS-A,Example8,8,0,13,60.801,3.488,destroy,destroy_random_workers_20pct,15.0,31.0,16.0,True,False,False
ALNS-A,Example8,8,0,13,60.801,3.488,repair,repair_gecode_fast,15.0,31.0,16.0,True,False,False
ALNS-A,Example8,8,0,14,64.421,3.62,destroy,destroy_random_window_20pct,31.0,37.0,6.0,False,False,False
ALNS-A,Example8,8,0,14,64.421,3.62,repair,repair_chuffed_fast,31.0,37.0,6.0,False,False,False
ALNS-A,Example8,8,0,15,68.305,3.884,destroy,destroy_worst_days_30pct,31.0,53.0,22.0,False,False,False
ALNS-A,Example8,8,0,15,68.305,3.884,repair,repair_chuffed_fast,31.0,53.0,22.0,False,False,False
ALNS-A,Example8,8,0,16,68.891,0.586,destroy,destroy_max_border_off,31.0,14.0,-17.0,True,False,False
ALNS-A,Example8,8,0,16,68.891,0.586,repair,repair_gecode_long,31.0,14.0,-17.0,True,False,False
ALNS-A,Example8,8,0,17,72.32,3.429,destroy,destroy_random_workers_20pct,14.0,31.0,17.0,False,False,False
ALNS-A,Example8,8,0,17,72.32,3.429,repair,repair_gecode_fast,14.0,31.0,17.0,False,False,False
ALNS-A,Example8,8,0,18,75.86,3.54,destroy,destroy_random_window_20pct,14.0,56.0,42.0,False,False,False
ALNS-A,Example8,8,0,18,75.86,3.54,repair,repair_chuffed_fast,14.0,56.0,42.0,False,False,False
ALNS-A,Example8,8,0,19,79.467,3.607,destroy,destroy_worst_workers_30pct,14.0,54.0,40.0,False,False,False
ALNS-A,Example8,8,0,19,79.467,3.607,repair,repair_chuffed_fast,14.0,54.0,40.0,False,False,False
ALNS-A,Example8,8,0,20,95.002,15.535,destroy,destroy_random_window_20pct,14.0,32.0,18.0,False,False,False
ALNS-A,Example8,8,0,20,95.002,15.535,repair,repair_chuffed_long,14.0,32.0,18.0,False,False,False
ALNS-A,Example8,8,0,21,95.753,0.751,destroy,destroy_all_forbidden_sequences,14.0,14.0,0.0,True,False,False
ALNS-A,Example8,8,0,21,95.753,0.751,repair,repair_chuffed_fast,14.0,14.0,0.0,True,False,False
ALNS-A,Example8,8,0,22,99.232,3.478,destroy,destroy_random_window_20pct,14.0,53.0,39.0,False,False,False
ALNS-A,Example8,8,0,22,99.232,3.478,repair,repair_chuffed_fast,14.0,53.0,39.0,False,False,False
ALNS-A,Example8,8,0,23,102.548,3.316,destroy,destroy_random_window_20pct,14.0,14.0,0.0,True,False,False
ALNS-A,Example8,8,0,23,102.548,3.316,repair,repair_gecode_long,14.0,14.0,0.0,True,False,False
ALNS-A,Example8,8,0,24,106.004,3.457,destroy,destroy_random_window_20pct,14.0,22.0,8.0,False,False,False
ALNS-A,Example8,8,0,24,106.004,3.457,repair,repair_chuffed_fast,14.0,22.0,8.0,False,False,False
ALNS-A,Example8,8,0,25,106.916,0.912,destroy,destroy_random_window_20pct,14.0,14.0,0.0,True,False,False
ALNS-A,Example8,8,0,25,106.916,0.912,repair,repair_chuffed_fast,14.0,14.0,0.0,True,False,False
ALNS-A,Example8,8,0,26,110.393,3.477,destroy,destroy_random_window_20pct,14.0,34.0,20.0,False,False,False
ALNS-A,Example8,8,0,26,110.393,3.477,repair,repair_chuffed_fast,14.0,34.0,20.0,False,False,False
ALNS-A,Example8,8,0,27,122.884,12.491,destroy,destroy_exploration,14.0,13.0,-1.0,True,False,True
ALNS-A,Example8,8,0,27,122.884,12.491,repair,repair_exploration,14.0,13.0,-1.0,True,False,True
ALNS-A,Example8,8,0,28,139.781,16.897,destroy,destroy_exploration,13.0,10.0,-3.0,True,False,True
ALNS-A,Example8,8,0,28,139.781,16.897,repair,repair_exploration,13.0,10.0,-3.0,True,False,True
ALNS-A,Example8,8,0,29,140.35,0.569,destroy,destroy_max_border_off,10.0,10.0,0.0,True,False,False
ALNS-A,Example8,8,0,29,140.35,0.569,repair,repair_gecode_long,10.0,10.0,0.0,True,False,False
ALNS-A,Example8,8,0,30,155.801,15.452,destroy,destroy_worst_days_30pct,10.0,66.0,56.0,False,False,False
ALNS-A,Example8,8,0,30,155.801,15.452,repair,repair_gecode_long,10.0,66.0,56.0,False,False,False
ALNS-A,Example8,8,0,31,159.463,3.661,destroy,destroy_random_window_20pct,10.0,27.0,17.0,False,False,False
ALNS-A,Example8,8,0,31,159.463,3.661,repair,repair_chuffed_fast,10.0,27.0,17.0,False,False,False
ALNS-A,Example8,8,0,32,174.913,15.451,destroy,destroy_worst_workers_30pct,10.0,50.0,40.0,False,False,False
ALNS-A,Example8,8,0,32,174.913,15.451,repair,repair_gecode_long,10.0,50.0,40.0,False,False,False
ALNS-A,Example8,8,0,33,178.453,3.539,destroy,destroy_random_window_20pct,10.0,25.0,15.0,False,False,False
ALNS-A,Example8,8,0,33,178.453,3.539,repair,repair_chuffed_fast,10.0,25.0,15.0,False,False,False
ALNS-A,Example8,8,0,34,181.757,3.304,destroy,destroy_random_workers_20pct,10.0,9.0,-1.0,True,False,False
ALNS-A,Example8,8,0,34,181.757,3.304,repair,repair_gecode_long,10.0,9.0,-1.0,True,False,False
ALNS-A,Example8,8,1,1,1.067,1.067,destroy,destroy_max_border_off,inf,65.0,nan,True,False,False
ALNS-A,Example8,8,1,1,1.067,1.067,repair,repair_chuffed_fast,inf,65.0,nan,True,False,False
ALNS-A,Example8,8,1,2,4.732,3.666,destroy,destroy_worst_workers_30pct,65.0,57.0,-8.0,True,False,False
ALNS-A,Example8,8,1,2,4.732,3.666,repair,repair_chuffed_fast,65.0,57.0,-8.0,True,False,False
ALNS-A,Example8,8,1,3,8.179,3.446,destroy,destroy_worst_days_10pct,57.0,51.0,-6.0,True,False,False
ALNS-A,Example8,8,1,3,8.179,3.446,repair,repair_chuffed_fast,57.0,51.0,-6.0,True,False,False
ALNS-A,Example8,8,1,4,9.791,1.612,destroy,destroy_worst_workers_10pct,51.0,38.0,-13.0,True,False,False
ALNS-A,Example8,8,1,4,9.791,1.612,repair,repair_gecode_fast,51.0,38.0,-13.0,True,False,False
ALNS-A,Example8,8,1,5,10.827,1.036,destroy,destroy_max_border_off,38.0,20.0,-18.0,True,False,False
ALNS-A,Example8,8,1,5,10.827,1.036,repair,repair_gecode_fast,38.0,20.0,-18.0,True,False,False
ALNS-A,Example8,8,1,6,12.797,1.97,destroy,destroy_worst_workers_10pct,20.0,19.0,-1.0,True,False,False
ALNS-A,Example8,8,1,6,12.797,1.97,repair,repair_chuffed_fast,20.0,19.0,-1.0,True,False,False
ALNS-A,Example8,8,1,7,16.49,3.693,destroy,destroy_streak_around_worst_worker,19.0,55.0,36.0,False,False,False
ALNS-A,Example8,8,1,7,16.49,3.693,repair,repair_chuffed_fast,19.0,55.0,36.0,False,False,False
ALNS-A,Example8,8,1,8,18.973,2.483,destroy,destroy_random_window_20pct,19.0,17.0,-2.0,True,False,False
ALNS-A,Example8,8,1,8,18.973,2.483,repair,repair_gecode_fast,19.0,17.0,-2.0,True,False,False
ALNS-A,Example8,8,1,9,22.426,3.454,destroy,destroy_streak_around_worst_worker,17.0,60.0,43.0,False,False,False
ALNS-A,Example8,8,1,9,22.426,3.454,repair,repair_gecode_fast,17.0,60.0,43.0,False,False,False
ALNS-A,Example8,8,1,10,25.844,3.418,destroy,destroy_random_window_20pct,17.0,38.0,21.0,False,False,False
ALNS-A,Example8,8,1,10,25.844,3.418,repair,repair_gecode_fast,17.0,38.0,21.0,False,False,False
ALNS-A,Example8,8,1,11,29.261,3.417,destroy,destroy_random_workers_20pct,17.0,33.0,16.0,False,False,False
ALNS-A,Example8,8,1,11,29.261,3.417,repair,repair_gecode_fast,17.0,33.0,16.0,False,False,False
ALNS-A,Example8,8,1,12,30.04,0.778,destroy,destroy_random_window_20pct,17.0,15.0,-2.0,True,False,False
ALNS-A,Example8,8,1,12,30.04,0.778,repair,repair_gecode_fast,17.0,15.0,-2.0,True,False,False
ALNS-A,Example8,8,1,13,30.77,0.73,destroy,destroy_all_forbidden_sequences,15.0,11.0,-4.0,True,False,False
ALNS-A,Example8,8,1,13,30.77,0.73,repair,repair_gecode_fast,15.0,11.0,-4.0,True,False,False
ALNS-A,Example8,8,1,14,31.531,0.762,destroy,destroy_random_window_20pct,11.0,11.0,0.0,True,False,False
ALNS-A,Example8,8,1,14,31.531,0.762,repair,repair_gecode_fast,11.0,11.0,0.0,True,False,False
ALNS-A,Example8,8,1,15,34.983,3.451,destroy,destroy_random_window_20pct,11.0,25.0,14.0,False,False,False
ALNS-A,Example8,8,1,15,34.983,3.451,repair,repair_chuffed_fast,11.0,25.0,14.0,False,False,False
ALNS-A,Example8,8,1,16,38.472,3.49,destroy,destroy_random_window_20pct,11.0,48.0,37.0,False,False,False
ALNS-A,Example8,8,1,16,38.472,3.49,repair,repair_chuffed_fast,11.0,48.0,37.0,False,False,False
ALNS-A,Example8,8,1,17,53.984,15.512,destroy,destroy_random_workers_20pct,11.0,22.0,11.0,False,False,False
ALNS-A,Example8,8,1,17,53.984,15.512,repair,repair_chuffed_long,11.0,22.0,11.0,False,False,False
ALNS-A,Example8,8,1,18,57.54,3.556,destroy,destroy_worst_days_30pct,11.0,79.0,68.0,False,False,False
ALNS-A,Example8,8,1,18,57.54,3.556,repair,repair_chuffed_fast,11.0,79.0,68.0,False,False,False
ALNS-A,Example8,8,1,19,61.029,3.489,destroy,destroy_random_days_20pct,11.0,49.0,38.0,False,False,False
ALNS-A,Example8,8,1,19,61.029,3.489,repair,repair_chuffed_fast,11.0,49.0,38.0,False,False,False
ALNS-A,Example8,8,1,20,64.937,3.907,destroy,destroy_streak_around_worst_worker,11.0,106.0,95.0,False,False,False
ALNS-A,Example8,8,1,20,64.937,3.907,repair,repair_gecode_fast,11.0,106.0,95.0,False,False,False
ALNS-A,Example8,8,1,21,68.588,3.651,destroy,destroy_streak_around_worst_worker,11.0,48.0,37.0,False,False,False
ALNS-A,Example8,8,1,21,68.588,3.651,repair,repair_chuffed_fast,11.0,48.0,37.0,False,False,False
ALNS-A,Example8,8,1,22,72.406,3.817,destroy,destroy_random_workers_20pct,11.0,33.0,22.0,False,False,False
ALNS-A,Example8,8,1,22,72.406,3.817,repair,repair_chuffed_fast,11.0,33.0,22.0,False,False,False
ALNS-A,Example8,8,1,23,87.871,15.465,destroy,destroy_random_window_20pct,11.0,37.0,26.0,False,False,False
ALNS-A,Example8,8,1,23,87.871,15.465,repair,repair_gecode_long,11.0,37.0,26.0,False,False,False
ALNS-A,Example8,8,1,24,95.918,8.048,destroy,destroy_exploration,11.0,11.0,0.0,True,False,True
ALNS-A,Example8,8,1,24,95.918,8.048,repair,repair_exploration,11.0,11.0,0.0,True,False,True
ALNS-A,Example8,8,1,25,104.079,8.161,destroy,destroy_exploration,11.0,10.0,-1.0,True,False,True
ALNS-A,Example8,8,1,25,104.079,8.161,repair,repair_exploration,11.0,10.0,-1.0,True,False,True
ALNS-A,Example8,8,1,26,104.766,0.687,destroy,destroy_all_forbidden_sequences,10.0,10.0,0.0,True,False,False
ALNS-A,Example8,8,1,26,104.766,0.687,repair,repair_chuffed_fast,10.0,10.0,0.0,True,False,False
ALNS-A,Example8,8,1,27,105.901,1.135,destroy,destroy_random_window_20pct,10.0,10.0,0.0,True,False,False
ALNS-A,Example8,8,1,27,105.901,1.135,repair,repair_chuffed_fast,10.0,10.0,0.0,True,False,False
ALNS-A,Example8,8,1,28,109.43,3.529,destroy,destroy_random_workers_20pct,10.0,34.0,24.0,False,False,False
ALNS-A,Example8,8,1,28,109.43,3.529,repair,repair_chuffed_fast,10.0,34.0,24.0,False,False,False
ALNS-A,Example8,8,1,29,111.532,2.102,destroy,destroy_random_window_20pct,10.0,9.0,-1.0,True,False,False
ALNS-A,Example8,8,1,29,111.532,2.102,repair,repair_chuffed_fast,10.0,9.0,-1.0,True,False,False
ALNS-A,Example8,8,1,30,114.968,3.436,destroy,destroy_random_workers_20pct,9.0,17.0,8.0,False,False,False
ALNS-A,Example8,8,1,30,114.968,3.436,repair,repair_gecode_fast,9.0,17.0,8.0,False,False,False
ALNS-A,Example8,8,1,31,130.458,15.49,destroy,destroy_random_window_20pct,9.0,43.0,34.0,False,False,False
ALNS-A,Example8,8,1,31,130.458,15.49,repair,repair_gecode_long,9.0,43.0,34.0,False,False,False
ALNS-A,Example8,8,1,32,131.26,0.802,destroy,destroy_random_window_20pct,9.0,9.0,0.0,True,False,False
ALNS-A,Example8,8,1,32,131.26,0.802,repair,repair_gecode_fast,9.0,9.0,0.0,True,False,False
ALNS-A,Example8,8,1,33,134.677,3.416,destroy,destroy_random_window_20pct,9.0,18.0,9.0,False,False,False
ALNS-A,Example8,8,1,33,134.677,3.416,repair,repair_gecode_fast,9.0,18.0,9.0,False,False,False
ALNS-A,Example8,8,1,34,138.213,3.536,destroy,destroy_random_workers_20pct,9.0,14.0,5.0,False,False,False
ALNS-A,Example8,8,1,34,138.213,3.536,repair,repair_chuffed_fast,9.0,14.0,5.0,False,False,False
ALNS-A,Example8,8,1,35,141.638,3.425,destroy,destroy_random_window_20pct,9.0,19.0,10.0,False,False,False
ALNS-A,Example8,8,1,35,141.638,3.425,repair,repair_gecode_fast,9.0,19.0,10.0,False,False,False
ALNS-A,Example8,8,1,36,145.117,3.48,destroy,destroy_random_days_20pct,9.0,48.0,39.0,False,False,False
ALNS-A,Example8,8,1,36,145.117,3.48,repair,repair_chuffed_fast,9.0,48.0,39.0,False,False,False
ALNS-A,Example8,8,1,37,149.592,4.474,destroy,destroy_random_window_20pct,9.0,8.0,-1.0,True,False,False
ALNS-A,Example8,8,1,37,149.592,4.474,repair,repair_chuffed_long,9.0,8.0,-1.0,True,False,False
ALNS-A,Example8,8,1,38,150.213,0.622,destroy,destroy_all_forbidden_sequences,8.0,8.0,0.0,True,False,False
ALNS-A,Example8,8,1,38,150.213,0.622,repair,repair_chuffed_fast,8.0,8.0,0.0,True,False,False
ALNS-A,Example8,8,1,39,153.7,3.487,destroy,destroy_random_window_20pct,8.0,40.0,32.0,False,False,False
ALNS-A,Example8,8,1,39,153.7,3.487,repair,repair_chuffed_fast,8.0,40.0,32.0,False,False,False
ALNS-A,Example8,8,1,40,154.428,0.729,destroy,destroy_random_window_20pct,8.0,8.0,0.0,True,False,False
ALNS-A,Example8,8,1,40,154.428,0.729,repair,repair_gecode_long,8.0,8.0,0.0,True,False,False
ALNS-A,Example8,8,1,41,155.422,0.993,destroy,destroy_random_window_20pct,8.0,8.0,0.0,True,False,False
ALNS-A,Example8,8,1,41,155.422,0.993,repair,repair_chuffed_long,8.0,8.0,0.0,True,False,False
ALNS-A,Example8,8,1,42,158.86,3.438,destroy,destroy_random_window_20pct,8.0,19.0,11.0,False,False,False
ALNS-A,Example8,8,1,42,158.86,3.438,repair,repair_gecode_fast,8.0,19.0,11.0,False,False,False
ALNS-A,Example8,8,1,43,162.301,3.441,destroy,destroy_random_workers_20pct,8.0,22.0,14.0,True,False,False
ALNS-A,Example8,8,1,43,162.301,3.441,repair,repair_gecode_fast,8.0,22.0,14.0,True,False,False
ALNS-A,Example8,8,1,44,165.817,3.516,destroy,destroy_random_workers_20pct,22.0,36.0,14.0,False,False,False
ALNS-A,Example8,8,1,44,165.817,3.516,repair,repair_chuffed_fast,22.0,36.0,14.0,False,False,False
ALNS-A,Example8,8,1,45,181.393,15.576,destroy,destroy_random_window_20pct,22.0,68.0,46.0,False,False,False
ALNS-A,Example8,8,1,45,181.393,15.576,repair,repair_chuffed_long,22.0,68.0,46.0,False,False,False
ALNS-A,Example8,8,2,1,0.968,0.968,destroy,destroy_worst_workers_10pct,inf,66.0,nan,True,False,False
ALNS-A,Example8,8,2,1,0.968,0.968,repair,repair_gecode_long,inf,66.0,nan,True,False,False
ALNS-A,Example8,8,2,2,1.804,0.836,destroy,destroy_max_border_off,66.0,65.0,-1.0,True,False,False
ALNS-A,Example8,8,2,2,1.804,0.836,repair,repair_chuffed_fast,66.0,65.0,-1.0,True,False,False
ALNS-A,Example8,8,2,3,5.233,3.429,destroy,destroy_all_forbidden_sequences,65.0,20.0,-45.0,True,False,False
ALNS-A,Example8,8,2,3,5.233,3.429,repair,repair_gecode_fast,65.0,20.0,-45.0,True,False,False
ALNS-A,Example8,8,2,4,20.716,15.483,destroy,destroy_streak_around_worst_worker,20.0,96.0,76.0,False,False,False
ALNS-A,Example8,8,2,4,20.716,15.483,repair,repair_gecode_long,20.0,96.0,76.0,False,False,False
ALNS-A,Example8,8,2,5,21.936,1.22,destroy,destroy_worst_workers_10pct,20.0,14.0,-6.0,True,False,False
ALNS-A,Example8,8,2,5,21.936,1.22,repair,repair_chuffed_long,20.0,14.0,-6.0,True,False,False
ALNS-A,Example8,8,2,6,25.369,3.434,destroy,destroy_random_window_20pct,14.0,39.0,25.0,False,False,False
ALNS-A,Example8,8,2,6,25.369,3.434,repair,repair_gecode_fast,14.0,39.0,25.0,False,False,False
ALNS-A,Example8,8,2,7,28.988,3.619,destroy,destroy_worst_workers_30pct,14.0,41.0,27.0,False,False,False
ALNS-A,Example8,8,2,7,28.988,3.619,repair,repair_chuffed_fast,14.0,41.0,27.0,False,False,False
ALNS-A,Example8,8,2,8,31.063,2.075,destroy,destroy_random_window_20pct,14.0,13.0,-1.0,True,False,False
ALNS-A,Example8,8,2,8,31.063,2.075,repair,repair_chuffed_fast,14.0,13.0,-1.0,True,False,False
ALNS-A,Example8,8,2,9,34.461,3.398,destroy,destroy_random_window_20pct,13.0,10.0,-3.0,True,False,False
ALNS-A,Example8,8,2,9,34.461,3.398,repair,repair_gecode_fast,13.0,10.0,-3.0,True,False,False
ALNS-A,Example8,8,2,10,38.03,3.569,destroy,destroy_worst_workers_30pct,10.0,44.0,34.0,False,False,False
ALNS-A,Example8,8,2,10,38.03,3.569,repair,repair_chuffed_fast,10.0,44.0,34.0,False,False,False
ALNS-A,Example8,8,2,11,41.501,3.471,destroy,destroy_worst_workers_30pct,10.0,28.0,18.0,False,False,False
ALNS-A,Example8,8,2,11,41.501,3.471,repair,repair_gecode_fast,10.0,28.0,18.0,False,False,False
ALNS-A,Example8,8,2,12,56.98,15.479,destroy,destroy_random_window_20pct,10.0,40.0,30.0,False,False,False
ALNS-A,Example8,8,2,12,56.98,15.479,repair,repair_chuffed_long,10.0,40.0,30.0,False,False,False
ALNS-A,Example8,8,2,13,60.4,3.42,destroy,destroy_random_days_20pct,10.0,29.0,19.0,False,False,False
ALNS-A,Example8,8,2,13,60.4,3.42,repair,repair_gecode_fast,10.0,29.0,19.0,False,False,False
ALNS-A,Example8,8,2,14,63.911,3.512,destroy,destroy_worst_workers_30pct,10.0,32.0,22.0,False,False,False
ALNS-A,Example8,8,2,14,63.911,3.512,repair,repair_gecode_fast,10.0,32.0,22.0,False,False,False
ALNS-A,Example8,8,2,15,67.386,3.475,destroy,destroy_worst_days_30pct,10.0,38.0,28.0,False,False,False
ALNS-A,Example8,8,2,15,67.386,3.475,repair,repair_gecode_fast,10.0,38.0,28.0,False,False,False
ALNS-A,Example8,8,2,16,70.947,3.561,destroy,destroy_worst_workers_30pct,10.0,41.0,31.0,False,False,False
ALNS-A,Example8,8,2,16,70.947,3.561,repair,repair_chuffed_fast,10.0,41.0,31.0,False,False,False
ALNS-A,Example8,8,2,17,74.37,3.422,destroy,destroy_random_days_20pct,10.0,48.0,38.0,False,False,False
ALNS-A,Example8,8,2,17,74.37,3.422,repair,repair_gecode_fast,10.0,48.0,38.0,False,False,False
ALNS-A,Example8,8,2,18,89.893,15.523,destroy,destroy_random_workers_20pct,10.0,29.0,19.0,False,False,False
ALNS-A,Example8,8,2,18,89.893,15.523,repair,repair_chuffed_long,10.0,29.0,19.0,False,False,False
ALNS-A,Example8,8,2,19,93.273,3.38,destroy,destroy_random_days_20pct,10.0,10.0,0.0,True,False,False
ALNS-A,Example8,8,2,19,93.273,3.38,repair,repair_chuffed_fast,10.0,10.0,0.0,True,False,False
ALNS-A,Example8,8,2,20,96.015,2.743,destroy,destroy_exploration,10.0,10.0,0.0,True,False,True
ALNS-A,Example8,8,2,20,96.015,2.743,repair,repair_exploration,10.0,10.0,0.0,True,False,True
ALNS-A,Example8,8,2,21,97.072,1.057,destroy,destroy_exploration,10.0,10.0,0.0,True,False,True
ALNS-A,Example8,8,2,21,97.072,1.057,repair,repair_exploration,10.0,10.0,0.0,True,False,True
ALNS-A,Example8,8,2,22,97.986,0.914,destroy,destroy_random_window_20pct,10.0,10.0,0.0,True,False,False
ALNS-A,Example8,8,2,22,97.986,0.914,repair,repair_gecode_long,10.0,10.0,0.0,True,False,False
ALNS-A,Example8,8,2,23,113.428,15.442,destroy,destroy_random_days_20pct,10.0,26.0,16.0,False,False,False
ALNS-A,Example8,8,2,23,113.428,15.442,repair,repair_gecode_long,10.0,26.0,16.0,False,False,False
ALNS-A,Example8,8,2,24,116.902,3.474,destroy,destroy_worst_workers_30pct,10.0,59.0,49.0,False,False,False
ALNS-A,Example8,8,2,24,116.902,3.474,repair,repair_gecode_fast,10.0,59.0,49.0,False,False,False
ALNS-A,Example8,8,2,25,117.718,0.817,destroy,destroy_random_window_20pct,10.0,9.0,-1.0,True,False,False
ALNS-A,Example8,8,2,25,117.718,0.817,repair,repair_gecode_long,10.0,9.0,-1.0,True,False,False
ALNS-A,Example8,8,2,26,121.138,3.42,destroy,destroy_random_days_20pct,9.0,48.0,39.0,False,False,False
ALNS-A,Example8,8,2,26,121.138,3.42,repair,repair_gecode_fast,9.0,48.0,39.0,False,False,False
ALNS-A,Example8,8,2,27,124.639,3.501,destroy,destroy_random_window_20pct,9.0,86.0,77.0,False,False,False
ALNS-A,Example8,8,2,27,124.639,3.501,repair,repair_chuffed_fast,9.0,86.0,77.0,False,False,False
ALNS-A,Example8,8,2,28,139.769,15.13,destroy,destroy_random_window_20pct,9.0,6.0,-3.0,True,False,False
ALNS-A,Example8,8,2,28,139.769,15.13,repair,repair_chuffed_long,9.0,6.0,-3.0,True,False,False
ALNS-A,Example8,8,2,29,143.591,3.822,destroy,destroy_worst_days_30pct,6.0,66.0,60.0,False,False,False
ALNS-A,Example8,8,2,29,143.591,3.822,repair,repair_chuffed_fast,6.0,66.0,60.0,False,False,False
ALNS-A,Example8,8,2,30,147.108,3.517,destroy,destroy_random_window_20pct,6.0,6.0,0.0,True,False,False
ALNS-A,Example8,8,2,30,147.108,3.517,repair,repair_chuffed_long,6.0,6.0,0.0,True,False,False
ALNS-A,Example8,8,2,31,147.837,0.729,destroy,destroy_random_window_20pct,6.0,5.0,-1.0,True,False,False
ALNS-A,Example8,8,2,31,147.837,0.729,repair,repair_gecode_long,6.0,5.0,-1.0,True,False,False
ALNS-A,Example8,8,2,32,151.282,3.445,destroy,destroy_streak_around_worst_worker,5.0,55.0,50.0,False,False,False
ALNS-A,Example8,8,2,32,151.282,3.445,repair,repair_gecode_fast,5.0,55.0,50.0,False,False,False
ALNS-A,Example8,8,2,33,154.895,3.613,destroy,destroy_random_window_20pct,5.0,24.0,19.0,False,False,False
ALNS-A,Example8,8,2,33,154.895,3.613,repair,repair_chuffed_fast,5.0,24.0,19.0,False,False,False
ALNS-A,Example8,8,2,34,170.417,15.521,destroy,destroy_random_workers_20pct,5.0,7.0,2.0,True,False,False
ALNS-A,Example8,8,2,34,170.417,15.521,repair,repair_chuffed_long,5.0,7.0,2.0,True,False,False
ALNS-A,Example8,8,2,35,172.864,2.447,destroy,destroy_random_window_20pct,7.0,6.0,-1.0,True,False,False
ALNS-A,Example8,8,2,35,172.864,2.447,repair,repair_chuffed_long,7.0,6.0,-1.0,True,False,False
ALNS-A,Example8,8,2,36,188.345,15.481,destroy,destroy_random_days_20pct,6.0,26.0,20.0,False,False,False
ALNS-A,Example8,8,2,36,188.345,15.481,repair,repair_chuffed_long,6.0,26.0,20.0,False,False,False
ALNS-A,Example9,9,0,1,16.64,16.64,destroy,destroy_max_border_off,inf,401.0,nan,True,False,False
ALNS-A,Example9,9,0,1,16.64,16.64,repair,repair_chuffed_long,inf,401.0,nan,True,False,False
ALNS-A,Example9,9,0,2,20.608,3.968,destroy,destroy_random_window_20pct,401.0,196.0,-205.0,True,False,False
ALNS-A,Example9,9,0,2,20.608,3.968,repair,repair_gecode_fast,401.0,196.0,-205.0,True,False,False
ALNS-A,Example9,9,0,3,24.175,3.567,destroy,destroy_all_forbidden_sequences,196.0,180.0,-16.0,True,False,False
ALNS-A,Example9,9,0,3,24.175,3.567,repair,repair_gecode_fast,196.0,180.0,-16.0,True,False,False
ALNS-A,Example9,9,0,4,40.833,16.657,destroy,destroy_random_window_20pct,180.0,242.0,62.0,False,False,False
ALNS-A,Example9,9,0,4,40.833,16.657,repair,repair_chuffed_long,180.0,242.0,62.0,False,False,False
ALNS-A,Example9,9,0,5,57.36,16.527,destroy,destroy_random_workers_20pct,180.0,248.0,68.0,False,False,False
ALNS-A,Example9,9,0,5,57.36,16.527,repair,repair_chuffed_long,180.0,248.0,68.0,False,False,False
ALNS-A,Example9,9,0,6,60.991,3.631,destroy,destroy_random_workers_20pct,180.0,286.0,106.0,False,False,False
ALNS-A,Example9,9,0,6,60.991,3.631,repair,repair_gecode_fast,180.0,286.0,106.0,False,False,False
ALNS-A,Example9,9,0,7,65.382,4.391,destroy,destroy_random_window_20pct,180.0,337.0,157.0,False,False,False
ALNS-A,Example9,9,0,7,65.382,4.391,repair,repair_chuffed_fast,180.0,337.0,157.0,False,False,False
ALNS-A,Example9,9,0,8,81.82,16.438,destroy,destroy_random_window_20pct,180.0,367.0,187.0,False,False,False
ALNS-A,Example9,9,0,8,81.82,16.438,repair,repair_chuffed_long,180.0,367.0,187.0,False,False,False
ALNS-A,Example9,9,0,9,86.17,4.35,destroy,destroy_max_border_off,180.0,158.0,-22.0,True,False,False
ALNS-A,Example9,9,0,9,86.17,4.35,repair,repair_chuffed_fast,180.0,158.0,-22.0,True,False,False
ALNS-A,Example9,9,0,10,90.291,4.121,destroy,destroy_random_window_20pct,158.0,231.0,73.0,False,False,False
ALNS-A,Example9,9,0,10,90.291,4.121,repair,repair_chuffed_fast,158.0,231.0,73.0,False,False,False
ALNS-A,Example9,9,0,11,94.927,4.636,destroy,destroy_random_window_20pct,158.0,158.0,0.0,False,True,False
ALNS-A,Example9,9,0,11,94.927,4.636,repair,repair_chuffed_fast,158.0,158.0,0.0,False,True,False
ALNS-A,Example9,9,0,12,99.493,4.566,destroy,destroy_random_window_20pct,158.0,231.0,73.0,False,False,False
ALNS-A,Example9,9,0,12,99.493,4.566,repair,repair_chuffed_fast,158.0,231.0,73.0,False,False,False
ALNS-A,Example9,9,0,13,103.103,3.61,destroy,destroy_worst_workers_30pct,158.0,585.0,427.0,False,False,False
ALNS-A,Example9,9,0,13,103.103,3.61,repair,repair_gecode_fast,158.0,585.0,427.0,False,False,False
ALNS-A,Example9,9,0,14,106.84,3.737,destroy,destroy_random_window_20pct,158.0,233.0,75.0,False,False,False
ALNS-A,Example9,9,0,14,106.84,3.737,repair,repair_gecode_fast,158.0,233.0,75.0,False,False,False
ALNS-A,Example9,9,0,15,110.387,3.547,destroy,destroy_random_workers_20pct,158.0,207.0,49.0,False,False,False
ALNS-A,Example9,9,0,15,110.387,3.547,repair,repair_gecode_fast,158.0,207.0,49.0,False,False,False
ALNS-A,Example9,9,0,16,113.924,3.537,destroy,destroy_random_workers_20pct,158.0,226.0,68.0,False,False,False
ALNS-A,Example9,9,0,16,113.924,3.537,repair,repair_gecode_fast,158.0,226.0,68.0,False,False,False
ALNS-A,Example9,9,0,17,118.527,4.603,destroy,destroy_random_window_20pct,158.0,355.0,197.0,False,False,False
ALNS-A,Example9,9,0,17,118.527,4.603,repair,repair_chuffed_fast,158.0,355.0,197.0,False,False,False
ALNS-A,Example9,9,0,18,122.929,4.401,destroy,destroy_random_window_20pct,158.0,317.0,159.0,False,False,False
ALNS-A,Example9,9,0,18,122.929,4.401,repair,repair_chuffed_fast,158.0,317.0,159.0,False,False,False
ALNS-A,Example9,9,0,19,127.399,4.47,destroy,destroy_random_workers_20pct,158.0,242.0,84.0,False,False,False
ALNS-A,Example9,9,0,19,127.399,4.47,repair,repair_chuffed_fast,158.0,242.0,84.0,False,False,False
ALNS-A,Example9,9,0,20,179.05,51.651,destroy,destroy_exploration,158.0,438.0,280.0,False,False,True
ALNS-A,Example9,9,0,20,179.05,51.651,repair,repair_exploration,158.0,438.0,280.0,False,False,True
ALNS-A,Example9,9,0,21,230.495,51.445,destroy,destroy_exploration,158.0,155.0,-3.0,True,False,True
ALNS-A,Example9,9,0,21,230.495,51.445,repair,repair_exploration,158.0,155.0,-3.0,True,False,True
ALNS-A,Example9,9,1,1,4.639,4.639,destroy,destroy_max_border_off,inf,404.0,nan,True,False,False
ALNS-A,Example9,9,1,1,4.639,4.639,repair,repair_chuffed_fast,inf,404.0,nan,True,False,False
ALNS-A,Example9,9,1,2,9.223,4.584,destroy,destroy_worst_workers_30pct,404.0,435.0,31.0,False,False,False
ALNS-A,Example9,9,1,2,9.223,4.584,repair,repair_chuffed_fast,404.0,435.0,31.0,False,False,False
ALNS-A,Example9,9,1,3,25.716,16.493,destroy,destroy_random_window_20pct,404.0,170.0,-234.0,True,False,False
ALNS-A,Example9,9,1,3,25.716,16.493,repair,repair_chuffed_long,404.0,170.0,-234.0,True,False,False
ALNS-A,Example9,9,1,4,29.891,4.175,destroy,destroy_random_window_20pct,170.0,186.0,16.0,False,False,False
ALNS-A,Example9,9,1,4,29.891,4.175,repair,repair_chuffed_fast,170.0,186.0,16.0,False,False,False
ALNS-A,Example9,9,1,5,34.451,4.56,destroy,destroy_worst_workers_30pct,170.0,503.0,333.0,False,False,False
ALNS-A,Example9,9,1,5,34.451,4.56,repair,repair_chuffed_fast,170.0,503.0,333.0,False,False,False
ALNS-A,Example9,9,1,6,38.124,3.673,destroy,destroy_all_forbidden_sequences,170.0,170.0,0.0,True,False,False
ALNS-A,Example9,9,1,6,38.124,3.673,repair,repair_gecode_fast,170.0,170.0,0.0,True,False,False
ALNS-A,Example9,9,1,7,42.651,4.527,destroy,destroy_max_border_off,170.0,140.0,-30.0,True,False,False
ALNS-A,Example9,9,1,7,42.651,4.527,repair,repair_chuffed_fast,170.0,140.0,-30.0,True,False,False
ALNS-A,Example9,9,1,8,47.171,4.52,destroy,destroy_random_window_20pct,140.0,295.0,155.0,False,False,False
ALNS-A,Example9,9,1,8,47.171,4.52,repair,repair_chuffed_fast,140.0,295.0,155.0,False,False,False
ALNS-A,Example9,9,1,9,50.89,3.719,destroy,destroy_random_window_20pct,140.0,290.0,150.0,False,False,False
ALNS-A,Example9,9,1,9,50.89,3.719,repair,repair_gecode_fast,140.0,290.0,150.0,False,False,False
ALNS-A,Example9,9,1,10,66.407,15.517,destroy,destroy_random_window_20pct,140.0,225.0,85.0,False,False,False
ALNS-A,Example9,9,1,10,66.407,15.517,repair,repair_gecode_long,140.0,225.0,85.0,False,False,False
ALNS-A,Example9,9,1,11,70.016,3.608,destroy,destroy_random_window_20pct,140.0,339.0,199.0,False,False,False
ALNS-A,Example9,9,1,11,70.016,3.608,repair,repair_gecode_fast,140.0,339.0,199.0,False,False,False
ALNS-A,Example9,9,1,12,86.534,16.518,destroy,destroy_random_workers_20pct,140.0,222.0,82.0,False,False,False
ALNS-A,Example9,9,1,12,86.534,16.518,repair,repair_chuffed_long,140.0,222.0,82.0,False,False,False
ALNS-A,Example9,9,1,13,103.006,16.472,destroy,destroy_random_workers_20pct,140.0,243.0,103.0,False,False,False
ALNS-A,Example9,9,1,13,103.006,16.472,repair,repair_chuffed_long,140.0,243.0,103.0,False,False,False
ALNS-A,Example9,9,1,14,107.483,4.477,destroy,destroy_random_workers_20pct,140.0,235.0,95.0,False,False,False
ALNS-A,Example9,9,1,14,107.483,4.477,repair,repair_chuffed_fast,140.0,235.0,95.0,False,False,False
ALNS-A,Example9,9,1,15,112.04,4.557,destroy,destroy_random_window_20pct,140.0,185.0,45.0,False,False,False
ALNS-A,Example9,9,1,15,112.04,4.557,repair,repair_chuffed_fast,140.0,185.0,45.0,False,False,False
ALNS-A,Example9,9,1,16,128.607,16.566,destroy,destroy_random_window_20pct,140.0,233.0,93.0,False,False,False
ALNS-A,Example9,9,1,16,128.607,16.566,repair,repair_chuffed_long,140.0,233.0,93.0,False,False,False
ALNS-A,Example9,9,1,17,144.187,15.58,destroy,destroy_random_window_20pct,140.0,145.0,5.0,False,False,False
ALNS-A,Example9,9,1,17,144.187,15.58,repair,repair_gecode_long,140.0,145.0,5.0,False,False,False
ALNS-A,Example9,9,1,18,195.298,51.111,destroy,destroy_exploration,140.0,115.0,-25.0,True,False,True
ALNS-A,Example9,9,1,18,195.298,51.111,repair,repair_exploration,140.0,115.0,-25.0,True,False,True
ALNS-A,Example9,9,2,1,15.716,15.716,destroy,destroy_worst_workers_10pct,inf,255.0,nan,True,False,False
ALNS-A,Example9,9,2,1,15.716,15.716,repair,repair_gecode_long,inf,255.0,nan,True,False,False
ALNS-A,Example9,9,2,2,20.346,4.63,destroy,destroy_max_border_off,255.0,163.0,-92.0,True,False,False
ALNS-A,Example9,9,2,2,20.346,4.63,repair,repair_chuffed_fast,255.0,163.0,-92.0,True,False,False
ALNS-A,Example9,9,2,3,23.845,3.499,destroy,destroy_all_forbidden_sequences,163.0,90.0,-73.0,True,False,False
ALNS-A,Example9,9,2,3,23.845,3.499,repair,repair_gecode_fast,163.0,90.0,-73.0,True,False,False
ALNS-A,Example9,9,2,4,39.44,15.595,destroy,destroy_streak_around_worst_worker,90.0,311.0,221.0,False,False,False
ALNS-A,Example9,9,2,4,39.44,15.595,repair,repair_gecode_long,90.0,311.0,221.0,False,False,False
ALNS-A,Example9,9,2,5,43.918,4.477,destroy,destroy_random_window_20pct,90.0,258.0,168.0,False,False,False
ALNS-A,Example9,9,2,5,43.918,4.477,repair,repair_chuffed_fast,90.0,258.0,168.0,False,False,False
ALNS-A,Example9,9,2,6,48.4,4.482,destroy,destroy_random_workers_20pct,90.0,205.0,115.0,False,False,False
ALNS-A,Example9,9,2,6,48.4,4.482,repair,repair_chuffed_fast,90.0,205.0,115.0,False,False,False
ALNS-A,Example9,9,2,7,52.957,4.557,destroy,destroy_streak_around_worst_worker,90.0,459.0,369.0,False,False,False
ALNS-A,Example9,9,2,7,52.957,4.557,repair,repair_chuffed_fast,90.0,459.0,369.0,False,False,False
ALNS-A,Example9,9,2,8,57.431,4.474,destroy,destroy_random_workers_20pct,90.0,193.0,103.0,False,False,False
ALNS-A,Example9,9,2,8,57.431,4.474,repair,repair_chuffed_fast,90.0,193.0,103.0,False,False,False
ALNS-A,Example9,9,2,9,61.057,3.626,destroy,destroy_random_window_20pct,90.0,128.0,38.0,False,False,False
ALNS-A,Example9,9,2,9,61.057,3.626,repair,repair_gecode_fast,90.0,128.0,38.0,False,False,False
ALNS-A,Example9,9,2,10,65.631,4.574,destroy,destroy_worst_workers_30pct,90.0,305.0,215.0,False,False,False
ALNS-A,Example9,9,2,10,65.631,4.574,repair,repair_chuffed_fast,90.0,305.0,215.0,False,False,False
ALNS-A,Example9,9,2,11,70.094,4.463,destroy,destroy_random_workers_20pct,90.0,231.0,141.0,False,False,False
ALNS-A,Example9,9,2,11,70.094,4.463,repair,repair_chuffed_fast,90.0,231.0,141.0,False,False,False
ALNS-A,Example9,9,2,12,85.701,15.607,destroy,destroy_random_window_20pct,90.0,112.0,22.0,False,False,False
ALNS-A,Example9,9,2,12,85.701,15.607,repair,repair_gecode_long,90.0,112.0,22.0,False,False,False
ALNS-A,Example9,9,2,13,90.343,4.643,destroy,destroy_worst_days_30pct,90.0,90.0,0.0,False,True,False
ALNS-A,Example9,9,2,13,90.343,4.643,repair,repair_chuffed_fast,90.0,90.0,0.0,False,True,False
ALNS-A,Example9,9,2,14,141.734,51.391,destroy,destroy_exploration,90.0,266.0,176.0,False,False,True
ALNS-A,Example9,9,2,14,141.734,51.391,repair,repair_exploration,90.0,266.0,176.0,False,False,True
ALNS-A,Example9,9,2,15,193.278,51.544,destroy,destroy_exploration,90.0,159.0,69.0,False,False,True
ALNS-A,Example9,9,2,15,193.278,51.544,repair,repair_exploration,90.0,159.0,69.0,False,False,True
ALNS-A,Example10,10,0,1,16.093,16.093,destroy,destroy_max_border_off,inf,531.0,nan,True,False,False
ALNS-A,Example10,10,0,1,16.093,16.093,repair,repair_chuffed_long,inf,531.0,nan,True,False,False
ALNS-A,Example10,10,0,2,19.867,3.774,destroy,destroy_random_window_20pct,531.0,182.0,-349.0,True,False,False
ALNS-A,Example10,10,0,2,19.867,3.774,repair,repair_gecode_fast,531.0,182.0,-349.0,True,False,False
ALNS-A,Example10,10,0,3,23.422,3.555,destroy,destroy_random_window_20pct,182.0,153.0,-29.0,True,False,False
ALNS-A,Example10,10,0,3,23.422,3.555,repair,repair_gecode_fast,182.0,153.0,-29.0,True,False,False
ALNS-A,Example10,10,0,4,24.542,1.12,destroy,destroy_all_forbidden_sequences,153.0,146.0,-7.0,True,False,False
ALNS-A,Example10,10,0,4,24.542,1.12,repair,repair_chuffed_fast,153.0,146.0,-7.0,True,False,False
ALNS-A,Example10,10,0,5,28.025,3.483,destroy,destroy_random_window_20pct,146.0,482.0,336.0,False,False,False
ALNS-A,Example10,10,0,5,28.025,3.483,repair,repair_gecode_fast,146.0,482.0,336.0,False,False,False
ALNS-A,Example10,10,0,6,43.828,15.804,destroy,destroy_random_window_20pct,146.0,191.0,45.0,False,False,False
ALNS-A,Example10,10,0,6,43.828,15.804,repair,repair_chuffed_long,146.0,191.0,45.0,False,False,False
ALNS-A,Example10,10,0,7,47.296,3.467,destroy,destroy_random_workers_20pct,146.0,139.0,-7.0,True,False,False
ALNS-A,Example10,10,0,7,47.296,3.467,repair,repair_gecode_fast,146.0,139.0,-7.0,True,False,False
ALNS-A,Example10,10,0,8,51.374,4.078,destroy,destroy_random_window_20pct,139.0,225.0,86.0,False,False,False
ALNS-A,Example10,10,0,8,51.374,4.078,repair,repair_chuffed_fast,139.0,225.0,86.0,False,False,False
ALNS-A,Example10,10,0,9,66.857,15.483,destroy,destroy_random_window_20pct,139.0,208.0,69.0,False,False,False
ALNS-A,Example10,10,0,9,66.857,15.483,repair,repair_gecode_long,139.0,208.0,69.0,False,False,False
ALNS-A,Example10,10,0,10,82.828,15.971,destroy,destroy_random_workers_20pct,139.0,183.0,44.0,False,False,False
ALNS-A,Example10,10,0,10,82.828,15.971,repair,repair_chuffed_long,139.0,183.0,44.0,False,False,False
ALNS-A,Example10,10,0,11,86.75,3.922,destroy,destroy_max_border_off,139.0,126.0,-13.0,True,False,False
ALNS-A,Example10,10,0,11,86.75,3.922,repair,repair_chuffed_fast,139.0,126.0,-13.0,True,False,False
ALNS-A,Example10,10,0,12,90.23,3.481,destroy,destroy_random_window_20pct,126.0,133.0,7.0,False,False,False
ALNS-A,Example10,10,0,12,90.23,3.481,repair,repair_gecode_fast,126.0,133.0,7.0,False,False,False
ALNS-A,Example10,10,0,13,93.698,3.467,destroy,destroy_random_workers_20pct,126.0,141.0,15.0,False,False,False
ALNS-A,Example10,10,0,13,93.698,3.467,repair,repair_gecode_fast,126.0,141.0,15.0,False,False,False
ALNS-A,Example10,10,0,14,97.171,3.473,destroy,destroy_random_workers_20pct,126.0,149.0,23.0,False,False,False
ALNS-A,Example10,10,0,14,97.171,3.473,repair,repair_gecode_fast,126.0,149.0,23.0,False,False,False
ALNS-A,Example10,10,0,15,100.642,3.471,destroy,destroy_random_window_20pct,126.0,189.0,63.0,False,False,False
ALNS-A,Example10,10,0,15,100.642,3.471,repair,repair_gecode_fast,126.0,189.0,63.0,False,False,False
ALNS-A,Example10,10,0,16,104.137,3.495,destroy,destroy_random_window_20pct,126.0,171.0,45.0,False,False,False
ALNS-A,Example10,10,0,16,104.137,3.495,repair,repair_gecode_fast,126.0,171.0,45.0,False,False,False
ALNS-A,Example10,10,0,17,107.643,3.506,destroy,destroy_random_window_20pct,126.0,208.0,82.0,False,False,False
ALNS-A,Example10,10,0,17,107.643,3.506,repair,repair_gecode_fast,126.0,208.0,82.0,False,False,False
ALNS-A,Example10,10,0,18,112.053,4.41,destroy,destroy_random_window_20pct,126.0,193.0,67.0,False,False,False
ALNS-A,Example10,10,0,18,112.053,4.41,repair,repair_chuffed_fast,126.0,193.0,67.0,False,False,False
ALNS-A,Example10,10,0,19,127.513,15.46,destroy,destroy_random_window_20pct,126.0,158.0,32.0,False,False,False
ALNS-A,Example10,10,0,19,127.513,15.46,repair,repair_gecode_long,126.0,158.0,32.0,False,False,False
ALNS-A,Example10,10,0,20,131.007,3.494,destroy,destroy_random_window_20pct,126.0,121.0,-5.0,True,False,False
ALNS-A,Example10,10,0,20,131.007,3.494,repair,repair_gecode_fast,126.0,121.0,-5.0,True,False,False
ALNS-A,Example10,10,0,21,146.45,15.443,destroy,destroy_max_border_off,121.0,98.0,-23.0,True,False,False
ALNS-A,Example10,10,0,21,146.45,15.443,repair,repair_gecode_long,121.0,98.0,-23.0,True,False,False
ALNS-A,Example10,10,0,22,147.486,1.037,destroy,destroy_all_forbidden_sequences,98.0,98.0,0.0,True,False,False
ALNS-A,Example10,10,0,22,147.486,1.037,repair,repair_chuffed_fast,98.0,98.0,0.0,True,False,False
ALNS-A,Example10,10,0,23,151.235,3.749,destroy,destroy_max_border_off,98.0,81.0,-17.0,True,False,False
ALNS-A,Example10,10,0,23,151.235,3.749,repair,repair_chuffed_fast,98.0,81.0,-17.0,True,False,False
ALNS-A,Example10,10,0,24,152.946,1.711,destroy,destroy_max_border_off,81.0,68.0,-13.0,True,False,False
ALNS-A,Example10,10,0,24,152.946,1.711,repair,repair_chuffed_long,81.0,68.0,-13.0,True,False,False
ALNS-A,Example10,10,0,25,156.867,3.92,destroy,destroy_random_workers_20pct,68.0,99.0,31.0,False,False,False
ALNS-A,Example10,10,0,25,156.867,3.92,repair,repair_chuffed_fast,68.0,99.0,31.0,False,False,False
ALNS-A,Example10,10,0,26,157.522,0.655,destroy,destroy_max_border_shift_3,68.0,68.0,0.0,True,False,False
ALNS-A,Example10,10,0,26,157.522,0.655,repair,repair_gecode_fast,68.0,68.0,0.0,True,False,False
ALNS-A,Example10,10,0,27,173.381,15.859,destroy,destroy_random_workers_20pct,68.0,89.0,21.0,False,False,False
ALNS-A,Example10,10,0,27,173.381,15.859,repair,repair_chuffed_long,68.0,89.0,21.0,False,False,False
ALNS-A,Example10,10,0,28,189.481,16.099,destroy,destroy_random_window_20pct,68.0,109.0,41.0,False,False,False
ALNS-A,Example10,10,0,28,189.481,16.099,repair,repair_chuffed_long,68.0,109.0,41.0,False,False,False
ALNS-A,Example10,10,1,1,4.08,4.08,destroy,destroy_max_border_off,inf,534.0,nan,True,False,False
ALNS-A,Example10,10,1,1,4.08,4.08,repair,repair_chuffed_fast,inf,534.0,nan,True,False,False
ALNS-A,Example10,10,1,2,8.533,4.453,destroy,destroy_worst_workers_30pct,534.0,241.0,-293.0,True,False,False
ALNS-A,Example10,10,1,2,8.533,4.453,repair,repair_chuffed_fast,534.0,241.0,-293.0,True,False,False
ALNS-A,Example10,10,1,3,12.705,4.172,destroy,destroy_max_border_off,241.0,197.0,-44.0,True,False,False
ALNS-A,Example10,10,1,3,12.705,4.172,repair,repair_chuffed_fast,241.0,197.0,-44.0,True,False,False
ALNS-A,Example10,10,1,4,17.172,4.467,destroy,destroy_random_window_20pct,197.0,258.0,61.0,False,False,False
ALNS-A,Example10,10,1,4,17.172,4.467,repair,repair_chuffed_fast,197.0,258.0,61.0,False,False,False
ALNS-A,Example10,10,1,5,20.974,3.802,destroy,destroy_random_window_20pct,197.0,148.0,-49.0,True,False,False
ALNS-A,Example10,10,1,5,20.974,3.802,repair,repair_chuffed_fast,197.0,148.0,-49.0,True,False,False
ALNS-A,Example10,10,1,6,24.891,3.917,destroy,destroy_random_window_20pct,148.0,173.0,25.0,False,False,False
ALNS-A,Example10,10,1,6,24.891,3.917,repair,repair_chuffed_fast,148.0,173.0,25.0,False,False,False
ALNS-A,Example10,10,1,7,26.151,1.26,destroy,destroy_all_forbidden_sequences,148.0,142.0,-6.0,True,False,False
ALNS-A,Example10,10,1,7,26.151,1.26,repair,repair_chuffed_fast,148.0,142.0,-6.0,True,False,False
ALNS-A,Example10,10,1,8,29.859,3.708,destroy,destroy_random_window_20pct,142.0,151.0,9.0,False,False,False
ALNS-A,Example10,10,1,8,29.859,3.708,repair,repair_chuffed_fast,142.0,151.0,9.0,False,False,False
ALNS-A,Example10,10,1,9,33.542,3.683,destroy,destroy_random_window_20pct,142.0,143.0,1.0,True,False,False
ALNS-A,Example10,10,1,9,33.542,3.683,repair,repair_gecode_fast,142.0,143.0,1.0,True,False,False
ALNS-A,Example10,10,1,10,37.123,3.581,destroy,destroy_random_workers_20pct,143.0,211.0,68.0,False,False,False
ALNS-A,Example10,10,1,10,37.123,3.581,repair,repair_gecode_fast,143.0,211.0,68.0,False,False,False
ALNS-A,Example10,10,1,11,40.931,3.808,destroy,destroy_random_window_20pct,143.0,187.0,44.0,False,False,False
ALNS-A,Example10,10,1,11,40.931,3.808,repair,repair_chuffed_fast,143.0,187.0,44.0,False,False,False
ALNS-A,Example10,10,1,12,44.396,3.464,destroy,destroy_random_window_20pct,143.0,185.0,42.0,False,False,False
ALNS-A,Example10,10,1,12,44.396,3.464,repair,repair_gecode_fast,143.0,185.0,42.0,False,False,False
ALNS-A,Example10,10,1,13,48.66,4.265,destroy,destroy_random_window_20pct,143.0,204.0,61.0,False,False,False
ALNS-A,Example10,10,1,13,48.66,4.265,repair,repair_chuffed_fast,143.0,204.0,61.0,False,False,False
ALNS-A,Example10,10,1,14,52.686,4.026,destroy,destroy_worst_days_30pct,143.0,238.0,95.0,False,False,False
ALNS-A,Example10,10,1,14,52.686,4.026,repair,repair_chuffed_fast,143.0,238.0,95.0,False,False,False
ALNS-A,Example10,10,1,15,56.611,3.924,destroy,destroy_max_border_off,143.0,91.0,-52.0,True,False,False
ALNS-A,Example10,10,1,15,56.611,3.924,repair,repair_chuffed_fast,143.0,91.0,-52.0,True,False,False
ALNS-A,Example10,10,1,16,60.941,4.33,destroy,destroy_worst_workers_30pct,91.0,167.0,76.0,False,False,False
ALNS-A,Example10,10,1,16,60.941,4.33,repair,repair_chuffed_fast,91.0,167.0,76.0,False,False,False
ALNS-A,Example10,10,1,17,76.36,15.419,destroy,destroy_max_border_off,91.0,58.0,-33.0,True,False,False
ALNS-A,Example10,10,1,17,76.36,15.419,repair,repair_gecode_long,91.0,58.0,-33.0,True,False,False
ALNS-A,Example10,10,1,18,80.766,4.406,destroy,destroy_worst_workers_30pct,58.0,159.0,101.0,False,False,False
ALNS-A,Example10,10,1,18,80.766,4.406,repair,repair_chuffed_fast,58.0,159.0,101.0,False,False,False
ALNS-A,Example10,10,1,19,96.272,15.506,destroy,destroy_random_window_20pct,58.0,79.0,21.0,False,False,False
ALNS-A,Example10,10,1,19,96.272,15.506,repair,repair_gecode_long,58.0,79.0,21.0,False,False,False
ALNS-A,Example10,10,1,20,97.403,1.131,destroy,destroy_all_forbidden_sequences,58.0,55.0,-3.0,True,False,False
ALNS-A,Example10,10,1,20,97.403,1.131,repair,repair_chuffed_long,58.0,55.0,-3.0,True,False,False
ALNS-A,Example10,10,1,21,98.326,0.923,destroy,destroy_all_forbidden_sequences,55.0,55.0,0.0,True,False,False
ALNS-A,Example10,10,1,21,98.326,0.923,repair,repair_chuffed_fast,55.0,55.0,0.0,True,False,False
ALNS-A,Example10,10,1,22,113.876,15.551,destroy,destroy_worst_days_30pct,55.0,76.0,21.0,False,False,False
ALNS-A,Example10,10,1,22,113.876,15.551,repair,repair_gecode_long,55.0,76.0,21.0,False,False,False
ALNS-A,Example10,10,1,23,117.765,3.888,destroy,destroy_random_window_20pct,55.0,101.0,46.0,False,False,False
ALNS-A,Example10,10,1,23,117.765,3.888,repair,repair_chuffed_fast,55.0,101.0,46.0,False,False,False
ALNS-A,Example10,10,1,24,121.233,3.469,destroy,destroy_random_workers_20pct,55.0,96.0,41.0,False,False,False
ALNS-A,Example10,10,1,24,121.233,3.469,repair,repair_gecode_fast,55.0,96.0,41.0,False,False,False
ALNS-A,Example10,10,1,25,125.473,4.24,destroy,destroy_worst_workers_30pct,55.0,130.0,75.0,False,False,False
ALNS-A,Example10,10,1,25,125.473,4.24,repair,repair_chuffed_fast,55.0,130.0,75.0,False,False,False
ALNS-A,Example10,10,1,26,141.352,15.879,destroy,destroy_random_workers_20pct,55.0,106.0,51.0,False,False,False
ALNS-A,Example10,10,1,26,141.352,15.879,repair,repair_chuffed_long,55.0,106.0,51.0,False,False,False
ALNS-A,Example10,10,1,27,157.342,15.99,destroy,destroy_random_window_20pct,55.0,88.0,33.0,False,False,False
ALNS-A,Example10,10,1,27,157.342,15.99,repair,repair_chuffed_long,55.0,88.0,33.0,False,False,False
ALNS-A,Example10,10,1,28,158.271,0.929,destroy,destroy_max_border_off,55.0,51.0,-4.0,True,False,False
ALNS-A,Example10,10,1,28,158.271,0.929,repair,repair_chuffed_long,55.0,51.0,-4.0,True,False,False
ALNS-A,Example10,10,1,29,161.744,3.472,destroy,destroy_random_window_20pct,51.0,90.0,39.0,False,False,False
ALNS-A,Example10,10,1,29,161.744,3.472,repair,repair_gecode_fast,51.0,90.0,39.0,False,False,False
ALNS-A,Example10,10,1,30,166.049,4.305,destroy,destroy_worst_workers_30pct,51.0,144.0,93.0,False,False,False
ALNS-A,Example10,10,1,30,166.049,4.305,repair,repair_chuffed_fast,51.0,144.0,93.0,False,False,False
ALNS-A,Example10,10,1,31,169.52,3.471,destroy,destroy_random_days_20pct,51.0,139.0,88.0,False,False,False
ALNS-A,Example10,10,1,31,169.52,3.471,repair,repair_gecode_fast,51.0,139.0,88.0,False,False,False
ALNS-A,Example10,10,1,32,172.991,3.471,destroy,destroy_random_workers_20pct,51.0,104.0,53.0,False,False,False
ALNS-A,Example10,10,1,32,172.991,3.471,repair,repair_gecode_fast,51.0,104.0,53.0,False,False,False
ALNS-A,Example10,10,1,33,189.007,16.016,destroy,destroy_worst_days_30pct,51.0,78.0,27.0,False,False,False
ALNS-A,Example10,10,1,33,189.007,16.016,repair,repair_chuffed_long,51.0,78.0,27.0,False,False,False
ALNS-A,Example10,10,2,1,2.54,2.54,destroy,destroy_worst_workers_10pct,inf,543.0,nan,True,False,False
ALNS-A,Example10,10,2,1,2.54,2.54,repair,repair_gecode_long,inf,543.0,nan,True,False,False
ALNS-A,Example10,10,2,2,6.614,4.074,destroy,destroy_max_border_off,543.0,531.0,-12.0,True,False,False
ALNS-A,Example10,10,2,2,6.614,4.074,repair,repair_chuffed_fast,543.0,531.0,-12.0,True,False,False
ALNS-A,Example10,10,2,3,10.161,3.547,destroy,destroy_all_forbidden_sequences,531.0,92.0,-439.0,True,False,False
ALNS-A,Example10,10,2,3,10.161,3.547,repair,repair_gecode_fast,531.0,92.0,-439.0,True,False,False
ALNS-A,Example10,10,2,4,10.918,0.757,destroy,destroy_max_border_shift_2,92.0,44.0,-48.0,True,False,False
ALNS-A,Example10,10,2,4,10.918,0.757,repair,repair_gecode_long,92.0,44.0,-48.0,True,False,False
ALNS-A,Example10,10,2,5,15.372,4.454,destroy,destroy_streak_around_worst_worker,44.0,126.0,82.0,False,False,False
ALNS-A,Example10,10,2,5,15.372,4.454,repair,repair_chuffed_fast,44.0,126.0,82.0,False,False,False
ALNS-A,Example10,10,2,6,30.791,15.419,destroy,destroy_worst_workers_10pct,44.0,43.0,-1.0,True,False,False
ALNS-A,Example10,10,2,6,30.791,15.419,repair,repair_gecode_long,44.0,43.0,-1.0,True,False,False
ALNS-A,Example10,10,2,7,31.486,0.696,destroy,destroy_max_border_off,43.0,29.0,-14.0,True,False,False
ALNS-A,Example10,10,2,7,31.486,0.696,repair,repair_gecode_fast,43.0,29.0,-14.0,True,False,False
ALNS-A,Example10,10,2,8,34.992,3.506,destroy,destroy_random_window_20pct,29.0,93.0,64.0,False,False,False
ALNS-A,Example10,10,2,8,34.992,3.506,repair,repair_gecode_fast,29.0,93.0,64.0,False,False,False
ALNS-A,Example10,10,2,9,35.691,0.699,destroy,destroy_all_forbidden_sequences,29.0,27.0,-2.0,True,False,False
ALNS-A,Example10,10,2,9,35.691,0.699,repair,repair_gecode_fast,29.0,27.0,-2.0,True,False,False
ALNS-A,Example10,10,2,10,39.209,3.518,destroy,destroy_streak_around_worst_worker,27.0,199.0,172.0,False,False,False
ALNS-A,Example10,10,2,10,39.209,3.518,repair,repair_gecode_fast,27.0,199.0,172.0,False,False,False
ALNS-A,Example10,10,2,11,54.689,15.48,destroy,destroy_random_window_20pct,27.0,68.0,41.0,False,False,False
ALNS-A,Example10,10,2,11,54.689,15.48,repair,repair_gecode_long,27.0,68.0,41.0,False,False,False
ALNS-A,Example10,10,2,12,55.34,0.652,destroy,destroy_all_forbidden_sequences,27.0,27.0,0.0,True,False,False
ALNS-A,Example10,10,2,12,55.34,0.652,repair,repair_gecode_long,27.0,27.0,0.0,True,False,False
ALNS-A,Example10,10,2,13,70.846,15.506,destroy,destroy_worst_workers_30pct,27.0,86.0,59.0,False,False,False
ALNS-A,Example10,10,2,13,70.846,15.506,repair,repair_gecode_long,27.0,86.0,59.0,False,False,False
ALNS-A,Example10,10,2,14,74.755,3.909,destroy,destroy_random_workers_20pct,27.0,72.0,45.0,False,False,False
ALNS-A,Example10,10,2,14,74.755,3.909,repair,repair_chuffed_fast,27.0,72.0,45.0,False,False,False
ALNS-A,Example10,10,2,15,78.205,3.45,destroy,destroy_random_window_20pct,27.0,61.0,34.0,False,False,False
ALNS-A,Example10,10,2,15,78.205,3.45,repair,repair_gecode_fast,27.0,61.0,34.0,False,False,False
ALNS-A,Example10,10,2,16,93.648,15.443,destroy,destroy_random_window_20pct,27.0,47.0,20.0,False,False,False
ALNS-A,Example10,10,2,16,93.648,15.443,repair,repair_gecode_long,27.0,47.0,20.0,False,False,False
ALNS-A,Example10,10,2,17,97.527,3.88,destroy,destroy_random_workers_20pct,27.0,71.0,44.0,False,False,False
ALNS-A,Example10,10,2,17,97.527,3.88,repair,repair_chuffed_fast,27.0,71.0,44.0,False,False,False
ALNS-A,Example10,10,2,18,113.0,15.473,destroy,destroy_random_workers_20pct,27.0,67.0,40.0,False,False,False
ALNS-A,Example10,10,2,18,113.0,15.473,repair,repair_gecode_long,27.0,67.0,40.0,False,False,False
ALNS-A,Example10,10,2,19,116.896,3.895,destroy,destroy_random_workers_20pct,27.0,91.0,64.0,False,False,False
ALNS-A,Example10,10,2,19,116.896,3.895,repair,repair_chuffed_fast,27.0,91.0,64.0,False,False,False
ALNS-A,Example10,10,2,20,168.354,51.458,destroy,destroy_exploration,27.0,87.0,60.0,False,False,True
ALNS-A,Example10,10,2,20,168.354,51.458,repair,repair_exploration,27.0,87.0,60.0,False,False,True
ALNS-A,Example10,10,2,21,219.135,50.781,destroy,destroy_exploration,27.0,71.0,44.0,False,False,True
ALNS-A,Example10,10,2,21,219.135,50.781,repair,repair_exploration,27.0,71.0,44.0,False,False,True
ALNS-A,Example11,11,0,1,16.223,16.223,destroy,destroy_max_border_off,inf,1105.0,nan,True,False,False
ALNS-A,Example11,11,0,1,16.223,16.223,repair,repair_chuffed_long,inf,1105.0,nan,True,False,False
ALNS-A,Example11,11,0,2,19.975,3.753,destroy,destroy_random_window_20pct,1105.0,151.0,-954.0,True,False,False
ALNS-A,Example11,11,0,2,19.975,3.753,repair,repair_gecode_fast,1105.0,151.0,-954.0,True,False,False
ALNS-A,Example11,11,0,3,36.659,16.683,destroy,destroy_random_window_20pct,151.0,179.0,28.0,False,False,False
ALNS-A,Example11,11,0,3,36.659,16.683,repair,repair_chuffed_long,151.0,179.0,28.0,False,False,False
ALNS-A,Example11,11,0,4,37.316,0.657,destroy,destroy_all_forbidden_sequences,151.0,149.0,-2.0,True,False,False
ALNS-A,Example11,11,0,4,37.316,0.657,repair,repair_gecode_fast,151.0,149.0,-2.0,True,False,False
ALNS-A,Example11,11,0,5,40.781,3.465,destroy,destroy_random_window_20pct,149.0,179.0,30.0,False,False,False
ALNS-A,Example11,11,0,5,40.781,3.465,repair,repair_gecode_fast,149.0,179.0,30.0,False,False,False
ALNS-A,Example11,11,0,6,44.297,3.516,destroy,destroy_random_window_20pct,149.0,230.0,81.0,False,False,False
ALNS-A,Example11,11,0,6,44.297,3.516,repair,repair_gecode_fast,149.0,230.0,81.0,False,False,False
ALNS-A,Example11,11,0,7,59.754,15.457,destroy,destroy_random_workers_20pct,149.0,100.0,-49.0,True,False,False
ALNS-A,Example11,11,0,7,59.754,15.457,repair,repair_gecode_long,149.0,100.0,-49.0,True,False,False
ALNS-A,Example11,11,0,8,64.215,4.461,destroy,destroy_worst_workers_30pct,100.0,190.0,90.0,False,False,False
ALNS-A,Example11,11,0,8,64.215,4.461,repair,repair_chuffed_fast,100.0,190.0,90.0,False,False,False
ALNS-A,Example11,11,0,9,65.297,1.082,destroy,destroy_max_border_shift_1,100.0,86.0,-14.0,True,False,False
ALNS-A,Example11,11,0,9,65.297,1.082,repair,repair_chuffed_fast,100.0,86.0,-14.0,True,False,False
ALNS-A,Example11,11,0,10,68.78,3.483,destroy,destroy_random_window_20pct,86.0,95.0,9.0,False,False,False
ALNS-A,Example11,11,0,10,68.78,3.483,repair,repair_gecode_fast,86.0,95.0,9.0,False,False,False
ALNS-A,Example11,11,0,11,72.287,3.507,destroy,destroy_random_window_20pct,86.0,171.0,85.0,False,False,False
ALNS-A,Example11,11,0,11,72.287,3.507,repair,repair_gecode_fast,86.0,171.0,85.0,False,False,False
ALNS-A,Example11,11,0,12,87.798,15.511,destroy,destroy_worst_workers_30pct,86.0,104.0,18.0,False,False,False
ALNS-A,Example11,11,0,12,87.798,15.511,repair,repair_gecode_long,86.0,104.0,18.0,False,False,False
ALNS-A,Example11,11,0,13,104.003,16.205,destroy,destroy_worst_days_30pct,86.0,125.0,39.0,False,False,False
ALNS-A,Example11,11,0,13,104.003,16.205,repair,repair_chuffed_long,86.0,125.0,39.0,False,False,False
ALNS-A,Example11,11,0,14,107.483,3.481,destroy,destroy_random_days_20pct,86.0,149.0,63.0,False,False,False
ALNS-A,Example11,11,0,14,107.483,3.481,repair,repair_gecode_fast,86.0,149.0,63.0,False,False,False
ALNS-A,Example11,11,0,15,111.473,3.99,destroy,destroy_random_workers_20pct,86.0,126.0,40.0,False,False,False
ALNS-A,Example11,11,0,15,111.473,3.99,repair,repair_chuffed_fast,86.0,126.0,40.0,False,False,False
ALNS-A,Example11,11,0,16,127.617,16.144,destroy,destroy_random_days_20pct,86.0,155.0,69.0,False,False,False
ALNS-A,Example11,11,0,16,127.617,16.144,repair,repair_chuffed_long,86.0,155.0,69.0,False,False,False
ALNS-A,Example11,11,0,17,128.521,0.903,destroy,destroy_all_forbidden_sequences,86.0,83.0,-3.0,True,False,False
ALNS-A,Example11,11,0,17,128.521,0.903,repair,repair_chuffed_fast,86.0,83.0,-3.0,True,False,False
ALNS-A,Example11,11,0,18,132.487,3.967,destroy,destroy_random_workers_20pct,83.0,104.0,21.0,False,False,False
ALNS-A,Example11,11,0,18,132.487,3.967,repair,repair_chuffed_fast,83.0,104.0,21.0,False,False,False
ALNS-A,Example11,11,0,19,136.322,3.835,destroy,destroy_max_border_off,83.0,72.0,-11.0,True,False,False
ALNS-A,Example11,11,0,19,136.322,3.835,repair,repair_chuffed_fast,83.0,72.0,-11.0,True,False,False
ALNS-A,Example11,11,0,20,151.796,15.473,destroy,destroy_random_workers_20pct,72.0,96.0,24.0,False,False,False
ALNS-A,Example11,11,0,20,151.796,15.473,repair,repair_gecode_long,72.0,96.0,24.0,False,False,False
ALNS-A,Example11,11,0,21,154.819,3.023,destroy,destroy_max_border_off,72.0,51.0,-21.0,True,False,False
ALNS-A,Example11,11,0,21,154.819,3.023,repair,repair_gecode_fast,72.0,51.0,-21.0,True,False,False
ALNS-A,Example11,11,0,22,155.449,0.63,destroy,destroy_all_forbidden_sequences,51.0,51.0,0.0,True,False,False
ALNS-A,Example11,11,0,22,155.449,0.63,repair,repair_gecode_long,51.0,51.0,0.0,True,False,False
ALNS-A,Example11,11,0,23,159.906,4.457,destroy,destroy_streak_around_worst_worker,51.0,234.0,183.0,False,False,False
ALNS-A,Example11,11,0,23,159.906,4.457,repair,repair_chuffed_fast,51.0,234.0,183.0,False,False,False
ALNS-A,Example11,11,0,24,163.375,3.47,destroy,destroy_random_workers_20pct,51.0,87.0,36.0,False,False,False
ALNS-A,Example11,11,0,24,163.375,3.47,repair,repair_gecode_fast,51.0,87.0,36.0,False,False,False
ALNS-A,Example11,11,0,25,167.269,3.894,destroy,destroy_worst_workers_10pct,51.0,71.0,20.0,False,False,False
ALNS-A,Example11,11,0,25,167.269,3.894,repair,repair_chuffed_fast,51.0,71.0,20.0,False,False,False
ALNS-A,Example11,11,0,26,170.743,3.473,destroy,destroy_random_workers_20pct,51.0,86.0,35.0,False,False,False
ALNS-A,Example11,11,0,26,170.743,3.473,repair,repair_gecode_fast,51.0,86.0,35.0,False,False,False
ALNS-A,Example11,11,0,27,186.217,15.474,destroy,destroy_random_window_20pct,51.0,49.0,-2.0,True,False,False
ALNS-A,Example11,11,0,27,186.217,15.474,repair,repair_gecode_long,51.0,49.0,-2.0,True,False,False
ALNS-A,Example11,11,1,1,4.363,4.363,destroy,destroy_max_border_shift_1,inf,190.0,nan,True,False,False
ALNS-A,Example11,11,1,1,4.363,4.363,repair,repair_chuffed_fast,inf,190.0,nan,True,False,False
ALNS-A,Example11,11,1,2,8.082,3.719,destroy,destroy_random_window_20pct,190.0,74.0,-116.0,True,False,False
ALNS-A,Example11,11,1,2,8.082,3.719,repair,repair_gecode_fast,190.0,74.0,-116.0,True,False,False
ALNS-A,Example11,11,1,3,12.067,3.985,destroy,destroy_worst_workers_10pct,74.0,81.0,7.0,False,False,False
ALNS-A,Example11,11,1,3,12.067,3.985,repair,repair_chuffed_fast,74.0,81.0,7.0,False,False,False
ALNS-A,Example11,11,1,4,13.93,1.862,destroy,destroy_max_border_off,74.0,62.0,-12.0,True,False,False
ALNS-A,Example11,11,1,4,13.93,1.862,repair,repair_gecode_fast,74.0,62.0,-12.0,True,False,False
ALNS-A,Example11,11,1,5,15.467,1.537,destroy,destroy_random_window_20pct,62.0,62.0,0.0,True,False,False
ALNS-A,Example11,11,1,5,15.467,1.537,repair,repair_chuffed_fast,62.0,62.0,0.0,True,False,False
ALNS-A,Example11,11,1,6,19.204,3.737,destroy,destroy_all_forbidden_sequences,62.0,58.0,-4.0,True,False,False
ALNS-A,Example11,11,1,6,19.204,3.737,repair,repair_chuffed_fast,62.0,58.0,-4.0,True,False,False
ALNS-A,Example11,11,1,7,19.846,0.641,destroy,destroy_max_border_off,58.0,54.0,-4.0,True,False,False
ALNS-A,Example11,11,1,7,19.846,0.641,repair,repair_gecode_fast,58.0,54.0,-4.0,True,False,False
ALNS-A,Example11,11,1,8,23.843,3.997,destroy,destroy_random_workers_20pct,54.0,119.0,65.0,False,False,False
ALNS-A,Example11,11,1,8,23.843,3.997,repair,repair_chuffed_fast,54.0,119.0,65.0,False,False,False
ALNS-A,Example11,11,1,9,27.275,3.432,destroy,destroy_worst_workers_10pct,54.0,56.0,2.0,False,False,False
ALNS-A,Example11,11,1,9,27.275,3.432,repair,repair_gecode_fast,54.0,56.0,2.0,False,False,False
ALNS-A,Example11,11,1,10,43.758,16.483,destroy,destroy_streak_around_worst_worker,54.0,402.0,348.0,False,False,False
ALNS-A,Example11,11,1,10,43.758,16.483,repair,repair_chuffed_long,54.0,402.0,348.0,False,False,False
ALNS-A,Example11,11,1,11,47.262,3.504,destroy,destroy_worst_workers_30pct,54.0,189.0,135.0,False,False,False
ALNS-A,Example11,11,1,11,47.262,3.504,repair,repair_gecode_fast,54.0,189.0,135.0,False,False,False
ALNS-A,Example11,11,1,12,62.77,15.508,destroy,destroy_worst_workers_30pct,54.0,173.0,119.0,False,False,False
ALNS-A,Example11,11,1,12,62.77,15.508,repair,repair_gecode_long,54.0,173.0,119.0,False,False,False
ALNS-A,Example11,11,1,13,66.284,3.514,destroy,destroy_random_window_20pct,54.0,171.0,117.0,False,False,False
ALNS-A,Example11,11,1,13,66.284,3.514,repair,repair_gecode_fast,54.0,171.0,117.0,False,False,False
ALNS-A,Example11,11,1,14,69.796,3.513,destroy,destroy_worst_workers_30pct,54.0,177.0,123.0,False,False,False
ALNS-A,Example11,11,1,14,69.796,3.513,repair,repair_gecode_fast,54.0,177.0,123.0,False,False,False
ALNS-A,Example11,11,1,15,73.832,4.035,destroy,destroy_random_workers_20pct,54.0,111.0,57.0,False,False,False
ALNS-A,Example11,11,1,15,73.832,4.035,repair,repair_chuffed_fast,54.0,111.0,57.0,False,False,False
ALNS-A,Example11,11,1,16,89.815,15.983,destroy,destroy_random_workers_20pct,54.0,95.0,41.0,False,False,False
ALNS-A,Example11,11,1,16,89.815,15.983,repair,repair_chuffed_long,54.0,95.0,41.0,False,False,False
ALNS-A,Example11,11,1,17,93.366,3.552,destroy,destroy_worst_days_30pct,54.0,110.0,56.0,False,False,False
ALNS-A,Example11,11,1,17,93.366,3.552,repair,repair_gecode_fast,54.0,110.0,56.0,False,False,False
ALNS-A,Example11,11,1,18,144.216,50.85,destroy,destroy_exploration,54.0,68.0,14.0,False,False,True
ALNS-A,Example11,11,1,18,144.216,50.85,repair,repair_exploration,54.0,68.0,14.0,False,False,True
ALNS-A,Example11,11,1,19,195.491,51.275,destroy,destroy_exploration,54.0,244.0,190.0,False,False,True
ALNS-A,Example11,11,1,19,195.491,51.275,repair,repair_exploration,54.0,244.0,190.0,False,False,True
ALNS-A,Example11,11,2,1,1.693,1.693,destroy,destroy_worst_workers_10pct,inf,954.0,nan,True,False,False
ALNS-A,Example11,11,2,1,1.693,1.693,repair,repair_gecode_long,inf,954.0,nan,True,False,False
ALNS-A,Example11,11,2,2,6.017,4.323,destroy,destroy_max_border_shift_1,954.0,181.0,-773.0,True,False,False
ALNS-A,Example11,11,2,2,6.017,4.323,repair,repair_chuffed_fast,954.0,181.0,-773.0,True,False,False
ALNS-A,Example11,11,2,3,9.592,3.575,destroy,destroy_all_forbidden_sequences,181.0,71.0,-110.0,True,False,False
ALNS-A,Example11,11,2,3,9.592,3.575,repair,repair_gecode_fast,181.0,71.0,-110.0,True,False,False
ALNS-A,Example11,11,2,4,13.173,3.581,destroy,destroy_random_window_20pct,71.0,96.0,25.0,False,False,False
ALNS-A,Example11,11,2,4,13.173,3.581,repair,repair_gecode_fast,71.0,96.0,25.0,False,False,False
ALNS-A,Example11,11,2,5,16.675,3.503,destroy,destroy_random_window_20pct,71.0,130.0,59.0,False,False,False
ALNS-A,Example11,11,2,5,16.675,3.503,repair,repair_gecode_fast,71.0,130.0,59.0,False,False,False
ALNS-A,Example11,11,2,6,20.139,3.464,destroy,destroy_random_workers_20pct,71.0,88.0,17.0,False,False,False
ALNS-A,Example11,11,2,6,20.139,3.464,repair,repair_gecode_fast,71.0,88.0,17.0,False,False,False
ALNS-A,Example11,11,2,7,23.61,3.471,destroy,destroy_random_workers_20pct,71.0,106.0,35.0,False,False,False
ALNS-A,Example11,11,2,7,23.61,3.471,repair,repair_gecode_fast,71.0,106.0,35.0,False,False,False
ALNS-A,Example11,11,2,8,27.029,3.419,destroy,destroy_max_border_off,71.0,36.0,-35.0,True,False,False
ALNS-A,Example11,11,2,8,27.029,3.419,repair,repair_gecode_fast,71.0,36.0,-35.0,True,False,False
ALNS-A,Example11,11,2,9,30.51,3.48,destroy,destroy_random_window_20pct,36.0,79.0,43.0,False,False,False
ALNS-A,Example11,11,2,9,30.51,3.48,repair,repair_gecode_fast,36.0,79.0,43.0,False,False,False
ALNS-A,Example11,11,2,10,45.977,15.468,destroy,destroy_random_workers_20pct,36.0,69.0,33.0,False,False,False
ALNS-A,Example11,11,2,10,45.977,15.468,repair,repair_gecode_long,36.0,69.0,33.0,False,False,False
ALNS-A,Example11,11,2,11,61.939,15.961,destroy,destroy_random_workers_20pct,36.0,71.0,35.0,False,False,False
ALNS-A,Example11,11,2,11,61.939,15.961,repair,repair_chuffed_long,36.0,71.0,35.0,False,False,False
ALNS-A,Example11,11,2,12,66.336,4.397,destroy,destroy_random_window_20pct,36.0,60.0,24.0,False,False,False
ALNS-A,Example11,11,2,12,66.336,4.397,repair,repair_chuffed_fast,36.0,60.0,24.0,False,False,False
ALNS-A,Example11,11,2,13,70.72,4.384,destroy,destroy_random_window_20pct,36.0,114.0,78.0,False,False,False
ALNS-A,Example11,11,2,13,70.72,4.384,repair,repair_chuffed_fast,36.0,114.0,78.0,False,False,False
ALNS-A,Example11,11,2,14,74.223,3.503,destroy,destroy_random_window_20pct,36.0,99.0,63.0,False,False,False
ALNS-A,Example11,11,2,14,74.223,3.503,repair,repair_gecode_fast,36.0,99.0,63.0,False,False,False
ALNS-A,Example11,11,2,15,75.184,0.961,destroy,destroy_all_forbidden_sequences,36.0,35.0,-1.0,True,False,False
ALNS-A,Example11,11,2,15,75.184,0.961,repair,repair_chuffed_fast,36.0,35.0,-1.0,True,False,False
ALNS-A,Example11,11,2,16,78.725,3.541,destroy,destroy_streak_around_worst_worker,35.0,386.0,351.0,False,False,False
ALNS-A,Example11,11,2,16,78.725,3.541,repair,repair_gecode_fast,35.0,386.0,351.0,False,False,False
ALNS-A,Example11,11,2,17,79.351,0.626,destroy,destroy_max_border_shift_2,35.0,34.0,-1.0,True,False,False
ALNS-A,Example11,11,2,17,79.351,0.626,repair,repair_gecode_fast,35.0,34.0,-1.0,True,False,False
ALNS-A,Example11,11,2,18,95.456,16.105,destroy,destroy_random_workers_20pct,34.0,89.0,55.0,False,False,False
ALNS-A,Example11,11,2,18,95.456,16.105,repair,repair_chuffed_long,34.0,89.0,55.0,False,False,False
ALNS-A,Example11,11,2,19,96.357,0.901,destroy,destroy_max_border_off,34.0,34.0,0.0,True,False,False
ALNS-A,Example11,11,2,19,96.357,0.901,repair,repair_chuffed_fast,34.0,34.0,0.0,True,False,False
ALNS-A,Example11,11,2,20,100.253,3.896,destroy,destroy_random_window_20pct,34.0,94.0,60.0,False,False,False
ALNS-A,Example11,11,2,20,100.253,3.896,repair,repair_chuffed_fast,34.0,94.0,60.0,False,False,False
ALNS-A,Example11,11,2,21,104.31,4.056,destroy,destroy_random_workers_20pct,34.0,94.0,60.0,False,False,False
ALNS-A,Example11,11,2,21,104.31,4.056,repair,repair_chuffed_fast,34.0,94.0,60.0,False,False,False
ALNS-A,Example11,11,2,22,119.781,15.471,destroy,destroy_random_workers_20pct,34.0,82.0,48.0,False,False,False
ALNS-A,Example11,11,2,22,119.781,15.471,repair,repair_gecode_long,34.0,82.0,48.0,False,False,False
ALNS-A,Example11,11,2,23,123.334,3.554,destroy,destroy_random_window_20pct,34.0,127.0,93.0,False,False,False
ALNS-A,Example11,11,2,23,123.334,3.554,repair,repair_gecode_fast,34.0,127.0,93.0,False,False,False
ALNS-A,Example11,11,2,24,139.237,15.903,destroy,destroy_random_days_20pct,34.0,129.0,95.0,False,False,False
ALNS-A,Example11,11,2,24,139.237,15.903,repair,repair_chuffed_long,34.0,129.0,95.0,False,False,False
ALNS-A,Example11,11,2,25,154.794,15.557,destroy,destroy_random_window_20pct,34.0,144.0,110.0,False,False,False
ALNS-A,Example11,11,2,25,154.794,15.557,repair,repair_gecode_long,34.0,144.0,110.0,False,False,False
ALNS-A,Example11,11,2,26,158.273,3.478,destroy,destroy_random_workers_20pct,34.0,79.0,45.0,False,False,False
ALNS-A,Example11,11,2,26,158.273,3.478,repair,repair_gecode_fast,34.0,79.0,45.0,False,False,False
ALNS-A,Example11,11,2,27,161.802,3.529,destroy,destroy_random_window_20pct,34.0,97.0,63.0,False,False,False
ALNS-A,Example11,11,2,27,161.802,3.529,repair,repair_gecode_fast,34.0,97.0,63.0,False,False,False
ALNS-A,Example11,11,2,28,212.732,50.93,destroy,destroy_exploration,34.0,79.0,45.0,False,False,True
ALNS-A,Example11,11,2,28,212.732,50.93,repair,repair_exploration,34.0,79.0,45.0,False,False,True
ALNS-A,Example12,12,0,1,15.963,15.963,destroy,destroy_streak_around_worst_worker,inf,374.0,nan,True,False,False
ALNS-A,Example12,12,0,1,15.963,15.963,repair,repair_chuffed_long,inf,374.0,nan,True,False,False
ALNS-A,Example12,12,0,2,19.619,3.656,destroy,destroy_random_days_20pct,374.0,87.0,-287.0,True,False,False
ALNS-A,Example12,12,0,2,19.619,3.656,repair,repair_gecode_fast,374.0,87.0,-287.0,True,False,False
ALNS-A,Example12,12,0,3,20.51,0.891,destroy,destroy_max_border_shift_2,87.0,85.0,-2.0,True,False,False
ALNS-A,Example12,12,0,3,20.51,0.891,repair,repair_chuffed_fast,87.0,85.0,-2.0,True,False,False
ALNS-A,Example12,12,0,4,36.321,15.811,destroy,destroy_worst_days_30pct,85.0,124.0,39.0,False,False,False
ALNS-A,Example12,12,0,4,36.321,15.811,repair,repair_chuffed_long,85.0,124.0,39.0,False,False,False
ALNS-A,Example12,12,0,5,39.741,3.42,destroy,destroy_random_window_20pct,85.0,87.0,2.0,False,False,False
ALNS-A,Example12,12,0,5,39.741,3.42,repair,repair_gecode_fast,85.0,87.0,2.0,False,False,False
ALNS-A,Example12,12,0,6,40.53,0.789,destroy,destroy_max_border_off,85.0,70.0,-15.0,True,False,False
ALNS-A,Example12,12,0,6,40.53,0.789,repair,repair_gecode_long,85.0,70.0,-15.0,True,False,False
ALNS-A,Example12,12,0,7,44.36,3.83,destroy,destroy_random_days_20pct,70.0,122.0,52.0,False,False,False
ALNS-A,Example12,12,0,7,44.36,3.83,repair,repair_chuffed_fast,70.0,122.0,52.0,False,False,False
ALNS-A,Example12,12,0,8,47.928,3.568,destroy,destroy_worst_workers_30pct,70.0,81.0,11.0,False,False,False
ALNS-A,Example12,12,0,8,47.928,3.568,repair,repair_gecode_fast,70.0,81.0,11.0,False,False,False
ALNS-A,Example12,12,0,9,48.522,0.594,destroy,destroy_all_forbidden_sequences,70.0,62.0,-8.0,True,False,False
ALNS-A,Example12,12,0,9,48.522,0.594,repair,repair_gecode_fast,70.0,62.0,-8.0,True,False,False
ALNS-A,Example12,12,0,10,51.96,3.438,destroy,destroy_worst_workers_30pct,62.0,85.0,23.0,False,False,False
ALNS-A,Example12,12,0,10,51.96,3.438,repair,repair_gecode_fast,62.0,85.0,23.0,False,False,False
ALNS-A,Example12,12,0,11,67.376,15.416,destroy,destroy_random_window_20pct,62.0,66.0,4.0,False,False,False
ALNS-A,Example12,12,0,11,67.376,15.416,repair,repair_gecode_long,62.0,66.0,4.0,False,False,False
ALNS-A,Example12,12,0,12,70.961,3.585,destroy,destroy_random_workers_20pct,62.0,73.0,11.0,False,False,False
ALNS-A,Example12,12,0,12,70.961,3.585,repair,repair_chuffed_fast,62.0,73.0,11.0,False,False,False
ALNS-A,Example12,12,0,13,74.522,3.561,destroy,destroy_random_workers_20pct,62.0,73.0,11.0,True,False,False
ALNS-A,Example12,12,0,13,74.522,3.561,repair,repair_chuffed_fast,62.0,73.0,11.0,True,False,False
ALNS-A,Example12,12,0,14,75.271,0.749,destroy,destroy_max_border_off,73.0,59.0,-14.0,True,False,False
ALNS-A,Example12,12,0,14,75.271,0.749,repair,repair_chuffed_fast,73.0,59.0,-14.0,True,False,False
ALNS-A,Example12,12,0,15,78.802,3.53,destroy,destroy_random_window_20pct,59.0,63.0,4.0,False,False,False
ALNS-A,Example12,12,0,15,78.802,3.53,repair,repair_chuffed_fast,59.0,63.0,4.0,False,False,False
ALNS-A,Example12,12,0,16,79.816,1.014,destroy,destroy_random_window_20pct,59.0,59.0,0.0,True,False,False
ALNS-A,Example12,12,0,16,79.816,1.014,repair,repair_gecode_long,59.0,59.0,0.0,True,False,False
ALNS-A,Example12,12,0,17,83.271,3.455,destroy,destroy_worst_days_30pct,59.0,116.0,57.0,False,False,False
ALNS-A,Example12,12,0,17,83.271,3.455,repair,repair_gecode_fast,59.0,116.0,57.0,False,False,False
ALNS-A,Example12,12,0,18,86.686,3.416,destroy,destroy_random_window_20pct,59.0,54.0,-5.0,True,False,False
ALNS-A,Example12,12,0,18,86.686,3.416,repair,repair_gecode_fast,59.0,54.0,-5.0,True,False,False
ALNS-A,Example12,12,0,19,90.382,3.696,destroy,destroy_worst_workers_30pct,54.0,108.0,54.0,False,False,False
ALNS-A,Example12,12,0,19,90.382,3.696,repair,repair_chuffed_fast,54.0,108.0,54.0,False,False,False
ALNS-A,Example12,12,0,20,105.801,15.419,destroy,destroy_random_workers_20pct,54.0,44.0,-10.0,True,False,False
ALNS-A,Example12,12,0,20,105.801,15.419,repair,repair_gecode_long,54.0,44.0,-10.0,True,False,False
ALNS-A,Example12,12,0,21,106.521,0.72,destroy,destroy_max_border_off,44.0,32.0,-12.0,True,False,False
ALNS-A,Example12,12,0,21,106.521,0.72,repair,repair_chuffed_fast,44.0,32.0,-12.0,True,False,False
ALNS-A,Example12,12,0,22,121.953,15.431,destroy,destroy_worst_workers_30pct,32.0,67.0,35.0,False,False,False
ALNS-A,Example12,12,0,22,121.953,15.431,repair,repair_gecode_long,32.0,67.0,35.0,False,False,False
ALNS-A,Example12,12,0,23,125.536,3.583,destroy,destroy_random_window_20pct,32.0,46.0,14.0,False,False,False
ALNS-A,Example12,12,0,23,125.536,3.583,repair,repair_chuffed_fast,32.0,46.0,14.0,False,False,False
ALNS-A,Example12,12,0,24,128.968,3.432,destroy,destroy_streak_around_worst_worker,32.0,60.0,28.0,False,False,False
ALNS-A,Example12,12,0,24,128.968,3.432,repair,repair_gecode_fast,32.0,60.0,28.0,False,False,False
ALNS-A,Example12,12,0,25,132.6,3.632,destroy,destroy_random_days_20pct,32.0,107.0,75.0,False,False,False
ALNS-A,Example12,12,0,25,132.6,3.632,repair,repair_chuffed_fast,32.0,107.0,75.0,False,False,False
ALNS-A,Example12,12,0,26,136.28,3.679,destroy,destroy_random_window_20pct,32.0,65.0,33.0,False,False,False
ALNS-A,Example12,12,0,26,136.28,3.679,repair,repair_chuffed_fast,32.0,65.0,33.0,False,False,False
ALNS-A,Example12,12,0,27,139.711,3.432,destroy,destroy_random_window_20pct,32.0,64.0,32.0,False,False,False
ALNS-A,Example12,12,0,27,139.711,3.432,repair,repair_gecode_fast,32.0,64.0,32.0,False,False,False
ALNS-A,Example12,12,0,28,155.131,15.419,destroy,destroy_random_workers_20pct,32.0,34.0,2.0,False,False,False
ALNS-A,Example12,12,0,28,155.131,15.419,repair,repair_gecode_long,32.0,34.0,2.0,False,False,False
ALNS-A,Example12,12,0,29,158.713,3.582,destroy,destroy_random_window_20pct,32.0,55.0,23.0,False,False,False
ALNS-A,Example12,12,0,29,158.713,3.582,repair,repair_chuffed_fast,32.0,55.0,23.0,False,False,False
ALNS-A,Example12,12,0,30,162.328,3.615,destroy,destroy_random_window_20pct,32.0,55.0,23.0,False,False,False
ALNS-A,Example12,12,0,30,162.328,3.615,repair,repair_chuffed_fast,32.0,55.0,23.0,False,False,False
ALNS-A,Example12,12,0,31,177.924,15.595,destroy,destroy_random_workers_20pct,32.0,33.0,1.0,True,False,False
ALNS-A,Example12,12,0,31,177.924,15.595,repair,repair_chuffed_long,32.0,33.0,1.0,True,False,False
ALNS-A,Example12,12,0,32,228.586,50.662,destroy,destroy_exploration,33.0,70.0,37.0,False,False,True
ALNS-A,Example12,12,0,32,228.586,50.662,repair,repair_exploration,33.0,70.0,37.0,False,False,True
ALNS-A,Example12,12,1,1,1.048,1.048,destroy,destroy_max_border_shift_1,inf,199.0,nan,True,False,False
ALNS-A,Example12,12,1,1,1.048,1.048,repair,repair_chuffed_fast,inf,199.0,nan,True,False,False
ALNS-A,Example12,12,1,2,4.687,3.639,destroy,destroy_random_window_20pct,199.0,56.0,-143.0,True,False,False
ALNS-A,Example12,12,1,2,4.687,3.639,repair,repair_gecode_fast,199.0,56.0,-143.0,True,False,False
ALNS-A,Example12,12,1,3,5.972,1.285,destroy,destroy_worst_workers_10pct,56.0,49.0,-7.0,True,False,False
ALNS-A,Example12,12,1,3,5.972,1.285,repair,repair_chuffed_fast,56.0,49.0,-7.0,True,False,False
ALNS-A,Example12,12,1,4,22.035,16.063,destroy,destroy_streak_around_worst_worker,49.0,78.0,29.0,False,False,False
ALNS-A,Example12,12,1,4,22.035,16.063,repair,repair_chuffed_long,49.0,78.0,29.0,False,False,False
ALNS-A,Example12,12,1,5,37.625,15.589,destroy,destroy_random_window_20pct,49.0,46.0,-3.0,True,False,False
ALNS-A,Example12,12,1,5,37.625,15.589,repair,repair_chuffed_long,49.0,46.0,-3.0,True,False,False
ALNS-A,Example12,12,1,6,41.113,3.488,destroy,destroy_worst_days_30pct,46.0,111.0,65.0,False,False,False
ALNS-A,Example12,12,1,6,41.113,3.488,repair,repair_gecode_fast,46.0,111.0,65.0,False,False,False
ALNS-A,Example12,12,1,7,44.965,3.853,destroy,destroy_streak_around_worst_worker,46.0,127.0,81.0,False,False,False
ALNS-A,Example12,12,1,7,44.965,3.853,repair,repair_chuffed_fast,46.0,127.0,81.0,False,False,False
ALNS-A,Example12,12,1,8,48.433,3.468,destroy,destroy_worst_workers_30pct,46.0,58.0,12.0,False,False,False
ALNS-A,Example12,12,1,8,48.433,3.468,repair,repair_gecode_fast,46.0,58.0,12.0,False,False,False
ALNS-A,Example12,12,1,9,63.983,15.55,destroy,destroy_random_workers_20pct,46.0,73.0,27.0,False,False,False
ALNS-A,Example12,12,1,9,63.983,15.55,repair,repair_chuffed_long,46.0,73.0,27.0,False,False,False
ALNS-A,Example12,12,1,10,67.555,3.572,destroy,destroy_random_window_20pct,46.0,98.0,52.0,False,False,False
ALNS-A,Example12,12,1,10,67.555,3.572,repair,repair_chuffed_fast,46.0,98.0,52.0,False,False,False
ALNS-A,Example12,12,1,11,71.127,3.572,destroy,destroy_random_workers_20pct,46.0,80.0,34.0,False,False,False
ALNS-A,Example12,12,1,11,71.127,3.572,repair,repair_chuffed_fast,46.0,80.0,34.0,False,False,False
ALNS-A,Example12,12,1,12,71.771,0.644,destroy,destroy_all_forbidden_sequences,46.0,31.0,-15.0,True,False,False
ALNS-A,Example12,12,1,12,71.771,0.644,repair,repair_gecode_fast,46.0,31.0,-15.0,True,False,False
ALNS-A,Example12,12,1,13,87.371,15.6,destroy,destroy_random_workers_20pct,31.0,38.0,7.0,False,False,False
ALNS-A,Example12,12,1,13,87.371,15.6,repair,repair_chuffed_long,31.0,38.0,7.0,False,False,False
ALNS-A,Example12,12,1,14,103.005,15.634,destroy,destroy_random_window_20pct,31.0,87.0,56.0,False,False,False
ALNS-A,Example12,12,1,14,103.005,15.634,repair,repair_chuffed_long,31.0,87.0,56.0,False,False,False
ALNS-A,Example12,12,1,15,106.689,3.684,destroy,destroy_worst_workers_30pct,31.0,61.0,30.0,False,False,False
ALNS-A,Example12,12,1,15,106.689,3.684,repair,repair_chuffed_fast,31.0,61.0,30.0,False,False,False
ALNS-A,Example12,12,1,16,110.281,3.591,destroy,destroy_random_workers_20pct,31.0,51.0,20.0,False,False,False
ALNS-A,Example12,12,1,16,110.281,3.591,repair,repair_chuffed_fast,31.0,51.0,20.0,False,False,False
ALNS-A,Example12,12,1,17,114.255,3.974,destroy,destroy_random_window_20pct,31.0,24.0,-7.0,True,False,False
ALNS-A,Example12,12,1,17,114.255,3.974,repair,repair_chuffed_long,31.0,24.0,-7.0,True,False,False
ALNS-A,Example12,12,1,18,117.692,3.437,destroy,destroy_worst_workers_30pct,24.0,61.0,37.0,False,False,False
ALNS-A,Example12,12,1,18,117.692,3.437,repair,repair_gecode_fast,24.0,61.0,37.0,False,False,False
ALNS-A,Example12,12,1,19,133.231,15.539,destroy,destroy_random_workers_20pct,24.0,32.0,8.0,False,False,False
ALNS-A,Example12,12,1,19,133.231,15.539,repair,repair_chuffed_long,24.0,32.0,8.0,False,False,False
ALNS-A,Example12,12,1,20,149.326,16.095,destroy,destroy_worst_days_30pct,24.0,73.0,49.0,False,False,False
ALNS-A,Example12,12,1,20,149.326,16.095,repair,repair_chuffed_long,24.0,73.0,49.0,False,False,False
ALNS-A,Example12,12,1,21,152.778,3.452,destroy,destroy_random_workers_20pct,24.0,36.0,12.0,True,False,False
ALNS-A,Example12,12,1,21,152.778,3.452,repair,repair_gecode_fast,24.0,36.0,12.0,True,False,False
ALNS-A,Example12,12,1,22,156.237,3.459,destroy,destroy_random_window_20pct,36.0,54.0,18.0,False,False,False
ALNS-A,Example12,12,1,22,156.237,3.459,repair,repair_gecode_fast,36.0,54.0,18.0,False,False,False
ALNS-A,Example12,12,1,23,157.174,0.937,destroy,destroy_all_forbidden_sequences,36.0,36.0,0.0,True,False,False
ALNS-A,Example12,12,1,23,157.174,0.937,repair,repair_gecode_fast,36.0,36.0,0.0,True,False,False
ALNS-A,Example12,12,1,24,159.71,2.536,destroy,destroy_random_window_20pct,36.0,27.0,-9.0,True,False,False
ALNS-A,Example12,12,1,24,159.71,2.536,repair,repair_gecode_fast,36.0,27.0,-9.0,True,False,False
ALNS-A,Example12,12,1,25,160.325,0.615,destroy,destroy_max_border_off,27.0,19.0,-8.0,True,False,False
ALNS-A,Example12,12,1,25,160.325,0.615,repair,repair_gecode_fast,27.0,19.0,-8.0,True,False,False
ALNS-A,Example12,12,1,26,163.947,3.622,destroy,destroy_random_workers_20pct,19.0,32.0,13.0,False,False,False
ALNS-A,Example12,12,1,26,163.947,3.622,repair,repair_chuffed_fast,19.0,32.0,13.0,False,False,False
ALNS-A,Example12,12,1,27,166.96,3.013,destroy,destroy_random_window_20pct,19.0,13.0,-6.0,True,False,False
ALNS-A,Example12,12,1,27,166.96,3.013,repair,repair_gecode_fast,19.0,13.0,-6.0,True,False,False
ALNS-A,Example12,12,1,28,171.048,4.088,destroy,destroy_worst_days_30pct,13.0,111.0,98.0,False,False,False
ALNS-A,Example12,12,1,28,171.048,4.088,repair,repair_chuffed_fast,13.0,111.0,98.0,False,False,False
ALNS-A,Example12,12,1,29,174.67,3.621,destroy,destroy_random_workers_20pct,13.0,28.0,15.0,False,False,False
ALNS-A,Example12,12,1,29,174.67,3.621,repair,repair_chuffed_fast,13.0,28.0,15.0,False,False,False
ALNS-A,Example12,12,1,30,175.362,0.693,destroy,destroy_worst_workers_10pct,13.0,12.0,-1.0,True,False,False
ALNS-A,Example12,12,1,30,175.362,0.693,repair,repair_gecode_fast,13.0,12.0,-1.0,True,False,False
ALNS-A,Example12,12,1,31,179.078,3.716,destroy,destroy_worst_workers_30pct,12.0,70.0,58.0,False,False,False
ALNS-A,Example12,12,1,31,179.078,3.716,repair,repair_chuffed_fast,12.0,70.0,58.0,False,False,False
ALNS-A,Example12,12,1,32,182.659,3.581,destroy,destroy_random_workers_20pct,12.0,35.0,23.0,False,False,False
ALNS-A,Example12,12,1,32,182.659,3.581,repair,repair_chuffed_fast,12.0,35.0,23.0,False,False,False
ALNS-A,Example12,12,2,1,0.919,0.919,destroy,destroy_max_border_shift_2,inf,254.0,nan,True,False,False
ALNS-A,Example12,12,2,1,0.919,0.919,repair,repair_gecode_long,inf,254.0,nan,True,False,False
ALNS-A,Example12,12,2,2,4.891,3.971,destroy,destroy_worst_workers_30pct,254.0,157.0,-97.0,True,False,False
ALNS-A,Example12,12,2,2,4.891,3.971,repair,repair_chuffed_fast,254.0,157.0,-97.0,True,False,False
ALNS-A,Example12,12,2,3,20.585,15.694,destroy,destroy_random_days_20pct,157.0,117.0,-40.0,True,False,False
ALNS-A,Example12,12,2,3,20.585,15.694,repair,repair_chuffed_long,157.0,117.0,-40.0,True,False,False
ALNS-A,Example12,12,2,4,24.174,3.589,destroy,destroy_worst_days_30pct,117.0,166.0,49.0,False,False,False
ALNS-A,Example12,12,2,4,24.174,3.589,repair,repair_gecode_fast,117.0,166.0,49.0,False,False,False
ALNS-A,Example12,12,2,5,27.764,3.59,destroy,destroy_streak_around_worst_worker,117.0,97.0,-20.0,True,False,False
ALNS-A,Example12,12,2,5,27.764,3.59,repair,repair_chuffed_fast,117.0,97.0,-20.0,True,False,False
ALNS-A,Example12,12,2,6,43.279,15.515,destroy,destroy_random_workers_20pct,97.0,112.0,15.0,False,False,False
ALNS-A,Example12,12,2,6,43.279,15.515,repair,repair_chuffed_long,97.0,112.0,15.0,False,False,False
ALNS-A,Example12,12,2,7,46.735,3.455,destroy,destroy_worst_workers_30pct,97.0,118.0,21.0,False,False,False
ALNS-A,Example12,12,2,7,46.735,3.455,repair,repair_gecode_fast,97.0,118.0,21.0,False,False,False
ALNS-A,Example12,12,2,8,47.346,0.612,destroy,destroy_all_forbidden_sequences,97.0,92.0,-5.0,True,False,False
ALNS-A,Example12,12,2,8,47.346,0.612,repair,repair_chuffed_long,97.0,92.0,-5.0,True,False,False
ALNS-A,Example12,12,2,9,49.348,2.002,destroy,destroy_random_window_20pct,92.0,76.0,-16.0,True,False,False
ALNS-A,Example12,12,2,9,49.348,2.002,repair,repair_chuffed_fast,92.0,76.0,-16.0,True,False,False
ALNS-A,Example12,12,2,10,53.037,3.689,destroy,destroy_worst_workers_30pct,76.0,125.0,49.0,False,False,False
ALNS-A,Example12,12,2,10,53.037,3.689,repair,repair_chuffed_fast,76.0,125.0,49.0,False,False,False
ALNS-A,Example12,12,2,11,56.732,3.695,destroy,destroy_worst_days_30pct,76.0,92.0,16.0,False,False,False
ALNS-A,Example12,12,2,11,56.732,3.695,repair,repair_chuffed_fast,76.0,92.0,16.0,False,False,False
ALNS-A,Example12,12,2,12,60.237,3.505,destroy,destroy_random_days_20pct,76.0,86.0,10.0,False,False,False
ALNS-A,Example12,12,2,12,60.237,3.505,repair,repair_chuffed_fast,76.0,86.0,10.0,False,False,False
ALNS-A,Example12,12,2,13,63.672,3.435,destroy,destroy_random_days_20pct,76.0,93.0,17.0,False,False,False
ALNS-A,Example12,12,2,13,63.672,3.435,repair,repair_gecode_fast,76.0,93.0,17.0,False,False,False
ALNS-A,Example12,12,2,14,67.084,3.412,destroy,destroy_random_workers_20pct,76.0,76.0,0.0,True,False,False
ALNS-A,Example12,12,2,14,67.084,3.412,repair,repair_gecode_fast,76.0,76.0,0.0,True,False,False
ALNS-A,Example12,12,2,15,67.708,0.624,destroy,destroy_all_forbidden_sequences,76.0,76.0,0.0,True,False,False
ALNS-A,Example12,12,2,15,67.708,0.624,repair,repair_chuffed_fast,76.0,76.0,0.0,True,False,False
ALNS-A,Example12,12,2,16,83.273,15.564,destroy,destroy_random_workers_20pct,76.0,88.0,12.0,False,False,False
ALNS-A,Example12,12,2,16,83.273,15.564,repair,repair_chuffed_long,76.0,88.0,12.0,False,False,False
ALNS-A,Example12,12,2,17,86.691,3.418,destroy,destroy_random_window_20pct,76.0,81.0,5.0,False,False,False
ALNS-A,Example12,12,2,17,86.691,3.418,repair,repair_gecode_fast,76.0,81.0,5.0,False,False,False
ALNS-A,Example12,12,2,18,89.454,2.763,destroy,destroy_random_window_20pct,76.0,68.0,-8.0,True,False,False
ALNS-A,Example12,12,2,18,89.454,2.763,repair,repair_chuffed_fast,76.0,68.0,-8.0,True,False,False
ALNS-A,Example12,12,2,19,90.486,1.032,destroy,destroy_max_border_off,68.0,36.0,-32.0,True,False,False
ALNS-A,Example12,12,2,19,90.486,1.032,repair,repair_gecode_fast,68.0,36.0,-32.0,True,False,False
ALNS-A,Example12,12,2,20,94.081,3.595,destroy,destroy_random_days_20pct,36.0,77.0,41.0,False,False,False
ALNS-A,Example12,12,2,20,94.081,3.595,repair,repair_chuffed_fast,36.0,77.0,41.0,False,False,False
ALNS-A,Example12,12,2,21,95.3,1.219,destroy,destroy_random_window_20pct,36.0,36.0,0.0,True,False,False
ALNS-A,Example12,12,2,21,95.3,1.219,repair,repair_chuffed_fast,36.0,36.0,0.0,True,False,False
ALNS-A,Example12,12,2,22,98.85,3.55,destroy,destroy_random_workers_20pct,36.0,57.0,21.0,False,False,False
ALNS-A,Example12,12,2,22,98.85,3.55,repair,repair_chuffed_fast,36.0,57.0,21.0,False,False,False
ALNS-A,Example12,12,2,23,102.255,3.405,destroy,destroy_random_window_20pct,36.0,35.0,-1.0,True,False,False
ALNS-A,Example12,12,2,23,102.255,3.405,repair,repair_gecode_fast,36.0,35.0,-1.0,True,False,False
ALNS-A,Example12,12,2,24,105.664,3.409,destroy,destroy_random_window_20pct,35.0,36.0,1.0,True,False,False
ALNS-A,Example12,12,2,24,105.664,3.409,repair,repair_gecode_fast,35.0,36.0,1.0,True,False,False
ALNS-A,Example12,12,2,25,109.105,3.441,destroy,destroy_worst_workers_30pct,36.0,88.0,52.0,False,False,False
ALNS-A,Example12,12,2,25,109.105,3.441,repair,repair_gecode_fast,36.0,88.0,52.0,False,False,False
ALNS-A,Example12,12,2,26,112.68,3.575,destroy,destroy_random_window_20pct,36.0,98.0,62.0,False,False,False
ALNS-A,Example12,12,2,26,112.68,3.575,repair,repair_chuffed_fast,36.0,98.0,62.0,False,False,False
ALNS-A,Example12,12,2,27,116.093,3.413,destroy,destroy_random_window_20pct,36.0,43.0,7.0,True,False,False
ALNS-A,Example12,12,2,27,116.093,3.413,repair,repair_gecode_fast,36.0,43.0,7.0,True,False,False
ALNS-A,Example12,12,2,28,119.788,3.695,destroy,destroy_streak_around_worst_worker,43.0,88.0,45.0,False,False,False
ALNS-A,Example12,12,2,28,119.788,3.695,repair,repair_chuffed_fast,43.0,88.0,45.0,False,False,False
ALNS-A,Example12,12,2,29,123.341,3.553,destroy,destroy_random_window_20pct,43.0,63.0,20.0,False,False,False
ALNS-A,Example12,12,2,29,123.341,3.553,repair,repair_chuffed_fast,43.0,63.0,20.0,False,False,False
ALNS-A,Example12,12,2,30,123.939,0.599,destroy,destroy_max_border_off,43.0,39.0,-4.0,True,False,False
ALNS-A,Example12,12,2,30,123.939,0.599,repair,repair_chuffed_fast,43.0,39.0,-4.0,True,False,False
ALNS-A,Example12,12,2,31,139.368,15.428,destroy,destroy_random_days_20pct,39.0,62.0,23.0,False,False,False
ALNS-A,Example12,12,2,31,139.368,15.428,repair,repair_gecode_long,39.0,62.0,23.0,False,False,False
ALNS-A,Example12,12,2,32,154.933,15.565,destroy,destroy_random_workers_20pct,39.0,51.0,12.0,False,False,False
ALNS-A,Example12,12,2,32,154.933,15.565,repair,repair_chuffed_long,39.0,51.0,12.0,False,False,False
ALNS-A,Example12,12,2,33,158.442,3.509,destroy,destroy_random_days_20pct,39.0,100.0,61.0,False,False,False
ALNS-A,Example12,12,2,33,158.442,3.509,repair,repair_chuffed_fast,39.0,100.0,61.0,False,False,False
ALNS-A,Example12,12,2,34,173.874,15.432,destroy,destroy_random_window_20pct,39.0,47.0,8.0,False,False,False
ALNS-A,Example12,12,2,34,173.874,15.432,repair,repair_gecode_long,39.0,47.0,8.0,False,False,False
ALNS-A,Example12,12,2,35,177.695,3.821,destroy,destroy_streak_around_worst_worker,39.0,111.0,72.0,False,False,False
ALNS-A,Example12,12,2,35,177.695,3.821,repair,repair_chuffed_fast,39.0,111.0,72.0,False,False,False
ALNS-A,Example12,12,2,36,181.116,3.42,destroy,destroy_random_window_20pct,39.0,70.0,31.0,False,False,False
ALNS-A,Example12,12,2,36,181.116,3.42,repair,repair_gecode_fast,39.0,70.0,31.0,False,False,False
ALNS-A,Example13,13,0,1,15.932,15.932,destroy,destroy_max_border_off,inf,398.0,nan,True,False,False
ALNS-A,Example13,13,0,1,15.932,15.932,repair,repair_chuffed_long,inf,398.0,nan,True,False,False
ALNS-A,Example13,13,0,2,19.607,3.675,destroy,destroy_random_window_20pct,398.0,121.0,-277.0,True,False,False
ALNS-A,Example13,13,0,2,19.607,3.675,repair,repair_gecode_fast,398.0,121.0,-277.0,True,False,False
ALNS-A,Example13,13,0,3,23.29,3.684,destroy,destroy_random_window_20pct,121.0,52.0,-69.0,True,False,False
ALNS-A,Example13,13,0,3,23.29,3.684,repair,repair_gecode_fast,121.0,52.0,-69.0,True,False,False
ALNS-A,Example13,13,0,4,23.927,0.637,destroy,destroy_all_forbidden_sequences,52.0,50.0,-2.0,True,False,False
ALNS-A,Example13,13,0,4,23.927,0.637,repair,repair_gecode_long,52.0,50.0,-2.0,True,False,False
ALNS-A,Example13,13,0,5,27.425,3.498,destroy,destroy_worst_workers_30pct,50.0,124.0,74.0,False,False,False
ALNS-A,Example13,13,0,5,27.425,3.498,repair,repair_gecode_fast,50.0,124.0,74.0,False,False,False
ALNS-A,Example13,13,0,6,30.851,3.426,destroy,destroy_random_window_20pct,50.0,63.0,13.0,False,False,False
ALNS-A,Example13,13,0,6,30.851,3.426,repair,repair_gecode_fast,50.0,63.0,13.0,False,False,False
ALNS-A,Example13,13,0,7,31.534,0.683,destroy,destroy_max_border_off,50.0,35.0,-15.0,True,False,False
ALNS-A,Example13,13,0,7,31.534,0.683,repair,repair_gecode_fast,50.0,35.0,-15.0,True,False,False
ALNS-A,Example13,13,0,8,34.979,3.444,destroy,destroy_random_window_20pct,35.0,35.0,0.0,True,False,False
ALNS-A,Example13,13,0,8,34.979,3.444,repair,repair_gecode_fast,35.0,35.0,0.0,True,False,False
ALNS-A,Example13,13,0,9,39.015,4.036,destroy,destroy_worst_workers_30pct,35.0,141.0,106.0,False,False,False
ALNS-A,Example13,13,0,9,39.015,4.036,repair,repair_chuffed_fast,35.0,141.0,106.0,False,False,False
ALNS-A,Example13,13,0,10,54.722,15.708,destroy,destroy_random_window_20pct,35.0,36.0,1.0,True,False,False
ALNS-A,Example13,13,0,10,54.722,15.708,repair,repair_chuffed_long,35.0,36.0,1.0,True,False,False
ALNS-A,Example13,13,0,11,58.218,3.496,destroy,destroy_random_workers_20pct,36.0,68.0,32.0,False,False,False
ALNS-A,Example13,13,0,11,58.218,3.496,repair,repair_gecode_fast,36.0,68.0,32.0,False,False,False
ALNS-A,Example13,13,0,12,58.869,0.651,destroy,destroy_max_border_off,36.0,32.0,-4.0,True,False,False
ALNS-A,Example13,13,0,12,58.869,0.651,repair,repair_gecode_long,36.0,32.0,-4.0,True,False,False
ALNS-A,Example13,13,0,13,62.399,3.53,destroy,destroy_worst_days_30pct,32.0,120.0,88.0,False,False,False
ALNS-A,Example13,13,0,13,62.399,3.53,repair,repair_gecode_fast,32.0,120.0,88.0,False,False,False
ALNS-A,Example13,13,0,14,66.021,3.622,destroy,destroy_random_window_20pct,32.0,82.0,50.0,False,False,False
ALNS-A,Example13,13,0,14,66.021,3.622,repair,repair_chuffed_fast,32.0,82.0,50.0,False,False,False
ALNS-A,Example13,13,0,15,69.476,3.456,destroy,destroy_random_workers_20pct,32.0,56.0,24.0,True,False,False
ALNS-A,Example13,13,0,15,69.476,3.456,repair,repair_gecode_fast,32.0,56.0,24.0,True,False,False
ALNS-A,Example13,13,0,16,73.02,3.543,destroy,destroy_max_border_off,56.0,27.0,-29.0,True,False,False
ALNS-A,Example13,13,0,16,73.02,3.543,repair,repair_chuffed_fast,56.0,27.0,-29.0,True,False,False
ALNS-A,Example13,13,0,17,88.574,15.554,destroy,destroy_random_window_20pct,27.0,100.0,73.0,False,False,False
ALNS-A,Example13,13,0,17,88.574,15.554,repair,repair_gecode_long,27.0,100.0,73.0,False,False,False
ALNS-A,Example13,13,0,18,104.077,15.503,destroy,destroy_worst_workers_30pct,27.0,104.0,77.0,False,False,False
ALNS-A,Example13,13,0,18,104.077,15.503,repair,repair_gecode_long,27.0,104.0,77.0,False,False,False
ALNS-A,Example13,13,0,19,107.527,3.45,destroy,destroy_random_workers_20pct,27.0,52.0,25.0,False,False,False
ALNS-A,Example13,13,0,19,107.527,3.45,repair,repair_gecode_fast,27.0,52.0,25.0,False,False,False
ALNS-A,Example13,13,0,20,123.028,15.501,destroy,destroy_worst_workers_30pct,27.0,106.0,79.0,False,False,False
ALNS-A,Example13,13,0,20,123.028,15.501,repair,repair_gecode_long,27.0,106.0,79.0,False,False,False
ALNS-A,Example13,13,0,21,126.556,3.528,destroy,destroy_worst_days_30pct,27.0,93.0,66.0,False,False,False
ALNS-A,Example13,13,0,21,126.556,3.528,repair,repair_gecode_fast,27.0,93.0,66.0,False,False,False
ALNS-A,Example13,13,0,22,130.008,3.452,destroy,destroy_random_workers_20pct,27.0,57.0,30.0,False,False,False
ALNS-A,Example13,13,0,22,130.008,3.452,repair,repair_gecode_fast,27.0,57.0,30.0,False,False,False
ALNS-A,Example13,13,0,23,145.441,15.433,destroy,destroy_random_window_20pct,27.0,80.0,53.0,False,False,False
ALNS-A,Example13,13,0,23,145.441,15.433,repair,repair_gecode_long,27.0,80.0,53.0,False,False,False
ALNS-A,Example13,13,0,24,149.445,4.004,destroy,destroy_worst_workers_30pct,27.0,113.0,86.0,False,False,False
ALNS-A,Example13,13,0,24,149.445,4.004,repair,repair_chuffed_fast,27.0,113.0,86.0,False,False,False
ALNS-A,Example13,13,0,25,153.417,3.972,destroy,destroy_worst_workers_30pct,27.0,122.0,95.0,False,False,False
ALNS-A,Example13,13,0,25,153.417,3.972,repair,repair_chuffed_fast,27.0,122.0,95.0,False,False,False
ALNS-A,Example13,13,0,26,157.303,3.885,destroy,destroy_random_window_20pct,27.0,57.0,30.0,False,False,False
ALNS-A,Example13,13,0,26,157.303,3.885,repair,repair_chuffed_fast,27.0,57.0,30.0,False,False,False
ALNS-A,Example13,13,0,27,207.938,50.635,destroy,destroy_exploration,27.0,50.0,23.0,False,False,True
ALNS-A,Example13,13,0,27,207.938,50.635,repair,repair_exploration,27.0,50.0,23.0,False,False,True
ALNS-A,Example13,13,1,1,1.759,1.759,destroy,destroy_max_border_shift_1,inf,158.0,nan,True,False,False
ALNS-A,Example13,13,1,1,1.759,1.759,repair,repair_chuffed_fast,inf,158.0,nan,True,False,False
ALNS-A,Example13,13,1,2,5.538,3.779,destroy,destroy_random_window_20pct,158.0,83.0,-75.0,True,False,False
ALNS-A,Example13,13,1,2,5.538,3.779,repair,repair_gecode_fast,158.0,83.0,-75.0,True,False,False
ALNS-A,Example13,13,1,3,9.317,3.779,destroy,destroy_max_border_off,83.0,65.0,-18.0,True,False,False
ALNS-A,Example13,13,1,3,9.317,3.779,repair,repair_chuffed_fast,83.0,65.0,-18.0,True,False,False
ALNS-A,Example13,13,1,4,13.497,4.18,destroy,destroy_random_window_20pct,65.0,132.0,67.0,False,False,False
ALNS-A,Example13,13,1,4,13.497,4.18,repair,repair_chuffed_fast,65.0,132.0,67.0,False,False,False
ALNS-A,Example13,13,1,5,14.241,0.743,destroy,destroy_all_forbidden_sequences,65.0,60.0,-5.0,True,False,False
ALNS-A,Example13,13,1,5,14.241,0.743,repair,repair_gecode_long,65.0,60.0,-5.0,True,False,False
ALNS-A,Example13,13,1,6,17.758,3.517,destroy,destroy_worst_workers_30pct,60.0,139.0,79.0,False,False,False
ALNS-A,Example13,13,1,6,17.758,3.517,repair,repair_gecode_fast,60.0,139.0,79.0,False,False,False
ALNS-A,Example13,13,1,7,21.203,3.445,destroy,destroy_random_window_20pct,60.0,56.0,-4.0,True,False,False
ALNS-A,Example13,13,1,7,21.203,3.445,repair,repair_gecode_fast,60.0,56.0,-4.0,True,False,False
ALNS-A,Example13,13,1,8,24.652,3.449,destroy,destroy_random_workers_20pct,56.0,83.0,27.0,False,False,False
ALNS-A,Example13,13,1,8,24.652,3.449,repair,repair_gecode_fast,56.0,83.0,27.0,False,False,False
ALNS-A,Example13,13,1,9,40.103,15.451,destroy,destroy_random_workers_20pct,56.0,71.0,15.0,False,False,False
ALNS-A,Example13,13,1,9,40.103,15.451,repair,repair_gecode_long,56.0,71.0,15.0,False,False,False
ALNS-A,Example13,13,1,10,43.791,3.688,destroy,destroy_random_workers_20pct,56.0,88.0,32.0,False,False,False
ALNS-A,Example13,13,1,10,43.791,3.688,repair,repair_chuffed_fast,56.0,88.0,32.0,False,False,False
ALNS-A,Example13,13,1,11,47.243,3.452,destroy,destroy_random_workers_20pct,56.0,87.0,31.0,False,False,False
ALNS-A,Example13,13,1,11,47.243,3.452,repair,repair_gecode_fast,56.0,87.0,31.0,False,False,False
ALNS-A,Example13,13,1,12,50.944,3.701,destroy,destroy_random_workers_20pct,56.0,107.0,51.0,False,False,False
ALNS-A,Example13,13,1,12,50.944,3.701,repair,repair_chuffed_fast,56.0,107.0,51.0,False,False,False
ALNS-A,Example13,13,1,13,67.287,16.343,destroy,destroy_streak_around_worst_worker,56.0,195.0,139.0,False,False,False
ALNS-A,Example13,13,1,13,67.287,16.343,repair,repair_chuffed_long,56.0,195.0,139.0,False,False,False
ALNS-A,Example13,13,1,14,82.831,15.544,destroy,destroy_max_border_off,56.0,40.0,-16.0,True,False,False
ALNS-A,Example13,13,1,14,82.831,15.544,repair,repair_chuffed_long,56.0,40.0,-16.0,True,False,False
ALNS-A,Example13,13,1,15,86.76,3.929,destroy,destroy_worst_workers_30pct,40.0,120.0,80.0,False,False,False
ALNS-A,Example13,13,1,15,86.76,3.929,repair,repair_chuffed_fast,40.0,120.0,80.0,False,False,False
ALNS-A,Example13,13,1,16,90.508,3.748,destroy,destroy_random_workers_20pct,40.0,76.0,36.0,False,False,False
ALNS-A,Example13,13,1,16,90.508,3.748,repair,repair_chuffed_fast,40.0,76.0,36.0,False,False,False
ALNS-A,Example13,13,1,17,94.829,4.321,destroy,destroy_random_days_20pct,40.0,70.0,30.0,False,False,False
ALNS-A,Example13,13,1,17,94.829,4.321,repair,repair_chuffed_fast,40.0,70.0,30.0,False,False,False
ALNS-A,Example13,13,1,18,98.276,3.446,destroy,destroy_streak_around_worst_worker,40.0,54.0,14.0,False,False,False
ALNS-A,Example13,13,1,18,98.276,3.446,repair,repair_gecode_fast,40.0,54.0,14.0,False,False,False
ALNS-A,Example13,13,1,19,101.737,3.462,destroy,destroy_random_window_20pct,40.0,152.0,112.0,False,False,False
ALNS-A,Example13,13,1,19,101.737,3.462,repair,repair_gecode_fast,40.0,152.0,112.0,False,False,False
ALNS-A,Example13,13,1,20,106.062,4.324,destroy,destroy_streak_around_worst_worker,40.0,246.0,206.0,False,False,False
ALNS-A,Example13,13,1,20,106.062,4.324,repair,repair_chuffed_fast,40.0,246.0,206.0,False,False,False
ALNS-A,Example13,13,1,21,121.636,15.575,destroy,destroy_random_window_20pct,40.0,84.0,44.0,False,False,False
ALNS-A,Example13,13,1,21,121.636,15.575,repair,repair_chuffed_long,40.0,84.0,44.0,False,False,False
ALNS-A,Example13,13,1,22,125.146,3.51,destroy,destroy_worst_days_30pct,40.0,101.0,61.0,False,False,False
ALNS-A,Example13,13,1,22,125.146,3.51,repair,repair_gecode_fast,40.0,101.0,61.0,False,False,False
ALNS-A,Example13,13,1,23,140.681,15.535,destroy,destroy_random_window_20pct,40.0,102.0,62.0,False,False,False
ALNS-A,Example13,13,1,23,140.681,15.535,repair,repair_gecode_long,40.0,102.0,62.0,False,False,False
ALNS-A,Example13,13,1,24,156.617,15.935,destroy,destroy_worst_workers_30pct,40.0,108.0,68.0,False,False,False
ALNS-A,Example13,13,1,24,156.617,15.935,repair,repair_chuffed_long,40.0,108.0,68.0,False,False,False
ALNS-A,Example13,13,1,25,207.205,50.589,destroy,destroy_exploration,40.0,53.0,13.0,False,False,True
ALNS-A,Example13,13,1,25,207.205,50.589,repair,repair_exploration,40.0,53.0,13.0,False,False,True
ALNS-A,Example13,13,2,1,1.701,1.701,destroy,destroy_worst_workers_10pct,inf,317.0,nan,True,False,False
ALNS-A,Example13,13,2,1,1.701,1.701,repair,repair_gecode_long,inf,317.0,nan,True,False,False
ALNS-A,Example13,13,2,2,2.972,1.271,destroy,destroy_max_border_shift_1,317.0,149.0,-168.0,True,False,False
ALNS-A,Example13,13,2,2,2.972,1.271,repair,repair_chuffed_fast,317.0,149.0,-168.0,True,False,False
ALNS-A,Example13,13,2,3,6.407,3.434,destroy,destroy_all_forbidden_sequences,149.0,44.0,-105.0,True,False,False
ALNS-A,Example13,13,2,3,6.407,3.434,repair,repair_gecode_fast,149.0,44.0,-105.0,True,False,False
ALNS-A,Example13,13,2,4,10.145,3.738,destroy,destroy_random_window_20pct,44.0,92.0,48.0,False,False,False
ALNS-A,Example13,13,2,4,10.145,3.738,repair,repair_gecode_fast,44.0,92.0,48.0,False,False,False
ALNS-A,Example13,13,2,5,13.813,3.668,destroy,destroy_random_window_20pct,44.0,97.0,53.0,False,False,False
ALNS-A,Example13,13,2,5,13.813,3.668,repair,repair_gecode_fast,44.0,97.0,53.0,False,False,False
ALNS-A,Example13,13,2,6,17.259,3.446,destroy,destroy_random_workers_20pct,44.0,66.0,22.0,False,False,False
ALNS-A,Example13,13,2,6,17.259,3.446,repair,repair_gecode_fast,44.0,66.0,22.0,False,False,False
ALNS-A,Example13,13,2,7,21.025,3.766,destroy,destroy_random_workers_20pct,44.0,58.0,14.0,False,False,False
ALNS-A,Example13,13,2,7,21.025,3.766,repair,repair_chuffed_fast,44.0,58.0,14.0,False,False,False
ALNS-A,Example13,13,2,8,21.87,0.845,destroy,destroy_max_border_shift_2,44.0,42.0,-2.0,True,False,False
ALNS-A,Example13,13,2,8,21.87,0.845,repair,repair_gecode_fast,44.0,42.0,-2.0,True,False,False
ALNS-A,Example13,13,2,9,22.861,0.99,destroy,destroy_max_border_off,42.0,23.0,-19.0,True,False,False
ALNS-A,Example13,13,2,9,22.861,0.99,repair,repair_gecode_fast,42.0,23.0,-19.0,True,False,False
ALNS-A,Example13,13,2,10,26.393,3.532,destroy,destroy_random_window_20pct,23.0,71.0,48.0,False,False,False
ALNS-A,Example13,13,2,10,26.393,3.532,repair,repair_gecode_fast,23.0,71.0,48.0,False,False,False
ALNS-A,Example13,13,2,11,41.878,15.485,destroy,destroy_worst_workers_30pct,23.0,82.0,59.0,False,False,False
ALNS-A,Example13,13,2,11,41.878,15.485,repair,repair_gecode_long,23.0,82.0,59.0,False,False,False
ALNS-A,Example13,13,2,12,45.377,3.5,destroy,destroy_worst_workers_30pct,23.0,86.0,63.0,False,False,False
ALNS-A,Example13,13,2,12,45.377,3.5,repair,repair_gecode_fast,23.0,86.0,63.0,False,False,False
ALNS-A,Example13,13,2,13,49.108,3.73,destroy,destroy_random_workers_20pct,23.0,47.0,24.0,False,False,False
ALNS-A,Example13,13,2,13,49.108,3.73,repair,repair_chuffed_fast,23.0,47.0,24.0,False,False,False
ALNS-A,Example13,13,2,14,52.8,3.692,destroy,destroy_random_workers_20pct,23.0,53.0,30.0,False,False,False
ALNS-A,Example13,13,2,14,52.8,3.692,repair,repair_chuffed_fast,23.0,53.0,30.0,False,False,False
ALNS-A,Example13,13,2,15,68.247,15.448,destroy,destroy_random_window_20pct,23.0,41.0,18.0,False,False,False
ALNS-A,Example13,13,2,15,68.247,15.448,repair,repair_gecode_long,23.0,41.0,18.0,False,False,False
ALNS-A,Example13,13,2,16,72.341,4.093,destroy,destroy_worst_workers_30pct,23.0,105.0,82.0,False,False,False
ALNS-A,Example13,13,2,16,72.341,4.093,repair,repair_chuffed_fast,23.0,105.0,82.0,False,False,False
ALNS-A,Example13,13,2,17,75.785,3.444,destroy,destroy_random_workers_20pct,23.0,70.0,47.0,False,False,False
ALNS-A,Example13,13,2,17,75.785,3.444,repair,repair_gecode_fast,23.0,70.0,47.0,False,False,False
ALNS-A,Example13,13,2,18,91.236,15.452,destroy,destroy_random_workers_20pct,23.0,48.0,25.0,False,False,False
ALNS-A,Example13,13,2,18,91.236,15.452,repair,repair_gecode_long,23.0,48.0,25.0,False,False,False
ALNS-A,Example13,13,2,19,94.733,3.496,destroy,destroy_worst_workers_30pct,23.0,115.0,92.0,False,False,False
ALNS-A,Example13,13,2,19,94.733,3.496,repair,repair_gecode_fast,23.0,115.0,92.0,False,False,False
ALNS-A,Example13,13,2,20,145.402,50.669,destroy,destroy_exploration,23.0,41.0,18.0,False,False,True
ALNS-A,Example13,13,2,20,145.402,50.669,repair,repair_exploration,23.0,41.0,18.0,False,False,True
ALNS-A,Example13,13,2,21,196.272,50.87,destroy,destroy_exploration,23.0,86.0,63.0,False,False,True
ALNS-A,Example13,13,2,21,196.272,50.87,repair,repair_exploration,23.0,86.0,63.0,False,False,True
ALNS-A,Example14,14,0,1,0.806,0.806,destroy,destroy_max_border_off,inf,129.0,nan,True,False,False
ALNS-A,Example14,14,0,1,0.806,0.806,repair,repair_chuffed_long,inf,129.0,nan,True,False,False
ALNS-A,Example14,14,0,2,1.794,0.988,destroy,destroy_random_window_20pct,129.0,43.0,-86.0,True,False,False
ALNS-A,Example14,14,0,2,1.794,0.988,repair,repair_gecode_fast,129.0,43.0,-86.0,True,False,False
ALNS-A,Example14,14,0,3,17.241,15.448,destroy,destroy_streak_around_worst_worker,43.0,28.0,-15.0,True,False,False
ALNS-A,Example14,14,0,3,17.241,15.448,repair,repair_gecode_long,43.0,28.0,-15.0,True,False,False
ALNS-A,Example14,14,0,4,18.286,1.045,destroy,destroy_all_forbidden_sequences,28.0,18.0,-10.0,True,False,False
ALNS-A,Example14,14,0,4,18.286,1.045,repair,repair_chuffed_long,28.0,18.0,-10.0,True,False,False
ALNS-A,Example14,14,0,5,33.712,15.425,destroy,destroy_random_workers_20pct,18.0,11.0,-7.0,True,False,False
ALNS-A,Example14,14,0,5,33.712,15.425,repair,repair_gecode_long,18.0,11.0,-7.0,True,False,False
ALNS-A,Example14,14,0,6,35.159,1.447,destroy,destroy_random_window_20pct,11.0,10.0,-1.0,True,False,False
ALNS-A,Example14,14,0,6,35.159,1.447,repair,repair_gecode_long,11.0,10.0,-1.0,True,False,False
ALNS-A,Example14,14,0,7,50.683,15.524,destroy,destroy_streak_around_worst_worker,10.0,31.0,21.0,False,False,False
ALNS-A,Example14,14,0,7,50.683,15.524,repair,repair_chuffed_long,10.0,31.0,21.0,False,False,False
ALNS-A,Example14,14,0,8,54.283,3.6,destroy,destroy_streak_around_worst_worker,10.0,86.0,76.0,False,False,False
ALNS-A,Example14,14,0,8,54.283,3.6,repair,repair_chuffed_fast,10.0,86.0,76.0,False,False,False
ALNS-A,Example14,14,0,9,57.45,3.167,destroy,destroy_random_window_20pct,10.0,7.0,-3.0,True,False,False
ALNS-A,Example14,14,0,9,57.45,3.167,repair,repair_gecode_long,10.0,7.0,-3.0,True,False,False
ALNS-A,Example14,14,0,10,60.882,3.432,destroy,destroy_worst_workers_30pct,7.0,25.0,18.0,False,False,False
ALNS-A,Example14,14,0,10,60.882,3.432,repair,repair_gecode_fast,7.0,25.0,18.0,False,False,False
ALNS-A,Example14,14,0,11,61.519,0.637,destroy,destroy_random_window_20pct,7.0,7.0,0.0,True,False,False
ALNS-A,Example14,14,0,11,61.519,0.637,repair,repair_gecode_fast,7.0,7.0,0.0,True,False,False
ALNS-A,Example14,14,0,12,63.008,1.488,destroy,destroy_random_window_20pct,7.0,6.0,-1.0,True,False,False
ALNS-A,Example14,14,0,12,63.008,1.488,repair,repair_chuffed_fast,7.0,6.0,-1.0,True,False,False
ALNS-A,Example14,14,0,13,78.434,15.426,destroy,destroy_worst_workers_30pct,6.0,20.0,14.0,False,False,False
ALNS-A,Example14,14,0,13,78.434,15.426,repair,repair_gecode_long,6.0,20.0,14.0,False,False,False
ALNS-A,Example14,14,0,14,79.11,0.677,destroy,destroy_all_forbidden_sequences,6.0,6.0,0.0,True,False,False
ALNS-A,Example14,14,0,14,79.11,0.677,repair,repair_chuffed_fast,6.0,6.0,0.0,True,False,False
ALNS-A,Example14,14,0,15,79.79,0.68,destroy,destroy_random_window_20pct,6.0,5.0,-1.0,True,False,False
ALNS-A,Example14,14,0,15,79.79,0.68,repair,repair_gecode_fast,6.0,5.0,-1.0,True,False,False
ALNS-A,Example14,14,0,16,83.225,3.435,destroy,destroy_random_workers_20pct,5.0,13.0,8.0,False,False,False
ALNS-A,Example14,14,0,16,83.225,3.435,repair,repair_chuffed_fast,5.0,13.0,8.0,False,False,False
ALNS-A,Example14,14,0,17,86.655,3.43,destroy,destroy_worst_workers_30pct,5.0,21.0,16.0,False,False,False
ALNS-A,Example14,14,0,17,86.655,3.43,repair,repair_gecode_fast,5.0,21.0,16.0,False,False,False
ALNS-A,Example14,14,0,18,102.161,15.506,destroy,destroy_worst_days_30pct,5.0,63.0,58.0,False,False,False
ALNS-A,Example14,14,0,18,102.161,15.506,repair,repair_chuffed_long,5.0,63.0,58.0,False,False,False
ALNS-A,Example14,14,0,19,117.587,15.426,destroy,destroy_worst_workers_30pct,5.0,19.0,14.0,False,False,False
ALNS-A,Example14,14,0,19,117.587,15.426,repair,repair_gecode_long,5.0,19.0,14.0,False,False,False
ALNS-A,Example14,14,0,20,133.014,15.427,destroy,destroy_worst_workers_30pct,5.0,22.0,17.0,False,False,False
ALNS-A,Example14,14,0,20,133.014,15.427,repair,repair_gecode_long,5.0,22.0,17.0,False,False,False
ALNS-A,Example14,14,0,21,136.449,3.435,destroy,destroy_random_window_20pct,5.0,31.0,26.0,False,False,False
ALNS-A,Example14,14,0,21,136.449,3.435,repair,repair_gecode_fast,5.0,31.0,26.0,False,False,False
ALNS-A,Example14,14,0,22,139.996,3.547,destroy,destroy_streak_around_worst_worker,5.0,28.0,23.0,False,False,False
ALNS-A,Example14,14,0,22,139.996,3.547,repair,repair_chuffed_fast,5.0,28.0,23.0,False,False,False
ALNS-A,Example14,14,0,23,155.425,15.429,destroy,destroy_random_window_20pct,5.0,21.0,16.0,False,False,False
ALNS-A,Example14,14,0,23,155.425,15.429,repair,repair_gecode_long,5.0,21.0,16.0,False,False,False
ALNS-A,Example14,14,0,24,156.912,1.486,destroy,destroy_random_workers_20pct,5.0,5.0,0.0,True,False,False
ALNS-A,Example14,14,0,24,156.912,1.486,repair,repair_gecode_fast,5.0,5.0,0.0,True,False,False
ALNS-A,Example14,14,0,25,160.321,3.41,destroy,destroy_random_window_20pct,5.0,20.0,15.0,True,False,False
ALNS-A,Example14,14,0,25,160.321,3.41,repair,repair_gecode_fast,5.0,20.0,15.0,True,False,False
ALNS-A,Example14,14,0,26,210.919,50.598,destroy,destroy_exploration,20.0,32.0,12.0,False,False,True
ALNS-A,Example14,14,0,26,210.919,50.598,repair,repair_exploration,20.0,32.0,12.0,False,False,True
ALNS-A,Example14,14,1,1,0.823,0.823,destroy,destroy_max_border_shift_1,inf,95.0,nan,True,False,False
ALNS-A,Example14,14,1,1,0.823,0.823,repair,repair_chuffed_fast,inf,95.0,nan,True,False,False
ALNS-A,Example14,14,1,2,4.456,3.633,destroy,destroy_random_window_20pct,95.0,29.0,-66.0,True,False,False
ALNS-A,Example14,14,1,2,4.456,3.633,repair,repair_gecode_fast,95.0,29.0,-66.0,True,False,False
ALNS-A,Example14,14,1,3,7.899,3.442,destroy,destroy_worst_workers_30pct,29.0,28.0,-1.0,True,False,False
ALNS-A,Example14,14,1,3,7.899,3.442,repair,repair_gecode_fast,29.0,28.0,-1.0,True,False,False
ALNS-A,Example14,14,1,4,8.715,0.816,destroy,destroy_max_border_off,28.0,15.0,-13.0,True,False,False
ALNS-A,Example14,14,1,4,8.715,0.816,repair,repair_chuffed_fast,28.0,15.0,-13.0,True,False,False
ALNS-A,Example14,14,1,5,9.639,0.924,destroy,destroy_random_window_20pct,15.0,15.0,0.0,True,False,False
ALNS-A,Example14,14,1,5,9.639,0.924,repair,repair_chuffed_fast,15.0,15.0,0.0,True,False,False
ALNS-A,Example14,14,1,6,10.23,0.591,destroy,destroy_max_border_shift_2,15.0,15.0,0.0,True,False,False
ALNS-A,Example14,14,1,6,10.23,0.591,repair,repair_gecode_fast,15.0,15.0,0.0,True,False,False
ALNS-A,Example14,14,1,7,13.682,3.451,destroy,destroy_worst_days_30pct,15.0,50.0,35.0,False,False,False
ALNS-A,Example14,14,1,7,13.682,3.451,repair,repair_gecode_fast,15.0,50.0,35.0,False,False,False
ALNS-A,Example14,14,1,8,14.316,0.634,destroy,destroy_all_forbidden_sequences,15.0,14.0,-1.0,True,False,False
ALNS-A,Example14,14,1,8,14.316,0.634,repair,repair_gecode_long,15.0,14.0,-1.0,True,False,False
ALNS-A,Example14,14,1,9,14.89,0.574,destroy,destroy_max_border_shift_2,14.0,14.0,0.0,True,False,False
ALNS-A,Example14,14,1,9,14.89,0.574,repair,repair_gecode_long,14.0,14.0,0.0,True,False,False
ALNS-A,Example14,14,1,10,18.333,3.443,destroy,destroy_worst_workers_30pct,14.0,29.0,15.0,False,False,False
ALNS-A,Example14,14,1,10,18.333,3.443,repair,repair_gecode_fast,14.0,29.0,15.0,False,False,False
ALNS-A,Example14,14,1,11,21.767,3.435,destroy,destroy_streak_around_worst_worker,14.0,11.0,-3.0,True,False,False
ALNS-A,Example14,14,1,11,21.767,3.435,repair,repair_gecode_fast,14.0,11.0,-3.0,True,False,False
ALNS-A,Example14,14,1,12,22.408,0.641,destroy,destroy_all_forbidden_sequences,11.0,11.0,0.0,True,False,False
ALNS-A,Example14,14,1,12,22.408,0.641,repair,repair_chuffed_long,11.0,11.0,0.0,True,False,False
ALNS-A,Example14,14,1,13,25.847,3.439,destroy,destroy_random_workers_20pct,11.0,23.0,12.0,False,False,False
ALNS-A,Example14,14,1,13,25.847,3.439,repair,repair_chuffed_fast,11.0,23.0,12.0,False,False,False
ALNS-A,Example14,14,1,14,27.159,1.313,destroy,destroy_random_window_20pct,11.0,11.0,0.0,True,False,False
ALNS-A,Example14,14,1,14,27.159,1.313,repair,repair_gecode_fast,11.0,11.0,0.0,True,False,False
ALNS-A,Example14,14,1,15,30.568,3.409,destroy,destroy_random_days_20pct,11.0,32.0,21.0,False,False,False
ALNS-A,Example14,14,1,15,30.568,3.409,repair,repair_gecode_fast,11.0,32.0,21.0,False,False,False
ALNS-A,Example14,14,1,16,31.891,1.323,destroy,destroy_random_workers_20pct,11.0,9.0,-2.0,True,False,False
ALNS-A,Example14,14,1,16,31.891,1.323,repair,repair_chuffed_fast,11.0,9.0,-2.0,True,False,False
ALNS-A,Example14,14,1,17,35.391,3.499,destroy,destroy_worst_workers_30pct,9.0,25.0,16.0,False,False,False
ALNS-A,Example14,14,1,17,35.391,3.499,repair,repair_chuffed_fast,9.0,25.0,16.0,False,False,False
ALNS-A,Example14,14,1,18,38.845,3.454,destroy,destroy_random_workers_20pct,9.0,17.0,8.0,True,False,False
ALNS-A,Example14,14,1,18,38.845,3.454,repair,repair_chuffed_fast,9.0,17.0,8.0,True,False,False
ALNS-A,Example14,14,1,19,39.553,0.708,destroy,destroy_worst_workers_10pct,17.0,8.0,-9.0,True,False,False
ALNS-A,Example14,14,1,19,39.553,0.708,repair,repair_gecode_long,17.0,8.0,-9.0,True,False,False
ALNS-A,Example14,14,1,20,55.028,15.475,destroy,destroy_random_workers_20pct,8.0,18.0,10.0,False,False,False
ALNS-A,Example14,14,1,20,55.028,15.475,repair,repair_chuffed_long,8.0,18.0,10.0,False,False,False
ALNS-A,Example14,14,1,21,55.671,0.643,destroy,destroy_all_forbidden_sequences,8.0,8.0,0.0,True,False,False
ALNS-A,Example14,14,1,21,55.671,0.643,repair,repair_gecode_fast,8.0,8.0,0.0,True,False,False
ALNS-A,Example14,14,1,22,59.103,3.432,destroy,destroy_streak_around_worst_worker,8.0,41.0,33.0,False,False,False
ALNS-A,Example14,14,1,22,59.103,3.432,repair,repair_gecode_fast,8.0,41.0,33.0,False,False,False
ALNS-A,Example14,14,1,23,59.86,0.757,destroy,destroy_random_window_20pct,8.0,8.0,0.0,True,False,False
ALNS-A,Example14,14,1,23,59.86,0.757,repair,repair_chuffed_fast,8.0,8.0,0.0,True,False,False
ALNS-A,Example14,14,1,24,63.305,3.445,destroy,destroy_worst_workers_30pct,8.0,25.0,17.0,False,False,False
ALNS-A,Example14,14,1,24,63.305,3.445,repair,repair_gecode_fast,8.0,25.0,17.0,False,False,False
ALNS-A,Example14,14,1,25,64.397,1.092,destroy,destroy_random_window_20pct,8.0,8.0,0.0,True,False,False
ALNS-A,Example14,14,1,25,64.397,1.092,repair,repair_chuffed_fast,8.0,8.0,0.0,True,False,False
ALNS-A,Example14,14,1,26,79.928,15.532,destroy,destroy_worst_days_30pct,8.0,64.0,56.0,False,False,False
ALNS-A,Example14,14,1,26,79.928,15.532,repair,repair_chuffed_long,8.0,64.0,56.0,False,False,False
ALNS-A,Example14,14,1,27,83.343,3.414,destroy,destroy_random_window_20pct,8.0,19.0,11.0,False,False,False
ALNS-A,Example14,14,1,27,83.343,3.414,repair,repair_gecode_fast,8.0,19.0,11.0,False,False,False
ALNS-A,Example14,14,1,28,86.826,3.483,destroy,destroy_worst_workers_30pct,8.0,28.0,20.0,False,False,False
ALNS-A,Example14,14,1,28,86.826,3.483,repair,repair_chuffed_fast,8.0,28.0,20.0,False,False,False
ALNS-A,Example14,14,1,29,90.255,3.43,destroy,destroy_random_window_20pct,8.0,27.0,19.0,False,False,False
ALNS-A,Example14,14,1,29,90.255,3.43,repair,repair_gecode_fast,8.0,27.0,19.0,False,False,False
ALNS-A,Example14,14,1,30,94.142,3.887,destroy,destroy_exploration,8.0,8.0,0.0,True,False,True
ALNS-A,Example14,14,1,30,94.142,3.887,repair,repair_exploration,8.0,8.0,0.0,True,False,True
ALNS-A,Example14,14,1,31,94.766,0.623,destroy,destroy_exploration,8.0,7.0,-1.0,True,False,True
ALNS-A,Example14,14,1,31,94.766,0.623,repair,repair_exploration,8.0,7.0,-1.0,True,False,True
ALNS-A,Example14,14,1,32,98.271,3.505,destroy,destroy_random_days_20pct,7.0,21.0,14.0,False,False,False
ALNS-A,Example14,14,1,32,98.271,3.505,repair,repair_chuffed_fast,7.0,21.0,14.0,False,False,False
ALNS-A,Example14,14,1,33,109.774,11.503,destroy,destroy_random_workers_20pct,7.0,7.0,0.0,True,False,False
ALNS-A,Example14,14,1,33,109.774,11.503,repair,repair_gecode_long,7.0,7.0,0.0,True,False,False
ALNS-A,Example14,14,1,34,110.336,0.562,destroy,destroy_all_forbidden_sequences,7.0,7.0,0.0,True,False,False
ALNS-A,Example14,14,1,34,110.336,0.562,repair,repair_gecode_long,7.0,7.0,0.0,True,False,False
ALNS-A,Example14,14,1,35,125.754,15.418,destroy,destroy_worst_workers_30pct,7.0,24.0,17.0,False,False,False
ALNS-A,Example14,14,1,35,125.754,15.418,repair,repair_gecode_long,7.0,24.0,17.0,False,False,False
ALNS-A,Example14,14,1,36,129.163,3.409,destroy,destroy_random_workers_20pct,7.0,16.0,9.0,False,False,False
ALNS-A,Example14,14,1,36,129.163,3.409,repair,repair_gecode_fast,7.0,16.0,9.0,False,False,False
ALNS-A,Example14,14,1,37,144.602,15.438,destroy,destroy_worst_days_30pct,7.0,52.0,45.0,False,False,False
ALNS-A,Example14,14,1,37,144.602,15.438,repair,repair_gecode_long,7.0,52.0,45.0,False,False,False
ALNS-A,Example14,14,1,38,160.045,15.443,destroy,destroy_random_window_20pct,7.0,25.0,18.0,False,False,False
ALNS-A,Example14,14,1,38,160.045,15.443,repair,repair_gecode_long,7.0,25.0,18.0,False,False,False
ALNS-A,Example14,14,1,39,160.747,0.702,destroy,destroy_random_window_20pct,7.0,7.0,0.0,True,False,False
ALNS-A,Example14,14,1,39,160.747,0.702,repair,repair_gecode_fast,7.0,7.0,0.0,True,False,False
ALNS-A,Example14,14,1,40,176.171,15.423,destroy,destroy_worst_workers_30pct,7.0,18.0,11.0,False,False,False
ALNS-A,Example14,14,1,40,176.171,15.423,repair,repair_gecode_long,7.0,18.0,11.0,False,False,False
ALNS-A,Example14,14,1,41,178.553,2.382,destroy,destroy_random_window_20pct,7.0,6.0,-1.0,True,False,False
ALNS-A,Example14,14,1,41,178.553,2.382,repair,repair_gecode_long,7.0,6.0,-1.0,True,False,False
ALNS-A,Example14,14,1,42,179.329,0.776,destroy,destroy_random_window_20pct,6.0,6.0,0.0,True,False,False
ALNS-A,Example14,14,1,42,179.329,0.776,repair,repair_chuffed_fast,6.0,6.0,0.0,True,False,False
ALNS-A,Example14,14,1,43,181.018,1.689,destroy,destroy_random_window_20pct,6.0,6.0,0.0,True,False,False
ALNS-A,Example14,14,1,43,181.018,1.689,repair,repair_gecode_fast,6.0,6.0,0.0,True,False,False
ALNS-A,Example14,14,2,1,1.009,1.009,destroy,destroy_worst_workers_10pct,inf,123.0,nan,True,False,False
ALNS-A,Example14,14,2,1,1.009,1.009,repair,repair_gecode_long,inf,123.0,nan,True,False,False
ALNS-A,Example14,14,2,2,1.819,0.81,destroy,destroy_max_border_shift_1,123.0,86.0,-37.0,True,False,False
ALNS-A,Example14,14,2,2,1.819,0.81,repair,repair_chuffed_fast,123.0,86.0,-37.0,True,False,False
ALNS-A,Example14,14,2,3,5.237,3.418,destroy,destroy_all_forbidden_sequences,86.0,18.0,-68.0,True,False,False
ALNS-A,Example14,14,2,3,5.237,3.418,repair,repair_gecode_fast,86.0,18.0,-68.0,True,False,False
ALNS-A,Example14,14,2,4,6.078,0.841,destroy,destroy_random_window_20pct,18.0,13.0,-5.0,True,False,False
ALNS-A,Example14,14,2,4,6.078,0.841,repair,repair_gecode_fast,18.0,13.0,-5.0,True,False,False
ALNS-A,Example14,14,2,5,21.757,15.679,destroy,destroy_streak_around_worst_worker,13.0,50.0,37.0,False,False,False
ALNS-A,Example14,14,2,5,21.757,15.679,repair,repair_gecode_long,13.0,50.0,37.0,False,False,False
ALNS-A,Example14,14,2,6,23.505,1.748,destroy,destroy_random_window_20pct,13.0,12.0,-1.0,True,False,False
ALNS-A,Example14,14,2,6,23.505,1.748,repair,repair_chuffed_fast,13.0,12.0,-1.0,True,False,False
ALNS-A,Example14,14,2,7,25.635,2.13,destroy,destroy_random_window_20pct,12.0,12.0,0.0,True,False,False
ALNS-A,Example14,14,2,7,25.635,2.13,repair,repair_chuffed_fast,12.0,12.0,0.0,True,False,False
ALNS-A,Example14,14,2,8,41.046,15.411,destroy,destroy_random_window_20pct,12.0,10.0,-2.0,True,False,False
ALNS-A,Example14,14,2,8,41.046,15.411,repair,repair_gecode_long,12.0,10.0,-2.0,True,False,False
ALNS-A,Example14,14,2,9,44.467,3.421,destroy,destroy_random_window_20pct,10.0,15.0,5.0,True,False,False
ALNS-A,Example14,14,2,9,44.467,3.421,repair,repair_gecode_fast,10.0,15.0,5.0,True,False,False
ALNS-A,Example14,14,2,10,45.211,0.744,destroy,destroy_random_window_20pct,15.0,15.0,0.0,True,False,False
ALNS-A,Example14,14,2,10,45.211,0.744,repair,repair_gecode_fast,15.0,15.0,0.0,True,False,False
ALNS-A,Example14,14,2,11,48.669,3.458,destroy,destroy_random_workers_20pct,15.0,29.0,14.0,False,False,False
ALNS-A,Example14,14,2,11,48.669,3.458,repair,repair_chuffed_fast,15.0,29.0,14.0,False,False,False
ALNS-A,Example14,14,2,12,49.433,0.764,destroy,destroy_random_window_20pct,15.0,15.0,0.0,True,False,False
ALNS-A,Example14,14,2,12,49.433,0.764,repair,repair_chuffed_fast,15.0,15.0,0.0,True,False,False
ALNS-A,Example14,14,2,13,52.869,3.436,destroy,destroy_random_window_20pct,15.0,40.0,25.0,False,False,False
ALNS-A,Example14,14,2,13,52.869,3.436,repair,repair_chuffed_fast,15.0,40.0,25.0,False,False,False
ALNS-A,Example14,14,2,14,53.424,0.555,destroy,destroy_max_border_off,15.0,14.0,-1.0,True,False,False
ALNS-A,Example14,14,2,14,53.424,0.555,repair,repair_gecode_long,15.0,14.0,-1.0,True,False,False
ALNS-A,Example14,14,2,15,53.966,0.542,destroy,destroy_all_forbidden_sequences,14.0,14.0,0.0,True,False,False
ALNS-A,Example14,14,2,15,53.966,0.542,repair,repair_chuffed_fast,14.0,14.0,0.0,True,False,False
ALNS-A,Example14,14,2,16,57.464,3.498,destroy,destroy_worst_workers_30pct,14.0,33.0,19.0,False,False,False
ALNS-A,Example14,14,2,16,57.464,3.498,repair,repair_chuffed_fast,14.0,33.0,19.0,False,False,False
ALNS-A,Example14,14,2,17,58.013,0.55,destroy,destroy_max_border_shift_2,14.0,14.0,0.0,True,False,False
ALNS-A,Example14,14,2,17,58.013,0.55,repair,repair_chuffed_fast,14.0,14.0,0.0,True,False,False
ALNS-A,Example14,14,2,18,73.463,15.449,destroy,destroy_random_window_20pct,14.0,10.0,-4.0,True,False,False
ALNS-A,Example14,14,2,18,73.463,15.449,repair,repair_gecode_long,14.0,10.0,-4.0,True,False,False
ALNS-A,Example14,14,2,19,88.952,15.489,destroy,destroy_worst_workers_30pct,10.0,27.0,17.0,False,False,False
ALNS-A,Example14,14,2,19,88.952,15.489,repair,repair_chuffed_long,10.0,27.0,17.0,False,False,False
ALNS-A,Example14,14,2,20,89.582,0.63,destroy,destroy_random_window_20pct,10.0,9.0,-1.0,True,False,False
ALNS-A,Example14,14,2,20,89.582,0.63,repair,repair_chuffed_fast,10.0,9.0,-1.0,True,False,False
ALNS-A,Example14,14,2,21,90.244,0.662,destroy,destroy_random_window_20pct,9.0,9.0,0.0,True,False,False
ALNS-A,Example14,14,2,21,90.244,0.662,repair,repair_gecode_long,9.0,9.0,0.0,True,False,False
ALNS-A,Example14,14,2,22,93.771,3.527,destroy,destroy_random_window_20pct,9.0,24.0,15.0,False,False,False
ALNS-A,Example14,14,2,22,93.771,3.527,repair,repair_chuffed_fast,9.0,24.0,15.0,False,False,False
ALNS-A,Example14,14,2,23,95.124,1.353,destroy,destroy_random_window_20pct,9.0,9.0,0.0,True,False,False
ALNS-A,Example14,14,2,23,95.124,1.353,repair,repair_chuffed_fast,9.0,9.0,0.0,True,False,False
ALNS-A,Example14,14,2,24,98.551,3.427,destroy,destroy_random_days_20pct,9.0,20.0,11.0,True,False,False
ALNS-A,Example14,14,2,24,98.551,3.427,repair,repair_chuffed_fast,9.0,20.0,11.0,True,False,False
ALNS-A,Example14,14,2,25,102.047,3.496,destroy,destroy_worst_workers_30pct,20.0,46.0,26.0,False,False,False
ALNS-A,Example14,14,2,25,102.047,3.496,repair,repair_chuffed_fast,20.0,46.0,26.0,False,False,False
ALNS-A,Example14,14,2,26,117.493,15.446,destroy,destroy_random_window_20pct,20.0,48.0,28.0,False,False,False
ALNS-A,Example14,14,2,26,117.493,15.446,repair,repair_gecode_long,20.0,48.0,28.0,False,False,False
ALNS-A,Example14,14,2,27,120.021,2.528,destroy,destroy_random_window_20pct,20.0,19.0,-1.0,True,False,False
ALNS-A,Example14,14,2,27,120.021,2.528,repair,repair_chuffed_fast,20.0,19.0,-1.0,True,False,False
ALNS-A,Example14,14,2,28,135.437,15.416,destroy,destroy_random_window_20pct,19.0,34.0,15.0,False,False,False
ALNS-A,Example14,14,2,28,135.437,15.416,repair,repair_gecode_long,19.0,34.0,15.0,False,False,False
ALNS-A,Example14,14,2,29,137.418,1.981,destroy,destroy_random_window_20pct,19.0,14.0,-5.0,True,False,False
ALNS-A,Example14,14,2,29,137.418,1.981,repair,repair_gecode_fast,19.0,14.0,-5.0,True,False,False
ALNS-A,Example14,14,2,30,137.981,0.563,destroy,destroy_max_border_shift_2,14.0,14.0,0.0,True,False,False
ALNS-A,Example14,14,2,30,137.981,0.563,repair,repair_chuffed_fast,14.0,14.0,0.0,True,False,False
ALNS-A,Example14,14,2,31,138.609,0.628,destroy,destroy_random_window_20pct,14.0,11.0,-3.0,True,False,False
ALNS-A,Example14,14,2,31,138.609,0.628,repair,repair_gecode_fast,14.0,11.0,-3.0,True,False,False
ALNS-A,Example14,14,2,32,139.329,0.72,destroy,destroy_random_window_20pct,11.0,8.0,-3.0,True,False,False
ALNS-A,Example14,14,2,32,139.329,0.72,repair,repair_gecode_fast,11.0,8.0,-3.0,True,False,False
ALNS-A,Example14,14,2,33,142.755,3.426,destroy,destroy_worst_workers_30pct,8.0,19.0,11.0,True,False,False
ALNS-A,Example14,14,2,33,142.755,3.426,repair,repair_gecode_fast,8.0,19.0,11.0,True,False,False
ALNS-A,Example14,14,2,34,146.198,3.442,destroy,destroy_streak_around_worst_worker,19.0,52.0,33.0,False,False,False
ALNS-A,Example14,14,2,34,146.198,3.442,repair,repair_gecode_fast,19.0,52.0,33.0,False,False,False
ALNS-A,Example14,14,2,35,149.663,3.465,destroy,destroy_random_window_20pct,19.0,16.0,-3.0,True,False,False
ALNS-A,Example14,14,2,35,149.663,3.465,repair,repair_chuffed_fast,19.0,16.0,-3.0,True,False,False
ALNS-A,Example14,14,2,36,150.31,0.647,destroy,destroy_max_border_off,16.0,8.0,-8.0,True,False,False
ALNS-A,Example14,14,2,36,150.31,0.647,repair,repair_chuffed_long,16.0,8.0,-8.0,True,False,False
ALNS-A,Example14,14,2,37,165.736,15.426,destroy,destroy_worst_workers_30pct,8.0,18.0,10.0,False,False,False
ALNS-A,Example14,14,2,37,165.736,15.426,repair,repair_gecode_long,8.0,18.0,10.0,False,False,False
ALNS-A,Example14,14,2,38,169.175,3.439,destroy,destroy_worst_days_30pct,8.0,68.0,60.0,False,False,False
ALNS-A,Example14,14,2,38,169.175,3.439,repair,repair_gecode_fast,8.0,68.0,60.0,False,False,False
ALNS-A,Example14,14,2,39,172.591,3.416,destroy,destroy_random_days_20pct,8.0,10.0,2.0,True,False,False
ALNS-A,Example14,14,2,39,172.591,3.416,repair,repair_gecode_fast,8.0,10.0,2.0,True,False,False
ALNS-A,Example14,14,2,40,173.143,0.553,destroy,destroy_all_forbidden_sequences,10.0,10.0,0.0,True,False,False
ALNS-A,Example14,14,2,40,173.143,0.553,repair,repair_chuffed_fast,10.0,10.0,0.0,True,False,False
ALNS-A,Example14,14,2,41,176.627,3.484,destroy,destroy_random_window_20pct,10.0,25.0,15.0,False,False,False
ALNS-A,Example14,14,2,41,176.627,3.484,repair,repair_chuffed_fast,10.0,25.0,15.0,False,False,False
ALNS-A,Example14,14,2,42,178.614,1.987,destroy,destroy_random_window_20pct,10.0,5.0,-5.0,True,False,False
ALNS-A,Example14,14,2,42,178.614,1.987,repair,repair_chuffed_long,10.0,5.0,-5.0,True,False,False
ALNS-A,Example14,14,2,43,194.125,15.51,destroy,destroy_worst_workers_30pct,5.0,22.0,17.0,False,False,False
ALNS-A,Example14,14,2,43,194.125,15.51,repair,repair_chuffed_long,5.0,22.0,17.0,False,False,False
ALNS-B,Example0,0,0,1,0.969,0.969,destroy,destroy_streak_around_worst_worker,inf,10.0,nan,True,False,False
ALNS-B,Example0,0,0,1,0.969,0.969,repair,repair_chuffed_long,inf,10.0,nan,True,False,False
ALNS-B,Example0,0,0,2,1.93,0.961,destroy,destroy_streak_around_worst_worker,10.0,10.0,0.0,False,True,False
ALNS-B,Example0,0,0,2,1.93,0.961,repair,repair_gecode_fast,10.0,10.0,0.0,False,True,False
ALNS-B,Example0,0,0,3,2.62,0.691,destroy,destroy_worst_days_10pct,10.0,9.0,-1.0,True,False,False
ALNS-B,Example0,0,0,3,2.62,0.691,repair,repair_chuffed_fast,10.0,9.0,-1.0,True,False,False
ALNS-B,Example0,0,0,4,3.843,1.223,destroy,destroy_streak_around_worst_worker,9.0,9.0,0.0,False,False,False
ALNS-B,Example0,0,0,4,3.843,1.223,repair,repair_gecode_fast,9.0,9.0,0.0,False,False,False
ALNS-B,Example0,0,0,5,4.466,0.623,destroy,destroy_all_forbidden_sequences,9.0,9.0,0.0,False,False,False
ALNS-B,Example0,0,0,5,4.466,0.623,repair,repair_gecode_long,9.0,9.0,0.0,False,False,False
ALNS-B,Example0,0,0,6,4.987,0.521,destroy,destroy_max_border_work,9.0,9.0,0.0,False,False,False
ALNS-B,Example0,0,0,6,4.987,0.521,repair,repair_gecode_long,9.0,9.0,0.0,False,False,False
ALNS-B,Example0,0,0,7,5.48,0.494,destroy,destroy_max_border_shift_3,9.0,9.0,0.0,False,False,False
ALNS-B,Example0,0,0,7,5.48,0.494,repair,repair_chuffed_fast,9.0,9.0,0.0,False,False,False
ALNS-B,Example0,0,0,8,5.969,0.488,destroy,destroy_max_border_off,9.0,9.0,0.0,False,False,False
ALNS-B,Example0,0,0,8,5.969,0.488,repair,repair_chuffed_fast,9.0,9.0,0.0,False,False,False
ALNS-B,Example0,0,0,9,6.587,0.619,destroy,destroy_streak_around_worst_worker,9.0,9.0,0.0,False,False,False
ALNS-B,Example0,0,0,9,6.587,0.619,repair,repair_gecode_fast,9.0,9.0,0.0,False,False,False
ALNS-B,Example0,0,0,10,7.181,0.593,destroy,destroy_worst_days_10pct,9.0,9.0,0.0,False,False,False
ALNS-B,Example0,0,0,10,7.181,0.593,repair,repair_chuffed_fast,9.0,9.0,0.0,False,False,False
ALNS-B,Example0,0,0,11,7.82,0.639,destroy,destroy_max_border_work,9.0,9.0,0.0,False,False,False
ALNS-B,Example0,0,0,11,7.82,0.639,repair,repair_chuffed_fast,9.0,9.0,0.0,False,False,False
ALNS-B,Example0,0,0,12,8.438,0.619,destroy,destroy_worst_workers_10pct,9.0,9.0,0.0,False,False,False
ALNS-B,Example0,0,0,12,8.438,0.619,repair,repair_chuffed_long,9.0,9.0,0.0,False,False,False
ALNS-B,Example0,0,0,13,9.104,0.666,destroy,destroy_worst_days_10pct,9.0,9.0,0.0,False,False,False
ALNS-B,Example0,0,0,13,9.104,0.666,repair,repair_gecode_fast,9.0,9.0,0.0,False,False,False
ALNS-B,Example0,0,0,14,9.702,0.598,destroy,destroy_exploration,9.0,8.0,-1.0,True,False,True
ALNS-B,Example0,0,0,14,9.702,0.598,repair,repair_exploration,9.0,8.0,-1.0,True,False,True
ALNS-B,Example0,0,0,15,10.365,0.663,destroy,destroy_exploration,8.0,8.0,0.0,False,False,True
ALNS-B,Example0,0,0,15,10.365,0.663,repair,repair_exploration,8.0,8.0,0.0,False,False,True
ALNS-B,Example0,0,0,16,11.044,0.679,destroy,destroy_worst_days_10pct,8.0,8.0,0.0,False,False,False
ALNS-B,Example0,0,0,16,11.044,0.679,repair,repair_gecode_fast,8.0,8.0,0.0,False,False,False
ALNS-B,Example0,0,0,17,17.533,6.489,destroy,destroy_streak_around_worst_worker,8.0,9.0,1.0,False,False,False
ALNS-B,Example0,0,0,17,17.533,6.489,repair,repair_gecode_fast,8.0,9.0,1.0,False,False,False
ALNS-B,Example0,0,0,18,18.099,0.566,destroy,destroy_all_forbidden_sequences,8.0,8.0,0.0,False,False,False
ALNS-B,Example0,0,0,18,18.099,0.566,repair,repair_chuffed_fast,8.0,8.0,0.0,False,False,False
ALNS-B,Example0,0,0,19,18.667,0.568,destroy,destroy_worst_workers_10pct,8.0,8.0,0.0,False,False,False
ALNS-B,Example0,0,0,19,18.667,0.568,repair,repair_gecode_long,8.0,8.0,0.0,False,False,False
ALNS-B,Example0,0,0,20,19.243,0.576,destroy,destroy_worst_days_10pct,8.0,8.0,0.0,False,False,False
ALNS-B,Example0,0,0,20,19.243,0.576,repair,repair_gecode_long,8.0,8.0,0.0,False,False,False
ALNS-B,Example0,0,0,21,19.759,0.516,destroy,destroy_max_border_shift_1,8.0,8.0,0.0,False,False,False
ALNS-B,Example0,0,0,21,19.759,0.516,repair,repair_gecode_fast,8.0,8.0,0.0,False,False,False
ALNS-B,Example0,0,0,22,20.333,0.573,destroy,destroy_worst_days_10pct,8.0,8.0,0.0,False,False,False
ALNS-B,Example0,0,0,22,20.333,0.573,repair,repair_gecode_fast,8.0,8.0,0.0,False,False,False
ALNS-B,Example0,0,0,23,20.902,0.57,destroy,destroy_worst_days_10pct,8.0,8.0,0.0,False,False,False
ALNS-B,Example0,0,0,23,20.902,0.57,repair,repair_chuffed_long,8.0,8.0,0.0,False,False,False
ALNS-B,Example0,0,0,24,21.472,0.57,destroy,destroy_worst_days_10pct,8.0,8.0,0.0,False,False,False
ALNS-B,Example0,0,0,24,21.472,0.57,repair,repair_gecode_fast,8.0,8.0,0.0,False,False,False
ALNS-B,Example0,0,0,25,22.032,0.56,destroy,destroy_exploration,8.0,8.0,0.0,False,False,True
ALNS-B,Example0,0,0,25,22.032,0.56,repair,repair_exploration,8.0,8.0,0.0,False,False,True
ALNS-B,Example0,0,0,26,22.638,0.606,destroy,destroy_exploration,8.0,7.0,-1.0,True,False,True
ALNS-B,Example0,0,0,26,22.638,0.606,repair,repair_exploration,8.0,7.0,-1.0,True,False,True
ALNS-B,Example0,0,0,27,23.184,0.546,destroy,destroy_all_forbidden_sequences,7.0,7.0,0.0,False,False,False
ALNS-B,Example0,0,0,27,23.184,0.546,repair,repair_chuffed_long,7.0,7.0,0.0,False,False,False
ALNS-B,Example0,0,0,28,24.54,1.356,destroy,destroy_streak_around_worst_worker,7.0,6.0,-1.0,True,False,False
ALNS-B,Example0,0,0,28,24.54,1.356,repair,repair_gecode_long,7.0,6.0,-1.0,True,False,False
ALNS-B,Example0,0,0,29,26.991,2.45,destroy,destroy_streak_around_worst_worker,6.0,4.0,-2.0,True,False,False
ALNS-B,Example0,0,0,29,26.991,2.45,repair,repair_chuffed_fast,6.0,4.0,-2.0,True,False,False
ALNS-B,Example0,0,0,30,28.434,1.443,destroy,destroy_streak_around_worst_worker,4.0,1.0,-3.0,True,False,False
ALNS-B,Example0,0,0,30,28.434,1.443,repair,repair_chuffed_fast,4.0,1.0,-3.0,True,False,False
ALNS-B,Example0,0,0,31,28.997,0.563,destroy,destroy_worst_days_10pct,1.0,1.0,0.0,False,False,False
ALNS-B,Example0,0,0,31,28.997,0.563,repair,repair_gecode_fast,1.0,1.0,0.0,False,False,False
ALNS-B,Example0,0,0,32,31.12,2.123,destroy,destroy_streak_around_worst_worker,1.0,0.0,-1.0,True,False,False
ALNS-B,Example0,0,0,32,31.12,2.123,repair,repair_chuffed_fast,1.0,0.0,-1.0,True,False,False
ALNS-B,Example0,0,1,1,0.932,0.932,destroy,destroy_random_window_20pct,inf,7.0,nan,True,False,False
ALNS-B,Example0,0,1,1,0.932,0.932,repair,repair_chuffed_fast,inf,7.0,nan,True,False,False
ALNS-B,Example0,0,1,2,1.559,0.627,destroy,destroy_all_forbidden_sequences,7.0,5.0,-2.0,True,False,False
ALNS-B,Example0,0,1,2,1.559,0.627,repair,repair_chuffed_fast,7.0,5.0,-2.0,True,False,False
ALNS-B,Example0,0,1,3,5.487,3.928,destroy,destroy_streak_around_worst_worker,5.0,5.0,0.0,False,True,False
ALNS-B,Example0,0,1,3,5.487,3.928,repair,repair_gecode_fast,5.0,5.0,0.0,False,True,False
ALNS-B,Example0,0,1,4,6.116,0.629,destroy,destroy_worst_workers_10pct,5.0,5.0,0.0,False,True,False
ALNS-B,Example0,0,1,4,6.116,0.629,repair,repair_gecode_fast,5.0,5.0,0.0,False,True,False
ALNS-B,Example0,0,1,5,6.671,0.555,destroy,destroy_max_border_shift_3,5.0,5.0,0.0,False,True,False
ALNS-B,Example0,0,1,5,6.671,0.555,repair,repair_gecode_fast,5.0,5.0,0.0,False,True,False
ALNS-B,Example0,0,1,6,7.218,0.546,destroy,destroy_max_border_off,5.0,5.0,0.0,False,True,False
ALNS-B,Example0,0,1,6,7.218,0.546,repair,repair_chuffed_fast,5.0,5.0,0.0,False,True,False
ALNS-B,Example0,0,1,7,7.735,0.517,destroy,destroy_max_border_shift_3,5.0,5.0,0.0,False,True,False
ALNS-B,Example0,0,1,7,7.735,0.517,repair,repair_chuffed_long,5.0,5.0,0.0,False,True,False
ALNS-B,Example0,0,1,8,8.469,0.735,destroy,destroy_streak_around_worst_worker,5.0,5.0,0.0,False,True,False
ALNS-B,Example0,0,1,8,8.469,0.735,repair,repair_gecode_fast,5.0,5.0,0.0,False,True,False
ALNS-B,Example0,0,1,9,9.044,0.575,destroy,destroy_worst_days_10pct,5.0,5.0,0.0,False,True,False
ALNS-B,Example0,0,1,9,9.044,0.575,repair,repair_gecode_long,5.0,5.0,0.0,False,True,False
ALNS-B,Example0,0,1,10,9.476,0.432,destroy,destroy_max_border_shift_3,5.0,5.0,0.0,False,True,False
ALNS-B,Example0,0,1,10,9.476,0.432,repair,repair_chuffed_fast,5.0,5.0,0.0,False,True,False
ALNS-B,Example0,0,1,11,9.887,0.411,destroy,destroy_max_border_shift_1,5.0,5.0,0.0,False,True,False
ALNS-B,Example0,0,1,11,9.887,0.411,repair,repair_gecode_long,5.0,5.0,0.0,False,True,False
ALNS-B,Example0,0,1,12,10.425,0.538,destroy,destroy_all_forbidden_sequences,5.0,5.0,0.0,False,True,False
ALNS-B,Example0,0,1,12,10.425,0.538,repair,repair_chuffed_fast,5.0,5.0,0.0,False,True,False
ALNS-B,Example0,0,1,13,10.956,0.531,destroy,destroy_exploration,5.0,5.0,0.0,False,True,True
ALNS-B,Example0,0,1,13,10.956,0.531,repair,repair_exploration,5.0,5.0,0.0,False,True,True
ALNS-B,Example0,0,1,14,11.502,0.547,destroy,destroy_exploration,5.0,5.0,0.0,False,True,True
ALNS-B,Example0,0,1,14,11.502,0.547,repair,repair_exploration,5.0,5.0,0.0,False,True,True
ALNS-B,Example0,0,1,15,11.916,0.414,destroy,destroy_max_border_shift_2,5.0,5.0,0.0,False,True,False
ALNS-B,Example0,0,1,15,11.916,0.414,repair,repair_gecode_fast,5.0,5.0,0.0,False,True,False
ALNS-B,Example0,0,1,16,12.58,0.664,destroy,destroy_streak_around_worst_worker,5.0,5.0,0.0,False,True,False
ALNS-B,Example0,0,1,16,12.58,0.664,repair,repair_chuffed_fast,5.0,5.0,0.0,False,True,False
ALNS-B,Example0,0,1,17,13.037,0.458,destroy,destroy_max_border_shift_1,5.0,5.0,0.0,False,True,False
ALNS-B,Example0,0,1,17,13.037,0.458,repair,repair_chuffed_fast,5.0,5.0,0.0,False,True,False
ALNS-B,Example0,0,1,18,13.84,0.803,destroy,destroy_streak_around_worst_worker,5.0,5.0,0.0,False,True,False
ALNS-B,Example0,0,1,18,13.84,0.803,repair,repair_chuffed_fast,5.0,5.0,0.0,False,True,False
ALNS-B,Example0,0,1,19,14.269,0.429,destroy,destroy_max_border_off,5.0,5.0,0.0,False,True,False
ALNS-B,Example0,0,1,19,14.269,0.429,repair,repair_gecode_fast,5.0,5.0,0.0,False,True,False
ALNS-B,Example0,0,1,20,14.717,0.447,destroy,destroy_max_border_shift_2,5.0,5.0,0.0,False,True,False
ALNS-B,Example0,0,1,20,14.717,0.447,repair,repair_chuffed_fast,5.0,5.0,0.0,False,True,False
ALNS-B,Example0,0,1,21,15.268,0.552,destroy,destroy_worst_days_10pct,5.0,5.0,0.0,False,True,False
ALNS-B,Example0,0,1,21,15.268,0.552,repair,repair_chuffed_fast,5.0,5.0,0.0,False,True,False
ALNS-B,Example0,0,1,22,15.703,0.435,destroy,destroy_max_border_off,5.0,5.0,0.0,False,True,False
ALNS-B,Example0,0,1,22,15.703,0.435,repair,repair_chuffed_fast,5.0,5.0,0.0,False,True,False
ALNS-B,Example0,0,1,23,16.29,0.587,destroy,destroy_exploration,5.0,5.0,0.0,False,True,True
ALNS-B,Example0,0,1,23,16.29,0.587,repair,repair_exploration,5.0,5.0,0.0,False,True,True
ALNS-B,Example0,0,1,24,16.843,0.553,destroy,destroy_exploration,5.0,5.0,0.0,False,True,True
ALNS-B,Example0,0,1,24,16.843,0.553,repair,repair_exploration,5.0,5.0,0.0,False,True,True
ALNS-B,Example0,0,1,25,17.962,1.119,destroy,destroy_streak_around_worst_worker,5.0,5.0,0.0,False,True,False
ALNS-B,Example0,0,1,25,17.962,1.119,repair,repair_gecode_long,5.0,5.0,0.0,False,True,False
ALNS-B,Example0,0,1,26,18.503,0.542,destroy,destroy_all_forbidden_sequences,5.0,5.0,0.0,False,True,False
ALNS-B,Example0,0,1,26,18.503,0.542,repair,repair_chuffed_fast,5.0,5.0,0.0,False,True,False
ALNS-B,Example0,0,1,27,19.072,0.568,destroy,destroy_worst_workers_10pct,5.0,5.0,0.0,False,True,False
ALNS-B,Example0,0,1,27,19.072,0.568,repair,repair_gecode_fast,5.0,5.0,0.0,False,True,False
ALNS-B,Example0,0,1,28,19.505,0.433,destroy,destroy_max_border_shift_3,5.0,5.0,0.0,False,True,False
ALNS-B,Example0,0,1,28,19.505,0.433,repair,repair_chuffed_fast,5.0,5.0,0.0,False,True,False
ALNS-B,Example0,0,1,29,20.06,0.555,destroy,destroy_all_forbidden_sequences,5.0,5.0,0.0,False,True,False
ALNS-B,Example0,0,1,29,20.06,0.555,repair,repair_gecode_fast,5.0,5.0,0.0,False,True,False
ALNS-B,Example0,0,1,30,20.491,0.43,destroy,destroy_max_border_off,5.0,5.0,0.0,False,True,False
ALNS-B,Example0,0,1,30,20.491,0.43,repair,repair_chuffed_fast,5.0,5.0,0.0,False,True,False
ALNS-B,Example0,0,1,31,21.049,0.558,destroy,destroy_all_forbidden_sequences,5.0,5.0,0.0,False,True,False
ALNS-B,Example0,0,1,31,21.049,0.558,repair,repair_gecode_fast,5.0,5.0,0.0,False,True,False
ALNS-B,Example0,0,1,32,21.594,0.545,destroy,destroy_worst_workers_10pct,5.0,5.0,0.0,False,True,False
ALNS-B,Example0,0,1,32,21.594,0.545,repair,repair_chuffed_fast,5.0,5.0,0.0,False,True,False
ALNS-B,Example0,0,1,33,22.167,0.573,destroy,destroy_exploration,5.0,5.0,0.0,False,True,True
ALNS-B,Example0,0,1,33,22.167,0.573,repair,repair_exploration,5.0,5.0,0.0,False,True,True
ALNS-B,Example0,0,1,34,22.743,0.576,destroy,destroy_exploration,5.0,5.0,0.0,False,True,True
ALNS-B,Example0,0,1,34,22.743,0.576,repair,repair_exploration,5.0,5.0,0.0,False,True,True
ALNS-B,Example0,0,1,35,23.158,0.415,destroy,destroy_max_border_work,5.0,5.0,0.0,False,True,False
ALNS-B,Example0,0,1,35,23.158,0.415,repair,repair_gecode_long,5.0,5.0,0.0,False,True,False
ALNS-B,Example0,0,1,36,23.589,0.432,destroy,destroy_max_border_work,5.0,5.0,0.0,False,True,False
ALNS-B,Example0,0,1,36,23.589,0.432,repair,repair_chuffed_fast,5.0,5.0,0.0,False,True,False
ALNS-B,Example0,0,1,37,24.021,0.431,destroy,destroy_max_border_off,5.0,5.0,0.0,False,True,False
ALNS-B,Example0,0,1,37,24.021,0.431,repair,repair_chuffed_fast,5.0,5.0,0.0,False,True,False
ALNS-B,Example0,0,1,38,24.563,0.542,destroy,destroy_all_forbidden_sequences,5.0,5.0,0.0,False,True,False
ALNS-B,Example0,0,1,38,24.563,0.542,repair,repair_chuffed_fast,5.0,5.0,0.0,False,True,False
ALNS-B,Example0,0,1,39,24.994,0.431,destroy,destroy_max_border_off,5.0,5.0,0.0,False,True,False
ALNS-B,Example0,0,1,39,24.994,0.431,repair,repair_chuffed_fast,5.0,5.0,0.0,False,True,False
ALNS-B,Example0,0,1,40,25.652,0.657,destroy,destroy_streak_around_worst_worker,5.0,5.0,0.0,False,True,False
ALNS-B,Example0,0,1,40,25.652,0.657,repair,repair_chuffed_long,5.0,5.0,0.0,False,True,False
ALNS-B,Example0,0,1,41,26.084,0.433,destroy,destroy_max_border_shift_2,5.0,5.0,0.0,False,True,False
ALNS-B,Example0,0,1,41,26.084,0.433,repair,repair_chuffed_fast,5.0,5.0,0.0,False,True,False
ALNS-B,Example0,0,1,42,26.616,0.532,destroy,destroy_all_forbidden_sequences,5.0,5.0,0.0,False,True,False
ALNS-B,Example0,0,1,42,26.616,0.532,repair,repair_chuffed_fast,5.0,5.0,0.0,False,True,False
ALNS-B,Example0,0,1,43,27.161,0.545,destroy,destroy_exploration,5.0,5.0,0.0,False,True,True
ALNS-B,Example0,0,1,43,27.161,0.545,repair,repair_exploration,5.0,5.0,0.0,False,True,True
ALNS-B,Example0,0,1,44,27.744,0.584,destroy,destroy_exploration,5.0,5.0,0.0,False,True,True
ALNS-B,Example0,0,1,44,27.744,0.584,repair,repair_exploration,5.0,5.0,0.0,False,True,True
ALNS-B,Example0,0,1,45,28.181,0.436,destroy,destroy_max_border_shift_3,5.0,5.0,0.0,False,True,False
ALNS-B,Example0,0,1,45,28.181,0.436,repair,repair_chuffed_long,5.0,5.0,0.0,False,True,False
ALNS-B,Example0,0,1,46,28.82,0.639,destroy,destroy_worst_workers_10pct,5.0,5.0,0.0,False,True,False
ALNS-B,Example0,0,1,46,28.82,0.639,repair,repair_gecode_long,5.0,5.0,0.0,False,True,False
ALNS-B,Example0,0,1,47,29.237,0.417,destroy,destroy_max_border_shift_3,5.0,5.0,0.0,False,True,False
ALNS-B,Example0,0,1,47,29.237,0.417,repair,repair_gecode_long,5.0,5.0,0.0,False,True,False
ALNS-B,Example0,0,1,48,29.665,0.428,destroy,destroy_max_border_off,5.0,5.0,0.0,False,True,False
ALNS-B,Example0,0,1,48,29.665,0.428,repair,repair_chuffed_fast,5.0,5.0,0.0,False,True,False
ALNS-B,Example0,0,1,49,30.213,0.548,destroy,destroy_all_forbidden_sequences,5.0,5.0,0.0,False,True,False
ALNS-B,Example0,0,1,49,30.213,0.548,repair,repair_chuffed_long,5.0,5.0,0.0,False,True,False
ALNS-B,Example0,0,1,50,30.883,0.669,destroy,destroy_streak_around_worst_worker,5.0,5.0,0.0,False,True,False
ALNS-B,Example0,0,1,50,30.883,0.669,repair,repair_chuffed_long,5.0,5.0,0.0,False,True,False
ALNS-B,Example0,0,1,51,31.457,0.575,destroy,destroy_worst_days_10pct,5.0,5.0,0.0,False,True,False
ALNS-B,Example0,0,1,51,31.457,0.575,repair,repair_gecode_fast,5.0,5.0,0.0,False,True,False
ALNS-B,Example0,0,1,52,32.012,0.555,destroy,destroy_all_forbidden_sequences,5.0,5.0,0.0,False,True,False
ALNS-B,Example0,0,1,52,32.012,0.555,repair,repair_chuffed_fast,5.0,5.0,0.0,False,True,False
ALNS-B,Example0,0,1,53,32.6,0.588,destroy,destroy_exploration,5.0,5.0,0.0,False,True,True
ALNS-B,Example0,0,1,53,32.6,0.588,repair,repair_exploration,5.0,5.0,0.0,False,True,True
ALNS-B,Example0,0,1,54,33.057,0.457,destroy,destroy_exploration,5.0,5.0,0.0,False,True,True
ALNS-B,Example0,0,1,54,33.057,0.457,repair,repair_exploration,5.0,5.0,0.0,False,True,True
ALNS-B,Example0,0,1,55,33.816,0.758,destroy,destroy_streak_around_worst_worker,5.0,5.0,0.0,False,True,False
ALNS-B,Example0,0,1,55,33.816,0.758,repair,repair_chuffed_fast,5.0,5.0,0.0,False,True,False
ALNS-B,Example0,0,1,56,34.351,0.536,destroy,destroy_all_forbidden_sequences,5.0,5.0,0.0,False,True,False
ALNS-B,Example0,0,1,56,34.351,0.536,repair,repair_chuffed_fast,5.0,5.0,0.0,False,True,False
ALNS-B,Example0,0,1,57,34.761,0.41,destroy,destroy_max_border_shift_1,5.0,5.0,0.0,False,True,False
ALNS-B,Example0,0,1,57,34.761,0.41,repair,repair_gecode_fast,5.0,5.0,0.0,False,True,False
ALNS-B,Example0,0,1,58,35.294,0.533,destroy,destroy_all_forbidden_sequences,5.0,5.0,0.0,False,True,False
ALNS-B,Example0,0,1,58,35.294,0.533,repair,repair_chuffed_long,5.0,5.0,0.0,False,True,False
ALNS-B,Example0,0,1,59,35.829,0.535,destroy,destroy_all_forbidden_sequences,5.0,5.0,0.0,False,True,False
ALNS-B,Example0,0,1,59,35.829,0.535,repair,repair_chuffed_fast,5.0,5.0,0.0,False,True,False
ALNS-B,Example0,0,1,60,36.372,0.543,destroy,destroy_worst_days_10pct,5.0,5.0,0.0,False,True,False
ALNS-B,Example0,0,1,60,36.372,0.543,repair,repair_chuffed_fast,5.0,5.0,0.0,False,True,False
ALNS-B,Example0,0,1,61,36.925,0.553,destroy,destroy_all_forbidden_sequences,5.0,5.0,0.0,False,True,False
ALNS-B,Example0,0,1,61,36.925,0.553,repair,repair_gecode_long,5.0,5.0,0.0,False,True,False
ALNS-B,Example0,0,1,62,37.487,0.562,destroy,destroy_worst_workers_10pct,5.0,5.0,0.0,False,True,False
ALNS-B,Example0,0,1,62,37.487,0.562,repair,repair_gecode_fast,5.0,5.0,0.0,False,True,False
ALNS-B,Example0,0,1,63,38.074,0.587,destroy,destroy_exploration,5.0,5.0,0.0,False,True,True
ALNS-B,Example0,0,1,63,38.074,0.587,repair,repair_exploration,5.0,5.0,0.0,False,True,True
ALNS-B,Example0,0,1,64,38.601,0.527,destroy,destroy_exploration,5.0,5.0,0.0,False,True,True
ALNS-B,Example0,0,1,64,38.601,0.527,repair,repair_exploration,5.0,5.0,0.0,False,True,True
ALNS-B,Example0,0,1,65,39.041,0.44,destroy,destroy_max_border_shift_2,5.0,5.0,0.0,False,True,False
ALNS-B,Example0,0,1,65,39.041,0.44,repair,repair_chuffed_fast,5.0,5.0,0.0,False,True,False
ALNS-B,Example0,0,1,66,39.78,0.739,destroy,destroy_streak_around_worst_worker,5.0,5.0,0.0,False,True,False
ALNS-B,Example0,0,1,66,39.78,0.739,repair,repair_chuffed_fast,5.0,5.0,0.0,False,True,False
ALNS-B,Example0,0,1,67,40.448,0.669,destroy,destroy_streak_around_worst_worker,5.0,5.0,0.0,False,True,False
ALNS-B,Example0,0,1,67,40.448,0.669,repair,repair_chuffed_fast,5.0,5.0,0.0,False,True,False
ALNS-B,Example0,0,1,68,41.015,0.566,destroy,destroy_worst_workers_10pct,5.0,5.0,0.0,False,True,False
ALNS-B,Example0,0,1,68,41.015,0.566,repair,repair_gecode_fast,5.0,5.0,0.0,False,True,False
ALNS-B,Example0,0,1,69,41.586,0.572,destroy,destroy_worst_days_10pct,5.0,5.0,0.0,False,True,False
ALNS-B,Example0,0,1,69,41.586,0.572,repair,repair_gecode_long,5.0,5.0,0.0,False,True,False
ALNS-B,Example0,0,1,70,42.121,0.535,destroy,destroy_all_forbidden_sequences,5.0,5.0,0.0,False,True,False
ALNS-B,Example0,0,1,70,42.121,0.535,repair,repair_chuffed_long,5.0,5.0,0.0,False,True,False
ALNS-B,Example0,0,1,71,42.87,0.749,destroy,destroy_streak_around_worst_worker,5.0,5.0,0.0,False,True,False
ALNS-B,Example0,0,1,71,42.87,0.749,repair,repair_chuffed_fast,5.0,5.0,0.0,False,True,False
ALNS-B,Example0,0,1,72,43.419,0.549,destroy,destroy_all_forbidden_sequences,5.0,5.0,0.0,False,True,False
ALNS-B,Example0,0,1,72,43.419,0.549,repair,repair_chuffed_long,5.0,5.0,0.0,False,True,False
ALNS-B,Example0,0,1,73,43.938,0.519,destroy,destroy_exploration,5.0,5.0,0.0,False,True,True
ALNS-B,Example0,0,1,73,43.938,0.519,repair,repair_exploration,5.0,5.0,0.0,False,True,True
ALNS-B,Example0,0,1,74,44.451,0.513,destroy,destroy_exploration,5.0,5.0,0.0,False,True,True
ALNS-B,Example0,0,1,74,44.451,0.513,repair,repair_exploration,5.0,5.0,0.0,False,True,True
ALNS-B,Example0,0,1,75,45.013,0.562,destroy,destroy_all_forbidden_sequences,5.0,5.0,0.0,False,True,False
ALNS-B,Example0,0,1,75,45.013,0.562,repair,repair_gecode_long,5.0,5.0,0.0,False,True,False
ALNS-B,Example0,0,1,76,45.574,0.562,destroy,destroy_worst_days_10pct,5.0,5.0,0.0,False,True,False
ALNS-B,Example0,0,1,76,45.574,0.562,repair,repair_chuffed_long,5.0,5.0,0.0,False,True,False
ALNS-B,Example0,0,1,77,46.141,0.567,destroy,destroy_worst_days_10pct,5.0,5.0,0.0,False,True,False
ALNS-B,Example0,0,1,77,46.141,0.567,repair,repair_gecode_fast,5.0,5.0,0.0,False,True,False
ALNS-B,Example0,0,1,78,46.569,0.428,destroy,destroy_max_border_shift_1,5.0,5.0,0.0,False,True,False
ALNS-B,Example0,0,1,78,46.569,0.428,repair,repair_chuffed_fast,5.0,5.0,0.0,False,True,False
ALNS-B,Example0,0,1,79,47.109,0.539,destroy,destroy_all_forbidden_sequences,5.0,5.0,0.0,False,True,False
ALNS-B,Example0,0,1,79,47.109,0.539,repair,repair_chuffed_fast,5.0,5.0,0.0,False,True,False
ALNS-B,Example0,0,1,80,47.721,0.613,destroy,destroy_streak_around_worst_worker,5.0,5.0,0.0,False,True,False
ALNS-B,Example0,0,1,80,47.721,0.613,repair,repair_gecode_fast,5.0,5.0,0.0,False,True,False
ALNS-B,Example0,0,1,81,48.259,0.538,destroy,destroy_all_forbidden_sequences,5.0,5.0,0.0,False,True,False
ALNS-B,Example0,0,1,81,48.259,0.538,repair,repair_chuffed_fast,5.0,5.0,0.0,False,True,False
ALNS-B,Example0,0,1,82,49.319,1.06,destroy,destroy_streak_around_worst_worker,5.0,4.0,-1.0,True,False,False
ALNS-B,Example0,0,1,82,49.319,1.06,repair,repair_chuffed_long,5.0,4.0,-1.0,True,False,False
ALNS-B,Example0,0,1,83,50.327,1.008,destroy,destroy_streak_around_worst_worker,4.0,3.0,-1.0,True,False,False
ALNS-B,Example0,0,1,83,50.327,1.008,repair,repair_chuffed_fast,4.0,3.0,-1.0,True,False,False
ALNS-B,Example0,0,1,84,80.749,30.422,destroy,destroy_streak_around_worst_worker,3.0,3.0,0.0,False,True,False
ALNS-B,Example0,0,1,84,80.749,30.422,repair,repair_gecode_long,3.0,3.0,0.0,False,True,False
ALNS-B,Example0,0,1,85,81.326,0.577,destroy,destroy_worst_days_10pct,3.0,3.0,0.0,False,False,False
ALNS-B,Example0,0,1,85,81.326,0.577,repair,repair_gecode_fast,3.0,3.0,0.0,False,False,False
ALNS-B,Example0,0,1,86,81.87,0.543,destroy,destroy_max_border_shift_2,3.0,3.0,0.0,False,False,False
ALNS-B,Example0,0,1,86,81.87,0.543,repair,repair_gecode_fast,3.0,3.0,0.0,False,False,False
ALNS-B,Example0,0,1,87,83.272,1.403,destroy,destroy_streak_around_worst_worker,3.0,2.0,-1.0,True,False,False
ALNS-B,Example0,0,1,87,83.272,1.403,repair,repair_chuffed_long,3.0,2.0,-1.0,True,False,False
ALNS-B,Example0,0,1,88,83.776,0.504,destroy,destroy_all_forbidden_sequences,2.0,2.0,0.0,False,False,False
ALNS-B,Example0,0,1,88,83.776,0.504,repair,repair_chuffed_fast,2.0,2.0,0.0,False,False,False
ALNS-B,Example0,0,1,89,84.312,0.536,destroy,destroy_all_forbidden_sequences,2.0,2.0,0.0,False,False,False
ALNS-B,Example0,0,1,89,84.312,0.536,repair,repair_gecode_long,2.0,2.0,0.0,False,False,False
ALNS-B,Example0,0,1,90,85.13,0.818,destroy,destroy_streak_around_worst_worker,2.0,1.0,-1.0,True,False,False
ALNS-B,Example0,0,1,90,85.13,0.818,repair,repair_chuffed_fast,2.0,1.0,-1.0,True,False,False
ALNS-B,Example0,0,1,91,85.78,0.65,destroy,destroy_streak_around_worst_worker,1.0,0.0,-1.0,True,False,False
ALNS-B,Example0,0,1,91,85.78,0.65,repair,repair_gecode_fast,1.0,0.0,-1.0,True,False,False
ALNS-B,Example0,0,2,1,0.816,0.816,destroy,destroy_worst_workers_10pct,inf,10.0,nan,True,False,False
ALNS-B,Example0,0,2,1,0.816,0.816,repair,repair_gecode_long,inf,10.0,nan,True,False,False
ALNS-B,Example0,0,2,2,1.715,0.899,destroy,destroy_streak_around_worst_worker,10.0,10.0,0.0,False,True,False
ALNS-B,Example0,0,2,2,1.715,0.899,repair,repair_chuffed_fast,10.0,10.0,0.0,False,True,False
ALNS-B,Example0,0,2,3,2.342,0.627,destroy,destroy_all_forbidden_sequences,10.0,10.0,0.0,False,True,False
ALNS-B,Example0,0,2,3,2.342,0.627,repair,repair_chuffed_fast,10.0,10.0,0.0,False,True,False
ALNS-B,Example0,0,2,4,3.33,0.988,destroy,destroy_streak_around_worst_worker,10.0,9.0,-1.0,True,False,False
ALNS-B,Example0,0,2,4,3.33,0.988,repair,repair_chuffed_fast,10.0,9.0,-1.0,True,False,False
ALNS-B,Example0,0,2,5,4.177,0.847,destroy,destroy_streak_around_worst_worker,9.0,8.0,-1.0,True,False,False
ALNS-B,Example0,0,2,5,4.177,0.847,repair,repair_gecode_fast,9.0,8.0,-1.0,True,False,False
ALNS-B,Example0,0,2,6,4.691,0.514,destroy,destroy_max_border_work,8.0,8.0,0.0,False,False,False
ALNS-B,Example0,0,2,6,4.691,0.514,repair,repair_chuffed_fast,8.0,8.0,0.0,False,False,False
ALNS-B,Example0,0,2,7,5.22,0.528,destroy,destroy_max_border_shift_1,8.0,8.0,0.0,False,False,False
ALNS-B,Example0,0,2,7,5.22,0.528,repair,repair_gecode_fast,8.0,8.0,0.0,False,False,False
ALNS-B,Example0,0,2,8,5.758,0.539,destroy,destroy_max_border_work,8.0,8.0,0.0,False,False,False
ALNS-B,Example0,0,2,8,5.758,0.539,repair,repair_gecode_fast,8.0,8.0,0.0,False,False,False
ALNS-B,Example0,0,2,9,6.436,0.677,destroy,destroy_max_border_shift_1,8.0,8.0,0.0,False,False,False
ALNS-B,Example0,0,2,9,6.436,0.677,repair,repair_gecode_long,8.0,8.0,0.0,False,False,False
ALNS-B,Example0,0,2,10,7.069,0.633,destroy,destroy_max_border_shift_3,8.0,8.0,0.0,False,False,False
ALNS-B,Example0,0,2,10,7.069,0.633,repair,repair_gecode_fast,8.0,8.0,0.0,False,False,False
ALNS-B,Example0,0,2,11,7.691,0.623,destroy,destroy_max_border_shift_1,8.0,8.0,0.0,False,False,False
ALNS-B,Example0,0,2,11,7.691,0.623,repair,repair_gecode_long,8.0,8.0,0.0,False,False,False
ALNS-B,Example0,0,2,12,8.332,0.641,destroy,destroy_max_border_shift_2,8.0,8.0,0.0,False,False,False
ALNS-B,Example0,0,2,12,8.332,0.641,repair,repair_gecode_long,8.0,8.0,0.0,False,False,False
ALNS-B,Example0,0,2,13,9.029,0.696,destroy,destroy_worst_workers_10pct,8.0,8.0,0.0,False,False,False
ALNS-B,Example0,0,2,13,9.029,0.696,repair,repair_chuffed_long,8.0,8.0,0.0,False,False,False
ALNS-B,Example0,0,2,14,9.655,0.626,destroy,destroy_worst_days_10pct,8.0,8.0,0.0,False,False,False
ALNS-B,Example0,0,2,14,9.655,0.626,repair,repair_gecode_fast,8.0,8.0,0.0,False,False,False
ALNS-B,Example0,0,2,15,10.141,0.486,destroy,destroy_max_border_shift_2,8.0,8.0,0.0,False,False,False
ALNS-B,Example0,0,2,15,10.141,0.486,repair,repair_chuffed_fast,8.0,8.0,0.0,False,False,False
ALNS-B,Example0,0,2,16,10.92,0.779,destroy,destroy_exploration,8.0,7.0,-1.0,True,False,True
ALNS-B,Example0,0,2,16,10.92,0.779,repair,repair_exploration,8.0,7.0,-1.0,True,False,True
ALNS-B,Example0,0,2,17,11.461,0.54,destroy,destroy_exploration,7.0,7.0,0.0,False,False,True
ALNS-B,Example0,0,2,17,11.461,0.54,repair,repair_exploration,7.0,7.0,0.0,False,False,True
ALNS-B,Example0,0,2,18,12.109,0.648,destroy,destroy_streak_around_worst_worker,7.0,2.0,-5.0,True,False,False
ALNS-B,Example0,0,2,18,12.109,0.648,repair,repair_gecode_long,7.0,2.0,-5.0,True,False,False
ALNS-B,Example0,0,2,19,12.662,0.553,destroy,destroy_all_forbidden_sequences,2.0,2.0,0.0,False,False,False
ALNS-B,Example0,0,2,19,12.662,0.553,repair,repair_gecode_fast,2.0,2.0,0.0,False,False,False
ALNS-B,Example0,0,2,20,13.351,0.689,destroy,destroy_streak_around_worst_worker,2.0,2.0,0.0,False,False,False
ALNS-B,Example0,0,2,20,13.351,0.689,repair,repair_chuffed_fast,2.0,2.0,0.0,False,False,False
ALNS-B,Example0,0,2,21,20.159,6.808,destroy,destroy_streak_around_worst_worker,2.0,2.0,0.0,False,False,False
ALNS-B,Example0,0,2,21,20.159,6.808,repair,repair_gecode_long,2.0,2.0,0.0,False,False,False
ALNS-B,Example0,0,2,22,20.847,0.688,destroy,destroy_worst_days_10pct,2.0,2.0,0.0,False,False,False
ALNS-B,Example0,0,2,22,20.847,0.688,repair,repair_gecode_fast,2.0,2.0,0.0,False,False,False
ALNS-B,Example0,0,2,23,21.518,0.671,destroy,destroy_streak_around_worst_worker,2.0,2.0,0.0,False,False,False
ALNS-B,Example0,0,2,23,21.518,0.671,repair,repair_gecode_fast,2.0,2.0,0.0,False,False,False
ALNS-B,Example0,0,2,24,22.53,1.012,destroy,destroy_streak_around_worst_worker,2.0,2.0,0.0,False,False,False
ALNS-B,Example0,0,2,24,22.53,1.012,repair,repair_gecode_long,2.0,2.0,0.0,False,False,False
ALNS-B,Example0,0,2,25,23.055,0.525,destroy,destroy_max_border_work,2.0,2.0,0.0,False,False,False
ALNS-B,Example0,0,2,25,23.055,0.525,repair,repair_gecode_long,2.0,2.0,0.0,False,False,False
ALNS-B,Example0,0,2,26,23.617,0.562,destroy,destroy_worst_days_10pct,2.0,2.0,0.0,False,False,False
ALNS-B,Example0,0,2,26,23.617,0.562,repair,repair_gecode_long,2.0,2.0,0.0,False,False,False
ALNS-B,Example0,0,2,27,24.172,0.555,destroy,destroy_worst_days_10pct,2.0,2.0,0.0,False,False,False
ALNS-B,Example0,0,2,27,24.172,0.555,repair,repair_gecode_long,2.0,2.0,0.0,False,False,False
ALNS-B,Example0,0,2,28,54.59,30.418,destroy,destroy_streak_around_worst_worker,2.0,7.0,5.0,False,False,False
ALNS-B,Example0,0,2,28,54.59,30.418,repair,repair_gecode_long,2.0,7.0,5.0,False,False,False
ALNS-B,Example0,0,2,29,55.137,0.547,destroy,destroy_exploration,2.0,2.0,0.0,False,False,True
ALNS-B,Example0,0,2,29,55.137,0.547,repair,repair_exploration,2.0,2.0,0.0,False,False,True
ALNS-B,Example0,0,2,30,55.695,0.558,destroy,destroy_exploration,2.0,2.0,0.0,False,False,True
ALNS-B,Example0,0,2,30,55.695,0.558,repair,repair_exploration,2.0,2.0,0.0,False,False,True
ALNS-B,Example0,0,2,31,56.272,0.578,destroy,destroy_all_forbidden_sequences,2.0,2.0,0.0,False,False,False
ALNS-B,Example0,0,2,31,56.272,0.578,repair,repair_gecode_fast,2.0,2.0,0.0,False,False,False
ALNS-B,Example0,0,2,32,56.823,0.55,destroy,destroy_worst_workers_10pct,2.0,2.0,0.0,False,False,False
ALNS-B,Example0,0,2,32,56.823,0.55,repair,repair_chuffed_fast,2.0,2.0,0.0,False,False,False
ALNS-B,Example0,0,2,33,57.376,0.554,destroy,destroy_all_forbidden_sequences,2.0,2.0,0.0,False,False,False
ALNS-B,Example0,0,2,33,57.376,0.554,repair,repair_gecode_fast,2.0,2.0,0.0,False,False,False
ALNS-B,Example0,0,2,34,57.855,0.479,destroy,destroy_max_border_shift_2,2.0,2.0,0.0,False,False,False
ALNS-B,Example0,0,2,34,57.855,0.479,repair,repair_chuffed_fast,2.0,2.0,0.0,False,False,False
ALNS-B,Example0,0,2,35,58.422,0.567,destroy,destroy_worst_workers_10pct,2.0,2.0,0.0,False,False,False
ALNS-B,Example0,0,2,35,58.422,0.567,repair,repair_gecode_long,2.0,2.0,0.0,False,False,False
ALNS-B,Example0,0,2,36,58.985,0.563,destroy,destroy_all_forbidden_sequences,2.0,2.0,0.0,False,False,False
ALNS-B,Example0,0,2,36,58.985,0.563,repair,repair_gecode_long,2.0,2.0,0.0,False,False,False
ALNS-B,Example0,0,2,37,59.502,0.517,destroy,destroy_max_border_shift_3,2.0,2.0,0.0,False,False,False
ALNS-B,Example0,0,2,37,59.502,0.517,repair,repair_gecode_long,2.0,2.0,0.0,False,False,False
ALNS-B,Example0,0,2,38,60.058,0.556,destroy,destroy_all_forbidden_sequences,2.0,2.0,0.0,False,False,False
ALNS-B,Example0,0,2,38,60.058,0.556,repair,repair_gecode_long,2.0,2.0,0.0,False,False,False
ALNS-B,Example0,0,2,39,60.626,0.569,destroy,destroy_exploration,2.0,2.0,0.0,False,False,True
ALNS-B,Example0,0,2,39,60.626,0.569,repair,repair_exploration,2.0,2.0,0.0,False,False,True
ALNS-B,Example0,0,2,40,61.199,0.573,destroy,destroy_exploration,2.0,2.0,0.0,False,False,True
ALNS-B,Example0,0,2,40,61.199,0.573,repair,repair_exploration,2.0,2.0,0.0,False,False,True
ALNS-B,Example0,0,2,41,62.168,0.969,destroy,destroy_streak_around_worst_worker,2.0,2.0,0.0,False,False,False
ALNS-B,Example0,0,2,41,62.168,0.969,repair,repair_chuffed_fast,2.0,2.0,0.0,False,False,False
ALNS-B,Example0,0,2,42,68.713,6.545,destroy,destroy_streak_around_worst_worker,2.0,2.0,0.0,False,False,False
ALNS-B,Example0,0,2,42,68.713,6.545,repair,repair_gecode_long,2.0,2.0,0.0,False,False,False
ALNS-B,Example0,0,2,43,69.277,0.564,destroy,destroy_all_forbidden_sequences,2.0,2.0,0.0,False,False,False
ALNS-B,Example0,0,2,43,69.277,0.564,repair,repair_gecode_fast,2.0,2.0,0.0,False,False,False
ALNS-B,Example0,0,2,44,75.697,6.421,destroy,destroy_streak_around_worst_worker,2.0,2.0,0.0,False,True,False
ALNS-B,Example0,0,2,44,75.697,6.421,repair,repair_gecode_fast,2.0,2.0,0.0,False,True,False
ALNS-B,Example0,0,2,45,76.656,0.959,destroy,destroy_streak_around_worst_worker,2.0,2.0,0.0,False,False,False
ALNS-B,Example0,0,2,45,76.656,0.959,repair,repair_gecode_fast,2.0,2.0,0.0,False,False,False
ALNS-B,Example0,0,2,46,77.179,0.523,destroy,destroy_max_border_off,2.0,2.0,0.0,False,False,False
ALNS-B,Example0,0,2,46,77.179,0.523,repair,repair_gecode_fast,2.0,2.0,0.0,False,False,False
ALNS-B,Example0,0,2,47,77.766,0.587,destroy,destroy_worst_days_10pct,2.0,2.0,0.0,False,False,False
ALNS-B,Example0,0,2,47,77.766,0.587,repair,repair_gecode_long,2.0,2.0,0.0,False,False,False
ALNS-B,Example0,0,2,48,78.315,0.548,destroy,destroy_worst_workers_10pct,2.0,2.0,0.0,False,False,False
ALNS-B,Example0,0,2,48,78.315,0.548,repair,repair_chuffed_fast,2.0,2.0,0.0,False,False,False
ALNS-B,Example0,0,2,49,78.905,0.59,destroy,destroy_exploration,2.0,2.0,0.0,False,False,True
ALNS-B,Example0,0,2,49,78.905,0.59,repair,repair_exploration,2.0,2.0,0.0,False,False,True
ALNS-B,Example0,0,2,50,79.497,0.592,destroy,destroy_exploration,2.0,2.0,0.0,False,False,True
ALNS-B,Example0,0,2,50,79.497,0.592,repair,repair_exploration,2.0,2.0,0.0,False,False,True
ALNS-B,Example0,0,2,51,80.107,0.61,destroy,destroy_worst_days_10pct,2.0,2.0,0.0,False,False,False
ALNS-B,Example0,0,2,51,80.107,0.61,repair,repair_gecode_long,2.0,2.0,0.0,False,False,False
ALNS-B,Example0,0,2,52,80.674,0.567,destroy,destroy_worst_days_10pct,2.0,2.0,0.0,False,False,False
ALNS-B,Example0,0,2,52,80.674,0.567,repair,repair_gecode_long,2.0,2.0,0.0,False,False,False
ALNS-B,Example0,0,2,53,81.247,0.573,destroy,destroy_worst_days_10pct,2.0,2.0,0.0,False,False,False
ALNS-B,Example0,0,2,53,81.247,0.573,repair,repair_gecode_fast,2.0,2.0,0.0,False,False,False
ALNS-B,Example0,0,2,54,81.792,0.544,destroy,destroy_all_forbidden_sequences,2.0,2.0,0.0,False,False,False
ALNS-B,Example0,0,2,54,81.792,0.544,repair,repair_gecode_fast,2.0,2.0,0.0,False,False,False
ALNS-B,Example0,0,2,55,83.17,1.379,destroy,destroy_streak_around_worst_worker,2.0,2.0,0.0,False,False,False
ALNS-B,Example0,0,2,55,83.17,1.379,repair,repair_chuffed_long,2.0,2.0,0.0,False,False,False
ALNS-B,Example0,0,2,56,83.755,0.585,destroy,destroy_worst_days_10pct,2.0,2.0,0.0,False,False,False
ALNS-B,Example0,0,2,56,83.755,0.585,repair,repair_chuffed_fast,2.0,2.0,0.0,False,False,False
ALNS-B,Example0,0,2,57,84.305,0.55,destroy,destroy_worst_workers_10pct,2.0,2.0,0.0,False,False,False
ALNS-B,Example0,0,2,57,84.305,0.55,repair,repair_chuffed_long,2.0,2.0,0.0,False,False,False
ALNS-B,Example0,0,2,58,86.108,1.803,destroy,destroy_streak_around_worst_worker,2.0,2.0,0.0,False,False,False
ALNS-B,Example0,0,2,58,86.108,1.803,repair,repair_chuffed_fast,2.0,2.0,0.0,False,False,False
ALNS-B,Example0,0,2,59,88.157,2.049,destroy,destroy_exploration,2.0,1.0,-1.0,True,False,True
ALNS-B,Example0,0,2,59,88.157,2.049,repair,repair_exploration,2.0,1.0,-1.0,True,False,True
ALNS-B,Example0,0,2,60,88.691,0.533,destroy,destroy_exploration,1.0,1.0,0.0,False,False,True
ALNS-B,Example0,0,2,60,88.691,0.533,repair,repair_exploration,1.0,1.0,0.0,False,False,True
ALNS-B,Example0,0,2,61,89.293,0.603,destroy,destroy_streak_around_worst_worker,1.0,1.0,0.0,False,False,False
ALNS-B,Example0,0,2,61,89.293,0.603,repair,repair_gecode_fast,1.0,1.0,0.0,False,False,False
ALNS-B,Example0,0,2,62,89.896,0.603,destroy,destroy_worst_days_10pct,1.0,1.0,0.0,False,False,False
ALNS-B,Example0,0,2,62,89.896,0.603,repair,repair_gecode_long,1.0,1.0,0.0,False,False,False
ALNS-B,Example0,0,2,63,90.475,0.579,destroy,destroy_worst_days_10pct,1.0,1.0,0.0,False,False,False
ALNS-B,Example0,0,2,63,90.475,0.579,repair,repair_chuffed_long,1.0,1.0,0.0,False,False,False
ALNS-B,Example0,0,2,64,92.131,1.656,destroy,destroy_streak_around_worst_worker,1.0,0.0,-1.0,True,False,False
ALNS-B,Example0,0,2,64,92.131,1.656,repair,repair_chuffed_fast,1.0,0.0,-1.0,True,False,False
ALNS-B,Example1,1,0,1,0.891,0.891,destroy,destroy_streak_around_worst_worker,inf,20.0,nan,True,False,False
ALNS-B,Example1,1,0,1,0.891,0.891,repair,repair_chuffed_long,inf,20.0,nan,True,False,False
ALNS-B,Example1,1,0,2,16.356,15.464,destroy,destroy_worst_days_30pct,20.0,35.0,15.0,False,False,False
ALNS-B,Example1,1,0,2,16.356,15.464,repair,repair_chuffed_long,20.0,35.0,15.0,False,False,False
ALNS-B,Example1,1,0,3,17.862,1.506,destroy,destroy_random_days_20pct,20.0,15.0,-5.0,True,False,False
ALNS-B,Example1,1,0,3,17.862,1.506,repair,repair_chuffed_long,20.0,15.0,-5.0,True,False,False
ALNS-B,Example1,1,0,4,22.03,4.168,destroy,destroy_streak_around_worst_worker,15.0,12.0,-3.0,True,False,False
ALNS-B,Example1,1,0,4,22.03,4.168,repair,repair_chuffed_long,15.0,12.0,-3.0,True,False,False
ALNS-B,Example1,1,0,5,28.435,6.405,destroy,destroy_all_forbidden_sequences,12.0,12.0,0.0,False,False,False
ALNS-B,Example1,1,0,5,28.435,6.405,repair,repair_chuffed_fast,12.0,12.0,0.0,False,False,False
ALNS-B,Example1,1,0,6,28.924,0.489,destroy,destroy_max_border_shift_3,12.0,12.0,0.0,False,False,False
ALNS-B,Example1,1,0,6,28.924,0.489,repair,repair_chuffed_long,12.0,12.0,0.0,False,False,False
ALNS-B,Example1,1,0,7,29.721,0.797,destroy,destroy_worst_workers_10pct,12.0,12.0,0.0,False,True,False
ALNS-B,Example1,1,0,7,29.721,0.797,repair,repair_gecode_long,12.0,12.0,0.0,False,True,False
ALNS-B,Example1,1,0,8,30.232,0.511,destroy,destroy_max_border_work,12.0,12.0,0.0,False,True,False
ALNS-B,Example1,1,0,8,30.232,0.511,repair,repair_chuffed_fast,12.0,12.0,0.0,False,True,False
ALNS-B,Example1,1,0,9,30.905,0.672,destroy,destroy_worst_workers_10pct,12.0,12.0,0.0,False,True,False
ALNS-B,Example1,1,0,9,30.905,0.672,repair,repair_gecode_fast,12.0,12.0,0.0,False,True,False
ALNS-B,Example1,1,0,10,31.396,0.491,destroy,destroy_max_border_shift_3,12.0,12.0,0.0,False,True,False
ALNS-B,Example1,1,0,10,31.396,0.491,repair,repair_chuffed_fast,12.0,12.0,0.0,False,True,False
ALNS-B,Example1,1,0,11,31.894,0.498,destroy,destroy_max_border_work,12.0,12.0,0.0,False,True,False
ALNS-B,Example1,1,0,11,31.894,0.498,repair,repair_chuffed_fast,12.0,12.0,0.0,False,True,False
ALNS-B,Example1,1,0,12,32.446,0.552,destroy,destroy_max_border_shift_1,12.0,12.0,0.0,False,True,False
ALNS-B,Example1,1,0,12,32.446,0.552,repair,repair_gecode_fast,12.0,12.0,0.0,False,True,False
ALNS-B,Example1,1,0,13,33.08,0.634,destroy,destroy_worst_workers_10pct,12.0,12.0,0.0,False,True,False
ALNS-B,Example1,1,0,13,33.08,0.634,repair,repair_chuffed_fast,12.0,12.0,0.0,False,True,False
ALNS-B,Example1,1,0,14,35.058,1.978,destroy,destroy_streak_around_worst_worker,12.0,10.0,-2.0,True,False,False
ALNS-B,Example1,1,0,14,35.058,1.978,repair,repair_gecode_fast,12.0,10.0,-2.0,True,False,False
ALNS-B,Example1,1,0,15,35.554,0.496,destroy,destroy_max_border_work,10.0,10.0,0.0,False,False,False
ALNS-B,Example1,1,0,15,35.554,0.496,repair,repair_chuffed_long,10.0,10.0,0.0,False,False,False
ALNS-B,Example1,1,0,16,36.059,0.505,destroy,destroy_max_border_off,10.0,10.0,0.0,False,False,False
ALNS-B,Example1,1,0,16,36.059,0.505,repair,repair_chuffed_long,10.0,10.0,0.0,False,False,False
ALNS-B,Example1,1,0,17,37.359,1.3,destroy,destroy_all_forbidden_sequences,10.0,10.0,0.0,False,False,False
ALNS-B,Example1,1,0,17,37.359,1.3,repair,repair_gecode_fast,10.0,10.0,0.0,False,False,False
ALNS-B,Example1,1,0,18,37.854,0.495,destroy,destroy_max_border_shift_1,10.0,10.0,0.0,False,False,False
ALNS-B,Example1,1,0,18,37.854,0.495,repair,repair_chuffed_long,10.0,10.0,0.0,False,False,False
ALNS-B,Example1,1,0,19,39.134,1.28,destroy,destroy_streak_around_worst_worker,10.0,10.0,0.0,False,False,False
ALNS-B,Example1,1,0,19,39.134,1.28,repair,repair_gecode_fast,10.0,10.0,0.0,False,False,False
ALNS-B,Example1,1,0,20,45.621,6.488,destroy,destroy_streak_around_worst_worker,10.0,11.0,1.0,False,False,False
ALNS-B,Example1,1,0,20,45.621,6.488,repair,repair_chuffed_fast,10.0,11.0,1.0,False,False,False
ALNS-B,Example1,1,0,21,52.174,6.552,destroy,destroy_streak_around_worst_worker,10.0,11.0,1.0,False,False,False
ALNS-B,Example1,1,0,21,52.174,6.552,repair,repair_chuffed_fast,10.0,11.0,1.0,False,False,False
ALNS-B,Example1,1,0,22,53.951,1.777,destroy,destroy_streak_around_worst_worker,10.0,8.0,-2.0,True,False,False
ALNS-B,Example1,1,0,22,53.951,1.777,repair,repair_chuffed_long,10.0,8.0,-2.0,True,False,False
ALNS-B,Example1,1,0,23,54.966,1.014,destroy,destroy_all_forbidden_sequences,8.0,9.0,1.0,False,False,False
ALNS-B,Example1,1,0,23,54.966,1.014,repair,repair_chuffed_long,8.0,9.0,1.0,False,False,False
ALNS-B,Example1,1,0,24,55.551,0.585,destroy,destroy_worst_workers_10pct,8.0,8.0,0.0,False,False,False
ALNS-B,Example1,1,0,24,55.551,0.585,repair,repair_gecode_fast,8.0,8.0,0.0,False,False,False
ALNS-B,Example1,1,0,25,56.144,0.593,destroy,destroy_worst_workers_10pct,8.0,8.0,0.0,False,False,False
ALNS-B,Example1,1,0,25,56.144,0.593,repair,repair_gecode_long,8.0,8.0,0.0,False,False,False
ALNS-B,Example1,1,0,26,56.635,0.491,destroy,destroy_max_border_off,8.0,8.0,0.0,False,False,False
ALNS-B,Example1,1,0,26,56.635,0.491,repair,repair_chuffed_long,8.0,8.0,0.0,False,False,False
ALNS-B,Example1,1,0,27,57.164,0.528,destroy,destroy_max_border_shift_3,8.0,8.0,0.0,False,False,False
ALNS-B,Example1,1,0,27,57.164,0.528,repair,repair_gecode_long,8.0,8.0,0.0,False,False,False
ALNS-B,Example1,1,0,28,57.694,0.531,destroy,destroy_max_border_off,8.0,8.0,0.0,False,False,False
ALNS-B,Example1,1,0,28,57.694,0.531,repair,repair_gecode_fast,8.0,8.0,0.0,False,False,False
ALNS-B,Example1,1,0,29,58.223,0.528,destroy,destroy_max_border_shift_1,8.0,8.0,0.0,False,False,False
ALNS-B,Example1,1,0,29,58.223,0.528,repair,repair_gecode_fast,8.0,8.0,0.0,False,False,False
ALNS-B,Example1,1,0,30,58.716,0.493,destroy,destroy_max_border_shift_2,8.0,8.0,0.0,False,False,False
ALNS-B,Example1,1,0,30,58.716,0.493,repair,repair_chuffed_fast,8.0,8.0,0.0,False,False,False
ALNS-B,Example1,1,0,31,59.939,1.224,destroy,destroy_streak_around_worst_worker,8.0,7.0,-1.0,True,False,False
ALNS-B,Example1,1,0,31,59.939,1.224,repair,repair_chuffed_long,8.0,7.0,-1.0,True,False,False
ALNS-B,Example1,1,0,32,61.182,1.243,destroy,destroy_streak_around_worst_worker,7.0,7.0,0.0,False,False,False
ALNS-B,Example1,1,0,32,61.182,1.243,repair,repair_chuffed_long,7.0,7.0,0.0,False,False,False
ALNS-B,Example1,1,0,33,91.668,30.486,destroy,destroy_streak_around_worst_worker,7.0,9.0,2.0,False,False,False
ALNS-B,Example1,1,0,33,91.668,30.486,repair,repair_chuffed_long,7.0,9.0,2.0,False,False,False
ALNS-B,Example1,1,0,34,122.176,30.508,destroy,destroy_streak_around_worst_worker,7.0,8.0,1.0,False,False,False
ALNS-B,Example1,1,0,34,122.176,30.508,repair,repair_chuffed_long,7.0,8.0,1.0,False,False,False
ALNS-B,Example1,1,0,35,128.648,6.471,destroy,destroy_streak_around_worst_worker,7.0,10.0,3.0,False,False,False
ALNS-B,Example1,1,0,35,128.648,6.471,repair,repair_chuffed_fast,7.0,10.0,3.0,False,False,False
ALNS-B,Example1,1,0,36,129.891,1.244,destroy,destroy_streak_around_worst_worker,7.0,7.0,0.0,False,False,False
ALNS-B,Example1,1,0,36,129.891,1.244,repair,repair_chuffed_fast,7.0,7.0,0.0,False,False,False
ALNS-B,Example1,1,0,37,130.485,0.593,destroy,destroy_worst_days_10pct,7.0,7.0,0.0,False,False,False
ALNS-B,Example1,1,0,37,130.485,0.593,repair,repair_gecode_fast,7.0,7.0,0.0,False,False,False
ALNS-B,Example1,1,0,38,136.916,6.432,destroy,destroy_streak_around_worst_worker,7.0,7.0,0.0,False,True,False
ALNS-B,Example1,1,0,38,136.916,6.432,repair,repair_gecode_fast,7.0,7.0,0.0,False,True,False
ALNS-B,Example1,1,0,39,137.556,0.64,destroy,destroy_all_forbidden_sequences,7.0,7.0,0.0,False,False,False
ALNS-B,Example1,1,0,39,137.556,0.64,repair,repair_chuffed_long,7.0,7.0,0.0,False,False,False
ALNS-B,Example1,1,0,40,138.063,0.506,destroy,destroy_max_border_shift_1,7.0,7.0,0.0,False,False,False
ALNS-B,Example1,1,0,40,138.063,0.506,repair,repair_chuffed_long,7.0,7.0,0.0,False,False,False
ALNS-B,Example1,1,0,41,138.987,0.925,destroy,destroy_streak_around_worst_worker,7.0,7.0,0.0,False,False,False
ALNS-B,Example1,1,0,41,138.987,0.925,repair,repair_chuffed_fast,7.0,7.0,0.0,False,False,False
ALNS-B,Example1,1,0,42,139.611,0.624,destroy,destroy_exploration,7.0,5.0,-2.0,True,False,True
ALNS-B,Example1,1,0,42,139.611,0.624,repair,repair_exploration,7.0,5.0,-2.0,True,False,True
ALNS-B,Example1,1,0,43,146.353,6.742,destroy,destroy_exploration,5.0,4.0,-1.0,True,False,True
ALNS-B,Example1,1,0,43,146.353,6.742,repair,repair_exploration,5.0,4.0,-1.0,True,False,True
ALNS-B,Example1,1,0,44,150.549,4.196,destroy,destroy_streak_around_worst_worker,4.0,2.0,-2.0,True,False,False
ALNS-B,Example1,1,0,44,150.549,4.196,repair,repair_chuffed_long,4.0,2.0,-2.0,True,False,False
ALNS-B,Example1,1,0,45,151.084,0.535,destroy,destroy_max_border_shift_3,2.0,2.0,0.0,False,False,False
ALNS-B,Example1,1,0,45,151.084,0.535,repair,repair_gecode_long,2.0,2.0,0.0,False,False,False
ALNS-B,Example1,1,0,46,151.593,0.509,destroy,destroy_max_border_shift_3,2.0,2.0,0.0,False,False,False
ALNS-B,Example1,1,0,46,151.593,0.509,repair,repair_chuffed_long,2.0,2.0,0.0,False,False,False
ALNS-B,Example1,1,0,47,152.263,0.67,destroy,destroy_worst_workers_10pct,2.0,1.0,-1.0,True,False,False
ALNS-B,Example1,1,0,47,152.263,0.67,repair,repair_chuffed_long,2.0,1.0,-1.0,True,False,False
ALNS-B,Example1,1,0,48,152.777,0.514,destroy,destroy_max_border_shift_3,1.0,1.0,0.0,False,False,False
ALNS-B,Example1,1,0,48,152.777,0.514,repair,repair_chuffed_fast,1.0,1.0,0.0,False,False,False
ALNS-B,Example1,1,0,49,153.285,0.508,destroy,destroy_max_border_shift_3,1.0,1.0,0.0,False,False,False
ALNS-B,Example1,1,0,49,153.285,0.508,repair,repair_chuffed_long,1.0,1.0,0.0,False,False,False
ALNS-B,Example1,1,0,50,153.93,0.645,destroy,destroy_worst_days_10pct,1.0,0.0,-1.0,True,False,False
ALNS-B,Example1,1,0,50,153.93,0.645,repair,repair_chuffed_long,1.0,0.0,-1.0,True,False,False
ALNS-B,Example1,1,1,1,0.809,0.809,destroy,destroy_random_window_20pct,inf,19.0,nan,True,False,False
ALNS-B,Example1,1,1,1,0.809,0.809,repair,repair_chuffed_fast,inf,19.0,nan,True,False,False
ALNS-B,Example1,1,1,2,1.595,0.785,destroy,destroy_random_workers_20pct,19.0,15.0,-4.0,True,False,False
ALNS-B,Example1,1,1,2,1.595,0.785,repair,repair_chuffed_fast,19.0,15.0,-4.0,True,False,False
ALNS-B,Example1,1,1,3,2.19,0.595,destroy,destroy_worst_workers_10pct,15.0,15.0,0.0,False,False,False
ALNS-B,Example1,1,1,3,2.19,0.595,repair,repair_chuffed_long,15.0,15.0,0.0,False,False,False
ALNS-B,Example1,1,1,4,8.838,6.648,destroy,destroy_streak_around_worst_worker,15.0,14.0,-1.0,True,False,False
ALNS-B,Example1,1,1,4,8.838,6.648,repair,repair_gecode_fast,15.0,14.0,-1.0,True,False,False
ALNS-B,Example1,1,1,5,9.625,0.787,destroy,destroy_streak_around_worst_worker,14.0,12.0,-2.0,True,False,False
ALNS-B,Example1,1,1,5,9.625,0.787,repair,repair_gecode_fast,14.0,12.0,-2.0,True,False,False
ALNS-B,Example1,1,1,6,11.113,1.487,destroy,destroy_all_forbidden_sequences,12.0,11.0,-1.0,True,False,False
ALNS-B,Example1,1,1,6,11.113,1.487,repair,repair_gecode_fast,12.0,11.0,-1.0,True,False,False
ALNS-B,Example1,1,1,7,18.677,7.564,destroy,destroy_streak_around_worst_worker,11.0,10.0,-1.0,True,False,False
ALNS-B,Example1,1,1,7,18.677,7.564,repair,repair_chuffed_long,11.0,10.0,-1.0,True,False,False
ALNS-B,Example1,1,1,8,22.877,4.2,destroy,destroy_streak_around_worst_worker,10.0,7.0,-3.0,True,False,False
ALNS-B,Example1,1,1,8,22.877,4.2,repair,repair_chuffed_long,10.0,7.0,-3.0,True,False,False
ALNS-B,Example1,1,1,9,23.366,0.489,destroy,destroy_max_border_off,7.0,7.0,0.0,False,False,False
ALNS-B,Example1,1,1,9,23.366,0.489,repair,repair_chuffed_fast,7.0,7.0,0.0,False,False,False
ALNS-B,Example1,1,1,10,53.914,30.548,destroy,destroy_streak_around_worst_worker,7.0,7.0,0.0,False,True,False
ALNS-B,Example1,1,1,10,53.914,30.548,repair,repair_chuffed_long,7.0,7.0,0.0,False,True,False
ALNS-B,Example1,1,1,11,54.535,0.62,destroy,destroy_all_forbidden_sequences,7.0,5.0,-2.0,True,False,False
ALNS-B,Example1,1,1,11,54.535,0.62,repair,repair_chuffed_fast,7.0,5.0,-2.0,True,False,False
ALNS-B,Example1,1,1,12,55.033,0.498,destroy,destroy_max_border_shift_1,5.0,5.0,0.0,False,False,False
ALNS-B,Example1,1,1,12,55.033,0.498,repair,repair_chuffed_fast,5.0,5.0,0.0,False,False,False
ALNS-B,Example1,1,1,13,55.533,0.501,destroy,destroy_max_border_work,5.0,5.0,0.0,False,False,False
ALNS-B,Example1,1,1,13,55.533,0.501,repair,repair_chuffed_fast,5.0,5.0,0.0,False,False,False
ALNS-B,Example1,1,1,14,56.058,0.525,destroy,destroy_max_border_shift_1,5.0,5.0,0.0,False,False,False
ALNS-B,Example1,1,1,14,56.058,0.525,repair,repair_gecode_fast,5.0,5.0,0.0,False,False,False
ALNS-B,Example1,1,1,15,56.586,0.528,destroy,destroy_max_border_shift_2,5.0,5.0,0.0,False,False,False
ALNS-B,Example1,1,1,15,56.586,0.528,repair,repair_gecode_fast,5.0,5.0,0.0,False,False,False
ALNS-B,Example1,1,1,16,60.109,3.523,destroy,destroy_streak_around_worst_worker,5.0,5.0,0.0,False,False,False
ALNS-B,Example1,1,1,16,60.109,3.523,repair,repair_gecode_fast,5.0,5.0,0.0,False,False,False
ALNS-B,Example1,1,1,17,60.703,0.594,destroy,destroy_worst_workers_10pct,5.0,5.0,0.0,False,False,False
ALNS-B,Example1,1,1,17,60.703,0.594,repair,repair_gecode_fast,5.0,5.0,0.0,False,False,False
ALNS-B,Example1,1,1,18,61.24,0.537,destroy,destroy_max_border_work,5.0,5.0,0.0,False,False,False
ALNS-B,Example1,1,1,18,61.24,0.537,repair,repair_gecode_fast,5.0,5.0,0.0,False,False,False
ALNS-B,Example1,1,1,19,61.82,0.58,destroy,destroy_worst_workers_10pct,5.0,5.0,0.0,False,False,False
ALNS-B,Example1,1,1,19,61.82,0.58,repair,repair_chuffed_fast,5.0,5.0,0.0,False,False,False
ALNS-B,Example1,1,1,20,62.441,0.621,destroy,destroy_worst_days_10pct,5.0,5.0,0.0,False,False,False
ALNS-B,Example1,1,1,20,62.441,0.621,repair,repair_chuffed_fast,5.0,5.0,0.0,False,False,False
ALNS-B,Example1,1,1,21,62.935,0.494,destroy,destroy_max_border_work,5.0,5.0,0.0,False,False,False
ALNS-B,Example1,1,1,21,62.935,0.494,repair,repair_chuffed_long,5.0,5.0,0.0,False,False,False
ALNS-B,Example1,1,1,22,63.576,0.641,destroy,destroy_exploration,5.0,5.0,0.0,False,False,True
ALNS-B,Example1,1,1,22,63.576,0.641,repair,repair_exploration,5.0,5.0,0.0,False,False,True
ALNS-B,Example1,1,1,23,64.149,0.573,destroy,destroy_exploration,5.0,5.0,0.0,False,False,True
ALNS-B,Example1,1,1,23,64.149,0.573,repair,repair_exploration,5.0,5.0,0.0,False,False,True
ALNS-B,Example1,1,1,24,64.729,0.58,destroy,destroy_all_forbidden_sequences,5.0,5.0,0.0,False,False,False
ALNS-B,Example1,1,1,24,64.729,0.58,repair,repair_gecode_fast,5.0,5.0,0.0,False,False,False
ALNS-B,Example1,1,1,25,71.243,6.515,destroy,destroy_streak_around_worst_worker,5.0,5.0,0.0,False,True,False
ALNS-B,Example1,1,1,25,71.243,6.515,repair,repair_chuffed_fast,5.0,5.0,0.0,False,True,False
ALNS-B,Example1,1,1,26,71.817,0.573,destroy,destroy_all_forbidden_sequences,5.0,5.0,0.0,False,False,False
ALNS-B,Example1,1,1,26,71.817,0.573,repair,repair_chuffed_fast,5.0,5.0,0.0,False,False,False
ALNS-B,Example1,1,1,27,72.404,0.587,destroy,destroy_all_forbidden_sequences,5.0,5.0,0.0,False,False,False
ALNS-B,Example1,1,1,27,72.404,0.587,repair,repair_gecode_fast,5.0,5.0,0.0,False,False,False
ALNS-B,Example1,1,1,28,72.986,0.582,destroy,destroy_all_forbidden_sequences,5.0,5.0,0.0,False,False,False
ALNS-B,Example1,1,1,28,72.986,0.582,repair,repair_gecode_fast,5.0,5.0,0.0,False,False,False
ALNS-B,Example1,1,1,29,73.512,0.526,destroy,destroy_max_border_shift_1,5.0,5.0,0.0,False,False,False
ALNS-B,Example1,1,1,29,73.512,0.526,repair,repair_gecode_fast,5.0,5.0,0.0,False,False,False
ALNS-B,Example1,1,1,30,74.102,0.59,destroy,destroy_all_forbidden_sequences,5.0,5.0,0.0,False,False,False
ALNS-B,Example1,1,1,30,74.102,0.59,repair,repair_chuffed_fast,5.0,5.0,0.0,False,False,False
ALNS-B,Example1,1,1,31,74.687,0.584,destroy,destroy_all_forbidden_sequences,5.0,5.0,0.0,False,False,False
ALNS-B,Example1,1,1,31,74.687,0.584,repair,repair_gecode_fast,5.0,5.0,0.0,False,False,False
ALNS-B,Example1,1,1,32,75.341,0.654,destroy,destroy_exploration,5.0,5.0,0.0,False,False,True
ALNS-B,Example1,1,1,32,75.341,0.654,repair,repair_exploration,5.0,5.0,0.0,False,False,True
ALNS-B,Example1,1,1,33,76.413,1.072,destroy,destroy_exploration,5.0,4.0,-1.0,True,False,True
ALNS-B,Example1,1,1,33,76.413,1.072,repair,repair_exploration,5.0,4.0,-1.0,True,False,True
ALNS-B,Example1,1,1,34,77.044,0.631,destroy,destroy_worst_days_10pct,4.0,4.0,0.0,False,False,False
ALNS-B,Example1,1,1,34,77.044,0.631,repair,repair_gecode_long,4.0,4.0,0.0,False,False,False
ALNS-B,Example1,1,1,35,77.62,0.577,destroy,destroy_all_forbidden_sequences,4.0,4.0,0.0,False,False,False
ALNS-B,Example1,1,1,35,77.62,0.577,repair,repair_gecode_fast,4.0,4.0,0.0,False,False,False
ALNS-B,Example1,1,1,36,78.171,0.551,destroy,destroy_all_forbidden_sequences,4.0,4.0,0.0,False,False,False
ALNS-B,Example1,1,1,36,78.171,0.551,repair,repair_chuffed_fast,4.0,4.0,0.0,False,False,False
ALNS-B,Example1,1,1,37,78.733,0.562,destroy,destroy_all_forbidden_sequences,4.0,4.0,0.0,False,False,False
ALNS-B,Example1,1,1,37,78.733,0.562,repair,repair_gecode_fast,4.0,4.0,0.0,False,False,False
ALNS-B,Example1,1,1,38,79.305,0.572,destroy,destroy_all_forbidden_sequences,4.0,4.0,0.0,False,False,False
ALNS-B,Example1,1,1,38,79.305,0.572,repair,repair_gecode_fast,4.0,4.0,0.0,False,False,False
ALNS-B,Example1,1,1,39,85.837,6.533,destroy,destroy_streak_around_worst_worker,4.0,4.0,0.0,False,True,False
ALNS-B,Example1,1,1,39,85.837,6.533,repair,repair_chuffed_fast,4.0,4.0,0.0,False,True,False
ALNS-B,Example1,1,1,40,86.331,0.494,destroy,destroy_max_border_work,4.0,4.0,0.0,False,False,False
ALNS-B,Example1,1,1,40,86.331,0.494,repair,repair_chuffed_fast,4.0,4.0,0.0,False,False,False
ALNS-B,Example1,1,1,41,86.891,0.56,destroy,destroy_all_forbidden_sequences,4.0,4.0,0.0,False,False,False
ALNS-B,Example1,1,1,41,86.891,0.56,repair,repair_gecode_fast,4.0,4.0,0.0,False,False,False
ALNS-B,Example1,1,1,42,87.436,0.545,destroy,destroy_all_forbidden_sequences,4.0,4.0,0.0,False,False,False
ALNS-B,Example1,1,1,42,87.436,0.545,repair,repair_chuffed_fast,4.0,4.0,0.0,False,False,False
ALNS-B,Example1,1,1,43,88.021,0.585,destroy,destroy_worst_workers_10pct,4.0,4.0,0.0,False,False,False
ALNS-B,Example1,1,1,43,88.021,0.585,repair,repair_gecode_fast,4.0,4.0,0.0,False,False,False
ALNS-B,Example1,1,1,44,92.128,4.106,destroy,destroy_exploration,4.0,4.0,0.0,False,False,True
ALNS-B,Example1,1,1,44,92.128,4.106,repair,repair_exploration,4.0,4.0,0.0,False,False,True
ALNS-B,Example1,1,1,45,92.765,0.637,destroy,destroy_exploration,4.0,4.0,0.0,False,False,True
ALNS-B,Example1,1,1,45,92.765,0.637,repair,repair_exploration,4.0,4.0,0.0,False,False,True
ALNS-B,Example1,1,1,46,93.288,0.523,destroy,destroy_max_border_off,4.0,4.0,0.0,False,False,False
ALNS-B,Example1,1,1,46,93.288,0.523,repair,repair_gecode_long,4.0,4.0,0.0,False,False,False
ALNS-B,Example1,1,1,47,93.859,0.571,destroy,destroy_all_forbidden_sequences,4.0,4.0,0.0,False,False,False
ALNS-B,Example1,1,1,47,93.859,0.571,repair,repair_gecode_fast,4.0,4.0,0.0,False,False,False
ALNS-B,Example1,1,1,48,94.384,0.525,destroy,destroy_max_border_shift_2,4.0,4.0,0.0,False,False,False
ALNS-B,Example1,1,1,48,94.384,0.525,repair,repair_gecode_long,4.0,4.0,0.0,False,False,False
ALNS-B,Example1,1,1,49,94.911,0.526,destroy,destroy_max_border_shift_2,4.0,4.0,0.0,False,False,False
ALNS-B,Example1,1,1,49,94.911,0.526,repair,repair_gecode_fast,4.0,4.0,0.0,False,False,False
ALNS-B,Example1,1,1,50,99.478,4.567,destroy,destroy_streak_around_worst_worker,4.0,4.0,0.0,False,False,False
ALNS-B,Example1,1,1,50,99.478,4.567,repair,repair_chuffed_fast,4.0,4.0,0.0,False,False,False
ALNS-B,Example1,1,1,51,100.048,0.57,destroy,destroy_all_forbidden_sequences,4.0,4.0,0.0,False,False,False
ALNS-B,Example1,1,1,51,100.048,0.57,repair,repair_gecode_long,4.0,4.0,0.0,False,False,False
ALNS-B,Example1,1,1,52,102.184,2.137,destroy,destroy_streak_around_worst_worker,4.0,4.0,0.0,False,False,False
ALNS-B,Example1,1,1,52,102.184,2.137,repair,repair_chuffed_fast,4.0,4.0,0.0,False,False,False
ALNS-B,Example1,1,1,53,132.626,30.441,destroy,destroy_streak_around_worst_worker,4.0,13.0,9.0,False,False,False
ALNS-B,Example1,1,1,53,132.626,30.441,repair,repair_gecode_long,4.0,13.0,9.0,False,False,False
ALNS-B,Example1,1,1,54,133.888,1.263,destroy,destroy_exploration,4.0,4.0,0.0,False,False,True
ALNS-B,Example1,1,1,54,133.888,1.263,repair,repair_exploration,4.0,4.0,0.0,False,False,True
ALNS-B,Example1,1,1,55,135.308,1.42,destroy,destroy_exploration,4.0,4.0,0.0,False,False,True
ALNS-B,Example1,1,1,55,135.308,1.42,repair,repair_exploration,4.0,4.0,0.0,False,False,True
ALNS-B,Example1,1,1,56,141.826,6.518,destroy,destroy_streak_around_worst_worker,4.0,4.0,0.0,False,True,False
ALNS-B,Example1,1,1,56,141.826,6.518,repair,repair_chuffed_fast,4.0,4.0,0.0,False,True,False
ALNS-B,Example1,1,1,57,142.351,0.525,destroy,destroy_max_border_off,4.0,4.0,0.0,False,False,False
ALNS-B,Example1,1,1,57,142.351,0.525,repair,repair_gecode_long,4.0,4.0,0.0,False,False,False
ALNS-B,Example1,1,1,58,142.967,0.616,destroy,destroy_worst_days_10pct,4.0,4.0,0.0,False,False,False
ALNS-B,Example1,1,1,58,142.967,0.616,repair,repair_gecode_long,4.0,4.0,0.0,False,False,False
ALNS-B,Example1,1,1,59,143.509,0.543,destroy,destroy_all_forbidden_sequences,4.0,4.0,0.0,False,False,False
ALNS-B,Example1,1,1,59,143.509,0.543,repair,repair_chuffed_long,4.0,4.0,0.0,False,False,False
ALNS-B,Example1,1,1,60,144.04,0.53,destroy,destroy_max_border_shift_2,4.0,4.0,0.0,False,False,False
ALNS-B,Example1,1,1,60,144.04,0.53,repair,repair_gecode_fast,4.0,4.0,0.0,False,False,False
ALNS-B,Example1,1,1,61,144.599,0.559,destroy,destroy_all_forbidden_sequences,4.0,4.0,0.0,False,False,False
ALNS-B,Example1,1,1,61,144.599,0.559,repair,repair_gecode_long,4.0,4.0,0.0,False,False,False
ALNS-B,Example1,1,1,62,145.145,0.546,destroy,destroy_all_forbidden_sequences,4.0,4.0,0.0,False,False,False
ALNS-B,Example1,1,1,62,145.145,0.546,repair,repair_chuffed_fast,4.0,4.0,0.0,False,False,False
ALNS-B,Example1,1,1,63,145.77,0.624,destroy,destroy_worst_days_10pct,4.0,4.0,0.0,False,False,False
ALNS-B,Example1,1,1,63,145.77,0.624,repair,repair_chuffed_fast,4.0,4.0,0.0,False,False,False
ALNS-B,Example1,1,1,64,146.522,0.752,destroy,destroy_exploration,4.0,4.0,0.0,False,False,True
ALNS-B,Example1,1,1,64,146.522,0.752,repair,repair_exploration,4.0,4.0,0.0,False,False,True
ALNS-B,Example1,1,1,65,147.109,0.587,destroy,destroy_exploration,4.0,4.0,0.0,False,False,True
ALNS-B,Example1,1,1,65,147.109,0.587,repair,repair_exploration,4.0,4.0,0.0,False,False,True
ALNS-B,Example1,1,1,66,147.695,0.586,destroy,destroy_all_forbidden_sequences,4.0,4.0,0.0,False,False,False
ALNS-B,Example1,1,1,66,147.695,0.586,repair,repair_gecode_fast,4.0,4.0,0.0,False,False,False
ALNS-B,Example1,1,1,67,154.184,6.489,destroy,destroy_streak_around_worst_worker,4.0,14.0,10.0,False,False,False
ALNS-B,Example1,1,1,67,154.184,6.489,repair,repair_gecode_fast,4.0,14.0,10.0,False,False,False
ALNS-B,Example1,1,1,68,154.797,0.613,destroy,destroy_worst_days_10pct,4.0,4.0,0.0,False,False,False
ALNS-B,Example1,1,1,68,154.797,0.613,repair,repair_chuffed_fast,4.0,4.0,0.0,False,False,False
ALNS-B,Example1,1,1,69,161.3,6.503,destroy,destroy_streak_around_worst_worker,4.0,4.0,0.0,False,True,False
ALNS-B,Example1,1,1,69,161.3,6.503,repair,repair_chuffed_fast,4.0,4.0,0.0,False,True,False
ALNS-B,Example1,1,1,70,163.456,2.156,destroy,destroy_streak_around_worst_worker,4.0,4.0,0.0,False,False,False
ALNS-B,Example1,1,1,70,163.456,2.156,repair,repair_chuffed_fast,4.0,4.0,0.0,False,False,False
ALNS-B,Example1,1,1,71,168.029,4.573,destroy,destroy_streak_around_worst_worker,4.0,4.0,0.0,False,False,False
ALNS-B,Example1,1,1,71,168.029,4.573,repair,repair_chuffed_long,4.0,4.0,0.0,False,False,False
ALNS-B,Example1,1,1,72,168.61,0.581,destroy,destroy_worst_workers_10pct,4.0,4.0,0.0,False,False,False
ALNS-B,Example1,1,1,72,168.61,0.581,repair,repair_gecode_long,4.0,4.0,0.0,False,False,False
ALNS-B,Example1,1,1,73,169.178,0.568,destroy,destroy_all_forbidden_sequences,4.0,4.0,0.0,False,False,False
ALNS-B,Example1,1,1,73,169.178,0.568,repair,repair_gecode_fast,4.0,4.0,0.0,False,False,False
ALNS-B,Example1,1,1,74,169.937,0.759,destroy,destroy_exploration,4.0,4.0,0.0,False,False,True
ALNS-B,Example1,1,1,74,169.937,0.759,repair,repair_exploration,4.0,4.0,0.0,False,False,True
ALNS-B,Example1,1,1,75,170.709,0.772,destroy,destroy_exploration,4.0,4.0,0.0,False,False,True
ALNS-B,Example1,1,1,75,170.709,0.772,repair,repair_exploration,4.0,4.0,0.0,False,False,True
ALNS-B,Example1,1,1,76,171.269,0.559,destroy,destroy_all_forbidden_sequences,4.0,4.0,0.0,False,False,False
ALNS-B,Example1,1,1,76,171.269,0.559,repair,repair_chuffed_long,4.0,4.0,0.0,False,False,False
ALNS-B,Example1,1,1,77,171.841,0.573,destroy,destroy_worst_workers_10pct,4.0,4.0,0.0,False,False,False
ALNS-B,Example1,1,1,77,171.841,0.573,repair,repair_gecode_long,4.0,4.0,0.0,False,False,False
ALNS-B,Example1,1,1,78,178.371,6.53,destroy,destroy_streak_around_worst_worker,4.0,4.0,0.0,False,True,False
ALNS-B,Example1,1,1,78,178.371,6.53,repair,repair_chuffed_fast,4.0,4.0,0.0,False,True,False
ALNS-B,Example1,1,1,79,182.082,3.71,destroy,destroy_streak_around_worst_worker,4.0,4.0,0.0,False,False,False
ALNS-B,Example1,1,1,79,182.082,3.71,repair,repair_gecode_long,4.0,4.0,0.0,False,False,False
ALNS-B,Example1,1,2,1,0.904,0.904,destroy,destroy_worst_workers_10pct,inf,21.0,nan,True,False,False
ALNS-B,Example1,1,2,1,0.904,0.904,repair,repair_gecode_long,inf,21.0,nan,True,False,False
ALNS-B,Example1,1,2,2,4.574,3.67,destroy,destroy_all_forbidden_sequences,21.0,40.0,19.0,False,False,False
ALNS-B,Example1,1,2,2,4.574,3.67,repair,repair_chuffed_fast,21.0,40.0,19.0,False,False,False
ALNS-B,Example1,1,2,3,5.061,0.488,destroy,destroy_max_border_shift_3,21.0,21.0,0.0,True,False,False
ALNS-B,Example1,1,2,3,5.061,0.488,repair,repair_chuffed_long,21.0,21.0,0.0,True,False,False
ALNS-B,Example1,1,2,4,5.556,0.495,destroy,destroy_max_border_shift_2,21.0,21.0,0.0,True,False,False
ALNS-B,Example1,1,2,4,5.556,0.495,repair,repair_chuffed_fast,21.0,21.0,0.0,True,False,False
ALNS-B,Example1,1,2,5,6.106,0.55,destroy,destroy_max_border_shift_1,21.0,21.0,0.0,True,False,False
ALNS-B,Example1,1,2,5,6.106,0.55,repair,repair_gecode_long,21.0,21.0,0.0,True,False,False
ALNS-B,Example1,1,2,6,6.8,0.694,destroy,destroy_max_border_shift_2,21.0,21.0,0.0,True,False,False
ALNS-B,Example1,1,2,6,6.8,0.694,repair,repair_gecode_fast,21.0,21.0,0.0,True,False,False
ALNS-B,Example1,1,2,7,7.36,0.56,destroy,destroy_max_border_shift_2,21.0,21.0,0.0,True,False,False
ALNS-B,Example1,1,2,7,7.36,0.56,repair,repair_chuffed_fast,21.0,21.0,0.0,True,False,False
ALNS-B,Example1,1,2,8,10.869,3.51,destroy,destroy_worst_days_30pct,21.0,32.0,11.0,False,False,False
ALNS-B,Example1,1,2,8,10.869,3.51,repair,repair_chuffed_fast,21.0,32.0,11.0,False,False,False
ALNS-B,Example1,1,2,9,12.323,1.453,destroy,destroy_random_days_20pct,21.0,12.0,-9.0,True,False,False
ALNS-B,Example1,1,2,9,12.323,1.453,repair,repair_gecode_fast,21.0,12.0,-9.0,True,False,False
ALNS-B,Example1,1,2,10,12.96,0.637,destroy,destroy_worst_days_10pct,12.0,12.0,0.0,False,False,False
ALNS-B,Example1,1,2,10,12.96,0.637,repair,repair_chuffed_fast,12.0,12.0,0.0,False,False,False
ALNS-B,Example1,1,2,11,13.488,0.528,destroy,destroy_max_border_shift_1,12.0,12.0,0.0,False,False,False
ALNS-B,Example1,1,2,11,13.488,0.528,repair,repair_gecode_fast,12.0,12.0,0.0,False,False,False
ALNS-B,Example1,1,2,12,14.176,0.688,destroy,destroy_worst_days_10pct,12.0,12.0,0.0,False,False,False
ALNS-B,Example1,1,2,12,14.176,0.688,repair,repair_chuffed_long,12.0,12.0,0.0,False,False,False
ALNS-B,Example1,1,2,13,14.851,0.676,destroy,destroy_worst_days_10pct,12.0,9.0,-3.0,True,False,False
ALNS-B,Example1,1,2,13,14.851,0.676,repair,repair_chuffed_fast,12.0,9.0,-3.0,True,False,False
ALNS-B,Example1,1,2,14,17.877,3.026,destroy,destroy_all_forbidden_sequences,9.0,9.0,0.0,False,False,False
ALNS-B,Example1,1,2,14,17.877,3.026,repair,repair_gecode_fast,9.0,9.0,0.0,False,False,False
ALNS-B,Example1,1,2,15,24.328,6.451,destroy,destroy_streak_around_worst_worker,9.0,17.0,8.0,False,False,False
ALNS-B,Example1,1,2,15,24.328,6.451,repair,repair_chuffed_fast,9.0,17.0,8.0,False,False,False
ALNS-B,Example1,1,2,16,24.853,0.524,destroy,destroy_max_border_shift_3,9.0,9.0,0.0,False,False,False
ALNS-B,Example1,1,2,16,24.853,0.524,repair,repair_gecode_fast,9.0,9.0,0.0,False,False,False
ALNS-B,Example1,1,2,17,25.429,0.576,destroy,destroy_worst_workers_10pct,9.0,9.0,0.0,False,False,False
ALNS-B,Example1,1,2,17,25.429,0.576,repair,repair_chuffed_fast,9.0,9.0,0.0,False,False,False
ALNS-B,Example1,1,2,18,28.368,2.939,destroy,destroy_all_forbidden_sequences,9.0,9.0,0.0,False,False,False
ALNS-B,Example1,1,2,18,28.368,2.939,repair,repair_gecode_long,9.0,9.0,0.0,False,False,False
ALNS-B,Example1,1,2,19,34.803,6.435,destroy,destroy_streak_around_worst_worker,9.0,39.0,30.0,False,False,False
ALNS-B,Example1,1,2,19,34.803,6.435,repair,repair_gecode_fast,9.0,39.0,30.0,False,False,False
ALNS-B,Example1,1,2,20,35.295,0.492,destroy,destroy_max_border_shift_2,9.0,9.0,0.0,False,False,False
ALNS-B,Example1,1,2,20,35.295,0.492,repair,repair_chuffed_fast,9.0,9.0,0.0,False,False,False
ALNS-B,Example1,1,2,21,35.93,0.635,destroy,destroy_worst_days_10pct,9.0,9.0,0.0,False,False,False
ALNS-B,Example1,1,2,21,35.93,0.635,repair,repair_chuffed_fast,9.0,9.0,0.0,False,False,False
ALNS-B,Example1,1,2,22,36.527,0.596,destroy,destroy_worst_workers_10pct,9.0,9.0,0.0,False,False,False
ALNS-B,Example1,1,2,22,36.527,0.596,repair,repair_gecode_long,9.0,9.0,0.0,False,False,False
ALNS-B,Example1,1,2,23,37.057,0.53,destroy,destroy_max_border_work,9.0,9.0,0.0,False,False,False
ALNS-B,Example1,1,2,23,37.057,0.53,repair,repair_gecode_fast,9.0,9.0,0.0,False,False,False
ALNS-B,Example1,1,2,24,39.613,2.556,destroy,destroy_exploration,9.0,7.0,-2.0,True,False,True
ALNS-B,Example1,1,2,24,39.613,2.556,repair,repair_exploration,9.0,7.0,-2.0,True,False,True
ALNS-B,Example1,1,2,25,41.818,2.205,destroy,destroy_exploration,7.0,6.0,-1.0,True,False,True
ALNS-B,Example1,1,2,25,41.818,2.205,repair,repair_exploration,7.0,6.0,-1.0,True,False,True
ALNS-B,Example1,1,2,26,42.456,0.638,destroy,destroy_worst_days_10pct,6.0,6.0,0.0,False,False,False
ALNS-B,Example1,1,2,26,42.456,0.638,repair,repair_chuffed_long,6.0,6.0,0.0,False,False,False
ALNS-B,Example1,1,2,27,42.951,0.495,destroy,destroy_max_border_shift_3,6.0,6.0,0.0,False,False,False
ALNS-B,Example1,1,2,27,42.951,0.495,repair,repair_chuffed_fast,6.0,6.0,0.0,False,False,False
ALNS-B,Example1,1,2,28,43.572,0.621,destroy,destroy_worst_days_10pct,6.0,6.0,0.0,False,False,False
ALNS-B,Example1,1,2,28,43.572,0.621,repair,repair_chuffed_fast,6.0,6.0,0.0,False,False,False
ALNS-B,Example1,1,2,29,44.325,0.753,destroy,destroy_all_forbidden_sequences,6.0,6.0,0.0,False,False,False
ALNS-B,Example1,1,2,29,44.325,0.753,repair,repair_chuffed_fast,6.0,6.0,0.0,False,False,False
ALNS-B,Example1,1,2,30,74.861,30.537,destroy,destroy_streak_around_worst_worker,6.0,27.0,21.0,False,False,False
ALNS-B,Example1,1,2,30,74.861,30.537,repair,repair_chuffed_long,6.0,27.0,21.0,False,False,False
ALNS-B,Example1,1,2,31,75.444,0.582,destroy,destroy_worst_workers_10pct,6.0,6.0,0.0,False,False,False
ALNS-B,Example1,1,2,31,75.444,0.582,repair,repair_gecode_fast,6.0,6.0,0.0,False,False,False
ALNS-B,Example1,1,2,32,75.965,0.521,destroy,destroy_max_border_work,6.0,6.0,0.0,False,False,False
ALNS-B,Example1,1,2,32,75.965,0.521,repair,repair_gecode_fast,6.0,6.0,0.0,False,False,False
ALNS-B,Example1,1,2,33,76.49,0.525,destroy,destroy_max_border_shift_3,6.0,6.0,0.0,False,False,False
ALNS-B,Example1,1,2,33,76.49,0.525,repair,repair_gecode_fast,6.0,6.0,0.0,False,False,False
ALNS-B,Example1,1,2,34,77.074,0.584,destroy,destroy_worst_workers_10pct,6.0,6.0,0.0,False,False,False
ALNS-B,Example1,1,2,34,77.074,0.584,repair,repair_gecode_fast,6.0,6.0,0.0,False,False,False
ALNS-B,Example1,1,2,35,77.656,0.582,destroy,destroy_worst_workers_10pct,6.0,6.0,0.0,False,False,False
ALNS-B,Example1,1,2,35,77.656,0.582,repair,repair_gecode_long,6.0,6.0,0.0,False,False,False
ALNS-B,Example1,1,2,36,78.296,0.64,destroy,destroy_exploration,6.0,6.0,0.0,False,False,True
ALNS-B,Example1,1,2,36,78.296,0.64,repair,repair_exploration,6.0,6.0,0.0,False,False,True
ALNS-B,Example1,1,2,37,78.862,0.566,destroy,destroy_exploration,6.0,6.0,0.0,False,False,True
ALNS-B,Example1,1,2,37,78.862,0.566,repair,repair_exploration,6.0,6.0,0.0,False,False,True
ALNS-B,Example1,1,2,38,79.357,0.495,destroy,destroy_max_border_work,6.0,6.0,0.0,False,False,False
ALNS-B,Example1,1,2,38,79.357,0.495,repair,repair_chuffed_fast,6.0,6.0,0.0,False,False,False
ALNS-B,Example1,1,2,39,79.843,0.486,destroy,destroy_max_border_work,6.0,6.0,0.0,False,False,False
ALNS-B,Example1,1,2,39,79.843,0.486,repair,repair_chuffed_fast,6.0,6.0,0.0,False,False,False
ALNS-B,Example1,1,2,40,80.468,0.624,destroy,destroy_worst_days_10pct,6.0,6.0,0.0,False,False,False
ALNS-B,Example1,1,2,40,80.468,0.624,repair,repair_gecode_fast,6.0,6.0,0.0,False,False,False
ALNS-B,Example1,1,2,41,81.298,0.831,destroy,destroy_streak_around_worst_worker,6.0,6.0,0.0,False,False,False
ALNS-B,Example1,1,2,41,81.298,0.831,repair,repair_chuffed_fast,6.0,6.0,0.0,False,False,False
ALNS-B,Example1,1,2,42,108.677,27.378,destroy,destroy_streak_around_worst_worker,6.0,5.0,-1.0,True,False,False
ALNS-B,Example1,1,2,42,108.677,27.378,repair,repair_chuffed_long,6.0,5.0,-1.0,True,False,False
ALNS-B,Example1,1,2,43,115.179,6.502,destroy,destroy_streak_around_worst_worker,5.0,31.0,26.0,False,False,False
ALNS-B,Example1,1,2,43,115.179,6.502,repair,repair_chuffed_fast,5.0,31.0,26.0,False,False,False
ALNS-B,Example1,1,2,44,115.838,0.659,destroy,destroy_all_forbidden_sequences,5.0,5.0,0.0,False,False,False
ALNS-B,Example1,1,2,44,115.838,0.659,repair,repair_chuffed_fast,5.0,5.0,0.0,False,False,False
ALNS-B,Example1,1,2,45,122.286,6.447,destroy,destroy_streak_around_worst_worker,5.0,63.0,58.0,False,False,False
ALNS-B,Example1,1,2,45,122.286,6.447,repair,repair_gecode_fast,5.0,63.0,58.0,False,False,False
ALNS-B,Example1,1,2,46,122.91,0.624,destroy,destroy_worst_days_10pct,5.0,5.0,0.0,False,False,False
ALNS-B,Example1,1,2,46,122.91,0.624,repair,repair_gecode_fast,5.0,5.0,0.0,False,False,False
ALNS-B,Example1,1,2,47,123.543,0.633,destroy,destroy_all_forbidden_sequences,5.0,5.0,0.0,False,False,False
ALNS-B,Example1,1,2,47,123.543,0.633,repair,repair_gecode_fast,5.0,5.0,0.0,False,False,False
ALNS-B,Example1,1,2,48,124.186,0.643,destroy,destroy_all_forbidden_sequences,5.0,5.0,0.0,False,False,False
ALNS-B,Example1,1,2,48,124.186,0.643,repair,repair_gecode_fast,5.0,5.0,0.0,False,False,False
ALNS-B,Example1,1,2,49,124.706,0.521,destroy,destroy_max_border_shift_1,5.0,5.0,0.0,False,False,False
ALNS-B,Example1,1,2,49,124.706,0.521,repair,repair_gecode_fast,5.0,5.0,0.0,False,False,False
ALNS-B,Example1,1,2,50,125.232,0.525,destroy,destroy_max_border_shift_3,5.0,5.0,0.0,False,False,False
ALNS-B,Example1,1,2,50,125.232,0.525,repair,repair_chuffed_long,5.0,5.0,0.0,False,False,False
ALNS-B,Example1,1,2,51,125.811,0.579,destroy,destroy_worst_workers_10pct,5.0,5.0,0.0,False,False,False
ALNS-B,Example1,1,2,51,125.811,0.579,repair,repair_gecode_fast,5.0,5.0,0.0,False,False,False
ALNS-B,Example1,1,2,52,132.255,6.445,destroy,destroy_streak_around_worst_worker,5.0,40.0,35.0,False,False,False
ALNS-B,Example1,1,2,52,132.255,6.445,repair,repair_gecode_fast,5.0,40.0,35.0,False,False,False
ALNS-B,Example1,1,2,53,133.284,1.029,destroy,destroy_exploration,5.0,5.0,0.0,False,False,True
ALNS-B,Example1,1,2,53,133.284,1.029,repair,repair_exploration,5.0,5.0,0.0,False,False,True
ALNS-B,Example1,1,2,54,134.347,1.063,destroy,destroy_exploration,5.0,5.0,0.0,False,False,True
ALNS-B,Example1,1,2,54,134.347,1.063,repair,repair_exploration,5.0,5.0,0.0,False,False,True
ALNS-B,Example1,1,2,55,135.055,0.708,destroy,destroy_streak_around_worst_worker,5.0,5.0,0.0,False,False,False
ALNS-B,Example1,1,2,55,135.055,0.708,repair,repair_chuffed_fast,5.0,5.0,0.0,False,False,False
ALNS-B,Example1,1,2,56,135.547,0.492,destroy,destroy_max_border_shift_2,5.0,5.0,0.0,False,False,False
ALNS-B,Example1,1,2,56,135.547,0.492,repair,repair_chuffed_long,5.0,5.0,0.0,False,False,False
ALNS-B,Example1,1,2,57,136.225,0.678,destroy,destroy_worst_days_10pct,5.0,5.0,0.0,False,False,False
ALNS-B,Example1,1,2,57,136.225,0.678,repair,repair_chuffed_fast,5.0,5.0,0.0,False,False,False
ALNS-B,Example1,1,2,58,136.964,0.739,destroy,destroy_streak_around_worst_worker,5.0,5.0,0.0,False,False,False
ALNS-B,Example1,1,2,58,136.964,0.739,repair,repair_gecode_long,5.0,5.0,0.0,False,False,False
ALNS-B,Example1,1,2,59,137.604,0.64,destroy,destroy_worst_days_10pct,5.0,5.0,0.0,False,False,False
ALNS-B,Example1,1,2,59,137.604,0.64,repair,repair_chuffed_long,5.0,5.0,0.0,False,False,False
ALNS-B,Example1,1,2,60,138.231,0.627,destroy,destroy_all_forbidden_sequences,5.0,5.0,0.0,False,False,False
ALNS-B,Example1,1,2,60,138.231,0.627,repair,repair_gecode_fast,5.0,5.0,0.0,False,False,False
ALNS-B,Example1,1,2,61,138.746,0.515,destroy,destroy_max_border_shift_3,5.0,5.0,0.0,False,False,False
ALNS-B,Example1,1,2,61,138.746,0.515,repair,repair_chuffed_fast,5.0,5.0,0.0,False,False,False
ALNS-B,Example1,1,2,62,139.406,0.66,destroy,destroy_all_forbidden_sequences,5.0,5.0,0.0,False,False,False
ALNS-B,Example1,1,2,62,139.406,0.66,repair,repair_chuffed_long,5.0,5.0,0.0,False,False,False
ALNS-B,Example1,1,2,63,140.085,0.679,destroy,destroy_exploration,5.0,5.0,0.0,False,False,True
ALNS-B,Example1,1,2,63,140.085,0.679,repair,repair_exploration,5.0,5.0,0.0,False,False,True
ALNS-B,Example1,1,2,64,140.729,0.644,destroy,destroy_exploration,5.0,5.0,0.0,False,False,True
ALNS-B,Example1,1,2,64,140.729,0.644,repair,repair_exploration,5.0,5.0,0.0,False,False,True
ALNS-B,Example1,1,2,65,144.271,3.542,destroy,destroy_streak_around_worst_worker,5.0,5.0,0.0,False,False,False
ALNS-B,Example1,1,2,65,144.271,3.542,repair,repair_chuffed_long,5.0,5.0,0.0,False,False,False
ALNS-B,Example1,1,2,66,146.342,2.07,destroy,destroy_streak_around_worst_worker,5.0,5.0,0.0,False,False,False
ALNS-B,Example1,1,2,66,146.342,2.07,repair,repair_chuffed_fast,5.0,5.0,0.0,False,False,False
ALNS-B,Example1,1,2,67,152.791,6.449,destroy,destroy_streak_around_worst_worker,5.0,75.0,70.0,False,False,False
ALNS-B,Example1,1,2,67,152.791,6.449,repair,repair_gecode_fast,5.0,75.0,70.0,False,False,False
ALNS-B,Example1,1,2,68,153.453,0.662,destroy,destroy_all_forbidden_sequences,5.0,5.0,0.0,False,False,False
ALNS-B,Example1,1,2,68,153.453,0.662,repair,repair_chuffed_fast,5.0,5.0,0.0,False,False,False
ALNS-B,Example1,1,2,69,154.077,0.624,destroy,destroy_streak_around_worst_worker,5.0,5.0,0.0,False,False,False
ALNS-B,Example1,1,2,69,154.077,0.624,repair,repair_gecode_fast,5.0,5.0,0.0,False,False,False
ALNS-B,Example1,1,2,70,154.673,0.596,destroy,destroy_worst_days_10pct,5.0,5.0,0.0,False,False,False
ALNS-B,Example1,1,2,70,154.673,0.596,repair,repair_gecode_long,5.0,5.0,0.0,False,False,False
ALNS-B,Example1,1,2,71,155.248,0.574,destroy,destroy_worst_workers_10pct,5.0,5.0,0.0,False,False,False
ALNS-B,Example1,1,2,71,155.248,0.574,repair,repair_chuffed_long,5.0,5.0,0.0,False,False,False
ALNS-B,Example1,1,2,72,155.793,0.545,destroy,destroy_max_border_shift_3,5.0,5.0,0.0,False,False,False
ALNS-B,Example1,1,2,72,155.793,0.545,repair,repair_gecode_fast,5.0,5.0,0.0,False,False,False
ALNS-B,Example1,1,2,73,156.382,0.589,destroy,destroy_exploration,5.0,5.0,0.0,False,False,True
ALNS-B,Example1,1,2,73,156.382,0.589,repair,repair_exploration,5.0,5.0,0.0,False,False,True
ALNS-B,Example1,1,2,74,156.964,0.581,destroy,destroy_exploration,5.0,5.0,0.0,False,False,True
ALNS-B,Example1,1,2,74,156.964,0.581,repair,repair_exploration,5.0,5.0,0.0,False,False,True
ALNS-B,Example1,1,2,75,157.538,0.574,destroy,destroy_streak_around_worst_worker,5.0,5.0,0.0,False,False,False
ALNS-B,Example1,1,2,75,157.538,0.574,repair,repair_gecode_long,5.0,5.0,0.0,False,False,False
ALNS-B,Example1,1,2,76,158.195,0.657,destroy,destroy_all_forbidden_sequences,5.0,5.0,0.0,False,False,False
ALNS-B,Example1,1,2,76,158.195,0.657,repair,repair_chuffed_fast,5.0,5.0,0.0,False,False,False
ALNS-B,Example1,1,2,77,158.71,0.516,destroy,destroy_max_border_shift_3,5.0,5.0,0.0,False,False,False
ALNS-B,Example1,1,2,77,158.71,0.516,repair,repair_chuffed_long,5.0,5.0,0.0,False,False,False
ALNS-B,Example1,1,2,78,160.575,1.864,destroy,destroy_streak_around_worst_worker,5.0,5.0,0.0,False,False,False
ALNS-B,Example1,1,2,78,160.575,1.864,repair,repair_gecode_long,5.0,5.0,0.0,False,False,False
ALNS-B,Example1,1,2,79,167.072,6.498,destroy,destroy_streak_around_worst_worker,5.0,30.0,25.0,False,False,False
ALNS-B,Example1,1,2,79,167.072,6.498,repair,repair_chuffed_fast,5.0,30.0,25.0,False,False,False
ALNS-B,Example1,1,2,80,167.643,0.571,destroy,destroy_worst_workers_10pct,5.0,5.0,0.0,False,False,False
ALNS-B,Example1,1,2,80,167.643,0.571,repair,repair_chuffed_long,5.0,5.0,0.0,False,False,False
ALNS-B,Example1,1,2,81,174.154,6.511,destroy,destroy_streak_around_worst_worker,5.0,47.0,42.0,False,False,False
ALNS-B,Example1,1,2,81,174.154,6.511,repair,repair_chuffed_fast,5.0,47.0,42.0,False,False,False
ALNS-B,Example1,1,2,82,174.768,0.615,destroy,destroy_worst_days_10pct,5.0,5.0,0.0,False,False,False
ALNS-B,Example1,1,2,82,174.768,0.615,repair,repair_chuffed_fast,5.0,5.0,0.0,False,False,False
ALNS-B,Example1,1,2,83,176.161,1.392,destroy,destroy_exploration,5.0,5.0,0.0,False,False,True
ALNS-B,Example1,1,2,83,176.161,1.392,repair,repair_exploration,5.0,5.0,0.0,False,False,True
ALNS-B,Example1,1,2,84,187.52,11.359,destroy,destroy_exploration,5.0,3.0,-2.0,True,False,True
ALNS-B,Example1,1,2,84,187.52,11.359,repair,repair_exploration,5.0,3.0,-2.0,True,False,True
ALNS-B,Example2,2,0,1,1.011,1.011,destroy,destroy_streak_around_worst_worker,inf,61.0,nan,True,False,False
ALNS-B,Example2,2,0,1,1.011,1.011,repair,repair_chuffed_long,inf,61.0,nan,True,False,False
ALNS-B,Example2,2,0,2,16.53,15.519,destroy,destroy_worst_days_30pct,61.0,60.0,-1.0,True,False,False
ALNS-B,Example2,2,0,2,16.53,15.519,repair,repair_chuffed_long,61.0,60.0,-1.0,True,False,False
ALNS-B,Example2,2,0,3,17.122,0.592,destroy,destroy_max_border_off,60.0,47.0,-13.0,True,False,False
ALNS-B,Example2,2,0,3,17.122,0.592,repair,repair_chuffed_fast,60.0,47.0,-13.0,True,False,False
ALNS-B,Example2,2,0,4,17.706,0.584,destroy,destroy_worst_workers_10pct,47.0,39.0,-8.0,True,False,False
ALNS-B,Example2,2,0,4,17.706,0.584,repair,repair_chuffed_fast,47.0,39.0,-8.0,True,False,False
ALNS-B,Example2,2,0,5,21.224,3.519,destroy,destroy_random_window_20pct,39.0,21.0,-18.0,True,False,False
ALNS-B,Example2,2,0,5,21.224,3.519,repair,repair_gecode_fast,39.0,21.0,-18.0,True,False,False
ALNS-B,Example2,2,0,6,23.082,1.857,destroy,destroy_worst_workers_30pct,21.0,5.0,-16.0,True,False,False
ALNS-B,Example2,2,0,6,23.082,1.857,repair,repair_chuffed_fast,21.0,5.0,-16.0,True,False,False
ALNS-B,Example2,2,0,7,26.062,2.981,destroy,destroy_streak_around_worst_worker,5.0,0.0,-5.0,True,False,False
ALNS-B,Example2,2,0,7,26.062,2.981,repair,repair_gecode_fast,5.0,0.0,-5.0,True,False,False
ALNS-B,Example2,2,1,1,0.804,0.804,destroy,destroy_random_window_20pct,inf,64.0,nan,True,False,False
ALNS-B,Example2,2,1,1,0.804,0.804,repair,repair_chuffed_fast,inf,64.0,nan,True,False,False
ALNS-B,Example2,2,1,2,1.851,1.047,destroy,destroy_random_workers_20pct,64.0,50.0,-14.0,True,False,False
ALNS-B,Example2,2,1,2,1.851,1.047,repair,repair_chuffed_fast,64.0,50.0,-14.0,True,False,False
ALNS-B,Example2,2,1,3,2.545,0.694,destroy,destroy_streak_around_worst_worker,50.0,40.0,-10.0,True,False,False
ALNS-B,Example2,2,1,3,2.545,0.694,repair,repair_chuffed_long,50.0,40.0,-10.0,True,False,False
ALNS-B,Example2,2,1,4,5.981,3.437,destroy,destroy_worst_days_30pct,40.0,59.0,19.0,False,False,False
ALNS-B,Example2,2,1,4,5.981,3.437,repair,repair_chuffed_fast,40.0,59.0,19.0,False,False,False
ALNS-B,Example2,2,1,5,7.168,1.186,destroy,destroy_random_workers_20pct,40.0,30.0,-10.0,True,False,False
ALNS-B,Example2,2,1,5,7.168,1.186,repair,repair_gecode_fast,40.0,30.0,-10.0,True,False,False
ALNS-B,Example2,2,1,6,22.651,15.483,destroy,destroy_worst_days_30pct,30.0,66.0,36.0,False,False,False
ALNS-B,Example2,2,1,6,22.651,15.483,repair,repair_chuffed_long,30.0,66.0,36.0,False,False,False
ALNS-B,Example2,2,1,7,23.407,0.756,destroy,destroy_random_window_20pct,30.0,28.0,-2.0,True,False,False
ALNS-B,Example2,2,1,7,23.407,0.756,repair,repair_chuffed_fast,30.0,28.0,-2.0,True,False,False
ALNS-B,Example2,2,1,8,26.822,3.415,destroy,destroy_worst_workers_30pct,28.0,19.0,-9.0,True,False,False
ALNS-B,Example2,2,1,8,26.822,3.415,repair,repair_chuffed_fast,28.0,19.0,-9.0,True,False,False
ALNS-B,Example2,2,1,9,28.234,1.412,destroy,destroy_worst_workers_30pct,19.0,10.0,-9.0,True,False,False
ALNS-B,Example2,2,1,9,28.234,1.412,repair,repair_gecode_fast,19.0,10.0,-9.0,True,False,False
ALNS-B,Example2,2,1,10,29.286,1.052,destroy,destroy_streak_around_worst_worker,10.0,7.0,-3.0,True,False,False
ALNS-B,Example2,2,1,10,29.286,1.052,repair,repair_chuffed_fast,10.0,7.0,-3.0,True,False,False
ALNS-B,Example2,2,1,11,33.252,3.966,destroy,destroy_streak_around_worst_worker,7.0,1.0,-6.0,True,False,False
ALNS-B,Example2,2,1,11,33.252,3.966,repair,repair_gecode_long,7.0,1.0,-6.0,True,False,False
ALNS-B,Example2,2,1,12,33.85,0.598,destroy,destroy_worst_days_10pct,1.0,0.0,-1.0,True,False,False
ALNS-B,Example2,2,1,12,33.85,0.598,repair,repair_chuffed_fast,1.0,0.0,-1.0,True,False,False
ALNS-B,Example2,2,2,1,0.825,0.825,destroy,destroy_worst_workers_10pct,inf,63.0,nan,True,False,False
ALNS-B,Example2,2,2,1,0.825,0.825,repair,repair_gecode_long,inf,63.0,nan,True,False,False
ALNS-B,Example2,2,2,2,4.507,3.682,destroy,destroy_all_forbidden_sequences,63.0,57.0,-6.0,True,False,False
ALNS-B,Example2,2,2,2,4.507,3.682,repair,repair_chuffed_fast,63.0,57.0,-6.0,True,False,False
ALNS-B,Example2,2,2,3,5.63,1.122,destroy,destroy_random_workers_20pct,57.0,47.0,-10.0,True,False,False
ALNS-B,Example2,2,2,3,5.63,1.122,repair,repair_gecode_long,57.0,47.0,-10.0,True,False,False
ALNS-B,Example2,2,2,4,6.434,0.804,destroy,destroy_random_window_20pct,47.0,47.0,0.0,True,False,False
ALNS-B,Example2,2,2,4,6.434,0.804,repair,repair_chuffed_fast,47.0,47.0,0.0,True,False,False
ALNS-B,Example2,2,2,5,7.203,0.769,destroy,destroy_random_window_20pct,47.0,44.0,-3.0,True,False,False
ALNS-B,Example2,2,2,5,7.203,0.769,repair,repair_gecode_long,47.0,44.0,-3.0,True,False,False
ALNS-B,Example2,2,2,6,8.146,0.943,destroy,destroy_random_window_20pct,44.0,26.0,-18.0,True,False,False
ALNS-B,Example2,2,2,6,8.146,0.943,repair,repair_gecode_fast,44.0,26.0,-18.0,True,False,False
ALNS-B,Example2,2,2,7,9.919,1.773,destroy,destroy_worst_workers_30pct,26.0,15.0,-11.0,True,False,False
ALNS-B,Example2,2,2,7,9.919,1.773,repair,repair_gecode_fast,26.0,15.0,-11.0,True,False,False
ALNS-B,Example2,2,2,8,10.615,0.696,destroy,destroy_max_border_off,15.0,11.0,-4.0,True,False,False
ALNS-B,Example2,2,2,8,10.615,0.696,repair,repair_gecode_fast,15.0,11.0,-4.0,True,False,False
ALNS-B,Example2,2,2,9,11.305,0.69,destroy,destroy_worst_days_10pct,11.0,11.0,0.0,False,False,False
ALNS-B,Example2,2,2,9,11.305,0.69,repair,repair_chuffed_fast,11.0,11.0,0.0,False,False,False
ALNS-B,Example2,2,2,10,11.826,0.521,destroy,destroy_max_border_shift_2,11.0,11.0,0.0,False,False,False
ALNS-B,Example2,2,2,10,11.826,0.521,repair,repair_gecode_long,11.0,11.0,0.0,False,False,False
ALNS-B,Example2,2,2,11,12.313,0.487,destroy,destroy_max_border_off,11.0,11.0,0.0,False,False,False
ALNS-B,Example2,2,2,11,12.313,0.487,repair,repair_chuffed_fast,11.0,11.0,0.0,False,False,False
ALNS-B,Example2,2,2,12,12.832,0.519,destroy,destroy_max_border_work,11.0,11.0,0.0,False,False,False
ALNS-B,Example2,2,2,12,12.832,0.519,repair,repair_gecode_fast,11.0,11.0,0.0,False,False,False
ALNS-B,Example2,2,2,13,16.161,3.329,destroy,destroy_streak_around_worst_worker,11.0,9.0,-2.0,True,False,False
ALNS-B,Example2,2,2,13,16.161,3.329,repair,repair_chuffed_fast,11.0,9.0,-2.0,True,False,False
ALNS-B,Example2,2,2,14,17.359,1.198,destroy,destroy_streak_around_worst_worker,9.0,9.0,0.0,False,False,False
ALNS-B,Example2,2,2,14,17.359,1.198,repair,repair_chuffed_long,9.0,9.0,0.0,False,False,False
ALNS-B,Example2,2,2,15,23.894,6.535,destroy,destroy_streak_around_worst_worker,9.0,53.0,44.0,False,False,False
ALNS-B,Example2,2,2,15,23.894,6.535,repair,repair_chuffed_fast,9.0,53.0,44.0,False,False,False
ALNS-B,Example2,2,2,16,24.391,0.497,destroy,destroy_max_border_work,9.0,9.0,0.0,False,False,False
ALNS-B,Example2,2,2,16,24.391,0.497,repair,repair_chuffed_fast,9.0,9.0,0.0,False,False,False
ALNS-B,Example2,2,2,17,26.65,2.259,destroy,destroy_streak_around_worst_worker,9.0,9.0,0.0,False,False,False
ALNS-B,Example2,2,2,17,26.65,2.259,repair,repair_chuffed_long,9.0,9.0,0.0,False,False,False
ALNS-B,Example2,2,2,18,27.266,0.616,destroy,destroy_worst_days_10pct,9.0,9.0,0.0,False,False,False
ALNS-B,Example2,2,2,18,27.266,0.616,repair,repair_gecode_long,9.0,9.0,0.0,False,False,False
ALNS-B,Example2,2,2,19,27.882,0.616,destroy,destroy_worst_days_10pct,9.0,9.0,0.0,False,False,False
ALNS-B,Example2,2,2,19,27.882,0.616,repair,repair_gecode_fast,9.0,9.0,0.0,False,False,False
ALNS-B,Example2,2,2,20,28.51,0.628,destroy,destroy_worst_days_10pct,9.0,9.0,0.0,False,False,False
ALNS-B,Example2,2,2,20,28.51,0.628,repair,repair_chuffed_fast,9.0,9.0,0.0,False,False,False
ALNS-B,Example2,2,2,21,29.134,0.624,destroy,destroy_worst_days_10pct,9.0,9.0,0.0,False,False,False
ALNS-B,Example2,2,2,21,29.134,0.624,repair,repair_chuffed_fast,9.0,9.0,0.0,False,False,False
ALNS-B,Example2,2,2,22,29.729,0.595,destroy,destroy_worst_days_10pct,9.0,9.0,0.0,False,False,False
ALNS-B,Example2,2,2,22,29.729,0.595,repair,repair_chuffed_fast,9.0,9.0,0.0,False,False,False
ALNS-B,Example2,2,2,23,30.263,0.534,destroy,destroy_all_forbidden_sequences,9.0,9.0,0.0,False,False,False
ALNS-B,Example2,2,2,23,30.263,0.534,repair,repair_gecode_fast,9.0,9.0,0.0,False,False,False
ALNS-B,Example2,2,2,24,31.15,0.887,destroy,destroy_exploration,9.0,6.0,-3.0,True,False,True
ALNS-B,Example2,2,2,24,31.15,0.887,repair,repair_exploration,9.0,6.0,-3.0,True,False,True
ALNS-B,Example2,2,2,25,32.991,1.84,destroy,destroy_exploration,6.0,6.0,0.0,False,False,True
ALNS-B,Example2,2,2,25,32.991,1.84,repair,repair_exploration,6.0,6.0,0.0,False,False,True
ALNS-B,Example2,2,2,26,33.532,0.541,destroy,destroy_max_border_off,6.0,6.0,0.0,False,False,False
ALNS-B,Example2,2,2,26,33.532,0.541,repair,repair_gecode_fast,6.0,6.0,0.0,False,False,False
ALNS-B,Example2,2,2,27,34.021,0.489,destroy,destroy_max_border_shift_3,6.0,6.0,0.0,False,False,False
ALNS-B,Example2,2,2,27,34.021,0.489,repair,repair_chuffed_fast,6.0,6.0,0.0,False,False,False
ALNS-B,Example2,2,2,28,34.604,0.583,destroy,destroy_worst_workers_10pct,6.0,6.0,0.0,False,False,False
ALNS-B,Example2,2,2,28,34.604,0.583,repair,repair_gecode_fast,6.0,6.0,0.0,False,False,False
ALNS-B,Example2,2,2,29,35.185,0.581,destroy,destroy_worst_workers_10pct,6.0,6.0,0.0,False,False,False
ALNS-B,Example2,2,2,29,35.185,0.581,repair,repair_gecode_fast,6.0,6.0,0.0,False,False,False
ALNS-B,Example2,2,2,30,41.663,6.478,destroy,destroy_streak_around_worst_worker,6.0,18.0,12.0,False,False,False
ALNS-B,Example2,2,2,30,41.663,6.478,repair,repair_chuffed_fast,6.0,18.0,12.0,False,False,False
ALNS-B,Example2,2,2,31,42.181,0.518,destroy,destroy_all_forbidden_sequences,6.0,6.0,0.0,False,False,False
ALNS-B,Example2,2,2,31,42.181,0.518,repair,repair_chuffed_fast,6.0,6.0,0.0,False,False,False
ALNS-B,Example2,2,2,32,42.674,0.493,destroy,destroy_max_border_off,6.0,6.0,0.0,False,False,False
ALNS-B,Example2,2,2,32,42.674,0.493,repair,repair_chuffed_fast,6.0,6.0,0.0,False,False,False
ALNS-B,Example2,2,2,33,43.842,1.168,destroy,destroy_streak_around_worst_worker,6.0,6.0,0.0,False,False,False
ALNS-B,Example2,2,2,33,43.842,1.168,repair,repair_chuffed_fast,6.0,6.0,0.0,False,False,False
ALNS-B,Example2,2,2,34,44.33,0.488,destroy,destroy_max_border_work,6.0,6.0,0.0,False,False,False
ALNS-B,Example2,2,2,34,44.33,0.488,repair,repair_chuffed_long,6.0,6.0,0.0,False,False,False
ALNS-B,Example2,2,2,35,46.309,1.979,destroy,destroy_exploration,6.0,5.0,-1.0,True,False,True
ALNS-B,Example2,2,2,35,46.309,1.979,repair,repair_exploration,6.0,5.0,-1.0,True,False,True
ALNS-B,Example2,2,2,36,63.208,16.9,destroy,destroy_exploration,5.0,4.0,-1.0,True,False,True
ALNS-B,Example2,2,2,36,63.208,16.9,repair,repair_exploration,5.0,4.0,-1.0,True,False,True
ALNS-B,Example2,2,2,37,63.801,0.593,destroy,destroy_worst_days_10pct,4.0,4.0,0.0,False,False,False
ALNS-B,Example2,2,2,37,63.801,0.593,repair,repair_chuffed_fast,4.0,4.0,0.0,False,False,False
ALNS-B,Example2,2,2,38,64.292,0.491,destroy,destroy_all_forbidden_sequences,4.0,4.0,0.0,False,False,False
ALNS-B,Example2,2,2,38,64.292,0.491,repair,repair_chuffed_fast,4.0,4.0,0.0,False,False,False
ALNS-B,Example2,2,2,39,65.023,0.731,destroy,destroy_streak_around_worst_worker,4.0,4.0,0.0,False,False,False
ALNS-B,Example2,2,2,39,65.023,0.731,repair,repair_gecode_fast,4.0,4.0,0.0,False,False,False
ALNS-B,Example2,2,2,40,66.187,1.164,destroy,destroy_streak_around_worst_worker,4.0,4.0,0.0,False,False,False
ALNS-B,Example2,2,2,40,66.187,1.164,repair,repair_chuffed_fast,4.0,4.0,0.0,False,False,False
ALNS-B,Example2,2,2,41,96.743,30.556,destroy,destroy_streak_around_worst_worker,4.0,45.0,41.0,False,False,False
ALNS-B,Example2,2,2,41,96.743,30.556,repair,repair_chuffed_long,4.0,45.0,41.0,False,False,False
ALNS-B,Example2,2,2,42,97.309,0.566,destroy,destroy_worst_workers_10pct,4.0,4.0,0.0,False,False,False
ALNS-B,Example2,2,2,42,97.309,0.566,repair,repair_chuffed_fast,4.0,4.0,0.0,False,False,False
ALNS-B,Example2,2,2,43,97.795,0.486,destroy,destroy_all_forbidden_sequences,4.0,4.0,0.0,False,False,False
ALNS-B,Example2,2,2,43,97.795,0.486,repair,repair_chuffed_fast,4.0,4.0,0.0,False,False,False
ALNS-B,Example2,2,2,44,98.954,1.159,destroy,destroy_streak_around_worst_worker,4.0,2.0,-2.0,True,False,False
ALNS-B,Example2,2,2,44,98.954,1.159,repair,repair_gecode_fast,4.0,2.0,-2.0,True,False,False
ALNS-B,Example2,2,2,45,100.014,1.06,destroy,destroy_streak_around_worst_worker,2.0,2.0,0.0,False,False,False
ALNS-B,Example2,2,2,45,100.014,1.06,repair,repair_chuffed_long,2.0,2.0,0.0,False,False,False
ALNS-B,Example2,2,2,46,100.542,0.528,destroy,destroy_all_forbidden_sequences,2.0,2.0,0.0,False,False,False
ALNS-B,Example2,2,2,46,100.542,0.528,repair,repair_gecode_long,2.0,2.0,0.0,False,False,False
ALNS-B,Example2,2,2,47,107.006,6.464,destroy,destroy_streak_around_worst_worker,2.0,20.0,18.0,False,False,False
ALNS-B,Example2,2,2,47,107.006,6.464,repair,repair_chuffed_fast,2.0,20.0,18.0,False,False,False
ALNS-B,Example2,2,2,48,107.528,0.522,destroy,destroy_max_border_shift_2,2.0,2.0,0.0,False,False,False
ALNS-B,Example2,2,2,48,107.528,0.522,repair,repair_gecode_fast,2.0,2.0,0.0,False,False,False
ALNS-B,Example2,2,2,49,108.019,0.491,destroy,destroy_max_border_shift_1,2.0,2.0,0.0,False,False,False
ALNS-B,Example2,2,2,49,108.019,0.491,repair,repair_chuffed_fast,2.0,2.0,0.0,False,False,False
ALNS-B,Example2,2,2,50,108.79,0.771,destroy,destroy_streak_around_worst_worker,2.0,2.0,0.0,False,False,False
ALNS-B,Example2,2,2,50,108.79,0.771,repair,repair_chuffed_fast,2.0,2.0,0.0,False,False,False
ALNS-B,Example2,2,2,51,109.954,1.165,destroy,destroy_streak_around_worst_worker,2.0,2.0,0.0,False,False,False
ALNS-B,Example2,2,2,51,109.954,1.165,repair,repair_gecode_long,2.0,2.0,0.0,False,False,False
ALNS-B,Example2,2,2,52,110.446,0.492,destroy,destroy_max_border_shift_3,2.0,2.0,0.0,False,False,False
ALNS-B,Example2,2,2,52,110.446,0.492,repair,repair_chuffed_fast,2.0,2.0,0.0,False,False,False
ALNS-B,Example2,2,2,53,111.056,0.61,destroy,destroy_worst_days_10pct,2.0,1.0,-1.0,True,False,False
ALNS-B,Example2,2,2,53,111.056,0.61,repair,repair_chuffed_long,2.0,1.0,-1.0,True,False,False
ALNS-B,Example2,2,2,54,111.668,0.612,destroy,destroy_worst_days_10pct,1.0,1.0,0.0,False,False,False
ALNS-B,Example2,2,2,54,111.668,0.612,repair,repair_chuffed_long,1.0,1.0,0.0,False,False,False
ALNS-B,Example2,2,2,55,112.272,0.604,destroy,destroy_worst_days_10pct,1.0,1.0,0.0,False,False,False
ALNS-B,Example2,2,2,55,112.272,0.604,repair,repair_gecode_fast,1.0,1.0,0.0,False,False,False
ALNS-B,Example2,2,2,56,118.787,6.515,destroy,destroy_streak_around_worst_worker,1.0,23.0,22.0,False,False,False
ALNS-B,Example2,2,2,56,118.787,6.515,repair,repair_gecode_fast,1.0,23.0,22.0,False,False,False
ALNS-B,Example2,2,2,57,119.481,0.694,destroy,destroy_worst_days_10pct,1.0,1.0,0.0,False,False,False
ALNS-B,Example2,2,2,57,119.481,0.694,repair,repair_chuffed_fast,1.0,1.0,0.0,False,False,False
ALNS-B,Example2,2,2,58,120.142,0.66,destroy,destroy_worst_days_10pct,1.0,1.0,0.0,False,False,False
ALNS-B,Example2,2,2,58,120.142,0.66,repair,repair_gecode_fast,1.0,1.0,0.0,False,False,False
ALNS-B,Example2,2,2,59,120.787,0.645,destroy,destroy_worst_days_10pct,1.0,1.0,0.0,False,False,False
ALNS-B,Example2,2,2,59,120.787,0.645,repair,repair_gecode_fast,1.0,1.0,0.0,False,False,False
ALNS-B,Example2,2,2,60,121.415,0.627,destroy,destroy_worst_days_10pct,1.0,1.0,0.0,False,False,False
ALNS-B,Example2,2,2,60,121.415,0.627,repair,repair_gecode_fast,1.0,1.0,0.0,False,False,False
ALNS-B,Example2,2,2,61,121.934,0.519,destroy,destroy_max_border_work,1.0,1.0,0.0,False,False,False
ALNS-B,Example2,2,2,61,121.934,0.519,repair,repair_chuffed_long,1.0,1.0,0.0,False,False,False
ALNS-B,Example2,2,2,62,122.451,0.517,destroy,destroy_max_border_shift_3,1.0,1.0,0.0,False,False,False
ALNS-B,Example2,2,2,62,122.451,0.517,repair,repair_chuffed_long,1.0,1.0,0.0,False,False,False
ALNS-B,Example2,2,2,63,122.967,0.517,destroy,destroy_max_border_off,1.0,1.0,0.0,False,False,False
ALNS-B,Example2,2,2,63,122.967,0.517,repair,repair_chuffed_fast,1.0,1.0,0.0,False,False,False
ALNS-B,Example2,2,2,64,123.896,0.928,destroy,destroy_exploration,1.0,1.0,0.0,False,False,True
ALNS-B,Example2,2,2,64,123.896,0.928,repair,repair_exploration,1.0,1.0,0.0,False,False,True
ALNS-B,Example2,2,2,65,124.642,0.746,destroy,destroy_exploration,1.0,1.0,0.0,False,False,True
ALNS-B,Example2,2,2,65,124.642,0.746,repair,repair_exploration,1.0,1.0,0.0,False,False,True
ALNS-B,Example2,2,2,66,155.194,30.552,destroy,destroy_streak_around_worst_worker,1.0,27.0,26.0,False,False,False
ALNS-B,Example2,2,2,66,155.194,30.552,repair,repair_chuffed_long,1.0,27.0,26.0,False,False,False
ALNS-B,Example2,2,2,67,161.62,6.426,destroy,destroy_streak_around_worst_worker,1.0,15.0,14.0,False,False,False
ALNS-B,Example2,2,2,67,161.62,6.426,repair,repair_gecode_fast,1.0,15.0,14.0,False,False,False
ALNS-B,Example2,2,2,68,163.953,2.333,destroy,destroy_streak_around_worst_worker,1.0,1.0,0.0,False,False,False
ALNS-B,Example2,2,2,68,163.953,2.333,repair,repair_gecode_fast,1.0,1.0,0.0,False,False,False
ALNS-B,Example2,2,2,69,164.448,0.495,destroy,destroy_max_border_shift_3,1.0,1.0,0.0,False,False,False
ALNS-B,Example2,2,2,69,164.448,0.495,repair,repair_chuffed_long,1.0,1.0,0.0,False,False,False
ALNS-B,Example2,2,2,70,165.022,0.575,destroy,destroy_worst_workers_10pct,1.0,1.0,0.0,False,False,False
ALNS-B,Example2,2,2,70,165.022,0.575,repair,repair_gecode_fast,1.0,1.0,0.0,False,False,False
ALNS-B,Example2,2,2,71,165.662,0.639,destroy,destroy_worst_days_10pct,1.0,1.0,0.0,False,False,False
ALNS-B,Example2,2,2,71,165.662,0.639,repair,repair_chuffed_fast,1.0,1.0,0.0,False,False,False
ALNS-B,Example2,2,2,72,166.286,0.624,destroy,destroy_worst_days_10pct,1.0,1.0,0.0,False,False,False
ALNS-B,Example2,2,2,72,166.286,0.624,repair,repair_chuffed_long,1.0,1.0,0.0,False,False,False
ALNS-B,Example2,2,2,73,166.779,0.493,destroy,destroy_max_border_shift_3,1.0,1.0,0.0,False,False,False
ALNS-B,Example2,2,2,73,166.779,0.493,repair,repair_chuffed_fast,1.0,1.0,0.0,False,False,False
ALNS-B,Example2,2,2,74,167.502,0.724,destroy,destroy_exploration,1.0,1.0,0.0,False,False,True
ALNS-B,Example2,2,2,74,167.502,0.724,repair,repair_exploration,1.0,1.0,0.0,False,False,True
ALNS-B,Example2,2,2,75,168.146,0.644,destroy,destroy_exploration,1.0,1.0,0.0,False,False,True
ALNS-B,Example2,2,2,75,168.146,0.644,repair,repair_exploration,1.0,1.0,0.0,False,False,True
ALNS-B,Example2,2,2,76,168.765,0.619,destroy,destroy_worst_days_10pct,1.0,1.0,0.0,False,False,False
ALNS-B,Example2,2,2,76,168.765,0.619,repair,repair_gecode_long,1.0,1.0,0.0,False,False,False
ALNS-B,Example2,2,2,77,169.27,0.505,destroy,destroy_max_border_shift_1,1.0,1.0,0.0,False,False,False
ALNS-B,Example2,2,2,77,169.27,0.505,repair,repair_chuffed_long,1.0,1.0,0.0,False,False,False
ALNS-B,Example2,2,2,78,175.796,6.525,destroy,destroy_streak_around_worst_worker,1.0,46.0,45.0,False,False,False
ALNS-B,Example2,2,2,78,175.796,6.525,repair,repair_chuffed_fast,1.0,46.0,45.0,False,False,False
ALNS-B,Example2,2,2,79,176.408,0.612,destroy,destroy_worst_days_10pct,1.0,1.0,0.0,False,False,False
ALNS-B,Example2,2,2,79,176.408,0.612,repair,repair_gecode_fast,1.0,1.0,0.0,False,False,False
ALNS-B,Example2,2,2,80,182.905,6.497,destroy,destroy_streak_around_worst_worker,1.0,38.0,37.0,False,False,False
ALNS-B,Example2,2,2,80,182.905,6.497,repair,repair_chuffed_fast,1.0,38.0,37.0,False,False,False
ALNS-B,Example3,3,0,1,1.021,1.021,destroy,destroy_max_border_off,inf,162.0,nan,True,False,False
ALNS-B,Example3,3,0,1,1.021,1.021,repair,repair_chuffed_long,inf,162.0,nan,True,False,False
ALNS-B,Example3,3,0,2,4.725,3.704,destroy,destroy_random_window_20pct,162.0,41.0,-121.0,True,False,False
ALNS-B,Example3,3,0,2,4.725,3.704,repair,repair_gecode_fast,162.0,41.0,-121.0,True,False,False
ALNS-B,Example3,3,0,3,20.214,15.489,destroy,destroy_streak_around_worst_worker,41.0,78.0,37.0,False,False,False
ALNS-B,Example3,3,0,3,20.214,15.489,repair,repair_gecode_long,41.0,78.0,37.0,False,False,False
ALNS-B,Example3,3,0,4,23.888,3.674,destroy,destroy_random_workers_20pct,41.0,64.0,23.0,False,False,False
ALNS-B,Example3,3,0,4,23.888,3.674,repair,repair_chuffed_fast,41.0,64.0,23.0,False,False,False
ALNS-B,Example3,3,0,5,27.668,3.78,destroy,destroy_worst_workers_30pct,41.0,91.0,50.0,False,False,False
ALNS-B,Example3,3,0,5,27.668,3.78,repair,repair_chuffed_fast,41.0,91.0,50.0,False,False,False
ALNS-B,Example3,3,0,6,31.249,3.582,destroy,destroy_random_window_20pct,41.0,198.0,157.0,False,False,False
ALNS-B,Example3,3,0,6,31.249,3.582,repair,repair_chuffed_fast,41.0,198.0,157.0,False,False,False
ALNS-B,Example3,3,0,7,46.667,15.418,destroy,destroy_random_window_20pct,41.0,49.0,8.0,False,False,False
ALNS-B,Example3,3,0,7,46.667,15.418,repair,repair_gecode_long,41.0,49.0,8.0,False,False,False
ALNS-B,Example3,3,0,8,62.196,15.529,destroy,destroy_random_workers_20pct,41.0,56.0,15.0,False,False,False
ALNS-B,Example3,3,0,8,62.196,15.529,repair,repair_chuffed_long,41.0,56.0,15.0,False,False,False
ALNS-B,Example3,3,0,9,77.621,15.425,destroy,destroy_random_workers_20pct,41.0,52.0,11.0,False,False,False
ALNS-B,Example3,3,0,9,77.621,15.425,repair,repair_gecode_long,41.0,52.0,11.0,False,False,False
ALNS-B,Example3,3,0,10,81.092,3.471,destroy,destroy_all_forbidden_sequences,41.0,57.0,16.0,False,False,False
ALNS-B,Example3,3,0,10,81.092,3.471,repair,repair_chuffed_fast,41.0,57.0,16.0,False,False,False
ALNS-B,Example3,3,0,11,84.513,3.421,destroy,destroy_random_workers_20pct,41.0,53.0,12.0,False,False,False
ALNS-B,Example3,3,0,11,84.513,3.421,repair,repair_gecode_fast,41.0,53.0,12.0,False,False,False
ALNS-B,Example3,3,0,12,88.061,3.548,destroy,destroy_random_window_20pct,41.0,73.0,32.0,False,False,False
ALNS-B,Example3,3,0,12,88.061,3.548,repair,repair_chuffed_fast,41.0,73.0,32.0,False,False,False
ALNS-B,Example3,3,0,13,138.624,50.563,destroy,destroy_exploration,41.0,54.0,13.0,False,False,True
ALNS-B,Example3,3,0,13,138.624,50.563,repair,repair_exploration,41.0,54.0,13.0,False,False,True
ALNS-B,Example3,3,0,14,189.213,50.589,destroy,destroy_exploration,41.0,79.0,38.0,False,False,True
ALNS-B,Example3,3,0,14,189.213,50.589,repair,repair_exploration,41.0,79.0,38.0,False,False,True
ALNS-B,Example3,3,1,1,1.02,1.02,destroy,destroy_max_border_off,inf,162.0,nan,True,False,False
ALNS-B,Example3,3,1,1,1.02,1.02,repair,repair_chuffed_fast,inf,162.0,nan,True,False,False
ALNS-B,Example3,3,1,2,4.835,3.814,destroy,destroy_worst_workers_30pct,162.0,76.0,-86.0,True,False,False
ALNS-B,Example3,3,1,2,4.835,3.814,repair,repair_chuffed_fast,162.0,76.0,-86.0,True,False,False
ALNS-B,Example3,3,1,3,8.383,3.549,destroy,destroy_max_border_off,76.0,40.0,-36.0,True,False,False
ALNS-B,Example3,3,1,3,8.383,3.549,repair,repair_chuffed_fast,76.0,40.0,-36.0,True,False,False
ALNS-B,Example3,3,1,4,9.376,0.992,destroy,destroy_max_border_off,40.0,26.0,-14.0,True,False,False
ALNS-B,Example3,3,1,4,9.376,0.992,repair,repair_chuffed_fast,40.0,26.0,-14.0,True,False,False
ALNS-B,Example3,3,1,5,13.092,3.716,destroy,destroy_streak_around_worst_worker,26.0,66.0,40.0,False,False,False
ALNS-B,Example3,3,1,5,13.092,3.716,repair,repair_chuffed_fast,26.0,66.0,40.0,False,False,False
ALNS-B,Example3,3,1,6,16.628,3.536,destroy,destroy_random_window_20pct,26.0,55.0,29.0,False,False,False
ALNS-B,Example3,3,1,6,16.628,3.536,repair,repair_chuffed_fast,26.0,55.0,29.0,False,False,False
ALNS-B,Example3,3,1,7,20.286,3.658,destroy,destroy_random_window_20pct,26.0,54.0,28.0,False,False,False
ALNS-B,Example3,3,1,7,20.286,3.658,repair,repair_gecode_fast,26.0,54.0,28.0,False,False,False
ALNS-B,Example3,3,1,8,23.761,3.475,destroy,destroy_all_forbidden_sequences,26.0,26.0,0.0,True,False,False
ALNS-B,Example3,3,1,8,23.761,3.475,repair,repair_gecode_fast,26.0,26.0,0.0,True,False,False
ALNS-B,Example3,3,1,9,39.22,15.459,destroy,destroy_worst_workers_30pct,26.0,68.0,42.0,False,False,False
ALNS-B,Example3,3,1,9,39.22,15.459,repair,repair_gecode_long,26.0,68.0,42.0,False,False,False
ALNS-B,Example3,3,1,10,54.792,15.572,destroy,destroy_random_workers_20pct,26.0,44.0,18.0,False,False,False
ALNS-B,Example3,3,1,10,54.792,15.572,repair,repair_chuffed_long,26.0,44.0,18.0,False,False,False
ALNS-B,Example3,3,1,11,58.223,3.431,destroy,destroy_random_workers_20pct,26.0,41.0,15.0,False,False,False
ALNS-B,Example3,3,1,11,58.223,3.431,repair,repair_gecode_fast,26.0,41.0,15.0,False,False,False
ALNS-B,Example3,3,1,12,61.804,3.58,destroy,destroy_random_workers_20pct,26.0,42.0,16.0,False,False,False
ALNS-B,Example3,3,1,12,61.804,3.58,repair,repair_chuffed_fast,26.0,42.0,16.0,False,False,False
ALNS-B,Example3,3,1,13,77.342,15.539,destroy,destroy_random_window_20pct,26.0,44.0,18.0,False,False,False
ALNS-B,Example3,3,1,13,77.342,15.539,repair,repair_chuffed_long,26.0,44.0,18.0,False,False,False
ALNS-B,Example3,3,1,14,92.868,15.526,destroy,destroy_random_window_20pct,26.0,54.0,28.0,False,False,False
ALNS-B,Example3,3,1,14,92.868,15.526,repair,repair_chuffed_long,26.0,54.0,28.0,False,False,False
ALNS-B,Example3,3,1,15,143.351,50.483,destroy,destroy_exploration,26.0,32.0,6.0,False,False,True
ALNS-B,Example3,3,1,15,143.351,50.483,repair,repair_exploration,26.0,32.0,6.0,False,False,True
ALNS-B,Example3,3,1,16,193.853,50.502,destroy,destroy_exploration,26.0,25.0,-1.0,True,False,True
ALNS-B,Example3,3,1,16,193.853,50.502,repair,repair_exploration,26.0,25.0,-1.0,True,False,True
ALNS-B,Example3,3,2,1,1.05,1.05,destroy,destroy_worst_workers_10pct,inf,163.0,nan,True,False,False
ALNS-B,Example3,3,2,1,1.05,1.05,repair,repair_gecode_long,inf,163.0,nan,True,False,False
ALNS-B,Example3,3,2,2,1.943,0.893,destroy,destroy_max_border_off,163.0,162.0,-1.0,True,False,False
ALNS-B,Example3,3,2,2,1.943,0.893,repair,repair_chuffed_fast,163.0,162.0,-1.0,True,False,False
ALNS-B,Example3,3,2,3,5.364,3.421,destroy,destroy_all_forbidden_sequences,162.0,38.0,-124.0,True,False,False
ALNS-B,Example3,3,2,3,5.364,3.421,repair,repair_gecode_fast,162.0,38.0,-124.0,True,False,False
ALNS-B,Example3,3,2,4,8.799,3.435,destroy,destroy_random_window_20pct,38.0,36.0,-2.0,True,False,False
ALNS-B,Example3,3,2,4,8.799,3.435,repair,repair_gecode_fast,38.0,36.0,-2.0,True,False,False
ALNS-B,Example3,3,2,5,12.303,3.504,destroy,destroy_random_workers_20pct,36.0,56.0,20.0,False,False,False
ALNS-B,Example3,3,2,5,12.303,3.504,repair,repair_gecode_fast,36.0,56.0,20.0,False,False,False
ALNS-B,Example3,3,2,6,13.544,1.242,destroy,destroy_streak_around_worst_worker,36.0,22.0,-14.0,True,False,False
ALNS-B,Example3,3,2,6,13.544,1.242,repair,repair_gecode_fast,36.0,22.0,-14.0,True,False,False
ALNS-B,Example3,3,2,7,29.001,15.457,destroy,destroy_streak_around_worst_worker,22.0,72.0,50.0,False,False,False
ALNS-B,Example3,3,2,7,29.001,15.457,repair,repair_gecode_long,22.0,72.0,50.0,False,False,False
ALNS-B,Example3,3,2,8,32.787,3.786,destroy,destroy_worst_workers_30pct,22.0,69.0,47.0,False,False,False
ALNS-B,Example3,3,2,8,32.787,3.786,repair,repair_chuffed_fast,22.0,69.0,47.0,False,False,False
ALNS-B,Example3,3,2,9,36.236,3.449,destroy,destroy_random_window_20pct,22.0,38.0,16.0,False,False,False
ALNS-B,Example3,3,2,9,36.236,3.449,repair,repair_gecode_fast,22.0,38.0,16.0,False,False,False
ALNS-B,Example3,3,2,10,37.2,0.964,destroy,destroy_random_window_20pct,22.0,18.0,-4.0,True,False,False
ALNS-B,Example3,3,2,10,37.2,0.964,repair,repair_gecode_fast,22.0,18.0,-4.0,True,False,False
ALNS-B,Example3,3,2,11,37.875,0.674,destroy,destroy_all_forbidden_sequences,18.0,18.0,0.0,True,False,False
ALNS-B,Example3,3,2,11,37.875,0.674,repair,repair_chuffed_fast,18.0,18.0,0.0,True,False,False
ALNS-B,Example3,3,2,12,41.317,3.442,destroy,destroy_random_window_20pct,18.0,42.0,24.0,False,False,False
ALNS-B,Example3,3,2,12,41.317,3.442,repair,repair_gecode_fast,18.0,42.0,24.0,False,False,False
ALNS-B,Example3,3,2,13,44.111,2.793,destroy,destroy_random_window_20pct,18.0,18.0,0.0,True,False,False
ALNS-B,Example3,3,2,13,44.111,2.793,repair,repair_gecode_fast,18.0,18.0,0.0,True,False,False
ALNS-B,Example3,3,2,14,44.727,0.617,destroy,destroy_max_border_off,18.0,18.0,0.0,True,False,False
ALNS-B,Example3,3,2,14,44.727,0.617,repair,repair_chuffed_fast,18.0,18.0,0.0,True,False,False
ALNS-B,Example3,3,2,15,48.184,3.456,destroy,destroy_worst_workers_30pct,18.0,59.0,41.0,False,False,False
ALNS-B,Example3,3,2,15,48.184,3.456,repair,repair_gecode_fast,18.0,59.0,41.0,False,False,False
ALNS-B,Example3,3,2,16,50.164,1.98,destroy,destroy_random_window_20pct,18.0,15.0,-3.0,True,False,False
ALNS-B,Example3,3,2,16,50.164,1.98,repair,repair_gecode_fast,18.0,15.0,-3.0,True,False,False
ALNS-B,Example3,3,2,17,50.753,0.589,destroy,destroy_max_border_shift_1,15.0,15.0,0.0,False,False,False
ALNS-B,Example3,3,2,17,50.753,0.589,repair,repair_chuffed_long,15.0,15.0,0.0,False,False,False
ALNS-B,Example3,3,2,18,51.311,0.557,destroy,destroy_max_border_off,15.0,15.0,0.0,False,False,False
ALNS-B,Example3,3,2,18,51.311,0.557,repair,repair_gecode_fast,15.0,15.0,0.0,False,False,False
ALNS-B,Example3,3,2,19,57.165,5.854,destroy,destroy_worst_days_10pct,15.0,14.0,-1.0,True,False,False
ALNS-B,Example3,3,2,19,57.165,5.854,repair,repair_chuffed_fast,15.0,14.0,-1.0,True,False,False
ALNS-B,Example3,3,2,20,57.779,0.615,destroy,destroy_max_border_off,14.0,14.0,0.0,False,False,False
ALNS-B,Example3,3,2,20,57.779,0.615,repair,repair_chuffed_fast,14.0,14.0,0.0,False,False,False
ALNS-B,Example3,3,2,21,58.392,0.613,destroy,destroy_max_border_off,14.0,14.0,0.0,False,False,False
ALNS-B,Example3,3,2,21,58.392,0.613,repair,repair_chuffed_fast,14.0,14.0,0.0,False,False,False
ALNS-B,Example3,3,2,22,59.065,0.673,destroy,destroy_all_forbidden_sequences,14.0,14.0,0.0,False,False,False
ALNS-B,Example3,3,2,22,59.065,0.673,repair,repair_chuffed_fast,14.0,14.0,0.0,False,False,False
ALNS-B,Example3,3,2,23,65.528,6.462,destroy,destroy_streak_around_worst_worker,14.0,75.0,61.0,False,False,False
ALNS-B,Example3,3,2,23,65.528,6.462,repair,repair_gecode_fast,14.0,75.0,61.0,False,False,False
ALNS-B,Example3,3,2,24,66.183,0.655,destroy,destroy_max_border_off,14.0,14.0,0.0,False,False,False
ALNS-B,Example3,3,2,24,66.183,0.655,repair,repair_chuffed_fast,14.0,14.0,0.0,False,False,False
ALNS-B,Example3,3,2,25,72.823,6.64,destroy,destroy_streak_around_worst_worker,14.0,20.0,6.0,False,False,False
ALNS-B,Example3,3,2,25,72.823,6.64,repair,repair_chuffed_fast,14.0,20.0,6.0,False,False,False
ALNS-B,Example3,3,2,26,76.228,3.405,destroy,destroy_worst_days_10pct,14.0,13.0,-1.0,True,False,False
ALNS-B,Example3,3,2,26,76.228,3.405,repair,repair_gecode_fast,14.0,13.0,-1.0,True,False,False
ALNS-B,Example3,3,2,27,76.89,0.662,destroy,destroy_all_forbidden_sequences,13.0,12.0,-1.0,True,False,False
ALNS-B,Example3,3,2,27,76.89,0.662,repair,repair_chuffed_fast,13.0,12.0,-1.0,True,False,False
ALNS-B,Example3,3,2,28,77.473,0.583,destroy,destroy_max_border_off,12.0,12.0,0.0,False,False,False
ALNS-B,Example3,3,2,28,77.473,0.583,repair,repair_gecode_fast,12.0,12.0,0.0,False,False,False
ALNS-B,Example3,3,2,29,108.231,30.758,destroy,destroy_streak_around_worst_worker,12.0,52.0,40.0,False,False,False
ALNS-B,Example3,3,2,29,108.231,30.758,repair,repair_chuffed_long,12.0,52.0,40.0,False,False,False
ALNS-B,Example3,3,2,30,109.55,1.319,destroy,destroy_worst_workers_10pct,12.0,12.0,0.0,False,False,False
ALNS-B,Example3,3,2,30,109.55,1.319,repair,repair_gecode_long,12.0,12.0,0.0,False,False,False
ALNS-B,Example3,3,2,31,110.183,0.633,destroy,destroy_max_border_shift_2,12.0,12.0,0.0,False,False,False
ALNS-B,Example3,3,2,31,110.183,0.633,repair,repair_chuffed_fast,12.0,12.0,0.0,False,False,False
ALNS-B,Example3,3,2,32,110.737,0.554,destroy,destroy_max_border_shift_3,12.0,12.0,0.0,False,False,False
ALNS-B,Example3,3,2,32,110.737,0.554,repair,repair_gecode_fast,12.0,12.0,0.0,False,False,False
ALNS-B,Example3,3,2,33,117.581,6.844,destroy,destroy_streak_around_worst_worker,12.0,88.0,76.0,False,False,False
ALNS-B,Example3,3,2,33,117.581,6.844,repair,repair_chuffed_fast,12.0,88.0,76.0,False,False,False
ALNS-B,Example3,3,2,34,119.092,1.511,destroy,destroy_worst_days_10pct,12.0,12.0,0.0,False,False,False
ALNS-B,Example3,3,2,34,119.092,1.511,repair,repair_gecode_fast,12.0,12.0,0.0,False,False,False
ALNS-B,Example3,3,2,35,120.638,1.546,destroy,destroy_worst_days_10pct,12.0,12.0,0.0,False,False,False
ALNS-B,Example3,3,2,35,120.638,1.546,repair,repair_gecode_long,12.0,12.0,0.0,False,False,False
ALNS-B,Example3,3,2,36,122.17,1.532,destroy,destroy_worst_days_10pct,12.0,12.0,0.0,False,False,False
ALNS-B,Example3,3,2,36,122.17,1.532,repair,repair_gecode_fast,12.0,12.0,0.0,False,False,False
ALNS-B,Example3,3,2,37,122.735,0.565,destroy,destroy_max_border_work,12.0,12.0,0.0,False,False,False
ALNS-B,Example3,3,2,37,122.735,0.565,repair,repair_gecode_fast,12.0,12.0,0.0,False,False,False
ALNS-B,Example3,3,2,38,223.686,100.951,destroy,destroy_exploration,12.0,75.0,63.0,False,False,True
ALNS-B,Example3,3,2,38,223.686,100.951,repair,repair_exploration,12.0,75.0,63.0,False,False,True
ALNS-B,Example4,4,0,1,2.269,2.269,destroy,destroy_streak_around_worst_worker,inf,19.0,nan,True,False,False
ALNS-B,Example4,4,0,1,2.269,2.269,repair,repair_chuffed_long,inf,19.0,nan,True,False,False
ALNS-B,Example4,4,0,2,3.257,0.988,destroy,destroy_random_window_20pct,19.0,17.0,-2.0,True,False,False
ALNS-B,Example4,4,0,2,3.257,0.988,repair,repair_gecode_fast,19.0,17.0,-2.0,True,False,False
ALNS-B,Example4,4,0,3,18.686,15.429,destroy,destroy_all_forbidden_sequences,17.0,11.0,-6.0,True,False,False
ALNS-B,Example4,4,0,3,18.686,15.429,repair,repair_gecode_long,17.0,11.0,-6.0,True,False,False
ALNS-B,Example4,4,0,4,25.295,6.609,destroy,destroy_streak_around_worst_worker,11.0,67.0,56.0,False,False,False
ALNS-B,Example4,4,0,4,25.295,6.609,repair,repair_chuffed_fast,11.0,67.0,56.0,False,False,False
ALNS-B,Example4,4,0,5,25.834,0.539,destroy,destroy_max_border_work,11.0,11.0,0.0,False,False,False
ALNS-B,Example4,4,0,5,25.834,0.539,repair,repair_gecode_fast,11.0,11.0,0.0,False,False,False
ALNS-B,Example4,4,0,6,27.403,1.569,destroy,destroy_worst_workers_10pct,11.0,10.0,-1.0,True,False,False
ALNS-B,Example4,4,0,6,27.403,1.569,repair,repair_gecode_fast,11.0,10.0,-1.0,True,False,False
ALNS-B,Example4,4,0,7,27.947,0.544,destroy,destroy_max_border_work,10.0,10.0,0.0,False,False,False
ALNS-B,Example4,4,0,7,27.947,0.544,repair,repair_gecode_long,10.0,10.0,0.0,False,False,False
ALNS-B,Example4,4,0,8,28.642,0.695,destroy,destroy_worst_days_10pct,10.0,8.0,-2.0,True,False,False
ALNS-B,Example4,4,0,8,28.642,0.695,repair,repair_chuffed_fast,10.0,8.0,-2.0,True,False,False
ALNS-B,Example4,4,0,9,29.343,0.701,destroy,destroy_all_forbidden_sequences,8.0,8.0,0.0,False,False,False
ALNS-B,Example4,4,0,9,29.343,0.701,repair,repair_chuffed_fast,8.0,8.0,0.0,False,False,False
ALNS-B,Example4,4,0,10,29.882,0.538,destroy,destroy_max_border_shift_3,8.0,8.0,0.0,False,False,False
ALNS-B,Example4,4,0,10,29.882,0.538,repair,repair_gecode_fast,8.0,8.0,0.0,False,False,False
ALNS-B,Example4,4,0,11,30.572,0.691,destroy,destroy_all_forbidden_sequences,8.0,8.0,0.0,False,False,False
ALNS-B,Example4,4,0,11,30.572,0.691,repair,repair_chuffed_long,8.0,8.0,0.0,False,False,False
ALNS-B,Example4,4,0,12,31.088,0.516,destroy,destroy_max_border_shift_2,8.0,8.0,0.0,False,False,False
ALNS-B,Example4,4,0,12,31.088,0.516,repair,repair_chuffed_long,8.0,8.0,0.0,False,False,False
ALNS-B,Example4,4,0,13,31.618,0.53,destroy,destroy_max_border_work,8.0,8.0,0.0,False,False,False
ALNS-B,Example4,4,0,13,31.618,0.53,repair,repair_chuffed_fast,8.0,8.0,0.0,False,False,False
ALNS-B,Example4,4,0,14,32.388,0.769,destroy,destroy_worst_days_10pct,8.0,8.0,0.0,False,False,False
ALNS-B,Example4,4,0,14,32.388,0.769,repair,repair_gecode_fast,8.0,8.0,0.0,False,False,False
ALNS-B,Example4,4,0,15,38.935,6.548,destroy,destroy_streak_around_worst_worker,8.0,29.0,21.0,False,False,False
ALNS-B,Example4,4,0,15,38.935,6.548,repair,repair_chuffed_fast,8.0,29.0,21.0,False,False,False
ALNS-B,Example4,4,0,16,39.458,0.523,destroy,destroy_max_border_shift_3,8.0,8.0,0.0,False,False,False
ALNS-B,Example4,4,0,16,39.458,0.523,repair,repair_chuffed_fast,8.0,8.0,0.0,False,False,False
ALNS-B,Example4,4,0,17,45.914,6.456,destroy,destroy_streak_around_worst_worker,8.0,45.0,37.0,False,False,False
ALNS-B,Example4,4,0,17,45.914,6.456,repair,repair_gecode_fast,8.0,45.0,37.0,False,False,False
ALNS-B,Example4,4,0,18,46.425,0.51,destroy,destroy_max_border_work,8.0,8.0,0.0,False,False,False
ALNS-B,Example4,4,0,18,46.425,0.51,repair,repair_chuffed_long,8.0,8.0,0.0,False,False,False
ALNS-B,Example4,4,0,19,49.573,3.149,destroy,destroy_exploration,8.0,6.0,-2.0,True,False,True
ALNS-B,Example4,4,0,19,49.573,3.149,repair,repair_exploration,8.0,6.0,-2.0,True,False,True
ALNS-B,Example4,4,0,20,51.088,1.515,destroy,destroy_exploration,6.0,5.0,-1.0,True,False,True
ALNS-B,Example4,4,0,20,51.088,1.515,repair,repair_exploration,6.0,5.0,-1.0,True,False,True
ALNS-B,Example4,4,0,21,52.941,1.852,destroy,destroy_streak_around_worst_worker,5.0,5.0,0.0,False,False,False
ALNS-B,Example4,4,0,21,52.941,1.852,repair,repair_gecode_long,5.0,5.0,0.0,False,False,False
ALNS-B,Example4,4,0,22,53.506,0.566,destroy,destroy_all_forbidden_sequences,5.0,5.0,0.0,False,False,False
ALNS-B,Example4,4,0,22,53.506,0.566,repair,repair_chuffed_long,5.0,5.0,0.0,False,False,False
ALNS-B,Example4,4,0,23,54.181,0.675,destroy,destroy_worst_workers_10pct,5.0,4.0,-1.0,True,False,False
ALNS-B,Example4,4,0,23,54.181,0.675,repair,repair_gecode_long,5.0,4.0,-1.0,True,False,False
ALNS-B,Example4,4,0,24,84.622,30.441,destroy,destroy_streak_around_worst_worker,4.0,6.0,2.0,False,False,False
ALNS-B,Example4,4,0,24,84.622,30.441,repair,repair_gecode_long,4.0,6.0,2.0,False,False,False
ALNS-B,Example4,4,0,25,85.315,0.693,destroy,destroy_worst_workers_10pct,4.0,4.0,0.0,False,False,False
ALNS-B,Example4,4,0,25,85.315,0.693,repair,repair_gecode_long,4.0,4.0,0.0,False,False,False
ALNS-B,Example4,4,0,26,85.86,0.545,destroy,destroy_max_border_shift_3,4.0,4.0,0.0,False,False,False
ALNS-B,Example4,4,0,26,85.86,0.545,repair,repair_gecode_fast,4.0,4.0,0.0,False,False,False
ALNS-B,Example4,4,0,27,86.56,0.699,destroy,destroy_worst_workers_10pct,4.0,4.0,0.0,False,False,False
ALNS-B,Example4,4,0,27,86.56,0.699,repair,repair_gecode_fast,4.0,4.0,0.0,False,False,False
ALNS-B,Example4,4,0,28,87.078,0.518,destroy,destroy_max_border_work,4.0,4.0,0.0,False,False,False
ALNS-B,Example4,4,0,28,87.078,0.518,repair,repair_chuffed_fast,4.0,4.0,0.0,False,False,False
ALNS-B,Example4,4,0,29,87.596,0.518,destroy,destroy_max_border_shift_3,4.0,4.0,0.0,False,False,False
ALNS-B,Example4,4,0,29,87.596,0.518,repair,repair_chuffed_long,4.0,4.0,0.0,False,False,False
ALNS-B,Example4,4,0,30,92.487,4.892,destroy,destroy_streak_around_worst_worker,4.0,4.0,0.0,False,False,False
ALNS-B,Example4,4,0,30,92.487,4.892,repair,repair_chuffed_long,4.0,4.0,0.0,False,False,False
ALNS-B,Example4,4,0,31,93.371,0.884,destroy,destroy_worst_days_10pct,4.0,3.0,-1.0,True,False,False
ALNS-B,Example4,4,0,31,93.371,0.884,repair,repair_chuffed_long,4.0,3.0,-1.0,True,False,False
ALNS-B,Example4,4,0,32,94.051,0.68,destroy,destroy_worst_days_10pct,3.0,3.0,0.0,False,False,False
ALNS-B,Example4,4,0,32,94.051,0.68,repair,repair_gecode_fast,3.0,3.0,0.0,False,False,False
ALNS-B,Example4,4,0,33,100.814,6.763,destroy,destroy_streak_around_worst_worker,3.0,133.0,130.0,False,False,False
ALNS-B,Example4,4,0,33,100.814,6.763,repair,repair_chuffed_fast,3.0,133.0,130.0,False,False,False
ALNS-B,Example4,4,0,34,101.534,0.72,destroy,destroy_worst_days_10pct,3.0,3.0,0.0,False,False,False
ALNS-B,Example4,4,0,34,101.534,0.72,repair,repair_gecode_fast,3.0,3.0,0.0,False,False,False
ALNS-B,Example4,4,0,35,102.27,0.736,destroy,destroy_worst_days_10pct,3.0,3.0,0.0,False,False,False
ALNS-B,Example4,4,0,35,102.27,0.736,repair,repair_gecode_long,3.0,3.0,0.0,False,False,False
ALNS-B,Example4,4,0,36,102.99,0.72,destroy,destroy_worst_days_10pct,3.0,3.0,0.0,False,False,False
ALNS-B,Example4,4,0,36,102.99,0.72,repair,repair_gecode_long,3.0,3.0,0.0,False,False,False
ALNS-B,Example4,4,0,37,103.709,0.719,destroy,destroy_worst_days_10pct,3.0,3.0,0.0,False,False,False
ALNS-B,Example4,4,0,37,103.709,0.719,repair,repair_gecode_fast,3.0,3.0,0.0,False,False,False
ALNS-B,Example4,4,0,38,104.295,0.586,destroy,destroy_all_forbidden_sequences,3.0,3.0,0.0,False,False,False
ALNS-B,Example4,4,0,38,104.295,0.586,repair,repair_gecode_long,3.0,3.0,0.0,False,False,False
ALNS-B,Example4,4,0,39,104.855,0.559,destroy,destroy_max_border_shift_3,3.0,3.0,0.0,False,False,False
ALNS-B,Example4,4,0,39,104.855,0.559,repair,repair_gecode_fast,3.0,3.0,0.0,False,False,False
ALNS-B,Example4,4,0,40,105.575,0.72,destroy,destroy_worst_workers_10pct,3.0,3.0,0.0,False,False,False
ALNS-B,Example4,4,0,40,105.575,0.72,repair,repair_gecode_fast,3.0,3.0,0.0,False,False,False
ALNS-B,Example4,4,0,41,106.295,0.719,destroy,destroy_worst_workers_10pct,3.0,3.0,0.0,False,False,False
ALNS-B,Example4,4,0,41,106.295,0.719,repair,repair_gecode_fast,3.0,3.0,0.0,False,False,False
ALNS-B,Example4,4,0,42,107.228,0.934,destroy,destroy_exploration,3.0,3.0,0.0,False,False,True
ALNS-B,Example4,4,0,42,107.228,0.934,repair,repair_exploration,3.0,3.0,0.0,False,False,True
ALNS-B,Example4,4,0,43,109.226,1.998,destroy,destroy_exploration,3.0,3.0,0.0,False,False,True
ALNS-B,Example4,4,0,43,109.226,1.998,repair,repair_exploration,3.0,3.0,0.0,False,False,True
ALNS-B,Example4,4,0,44,139.705,30.479,destroy,destroy_streak_around_worst_worker,3.0,28.0,25.0,False,False,False
ALNS-B,Example4,4,0,44,139.705,30.479,repair,repair_gecode_long,3.0,28.0,25.0,False,False,False
ALNS-B,Example4,4,0,45,146.299,6.594,destroy,destroy_streak_around_worst_worker,3.0,39.0,36.0,False,False,False
ALNS-B,Example4,4,0,45,146.299,6.594,repair,repair_gecode_fast,3.0,39.0,36.0,False,False,False
ALNS-B,Example4,4,0,46,147.107,0.808,destroy,destroy_worst_days_10pct,3.0,3.0,0.0,False,False,False
ALNS-B,Example4,4,0,46,147.107,0.808,repair,repair_gecode_long,3.0,3.0,0.0,False,False,False
ALNS-B,Example4,4,0,47,148.185,1.078,destroy,destroy_worst_workers_10pct,3.0,3.0,0.0,False,False,False
ALNS-B,Example4,4,0,47,148.185,1.078,repair,repair_chuffed_long,3.0,3.0,0.0,False,False,False
ALNS-B,Example4,4,0,48,148.837,0.652,destroy,destroy_max_border_off,3.0,3.0,0.0,False,False,False
ALNS-B,Example4,4,0,48,148.837,0.652,repair,repair_chuffed_fast,3.0,3.0,0.0,False,False,False
ALNS-B,Example4,4,0,49,149.933,1.096,destroy,destroy_worst_days_10pct,3.0,3.0,0.0,False,False,False
ALNS-B,Example4,4,0,49,149.933,1.096,repair,repair_chuffed_fast,3.0,3.0,0.0,False,False,False
ALNS-B,Example4,4,0,50,151.041,1.108,destroy,destroy_worst_days_10pct,3.0,3.0,0.0,False,False,False
ALNS-B,Example4,4,0,50,151.041,1.108,repair,repair_chuffed_fast,3.0,3.0,0.0,False,False,False
ALNS-B,Example4,4,0,51,151.776,0.735,destroy,destroy_all_forbidden_sequences,3.0,3.0,0.0,False,False,False
ALNS-B,Example4,4,0,51,151.776,0.735,repair,repair_gecode_long,3.0,3.0,0.0,False,False,False
ALNS-B,Example4,4,0,52,152.673,0.898,destroy,destroy_exploration,3.0,3.0,0.0,False,False,True
ALNS-B,Example4,4,0,52,152.673,0.898,repair,repair_exploration,3.0,3.0,0.0,False,False,True
ALNS-B,Example4,4,0,53,153.621,0.948,destroy,destroy_exploration,3.0,3.0,0.0,False,False,True
ALNS-B,Example4,4,0,53,153.621,0.948,repair,repair_exploration,3.0,3.0,0.0,False,False,True
ALNS-B,Example4,4,0,54,154.772,1.151,destroy,destroy_worst_days_10pct,3.0,3.0,0.0,False,False,False
ALNS-B,Example4,4,0,54,154.772,1.151,repair,repair_chuffed_fast,3.0,3.0,0.0,False,False,False
ALNS-B,Example4,4,0,55,156.231,1.459,destroy,destroy_worst_days_10pct,3.0,2.0,-1.0,True,False,False
ALNS-B,Example4,4,0,55,156.231,1.459,repair,repair_chuffed_long,3.0,2.0,-1.0,True,False,False
ALNS-B,Example4,4,0,56,157.243,1.012,destroy,destroy_worst_days_10pct,2.0,2.0,0.0,False,False,False
ALNS-B,Example4,4,0,56,157.243,1.012,repair,repair_chuffed_fast,2.0,2.0,0.0,False,False,False
ALNS-B,Example4,4,0,57,187.965,30.721,destroy,destroy_streak_around_worst_worker,2.0,24.0,22.0,False,False,False
ALNS-B,Example4,4,0,57,187.965,30.721,repair,repair_chuffed_long,2.0,24.0,22.0,False,False,False
ALNS-B,Example4,4,1,1,3.857,3.857,destroy,destroy_random_window_20pct,inf,25.0,nan,True,False,False
ALNS-B,Example4,4,1,1,3.857,3.857,repair,repair_chuffed_fast,inf,25.0,nan,True,False,False
ALNS-B,Example4,4,1,2,7.787,3.931,destroy,destroy_worst_workers_30pct,25.0,28.0,3.0,True,False,False
ALNS-B,Example4,4,1,2,7.787,3.931,repair,repair_gecode_fast,25.0,28.0,3.0,True,False,False
ALNS-B,Example4,4,1,3,8.666,0.879,destroy,destroy_max_border_off,28.0,14.0,-14.0,True,False,False
ALNS-B,Example4,4,1,3,8.666,0.879,repair,repair_chuffed_long,28.0,14.0,-14.0,True,False,False
ALNS-B,Example4,4,1,4,15.453,6.787,destroy,destroy_streak_around_worst_worker,14.0,41.0,27.0,False,False,False
ALNS-B,Example4,4,1,4,15.453,6.787,repair,repair_chuffed_fast,14.0,41.0,27.0,False,False,False
ALNS-B,Example4,4,1,5,16.204,0.751,destroy,destroy_all_forbidden_sequences,14.0,9.0,-5.0,True,False,False
ALNS-B,Example4,4,1,5,16.204,0.751,repair,repair_gecode_fast,14.0,9.0,-5.0,True,False,False
ALNS-B,Example4,4,1,6,16.961,0.757,destroy,destroy_worst_workers_10pct,9.0,6.0,-3.0,True,False,False
ALNS-B,Example4,4,1,6,16.961,0.757,repair,repair_gecode_fast,9.0,6.0,-3.0,True,False,False
ALNS-B,Example4,4,1,7,23.414,6.453,destroy,destroy_streak_around_worst_worker,6.0,47.0,41.0,False,False,False
ALNS-B,Example4,4,1,7,23.414,6.453,repair,repair_gecode_fast,6.0,47.0,41.0,False,False,False
ALNS-B,Example4,4,1,8,24.004,0.59,destroy,destroy_all_forbidden_sequences,6.0,6.0,0.0,False,False,False
ALNS-B,Example4,4,1,8,24.004,0.59,repair,repair_gecode_fast,6.0,6.0,0.0,False,False,False
ALNS-B,Example4,4,1,9,24.515,0.511,destroy,destroy_max_border_shift_2,6.0,6.0,0.0,False,False,False
ALNS-B,Example4,4,1,9,24.515,0.511,repair,repair_chuffed_fast,6.0,6.0,0.0,False,False,False
ALNS-B,Example4,4,1,10,25.034,0.519,destroy,destroy_max_border_shift_1,6.0,6.0,0.0,False,False,False
ALNS-B,Example4,4,1,10,25.034,0.519,repair,repair_chuffed_fast,6.0,6.0,0.0,False,False,False
ALNS-B,Example4,4,1,11,25.786,0.752,destroy,destroy_worst_days_10pct,6.0,5.0,-1.0,True,False,False
ALNS-B,Example4,4,1,11,25.786,0.752,repair,repair_chuffed_fast,6.0,5.0,-1.0,True,False,False
ALNS-B,Example4,4,1,12,26.335,0.549,destroy,destroy_max_border_shift_1,5.0,5.0,0.0,False,False,False
ALNS-B,Example4,4,1,12,26.335,0.549,repair,repair_gecode_fast,5.0,5.0,0.0,False,False,False
ALNS-B,Example4,4,1,13,26.9,0.566,destroy,destroy_max_border_shift_2,5.0,5.0,0.0,False,False,False
ALNS-B,Example4,4,1,13,26.9,0.566,repair,repair_gecode_fast,5.0,5.0,0.0,False,False,False
ALNS-B,Example4,4,1,14,27.414,0.514,destroy,destroy_max_border_off,5.0,5.0,0.0,False,False,False
ALNS-B,Example4,4,1,14,27.414,0.514,repair,repair_chuffed_fast,5.0,5.0,0.0,False,False,False
ALNS-B,Example4,4,1,15,28.02,0.606,destroy,destroy_all_forbidden_sequences,5.0,5.0,0.0,False,False,False
ALNS-B,Example4,4,1,15,28.02,0.606,repair,repair_gecode_fast,5.0,5.0,0.0,False,False,False
ALNS-B,Example4,4,1,16,28.924,0.904,destroy,destroy_worst_days_10pct,5.0,4.0,-1.0,True,False,False
ALNS-B,Example4,4,1,16,28.924,0.904,repair,repair_chuffed_long,5.0,4.0,-1.0,True,False,False
ALNS-B,Example4,4,1,17,29.439,0.514,destroy,destroy_max_border_work,4.0,4.0,0.0,False,False,False
ALNS-B,Example4,4,1,17,29.439,0.514,repair,repair_chuffed_fast,4.0,4.0,0.0,False,False,False
ALNS-B,Example4,4,1,18,35.887,6.448,destroy,destroy_streak_around_worst_worker,4.0,34.0,30.0,False,False,False
ALNS-B,Example4,4,1,18,35.887,6.448,repair,repair_gecode_fast,4.0,34.0,30.0,False,False,False
ALNS-B,Example4,4,1,19,42.32,6.433,destroy,destroy_streak_around_worst_worker,4.0,4.0,0.0,False,False,False
ALNS-B,Example4,4,1,19,42.32,6.433,repair,repair_gecode_fast,4.0,4.0,0.0,False,False,False
ALNS-B,Example4,4,1,20,43.101,0.781,destroy,destroy_worst_workers_10pct,4.0,4.0,0.0,False,False,False
ALNS-B,Example4,4,1,20,43.101,0.781,repair,repair_chuffed_fast,4.0,4.0,0.0,False,False,False
ALNS-B,Example4,4,1,21,43.871,0.77,destroy,destroy_worst_workers_10pct,4.0,4.0,0.0,False,False,False
ALNS-B,Example4,4,1,21,43.871,0.77,repair,repair_chuffed_fast,4.0,4.0,0.0,False,False,False
ALNS-B,Example4,4,1,22,44.382,0.511,destroy,destroy_max_border_shift_1,4.0,4.0,0.0,False,False,False
ALNS-B,Example4,4,1,22,44.382,0.511,repair,repair_chuffed_long,4.0,4.0,0.0,False,False,False
ALNS-B,Example4,4,1,23,44.958,0.577,destroy,destroy_all_forbidden_sequences,4.0,4.0,0.0,False,False,False
ALNS-B,Example4,4,1,23,44.958,0.577,repair,repair_chuffed_long,4.0,4.0,0.0,False,False,False
ALNS-B,Example4,4,1,24,45.471,0.513,destroy,destroy_max_border_shift_3,4.0,4.0,0.0,False,False,False
ALNS-B,Example4,4,1,24,45.471,0.513,repair,repair_chuffed_fast,4.0,4.0,0.0,False,False,False
ALNS-B,Example4,4,1,25,46.18,0.708,destroy,destroy_worst_days_10pct,4.0,4.0,0.0,False,False,False
ALNS-B,Example4,4,1,25,46.18,0.708,repair,repair_gecode_fast,4.0,4.0,0.0,False,False,False
ALNS-B,Example4,4,1,26,76.879,30.699,destroy,destroy_streak_around_worst_worker,4.0,73.0,69.0,False,False,False
ALNS-B,Example4,4,1,26,76.879,30.699,repair,repair_chuffed_long,4.0,73.0,69.0,False,False,False
ALNS-B,Example4,4,1,27,88.238,11.359,destroy,destroy_exploration,4.0,4.0,0.0,False,False,True
ALNS-B,Example4,4,1,27,88.238,11.359,repair,repair_exploration,4.0,4.0,0.0,False,False,True
ALNS-B,Example4,4,1,28,94.273,6.035,destroy,destroy_exploration,4.0,4.0,0.0,False,False,True
ALNS-B,Example4,4,1,28,94.273,6.035,repair,repair_exploration,4.0,4.0,0.0,False,False,True
ALNS-B,Example4,4,1,29,100.908,6.635,destroy,destroy_streak_around_worst_worker,4.0,54.0,50.0,False,False,False
ALNS-B,Example4,4,1,29,100.908,6.635,repair,repair_chuffed_fast,4.0,54.0,50.0,False,False,False
ALNS-B,Example4,4,1,30,101.419,0.51,destroy,destroy_max_border_shift_2,4.0,4.0,0.0,False,False,False
ALNS-B,Example4,4,1,30,101.419,0.51,repair,repair_chuffed_fast,4.0,4.0,0.0,False,False,False
ALNS-B,Example4,4,1,31,101.936,0.517,destroy,destroy_max_border_shift_1,4.0,4.0,0.0,False,False,False
ALNS-B,Example4,4,1,31,101.936,0.517,repair,repair_chuffed_long,4.0,4.0,0.0,False,False,False
ALNS-B,Example4,4,1,32,102.505,0.569,destroy,destroy_all_forbidden_sequences,4.0,4.0,0.0,False,False,False
ALNS-B,Example4,4,1,32,102.505,0.569,repair,repair_chuffed_long,4.0,4.0,0.0,False,False,False
ALNS-B,Example4,4,1,33,103.287,0.782,destroy,destroy_worst_workers_10pct,4.0,4.0,0.0,False,False,False
ALNS-B,Example4,4,1,33,103.287,0.782,repair,repair_chuffed_fast,4.0,4.0,0.0,False,False,False
ALNS-B,Example4,4,1,34,103.799,0.512,destroy,destroy_max_border_work,4.0,4.0,0.0,False,False,False
ALNS-B,Example4,4,1,34,103.799,0.512,repair,repair_chuffed_long,4.0,4.0,0.0,False,False,False
ALNS-B,Example4,4,1,35,104.548,0.75,destroy,destroy_worst_days_10pct,4.0,4.0,0.0,False,False,False
ALNS-B,Example4,4,1,35,104.548,0.75,repair,repair_chuffed_fast,4.0,4.0,0.0,False,False,False
ALNS-B,Example4,4,1,36,105.057,0.509,destroy,destroy_max_border_off,4.0,4.0,0.0,False,False,False
ALNS-B,Example4,4,1,36,105.057,0.509,repair,repair_chuffed_long,4.0,4.0,0.0,False,False,False
ALNS-B,Example4,4,1,37,105.978,0.921,destroy,destroy_exploration,4.0,4.0,0.0,False,False,True
ALNS-B,Example4,4,1,37,105.978,0.921,repair,repair_exploration,4.0,4.0,0.0,False,False,True
ALNS-B,Example4,4,1,38,107.265,1.287,destroy,destroy_exploration,4.0,4.0,0.0,False,False,True
ALNS-B,Example4,4,1,38,107.265,1.287,repair,repair_exploration,4.0,4.0,0.0,False,False,True
ALNS-B,Example4,4,1,39,108.063,0.798,destroy,destroy_worst_workers_10pct,4.0,4.0,0.0,False,False,False
ALNS-B,Example4,4,1,39,108.063,0.798,repair,repair_chuffed_fast,4.0,4.0,0.0,False,False,False
ALNS-B,Example4,4,1,40,108.574,0.511,destroy,destroy_max_border_shift_2,4.0,4.0,0.0,False,False,False
ALNS-B,Example4,4,1,40,108.574,0.511,repair,repair_chuffed_long,4.0,4.0,0.0,False,False,False
ALNS-B,Example4,4,1,41,115.152,6.578,destroy,destroy_streak_around_worst_worker,4.0,29.0,25.0,False,False,False
ALNS-B,Example4,4,1,41,115.152,6.578,repair,repair_chuffed_fast,4.0,29.0,25.0,False,False,False
ALNS-B,Example4,4,1,42,121.699,6.547,destroy,destroy_streak_around_worst_worker,4.0,28.0,24.0,False,False,False
ALNS-B,Example4,4,1,42,121.699,6.547,repair,repair_chuffed_fast,4.0,28.0,24.0,False,False,False
ALNS-B,Example4,4,1,43,122.265,0.565,destroy,destroy_all_forbidden_sequences,4.0,4.0,0.0,False,False,False
ALNS-B,Example4,4,1,43,122.265,0.565,repair,repair_chuffed_fast,4.0,4.0,0.0,False,False,False
ALNS-B,Example4,4,1,44,123.018,0.753,destroy,destroy_worst_days_10pct,4.0,4.0,0.0,False,False,False
ALNS-B,Example4,4,1,44,123.018,0.753,repair,repair_chuffed_fast,4.0,4.0,0.0,False,False,False
ALNS-B,Example4,4,1,45,128.13,5.112,destroy,destroy_streak_around_worst_worker,4.0,4.0,0.0,False,False,False
ALNS-B,Example4,4,1,45,128.13,5.112,repair,repair_chuffed_long,4.0,4.0,0.0,False,False,False
ALNS-B,Example4,4,1,46,128.706,0.576,destroy,destroy_all_forbidden_sequences,4.0,4.0,0.0,False,False,False
ALNS-B,Example4,4,1,46,128.706,0.576,repair,repair_gecode_fast,4.0,4.0,0.0,False,False,False
ALNS-B,Example4,4,1,47,129.655,0.949,destroy,destroy_exploration,4.0,4.0,0.0,False,False,True
ALNS-B,Example4,4,1,47,129.655,0.949,repair,repair_exploration,4.0,4.0,0.0,False,False,True
ALNS-B,Example4,4,1,48,130.59,0.934,destroy,destroy_exploration,4.0,4.0,0.0,False,False,True
ALNS-B,Example4,4,1,48,130.59,0.934,repair,repair_exploration,4.0,4.0,0.0,False,False,True
ALNS-B,Example4,4,1,49,137.028,6.438,destroy,destroy_streak_around_worst_worker,4.0,24.0,20.0,False,False,False
ALNS-B,Example4,4,1,49,137.028,6.438,repair,repair_gecode_fast,4.0,24.0,20.0,False,False,False
ALNS-B,Example4,4,1,50,137.594,0.566,destroy,destroy_all_forbidden_sequences,4.0,4.0,0.0,False,False,False
ALNS-B,Example4,4,1,50,137.594,0.566,repair,repair_chuffed_fast,4.0,4.0,0.0,False,False,False
ALNS-B,Example4,4,1,51,138.343,0.749,destroy,destroy_worst_days_10pct,4.0,4.0,0.0,False,False,False
ALNS-B,Example4,4,1,51,138.343,0.749,repair,repair_chuffed_long,4.0,4.0,0.0,False,False,False
ALNS-B,Example4,4,1,52,163.807,25.464,destroy,destroy_streak_around_worst_worker,4.0,4.0,0.0,False,False,False
ALNS-B,Example4,4,1,52,163.807,25.464,repair,repair_chuffed_long,4.0,4.0,0.0,False,False,False
ALNS-B,Example4,4,1,53,164.317,0.511,destroy,destroy_max_border_off,4.0,4.0,0.0,False,False,False
ALNS-B,Example4,4,1,53,164.317,0.511,repair,repair_chuffed_fast,4.0,4.0,0.0,False,False,False
ALNS-B,Example4,4,1,54,165.03,0.713,destroy,destroy_worst_days_10pct,4.0,4.0,0.0,False,False,False
ALNS-B,Example4,4,1,54,165.03,0.713,repair,repair_gecode_fast,4.0,4.0,0.0,False,False,False
ALNS-B,Example4,4,1,55,165.592,0.562,destroy,destroy_all_forbidden_sequences,4.0,4.0,0.0,False,False,False
ALNS-B,Example4,4,1,55,165.592,0.562,repair,repair_chuffed_long,4.0,4.0,0.0,False,False,False
ALNS-B,Example4,4,1,56,166.304,0.711,destroy,destroy_worst_days_10pct,4.0,4.0,0.0,False,False,False
ALNS-B,Example4,4,1,56,166.304,0.711,repair,repair_gecode_long,4.0,4.0,0.0,False,False,False
ALNS-B,Example4,4,1,57,169.155,2.851,destroy,destroy_exploration,4.0,4.0,0.0,False,False,True
ALNS-B,Example4,4,1,57,169.155,2.851,repair,repair_exploration,4.0,4.0,0.0,False,False,True
ALNS-B,Example4,4,1,58,170.694,1.539,destroy,destroy_exploration,4.0,4.0,0.0,False,False,True
ALNS-B,Example4,4,1,58,170.694,1.539,repair,repair_exploration,4.0,4.0,0.0,False,False,True
ALNS-B,Example4,4,1,59,201.179,30.485,destroy,destroy_streak_around_worst_worker,4.0,87.0,83.0,False,False,False
ALNS-B,Example4,4,1,59,201.179,30.485,repair,repair_gecode_long,4.0,87.0,83.0,False,False,False
ALNS-B,Example4,4,2,1,1.081,1.081,destroy,destroy_worst_workers_10pct,inf,18.0,nan,True,False,False
ALNS-B,Example4,4,2,1,1.081,1.081,repair,repair_gecode_long,inf,18.0,nan,True,False,False
ALNS-B,Example4,4,2,2,3.989,2.908,destroy,destroy_all_forbidden_sequences,18.0,7.0,-11.0,True,False,False
ALNS-B,Example4,4,2,2,3.989,2.908,repair,repair_chuffed_fast,18.0,7.0,-11.0,True,False,False
ALNS-B,Example4,4,2,3,10.449,6.46,destroy,destroy_streak_around_worst_worker,7.0,34.0,27.0,False,False,False
ALNS-B,Example4,4,2,3,10.449,6.46,repair,repair_gecode_fast,7.0,34.0,27.0,False,False,False
ALNS-B,Example4,4,2,4,10.963,0.514,destroy,destroy_max_border_shift_2,7.0,7.0,0.0,False,False,False
ALNS-B,Example4,4,2,4,10.963,0.514,repair,repair_chuffed_fast,7.0,7.0,0.0,False,False,False
ALNS-B,Example4,4,2,5,11.473,0.51,destroy,destroy_max_border_off,7.0,7.0,0.0,False,False,False
ALNS-B,Example4,4,2,5,11.473,0.51,repair,repair_chuffed_fast,7.0,7.0,0.0,False,False,False
ALNS-B,Example4,4,2,6,12.409,0.937,destroy,destroy_worst_days_10pct,7.0,6.0,-1.0,True,False,False
ALNS-B,Example4,4,2,6,12.409,0.937,repair,repair_chuffed_fast,7.0,6.0,-1.0,True,False,False
ALNS-B,Example4,4,2,7,19.028,6.618,destroy,destroy_streak_around_worst_worker,6.0,11.0,5.0,False,False,False
ALNS-B,Example4,4,2,7,19.028,6.618,repair,repair_chuffed_fast,6.0,11.0,5.0,False,False,False
ALNS-B,Example4,4,2,8,19.59,0.563,destroy,destroy_max_border_shift_2,6.0,6.0,0.0,False,False,False
ALNS-B,Example4,4,2,8,19.59,0.563,repair,repair_gecode_long,6.0,6.0,0.0,False,False,False
ALNS-B,Example4,4,2,9,20.15,0.559,destroy,destroy_max_border_work,6.0,6.0,0.0,False,False,False
ALNS-B,Example4,4,2,9,20.15,0.559,repair,repair_chuffed_long,6.0,6.0,0.0,False,False,False
ALNS-B,Example4,4,2,10,20.922,0.772,destroy,destroy_max_border_off,6.0,6.0,0.0,False,False,False
ALNS-B,Example4,4,2,10,20.922,0.772,repair,repair_gecode_fast,6.0,6.0,0.0,False,False,False
ALNS-B,Example4,4,2,11,21.521,0.599,destroy,destroy_max_border_work,6.0,6.0,0.0,False,False,False
ALNS-B,Example4,4,2,11,21.521,0.599,repair,repair_chuffed_fast,6.0,6.0,0.0,False,False,False
ALNS-B,Example4,4,2,12,22.442,0.92,destroy,destroy_worst_workers_10pct,6.0,6.0,0.0,False,False,False
ALNS-B,Example4,4,2,12,22.442,0.92,repair,repair_chuffed_long,6.0,6.0,0.0,False,False,False
ALNS-B,Example4,4,2,13,23.314,0.873,destroy,destroy_worst_workers_10pct,6.0,6.0,0.0,False,False,False
ALNS-B,Example4,4,2,13,23.314,0.873,repair,repair_chuffed_fast,6.0,6.0,0.0,False,False,False
ALNS-B,Example4,4,2,14,24.282,0.968,destroy,destroy_worst_days_10pct,6.0,6.0,0.0,False,False,False
ALNS-B,Example4,4,2,14,24.282,0.968,repair,repair_chuffed_fast,6.0,6.0,0.0,False,False,False
ALNS-B,Example4,4,2,15,24.825,0.543,destroy,destroy_max_border_work,6.0,6.0,0.0,False,False,False
ALNS-B,Example4,4,2,15,24.825,0.543,repair,repair_gecode_long,6.0,6.0,0.0,False,False,False
ALNS-B,Example4,4,2,16,25.35,0.525,destroy,destroy_max_border_shift_3,6.0,6.0,0.0,False,False,False
ALNS-B,Example4,4,2,16,25.35,0.525,repair,repair_chuffed_fast,6.0,6.0,0.0,False,False,False
ALNS-B,Example4,4,2,17,26.265,0.915,destroy,destroy_exploration,6.0,6.0,0.0,False,False,True
ALNS-B,Example4,4,2,17,26.265,0.915,repair,repair_exploration,6.0,6.0,0.0,False,False,True
ALNS-B,Example4,4,2,18,29.42,3.155,destroy,destroy_exploration,6.0,6.0,0.0,False,False,True
ALNS-B,Example4,4,2,18,29.42,3.155,repair,repair_exploration,6.0,6.0,0.0,False,False,True
ALNS-B,Example4,4,2,19,36.014,6.594,destroy,destroy_streak_around_worst_worker,6.0,10.0,4.0,False,False,False
ALNS-B,Example4,4,2,19,36.014,6.594,repair,repair_chuffed_fast,6.0,10.0,4.0,False,False,False
ALNS-B,Example4,4,2,20,36.605,0.591,destroy,destroy_all_forbidden_sequences,6.0,6.0,0.0,False,False,False
ALNS-B,Example4,4,2,20,36.605,0.591,repair,repair_gecode_long,6.0,6.0,0.0,False,False,False
ALNS-B,Example4,4,2,21,37.545,0.94,destroy,destroy_worst_days_10pct,6.0,6.0,0.0,False,False,False
ALNS-B,Example4,4,2,21,37.545,0.94,repair,repair_chuffed_fast,6.0,6.0,0.0,False,False,False
ALNS-B,Example4,4,2,22,38.085,0.539,destroy,destroy_max_border_work,6.0,6.0,0.0,False,False,False
ALNS-B,Example4,4,2,22,38.085,0.539,repair,repair_gecode_fast,6.0,6.0,0.0,False,False,False
ALNS-B,Example4,4,2,23,38.624,0.539,destroy,destroy_max_border_work,6.0,6.0,0.0,False,False,False
ALNS-B,Example4,4,2,23,38.624,0.539,repair,repair_gecode_fast,6.0,6.0,0.0,False,False,False
ALNS-B,Example4,4,2,24,39.177,0.554,destroy,destroy_max_border_shift_1,6.0,6.0,0.0,False,False,False
ALNS-B,Example4,4,2,24,39.177,0.554,repair,repair_gecode_long,6.0,6.0,0.0,False,False,False
ALNS-B,Example4,4,2,25,39.701,0.524,destroy,destroy_max_border_shift_3,6.0,6.0,0.0,False,False,False
ALNS-B,Example4,4,2,25,39.701,0.524,repair,repair_chuffed_fast,6.0,6.0,0.0,False,False,False
ALNS-B,Example4,4,2,26,40.324,0.623,destroy,destroy_all_forbidden_sequences,6.0,6.0,0.0,False,False,False
ALNS-B,Example4,4,2,26,40.324,0.623,repair,repair_gecode_fast,6.0,6.0,0.0,False,False,False
ALNS-B,Example4,4,2,27,41.839,1.515,destroy,destroy_exploration,6.0,6.0,0.0,False,False,True
ALNS-B,Example4,4,2,27,41.839,1.515,repair,repair_exploration,6.0,6.0,0.0,False,False,True
ALNS-B,Example4,4,2,28,43.355,1.515,destroy,destroy_exploration,6.0,5.0,-1.0,True,False,True
ALNS-B,Example4,4,2,28,43.355,1.515,repair,repair_exploration,6.0,5.0,-1.0,True,False,True
ALNS-B,Example4,4,2,29,44.174,0.82,destroy,destroy_worst_workers_10pct,5.0,5.0,0.0,False,False,False
ALNS-B,Example4,4,2,29,44.174,0.82,repair,repair_chuffed_long,5.0,5.0,0.0,False,False,False
ALNS-B,Example4,4,2,30,74.617,30.443,destroy,destroy_streak_around_worst_worker,5.0,9.0,4.0,False,False,False
ALNS-B,Example4,4,2,30,74.617,30.443,repair,repair_gecode_long,5.0,9.0,4.0,False,False,False
ALNS-B,Example4,4,2,31,75.449,0.832,destroy,destroy_worst_workers_10pct,5.0,5.0,0.0,False,False,False
ALNS-B,Example4,4,2,31,75.449,0.832,repair,repair_chuffed_fast,5.0,5.0,0.0,False,False,False
ALNS-B,Example4,4,2,32,76.142,0.693,destroy,destroy_worst_days_10pct,5.0,4.0,-1.0,True,False,False
ALNS-B,Example4,4,2,32,76.142,0.693,repair,repair_gecode_fast,5.0,4.0,-1.0,True,False,False
ALNS-B,Example4,4,2,33,76.652,0.509,destroy,destroy_max_border_off,4.0,4.0,0.0,False,False,False
ALNS-B,Example4,4,2,33,76.652,0.509,repair,repair_chuffed_fast,4.0,4.0,0.0,False,False,False
ALNS-B,Example4,4,2,34,77.341,0.69,destroy,destroy_worst_days_10pct,4.0,3.0,-1.0,True,False,False
ALNS-B,Example4,4,2,34,77.341,0.69,repair,repair_chuffed_long,4.0,3.0,-1.0,True,False,False
ALNS-B,Example4,4,2,35,78.058,0.716,destroy,destroy_worst_days_10pct,3.0,3.0,0.0,False,False,False
ALNS-B,Example4,4,2,35,78.058,0.716,repair,repair_gecode_long,3.0,3.0,0.0,False,False,False
ALNS-B,Example4,4,2,36,84.527,6.469,destroy,destroy_streak_around_worst_worker,3.0,89.0,86.0,False,False,False
ALNS-B,Example4,4,2,36,84.527,6.469,repair,repair_gecode_fast,3.0,89.0,86.0,False,False,False
ALNS-B,Example4,4,2,37,85.21,0.683,destroy,destroy_worst_days_10pct,3.0,3.0,0.0,False,False,False
ALNS-B,Example4,4,2,37,85.21,0.683,repair,repair_chuffed_long,3.0,3.0,0.0,False,False,False
ALNS-B,Example4,4,2,38,85.766,0.556,destroy,destroy_all_forbidden_sequences,3.0,3.0,0.0,False,False,False
ALNS-B,Example4,4,2,38,85.766,0.556,repair,repair_chuffed_fast,3.0,3.0,0.0,False,False,False
ALNS-B,Example4,4,2,39,86.47,0.704,destroy,destroy_worst_days_10pct,3.0,3.0,0.0,False,False,False
ALNS-B,Example4,4,2,39,86.47,0.704,repair,repair_gecode_fast,3.0,3.0,0.0,False,False,False
ALNS-B,Example4,4,2,40,87.194,0.724,destroy,destroy_worst_workers_10pct,3.0,3.0,0.0,False,False,False
ALNS-B,Example4,4,2,40,87.194,0.724,repair,repair_gecode_fast,3.0,3.0,0.0,False,False,False
ALNS-B,Example4,4,2,41,87.706,0.512,destroy,destroy_max_border_shift_3,3.0,3.0,0.0,False,False,False
ALNS-B,Example4,4,2,41,87.706,0.512,repair,repair_chuffed_fast,3.0,3.0,0.0,False,False,False
ALNS-B,Example4,4,2,42,88.862,1.156,destroy,destroy_worst_days_10pct,3.0,3.0,0.0,False,False,False
ALNS-B,Example4,4,2,42,88.862,1.156,repair,repair_chuffed_long,3.0,3.0,0.0,False,False,False
ALNS-B,Example4,4,2,43,89.553,0.691,destroy,destroy_worst_days_10pct,3.0,3.0,0.0,False,False,False
ALNS-B,Example4,4,2,43,89.553,0.691,repair,repair_gecode_long,3.0,3.0,0.0,False,False,False
ALNS-B,Example4,4,2,44,90.247,0.694,destroy,destroy_worst_days_10pct,3.0,3.0,0.0,False,False,False
ALNS-B,Example4,4,2,44,90.247,0.694,repair,repair_gecode_fast,3.0,3.0,0.0,False,False,False
ALNS-B,Example4,4,2,45,91.256,1.009,destroy,destroy_exploration,3.0,3.0,0.0,False,False,True
ALNS-B,Example4,4,2,45,91.256,1.009,repair,repair_exploration,3.0,3.0,0.0,False,False,True
ALNS-B,Example4,4,2,46,92.11,0.854,destroy,destroy_exploration,3.0,3.0,0.0,False,False,True
ALNS-B,Example4,4,2,46,92.11,0.854,repair,repair_exploration,3.0,3.0,0.0,False,False,True
ALNS-B,Example4,4,2,47,96.898,4.788,destroy,destroy_streak_around_worst_worker,3.0,3.0,0.0,False,False,False
ALNS-B,Example4,4,2,47,96.898,4.788,repair,repair_chuffed_long,3.0,3.0,0.0,False,False,False
ALNS-B,Example4,4,2,48,103.328,6.43,destroy,destroy_streak_around_worst_worker,3.0,10.0,7.0,False,False,False
ALNS-B,Example4,4,2,48,103.328,6.43,repair,repair_gecode_fast,3.0,10.0,7.0,False,False,False
ALNS-B,Example4,4,2,49,103.884,0.556,destroy,destroy_all_forbidden_sequences,3.0,3.0,0.0,False,False,False
ALNS-B,Example4,4,2,49,103.884,0.556,repair,repair_chuffed_fast,3.0,3.0,0.0,False,False,False
ALNS-B,Example4,4,2,50,104.496,0.612,destroy,destroy_worst_days_10pct,3.0,3.0,0.0,False,False,False
ALNS-B,Example4,4,2,50,104.496,0.612,repair,repair_gecode_fast,3.0,3.0,0.0,False,False,False
ALNS-B,Example4,4,2,51,111.094,6.598,destroy,destroy_streak_around_worst_worker,3.0,23.0,20.0,False,False,False
ALNS-B,Example4,4,2,51,111.094,6.598,repair,repair_chuffed_fast,3.0,23.0,20.0,False,False,False
ALNS-B,Example4,4,2,52,111.713,0.619,destroy,destroy_worst_days_10pct,3.0,3.0,0.0,False,False,False
ALNS-B,Example4,4,2,52,111.713,0.619,repair,repair_gecode_fast,3.0,3.0,0.0,False,False,False
ALNS-B,Example4,4,2,53,142.401,30.688,destroy,destroy_streak_around_worst_worker,3.0,85.0,82.0,False,False,False
ALNS-B,Example4,4,2,53,142.401,30.688,repair,repair_chuffed_long,3.0,85.0,82.0,False,False,False
ALNS-B,Example4,4,2,54,143.307,0.906,destroy,destroy_worst_days_10pct,3.0,3.0,0.0,False,False,False
ALNS-B,Example4,4,2,54,143.307,0.906,repair,repair_chuffed_fast,3.0,3.0,0.0,False,False,False
ALNS-B,Example4,4,2,55,144.235,0.929,destroy,destroy_exploration,3.0,3.0,0.0,False,False,True
ALNS-B,Example4,4,2,55,144.235,0.929,repair,repair_exploration,3.0,3.0,0.0,False,False,True
ALNS-B,Example4,4,2,56,147.538,3.302,destroy,destroy_exploration,3.0,3.0,0.0,False,False,True
ALNS-B,Example4,4,2,56,147.538,3.302,repair,repair_exploration,3.0,3.0,0.0,False,False,True
ALNS-B,Example4,4,2,57,148.246,0.708,destroy,destroy_worst_days_10pct,3.0,3.0,0.0,False,False,False
ALNS-B,Example4,4,2,57,148.246,0.708,repair,repair_gecode_long,3.0,3.0,0.0,False,False,False
ALNS-B,Example4,4,2,58,148.945,0.699,destroy,destroy_worst_workers_10pct,3.0,3.0,0.0,False,False,False
ALNS-B,Example4,4,2,58,148.945,0.699,repair,repair_gecode_fast,3.0,3.0,0.0,False,False,False
ALNS-B,Example4,4,2,59,149.732,0.787,destroy,destroy_worst_workers_10pct,3.0,3.0,0.0,False,False,False
ALNS-B,Example4,4,2,59,149.732,0.787,repair,repair_chuffed_fast,3.0,3.0,0.0,False,False,False
ALNS-B,Example4,4,2,60,150.427,0.695,destroy,destroy_worst_workers_10pct,3.0,3.0,0.0,False,False,False
ALNS-B,Example4,4,2,60,150.427,0.695,repair,repair_gecode_fast,3.0,3.0,0.0,False,False,False
ALNS-B,Example4,4,2,61,156.98,6.554,destroy,destroy_streak_around_worst_worker,3.0,16.0,13.0,False,False,False
ALNS-B,Example4,4,2,61,156.98,6.554,repair,repair_chuffed_fast,3.0,16.0,13.0,False,False,False
ALNS-B,Example4,4,2,62,157.678,0.698,destroy,destroy_worst_workers_10pct,3.0,3.0,0.0,False,False,False
ALNS-B,Example4,4,2,62,157.678,0.698,repair,repair_gecode_fast,3.0,3.0,0.0,False,False,False
ALNS-B,Example4,4,2,63,158.218,0.54,destroy,destroy_max_border_off,3.0,3.0,0.0,False,False,False
ALNS-B,Example4,4,2,63,158.218,0.54,repair,repair_gecode_long,3.0,3.0,0.0,False,False,False
ALNS-B,Example4,4,2,64,158.917,0.699,destroy,destroy_worst_workers_10pct,3.0,3.0,0.0,False,False,False
ALNS-B,Example4,4,2,64,158.917,0.699,repair,repair_gecode_long,3.0,3.0,0.0,False,False,False
ALNS-B,Example4,4,2,65,165.564,6.647,destroy,destroy_exploration,3.0,3.0,0.0,False,False,True
ALNS-B,Example4,4,2,65,165.564,6.647,repair,repair_exploration,3.0,3.0,0.0,False,False,True
ALNS-B,Example4,4,2,66,168.324,2.76,destroy,destroy_exploration,3.0,3.0,0.0,False,False,True
ALNS-B,Example4,4,2,66,168.324,2.76,repair,repair_exploration,3.0,3.0,0.0,False,False,True
ALNS-B,Example4,4,2,67,168.878,0.553,destroy,destroy_all_forbidden_sequences,3.0,3.0,0.0,False,False,False
ALNS-B,Example4,4,2,67,168.878,0.553,repair,repair_chuffed_long,3.0,3.0,0.0,False,False,False
ALNS-B,Example4,4,2,68,169.586,0.708,destroy,destroy_worst_days_10pct,3.0,3.0,0.0,False,False,False
ALNS-B,Example4,4,2,68,169.586,0.708,repair,repair_gecode_fast,3.0,3.0,0.0,False,False,False
ALNS-B,Example4,4,2,69,176.026,6.44,destroy,destroy_streak_around_worst_worker,3.0,15.0,12.0,False,False,False
ALNS-B,Example4,4,2,69,176.026,6.44,repair,repair_gecode_fast,3.0,15.0,12.0,False,False,False
ALNS-B,Example4,4,2,70,176.597,0.571,destroy,destroy_all_forbidden_sequences,3.0,3.0,0.0,False,False,False
ALNS-B,Example4,4,2,70,176.597,0.571,repair,repair_chuffed_long,3.0,3.0,0.0,False,False,False
ALNS-B,Example4,4,2,71,177.464,0.867,destroy,destroy_worst_days_10pct,3.0,3.0,0.0,False,False,False
ALNS-B,Example4,4,2,71,177.464,0.867,repair,repair_chuffed_long,3.0,3.0,0.0,False,False,False
ALNS-B,Example4,4,2,72,208.15,30.686,destroy,destroy_streak_around_worst_worker,3.0,85.0,82.0,False,False,False
ALNS-B,Example4,4,2,72,208.15,30.686,repair,repair_chuffed_long,3.0,85.0,82.0,False,False,False
ALNS-B,Example5,5,0,1,1.045,1.045,destroy,destroy_streak_around_worst_worker,inf,44.0,nan,True,False,False
ALNS-B,Example5,5,0,1,1.045,1.045,repair,repair_chuffed_long,inf,44.0,nan,True,False,False
ALNS-B,Example5,5,0,2,1.969,0.924,destroy,destroy_worst_days_10pct,44.0,25.0,-19.0,True,False,False
ALNS-B,Example5,5,0,2,1.969,0.924,repair,repair_chuffed_fast,44.0,25.0,-19.0,True,False,False
ALNS-B,Example5,5,0,3,3.255,1.286,destroy,destroy_random_window_20pct,25.0,21.0,-4.0,True,False,False
ALNS-B,Example5,5,0,3,3.255,1.286,repair,repair_chuffed_long,25.0,21.0,-4.0,True,False,False
ALNS-B,Example5,5,0,4,6.772,3.517,destroy,destroy_worst_workers_30pct,21.0,30.0,9.0,False,False,False
ALNS-B,Example5,5,0,4,6.772,3.517,repair,repair_chuffed_fast,21.0,30.0,9.0,False,False,False
ALNS-B,Example5,5,0,5,10.522,3.75,destroy,destroy_worst_days_30pct,21.0,48.0,27.0,False,False,False
ALNS-B,Example5,5,0,5,10.522,3.75,repair,repair_gecode_fast,21.0,48.0,27.0,False,False,False
ALNS-B,Example5,5,0,6,12.256,1.734,destroy,destroy_random_workers_20pct,21.0,20.0,-1.0,True,False,False
ALNS-B,Example5,5,0,6,12.256,1.734,repair,repair_gecode_fast,21.0,20.0,-1.0,True,False,False
ALNS-B,Example5,5,0,7,15.682,3.427,destroy,destroy_worst_days_30pct,20.0,61.0,41.0,False,False,False
ALNS-B,Example5,5,0,7,15.682,3.427,repair,repair_gecode_fast,20.0,61.0,41.0,False,False,False
ALNS-B,Example5,5,0,8,19.1,3.417,destroy,destroy_random_window_20pct,20.0,31.0,11.0,False,False,False
ALNS-B,Example5,5,0,8,19.1,3.417,repair,repair_gecode_fast,20.0,31.0,11.0,False,False,False
ALNS-B,Example5,5,0,9,22.503,3.403,destroy,destroy_random_days_20pct,20.0,37.0,17.0,False,False,False
ALNS-B,Example5,5,0,9,22.503,3.403,repair,repair_gecode_fast,20.0,37.0,17.0,False,False,False
ALNS-B,Example5,5,0,10,23.141,0.639,destroy,destroy_random_window_20pct,20.0,19.0,-1.0,True,False,False
ALNS-B,Example5,5,0,10,23.141,0.639,repair,repair_gecode_fast,20.0,19.0,-1.0,True,False,False
ALNS-B,Example5,5,0,11,26.559,3.418,destroy,destroy_random_workers_20pct,19.0,22.0,3.0,False,False,False
ALNS-B,Example5,5,0,11,26.559,3.418,repair,repair_chuffed_fast,19.0,22.0,3.0,False,False,False
ALNS-B,Example5,5,0,12,29.978,3.418,destroy,destroy_random_workers_20pct,19.0,24.0,5.0,False,False,False
ALNS-B,Example5,5,0,12,29.978,3.418,repair,repair_chuffed_fast,19.0,24.0,5.0,False,False,False
ALNS-B,Example5,5,0,13,33.421,3.443,destroy,destroy_random_workers_20pct,19.0,16.0,-3.0,True,False,False
ALNS-B,Example5,5,0,13,33.421,3.443,repair,repair_gecode_fast,19.0,16.0,-3.0,True,False,False
ALNS-B,Example5,5,0,14,48.936,15.515,destroy,destroy_worst_workers_30pct,16.0,30.0,14.0,False,False,False
ALNS-B,Example5,5,0,14,48.936,15.515,repair,repair_chuffed_long,16.0,30.0,14.0,False,False,False
ALNS-B,Example5,5,0,15,52.398,3.462,destroy,destroy_worst_days_30pct,16.0,39.0,23.0,False,False,False
ALNS-B,Example5,5,0,15,52.398,3.462,repair,repair_gecode_fast,16.0,39.0,23.0,False,False,False
ALNS-B,Example5,5,0,16,53.41,1.011,destroy,destroy_all_forbidden_sequences,16.0,14.0,-2.0,True,False,False
ALNS-B,Example5,5,0,16,53.41,1.011,repair,repair_chuffed_fast,16.0,14.0,-2.0,True,False,False
ALNS-B,Example5,5,0,17,53.986,0.577,destroy,destroy_max_border_shift_1,14.0,14.0,0.0,False,False,False
ALNS-B,Example5,5,0,17,53.986,0.577,repair,repair_gecode_fast,14.0,14.0,0.0,False,False,False
ALNS-B,Example5,5,0,18,60.59,6.604,destroy,destroy_streak_around_worst_worker,14.0,44.0,30.0,False,False,False
ALNS-B,Example5,5,0,18,60.59,6.604,repair,repair_chuffed_fast,14.0,44.0,30.0,False,False,False
ALNS-B,Example5,5,0,19,61.242,0.652,destroy,destroy_worst_days_10pct,14.0,13.0,-1.0,True,False,False
ALNS-B,Example5,5,0,19,61.242,0.652,repair,repair_chuffed_fast,14.0,13.0,-1.0,True,False,False
ALNS-B,Example5,5,0,20,61.86,0.619,destroy,destroy_worst_days_10pct,13.0,13.0,0.0,False,False,False
ALNS-B,Example5,5,0,20,61.86,0.619,repair,repair_gecode_long,13.0,13.0,0.0,False,False,False
ALNS-B,Example5,5,0,21,62.372,0.512,destroy,destroy_max_border_shift_1,13.0,13.0,0.0,False,False,False
ALNS-B,Example5,5,0,21,62.372,0.512,repair,repair_chuffed_fast,13.0,13.0,0.0,False,False,False
ALNS-B,Example5,5,0,22,63.102,0.729,destroy,destroy_all_forbidden_sequences,13.0,13.0,0.0,False,False,False
ALNS-B,Example5,5,0,22,63.102,0.729,repair,repair_chuffed_long,13.0,13.0,0.0,False,False,False
ALNS-B,Example5,5,0,23,63.625,0.523,destroy,destroy_max_border_work,13.0,13.0,0.0,False,False,False
ALNS-B,Example5,5,0,23,63.625,0.523,repair,repair_chuffed_fast,13.0,13.0,0.0,False,False,False
ALNS-B,Example5,5,0,24,70.061,6.436,destroy,destroy_streak_around_worst_worker,13.0,9.0,-4.0,True,False,False
ALNS-B,Example5,5,0,24,70.061,6.436,repair,repair_gecode_fast,13.0,9.0,-4.0,True,False,False
ALNS-B,Example5,5,0,25,76.48,6.419,destroy,destroy_streak_around_worst_worker,9.0,21.0,12.0,False,False,False
ALNS-B,Example5,5,0,25,76.48,6.419,repair,repair_gecode_fast,9.0,21.0,12.0,False,False,False
ALNS-B,Example5,5,0,26,77.599,1.119,destroy,destroy_worst_workers_10pct,9.0,8.0,-1.0,True,False,False
ALNS-B,Example5,5,0,26,77.599,1.119,repair,repair_gecode_fast,9.0,8.0,-1.0,True,False,False
ALNS-B,Example5,5,0,27,84.19,6.591,destroy,destroy_streak_around_worst_worker,8.0,45.0,37.0,False,False,False
ALNS-B,Example5,5,0,27,84.19,6.591,repair,repair_chuffed_fast,8.0,45.0,37.0,False,False,False
ALNS-B,Example5,5,0,28,114.817,30.627,destroy,destroy_streak_around_worst_worker,8.0,32.0,24.0,False,False,False
ALNS-B,Example5,5,0,28,114.817,30.627,repair,repair_chuffed_long,8.0,32.0,24.0,False,False,False
ALNS-B,Example5,5,0,29,121.249,6.432,destroy,destroy_streak_around_worst_worker,8.0,13.0,5.0,False,False,False
ALNS-B,Example5,5,0,29,121.249,6.432,repair,repair_gecode_fast,8.0,13.0,5.0,False,False,False
ALNS-B,Example5,5,0,30,121.841,0.592,destroy,destroy_all_forbidden_sequences,8.0,8.0,0.0,False,False,False
ALNS-B,Example5,5,0,30,121.841,0.592,repair,repair_chuffed_fast,8.0,8.0,0.0,False,False,False
ALNS-B,Example5,5,0,31,122.868,1.027,destroy,destroy_worst_workers_10pct,8.0,8.0,0.0,False,False,False
ALNS-B,Example5,5,0,31,122.868,1.027,repair,repair_gecode_fast,8.0,8.0,0.0,False,False,False
ALNS-B,Example5,5,0,32,128.579,5.711,destroy,destroy_streak_around_worst_worker,8.0,7.0,-1.0,True,False,False
ALNS-B,Example5,5,0,32,128.579,5.711,repair,repair_gecode_long,8.0,7.0,-1.0,True,False,False
ALNS-B,Example5,5,0,33,135.092,6.513,destroy,destroy_streak_around_worst_worker,7.0,42.0,35.0,False,False,False
ALNS-B,Example5,5,0,33,135.092,6.513,repair,repair_chuffed_fast,7.0,42.0,35.0,False,False,False
ALNS-B,Example5,5,0,34,135.729,0.637,destroy,destroy_worst_days_10pct,7.0,6.0,-1.0,True,False,False
ALNS-B,Example5,5,0,34,135.729,0.637,repair,repair_chuffed_fast,7.0,6.0,-1.0,True,False,False
ALNS-B,Example5,5,0,35,142.165,6.436,destroy,destroy_streak_around_worst_worker,6.0,50.0,44.0,False,False,False
ALNS-B,Example5,5,0,35,142.165,6.436,repair,repair_gecode_fast,6.0,50.0,44.0,False,False,False
ALNS-B,Example5,5,0,36,153.445,11.28,destroy,destroy_streak_around_worst_worker,6.0,5.0,-1.0,True,False,False
ALNS-B,Example5,5,0,36,153.445,11.28,repair,repair_chuffed_long,6.0,5.0,-1.0,True,False,False
ALNS-B,Example5,5,0,37,154.019,0.575,destroy,destroy_all_forbidden_sequences,5.0,5.0,0.0,False,False,False
ALNS-B,Example5,5,0,37,154.019,0.575,repair,repair_gecode_fast,5.0,5.0,0.0,False,False,False
ALNS-B,Example5,5,0,38,154.551,0.531,destroy,destroy_max_border_shift_1,5.0,5.0,0.0,False,False,False
ALNS-B,Example5,5,0,38,154.551,0.531,repair,repair_gecode_long,5.0,5.0,0.0,False,False,False
ALNS-B,Example5,5,0,39,156.037,1.486,destroy,destroy_streak_around_worst_worker,5.0,5.0,0.0,False,False,False
ALNS-B,Example5,5,0,39,156.037,1.486,repair,repair_gecode_fast,5.0,5.0,0.0,False,False,False
ALNS-B,Example5,5,0,40,156.888,0.851,destroy,destroy_worst_workers_10pct,5.0,5.0,0.0,False,False,False
ALNS-B,Example5,5,0,40,156.888,0.851,repair,repair_chuffed_fast,5.0,5.0,0.0,False,False,False
ALNS-B,Example5,5,0,41,163.415,6.527,destroy,destroy_streak_around_worst_worker,5.0,39.0,34.0,False,False,False
ALNS-B,Example5,5,0,41,163.415,6.527,repair,repair_chuffed_fast,5.0,39.0,34.0,False,False,False
ALNS-B,Example5,5,0,42,164.085,0.67,destroy,destroy_worst_days_10pct,5.0,5.0,0.0,False,False,False
ALNS-B,Example5,5,0,42,164.085,0.67,repair,repair_chuffed_fast,5.0,5.0,0.0,False,False,False
ALNS-B,Example5,5,0,43,194.68,30.595,destroy,destroy_streak_around_worst_worker,5.0,33.0,28.0,False,False,False
ALNS-B,Example5,5,0,43,194.68,30.595,repair,repair_chuffed_long,5.0,33.0,28.0,False,False,False
ALNS-B,Example5,5,1,1,1.511,1.511,destroy,destroy_random_window_20pct,inf,30.0,nan,True,False,False
ALNS-B,Example5,5,1,1,1.511,1.511,repair,repair_chuffed_fast,inf,30.0,nan,True,False,False
ALNS-B,Example5,5,1,2,5.151,3.64,destroy,destroy_worst_workers_30pct,30.0,20.0,-10.0,True,False,False
ALNS-B,Example5,5,1,2,5.151,3.64,repair,repair_gecode_fast,30.0,20.0,-10.0,True,False,False
ALNS-B,Example5,5,1,3,6.389,1.238,destroy,destroy_worst_days_10pct,20.0,14.0,-6.0,True,False,False
ALNS-B,Example5,5,1,3,6.389,1.238,repair,repair_chuffed_fast,20.0,14.0,-6.0,True,False,False
ALNS-B,Example5,5,1,4,7.241,0.851,destroy,destroy_worst_workers_10pct,14.0,10.0,-4.0,True,False,False
ALNS-B,Example5,5,1,4,7.241,0.851,repair,repair_gecode_fast,14.0,10.0,-4.0,True,False,False
ALNS-B,Example5,5,1,5,13.787,6.546,destroy,destroy_streak_around_worst_worker,10.0,19.0,9.0,False,False,False
ALNS-B,Example5,5,1,5,13.787,6.546,repair,repair_gecode_fast,10.0,19.0,9.0,False,False,False
ALNS-B,Example5,5,1,6,14.446,0.658,destroy,destroy_worst_days_10pct,10.0,8.0,-2.0,True,False,False
ALNS-B,Example5,5,1,6,14.446,0.658,repair,repair_gecode_fast,10.0,8.0,-2.0,True,False,False
ALNS-B,Example5,5,1,7,15.07,0.624,destroy,destroy_all_forbidden_sequences,8.0,8.0,0.0,False,False,False
ALNS-B,Example5,5,1,7,15.07,0.624,repair,repair_chuffed_fast,8.0,8.0,0.0,False,False,False
ALNS-B,Example5,5,1,8,45.601,30.531,destroy,destroy_streak_around_worst_worker,8.0,30.0,22.0,False,False,False
ALNS-B,Example5,5,1,8,45.601,30.531,repair,repair_chuffed_long,8.0,30.0,22.0,False,False,False
ALNS-B,Example5,5,1,9,52.053,6.452,destroy,destroy_streak_around_worst_worker,8.0,61.0,53.0,False,False,False
ALNS-B,Example5,5,1,9,52.053,6.452,repair,repair_gecode_fast,8.0,61.0,53.0,False,False,False
ALNS-B,Example5,5,1,10,52.591,0.538,destroy,destroy_max_border_work,8.0,8.0,0.0,False,False,False
ALNS-B,Example5,5,1,10,52.591,0.538,repair,repair_gecode_fast,8.0,8.0,0.0,False,False,False
ALNS-B,Example5,5,1,11,53.776,1.185,destroy,destroy_worst_workers_10pct,8.0,7.0,-1.0,True,False,False
ALNS-B,Example5,5,1,11,53.776,1.185,repair,repair_chuffed_fast,8.0,7.0,-1.0,True,False,False
ALNS-B,Example5,5,1,12,55.866,2.09,destroy,destroy_streak_around_worst_worker,7.0,5.0,-2.0,True,False,False
ALNS-B,Example5,5,1,12,55.866,2.09,repair,repair_chuffed_fast,7.0,5.0,-2.0,True,False,False
ALNS-B,Example5,5,1,13,56.438,0.572,destroy,destroy_all_forbidden_sequences,5.0,5.0,0.0,False,False,False
ALNS-B,Example5,5,1,13,56.438,0.572,repair,repair_gecode_fast,5.0,5.0,0.0,False,False,False
ALNS-B,Example5,5,1,14,57.628,1.19,destroy,destroy_streak_around_worst_worker,5.0,5.0,0.0,False,False,False
ALNS-B,Example5,5,1,14,57.628,1.19,repair,repair_gecode_fast,5.0,5.0,0.0,False,False,False
ALNS-B,Example5,5,1,15,64.075,6.447,destroy,destroy_streak_around_worst_worker,5.0,55.0,50.0,False,False,False
ALNS-B,Example5,5,1,15,64.075,6.447,repair,repair_gecode_fast,5.0,55.0,50.0,False,False,False
ALNS-B,Example5,5,1,16,65.074,0.999,destroy,destroy_worst_workers_10pct,5.0,5.0,0.0,False,False,False
ALNS-B,Example5,5,1,16,65.074,0.999,repair,repair_chuffed_fast,5.0,5.0,0.0,False,False,False
ALNS-B,Example5,5,1,17,65.909,0.835,destroy,destroy_worst_days_10pct,5.0,3.0,-2.0,True,False,False
ALNS-B,Example5,5,1,17,65.909,0.835,repair,repair_chuffed_fast,5.0,3.0,-2.0,True,False,False
ALNS-B,Example5,5,1,18,72.374,6.465,destroy,destroy_streak_around_worst_worker,3.0,89.0,86.0,False,False,False
ALNS-B,Example5,5,1,18,72.374,6.465,repair,repair_gecode_fast,3.0,89.0,86.0,False,False,False
ALNS-B,Example5,5,1,19,72.965,0.591,destroy,destroy_worst_days_10pct,3.0,3.0,0.0,False,False,False
ALNS-B,Example5,5,1,19,72.965,0.591,repair,repair_gecode_fast,3.0,3.0,0.0,False,False,False
ALNS-B,Example5,5,1,20,73.696,0.731,destroy,destroy_worst_days_10pct,3.0,3.0,0.0,False,False,False
ALNS-B,Example5,5,1,20,73.696,0.731,repair,repair_chuffed_fast,3.0,3.0,0.0,False,False,False
ALNS-B,Example5,5,1,21,74.346,0.649,destroy,destroy_worst_days_10pct,3.0,3.0,0.0,False,False,False
ALNS-B,Example5,5,1,21,74.346,0.649,repair,repair_chuffed_fast,3.0,3.0,0.0,False,False,False
ALNS-B,Example5,5,1,22,74.926,0.58,destroy,destroy_all_forbidden_sequences,3.0,3.0,0.0,False,False,False
ALNS-B,Example5,5,1,22,74.926,0.58,repair,repair_chuffed_fast,3.0,3.0,0.0,False,False,False
ALNS-B,Example5,5,1,23,75.464,0.539,destroy,destroy_max_border_shift_2,3.0,3.0,0.0,False,False,False
ALNS-B,Example5,5,1,23,75.464,0.539,repair,repair_gecode_fast,3.0,3.0,0.0,False,False,False
ALNS-B,Example5,5,1,24,76.006,0.542,destroy,destroy_max_border_shift_2,3.0,3.0,0.0,False,False,False
ALNS-B,Example5,5,1,24,76.006,0.542,repair,repair_gecode_long,3.0,3.0,0.0,False,False,False
ALNS-B,Example5,5,1,25,76.534,0.528,destroy,destroy_max_border_shift_3,3.0,3.0,0.0,False,False,False
ALNS-B,Example5,5,1,25,76.534,0.528,repair,repair_gecode_fast,3.0,3.0,0.0,False,False,False
ALNS-B,Example5,5,1,26,77.262,0.727,destroy,destroy_worst_days_10pct,3.0,3.0,0.0,False,False,False
ALNS-B,Example5,5,1,26,77.262,0.727,repair,repair_chuffed_fast,3.0,3.0,0.0,False,False,False
ALNS-B,Example5,5,1,27,78.025,0.763,destroy,destroy_worst_workers_10pct,3.0,3.0,0.0,False,False,False
ALNS-B,Example5,5,1,27,78.025,0.763,repair,repair_gecode_long,3.0,3.0,0.0,False,False,False
ALNS-B,Example5,5,1,28,79.382,1.357,destroy,destroy_exploration,3.0,3.0,0.0,False,False,True
ALNS-B,Example5,5,1,28,79.382,1.357,repair,repair_exploration,3.0,3.0,0.0,False,False,True
ALNS-B,Example5,5,1,29,80.191,0.808,destroy,destroy_exploration,3.0,3.0,0.0,False,False,True
ALNS-B,Example5,5,1,29,80.191,0.808,repair,repair_exploration,3.0,3.0,0.0,False,False,True
ALNS-B,Example5,5,1,30,80.867,0.677,destroy,destroy_worst_days_10pct,3.0,3.0,0.0,False,False,False
ALNS-B,Example5,5,1,30,80.867,0.677,repair,repair_gecode_fast,3.0,3.0,0.0,False,False,False
ALNS-B,Example5,5,1,31,81.656,0.789,destroy,destroy_worst_workers_10pct,3.0,3.0,0.0,False,False,False
ALNS-B,Example5,5,1,31,81.656,0.789,repair,repair_gecode_fast,3.0,3.0,0.0,False,False,False
ALNS-B,Example5,5,1,32,82.645,0.989,destroy,destroy_streak_around_worst_worker,3.0,3.0,0.0,False,False,False
ALNS-B,Example5,5,1,32,82.645,0.989,repair,repair_chuffed_fast,3.0,3.0,0.0,False,False,False
ALNS-B,Example5,5,1,33,89.23,6.584,destroy,destroy_streak_around_worst_worker,3.0,66.0,63.0,False,False,False
ALNS-B,Example5,5,1,33,89.23,6.584,repair,repair_chuffed_fast,3.0,66.0,63.0,False,False,False
ALNS-B,Example5,5,1,34,90.075,0.846,destroy,destroy_worst_days_10pct,3.0,3.0,0.0,False,False,False
ALNS-B,Example5,5,1,34,90.075,0.846,repair,repair_chuffed_fast,3.0,3.0,0.0,False,False,False
ALNS-B,Example5,5,1,35,90.646,0.57,destroy,destroy_all_forbidden_sequences,3.0,3.0,0.0,False,False,False
ALNS-B,Example5,5,1,35,90.646,0.57,repair,repair_chuffed_fast,3.0,3.0,0.0,False,False,False
ALNS-B,Example5,5,1,36,91.629,0.983,destroy,destroy_worst_workers_10pct,3.0,3.0,0.0,False,False,False
ALNS-B,Example5,5,1,36,91.629,0.983,repair,repair_chuffed_fast,3.0,3.0,0.0,False,False,False
ALNS-B,Example5,5,1,37,92.618,0.989,destroy,destroy_streak_around_worst_worker,3.0,3.0,0.0,False,False,False
ALNS-B,Example5,5,1,37,92.618,0.989,repair,repair_chuffed_fast,3.0,3.0,0.0,False,False,False
ALNS-B,Example5,5,1,38,105.931,13.312,destroy,destroy_exploration,3.0,3.0,0.0,False,False,True
ALNS-B,Example5,5,1,38,105.931,13.312,repair,repair_exploration,3.0,3.0,0.0,False,False,True
ALNS-B,Example5,5,1,39,127.634,21.704,destroy,destroy_exploration,3.0,3.0,0.0,False,False,True
ALNS-B,Example5,5,1,39,127.634,21.704,repair,repair_exploration,3.0,3.0,0.0,False,False,True
ALNS-B,Example5,5,1,40,128.268,0.634,destroy,destroy_worst_days_10pct,3.0,3.0,0.0,False,False,False
ALNS-B,Example5,5,1,40,128.268,0.634,repair,repair_chuffed_fast,3.0,3.0,0.0,False,False,False
ALNS-B,Example5,5,1,41,129.117,0.849,destroy,destroy_worst_days_10pct,3.0,3.0,0.0,False,False,False
ALNS-B,Example5,5,1,41,129.117,0.849,repair,repair_chuffed_fast,3.0,3.0,0.0,False,False,False
ALNS-B,Example5,5,1,42,129.957,0.84,destroy,destroy_worst_days_10pct,3.0,3.0,0.0,False,False,False
ALNS-B,Example5,5,1,42,129.957,0.84,repair,repair_chuffed_fast,3.0,3.0,0.0,False,False,False
ALNS-B,Example5,5,1,43,130.573,0.616,destroy,destroy_all_forbidden_sequences,3.0,3.0,0.0,False,False,False
ALNS-B,Example5,5,1,43,130.573,0.616,repair,repair_chuffed_fast,3.0,3.0,0.0,False,False,False
ALNS-B,Example5,5,1,44,131.514,0.94,destroy,destroy_streak_around_worst_worker,3.0,3.0,0.0,False,False,False
ALNS-B,Example5,5,1,44,131.514,0.94,repair,repair_gecode_fast,3.0,3.0,0.0,False,False,False
ALNS-B,Example5,5,1,45,139.087,7.573,destroy,destroy_streak_around_worst_worker,3.0,3.0,0.0,False,False,False
ALNS-B,Example5,5,1,45,139.087,7.573,repair,repair_chuffed_long,3.0,3.0,0.0,False,False,False
ALNS-B,Example5,5,1,46,139.987,0.9,destroy,destroy_streak_around_worst_worker,3.0,3.0,0.0,False,False,False
ALNS-B,Example5,5,1,46,139.987,0.9,repair,repair_gecode_fast,3.0,3.0,0.0,False,False,False
ALNS-B,Example5,5,1,47,140.566,0.579,destroy,destroy_all_forbidden_sequences,3.0,3.0,0.0,False,False,False
ALNS-B,Example5,5,1,47,140.566,0.579,repair,repair_chuffed_fast,3.0,3.0,0.0,False,False,False
ALNS-B,Example5,5,1,48,142.695,2.129,destroy,destroy_exploration,3.0,3.0,0.0,False,False,True
ALNS-B,Example5,5,1,48,142.695,2.129,repair,repair_exploration,3.0,3.0,0.0,False,False,True
ALNS-B,Example5,5,1,49,172.331,29.636,destroy,destroy_exploration,3.0,3.0,0.0,False,False,True
ALNS-B,Example5,5,1,49,172.331,29.636,repair,repair_exploration,3.0,3.0,0.0,False,False,True
ALNS-B,Example5,5,1,50,173.334,1.003,destroy,destroy_streak_around_worst_worker,3.0,3.0,0.0,False,False,False
ALNS-B,Example5,5,1,50,173.334,1.003,repair,repair_gecode_long,3.0,3.0,0.0,False,False,False
ALNS-B,Example5,5,1,51,174.054,0.72,destroy,destroy_worst_days_10pct,3.0,3.0,0.0,False,False,False
ALNS-B,Example5,5,1,51,174.054,0.72,repair,repair_chuffed_fast,3.0,3.0,0.0,False,False,False
ALNS-B,Example5,5,1,52,174.783,0.728,destroy,destroy_worst_days_10pct,3.0,3.0,0.0,False,False,False
ALNS-B,Example5,5,1,52,174.783,0.728,repair,repair_gecode_fast,3.0,3.0,0.0,False,False,False
ALNS-B,Example5,5,1,53,175.364,0.582,destroy,destroy_all_forbidden_sequences,3.0,3.0,0.0,False,False,False
ALNS-B,Example5,5,1,53,175.364,0.582,repair,repair_chuffed_fast,3.0,3.0,0.0,False,False,False
ALNS-B,Example5,5,1,54,176.025,0.661,destroy,destroy_worst_days_10pct,3.0,3.0,0.0,False,False,False
ALNS-B,Example5,5,1,54,176.025,0.661,repair,repair_gecode_fast,3.0,3.0,0.0,False,False,False
ALNS-B,Example5,5,1,55,176.603,0.578,destroy,destroy_all_forbidden_sequences,3.0,3.0,0.0,False,False,False
ALNS-B,Example5,5,1,55,176.603,0.578,repair,repair_chuffed_long,3.0,3.0,0.0,False,False,False
ALNS-B,Example5,5,1,56,177.385,0.782,destroy,destroy_worst_workers_10pct,3.0,3.0,0.0,False,False,False
ALNS-B,Example5,5,1,56,177.385,0.782,repair,repair_gecode_fast,3.0,3.0,0.0,False,False,False
ALNS-B,Example5,5,1,57,179.006,1.621,destroy,destroy_streak_around_worst_worker,3.0,3.0,0.0,False,False,False
ALNS-B,Example5,5,1,57,179.006,1.621,repair,repair_gecode_fast,3.0,3.0,0.0,False,False,False
ALNS-B,Example5,5,1,58,179.657,0.651,destroy,destroy_exploration,3.0,3.0,0.0,False,False,True
ALNS-B,Example5,5,1,58,179.657,0.651,repair,repair_exploration,3.0,3.0,0.0,False,False,True
ALNS-B,Example5,5,1,59,183.096,3.439,destroy,destroy_exploration,3.0,3.0,0.0,False,False,True
ALNS-B,Example5,5,1,59,183.096,3.439,repair,repair_exploration,3.0,3.0,0.0,False,False,True
ALNS-B,Example5,5,2,1,1.032,1.032,destroy,destroy_worst_workers_10pct,inf,43.0,nan,True,False,False
ALNS-B,Example5,5,2,1,1.032,1.032,repair,repair_gecode_long,inf,43.0,nan,True,False,False
ALNS-B,Example5,5,2,2,1.812,0.78,destroy,destroy_max_border_off,43.0,43.0,0.0,True,False,False
ALNS-B,Example5,5,2,2,1.812,0.78,repair,repair_chuffed_fast,43.0,43.0,0.0,True,False,False
ALNS-B,Example5,5,2,3,5.262,3.45,destroy,destroy_all_forbidden_sequences,43.0,32.0,-11.0,True,False,False
ALNS-B,Example5,5,2,3,5.262,3.45,repair,repair_gecode_fast,43.0,32.0,-11.0,True,False,False
ALNS-B,Example5,5,2,4,8.206,2.944,destroy,destroy_streak_around_worst_worker,32.0,27.0,-5.0,True,False,False
ALNS-B,Example5,5,2,4,8.206,2.944,repair,repair_gecode_long,32.0,27.0,-5.0,True,False,False
ALNS-B,Example5,5,2,5,8.935,0.729,destroy,destroy_max_border_off,27.0,24.0,-3.0,True,False,False
ALNS-B,Example5,5,2,5,8.935,0.729,repair,repair_gecode_fast,27.0,24.0,-3.0,True,False,False
ALNS-B,Example5,5,2,6,21.048,12.113,destroy,destroy_random_workers_20pct,24.0,21.0,-3.0,True,False,False
ALNS-B,Example5,5,2,6,21.048,12.113,repair,repair_gecode_long,24.0,21.0,-3.0,True,False,False
ALNS-B,Example5,5,2,7,24.61,3.562,destroy,destroy_random_window_20pct,21.0,34.0,13.0,False,False,False
ALNS-B,Example5,5,2,7,24.61,3.562,repair,repair_chuffed_fast,21.0,34.0,13.0,False,False,False
ALNS-B,Example5,5,2,8,28.138,3.529,destroy,destroy_streak_around_worst_worker,21.0,54.0,33.0,False,False,False
ALNS-B,Example5,5,2,8,28.138,3.529,repair,repair_chuffed_fast,21.0,54.0,33.0,False,False,False
ALNS-B,Example5,5,2,9,31.587,3.449,destroy,destroy_random_workers_20pct,21.0,26.0,5.0,False,False,False
ALNS-B,Example5,5,2,9,31.587,3.449,repair,repair_gecode_fast,21.0,26.0,5.0,False,False,False
ALNS-B,Example5,5,2,10,47.046,15.459,destroy,destroy_random_window_20pct,21.0,20.0,-1.0,True,False,False
ALNS-B,Example5,5,2,10,47.046,15.459,repair,repair_gecode_long,21.0,20.0,-1.0,True,False,False
ALNS-B,Example5,5,2,11,50.496,3.45,destroy,destroy_random_window_20pct,20.0,36.0,16.0,False,False,False
ALNS-B,Example5,5,2,11,50.496,3.45,repair,repair_chuffed_fast,20.0,36.0,16.0,False,False,False
ALNS-B,Example5,5,2,12,51.438,0.942,destroy,destroy_random_window_20pct,20.0,13.0,-7.0,True,False,False
ALNS-B,Example5,5,2,12,51.438,0.942,repair,repair_gecode_fast,20.0,13.0,-7.0,True,False,False
ALNS-B,Example5,5,2,13,54.206,2.768,destroy,destroy_streak_around_worst_worker,13.0,9.0,-4.0,True,False,False
ALNS-B,Example5,5,2,13,54.206,2.768,repair,repair_gecode_fast,13.0,9.0,-4.0,True,False,False
ALNS-B,Example5,5,2,14,54.786,0.58,destroy,destroy_all_forbidden_sequences,9.0,9.0,0.0,False,False,False
ALNS-B,Example5,5,2,14,54.786,0.58,repair,repair_chuffed_fast,9.0,9.0,0.0,False,False,False
ALNS-B,Example5,5,2,15,61.314,6.528,destroy,destroy_streak_around_worst_worker,9.0,44.0,35.0,False,False,False
ALNS-B,Example5,5,2,15,61.314,6.528,repair,repair_chuffed_fast,9.0,44.0,35.0,False,False,False
ALNS-B,Example5,5,2,16,61.916,0.602,destroy,destroy_all_forbidden_sequences,9.0,9.0,0.0,False,False,False
ALNS-B,Example5,5,2,16,61.916,0.602,repair,repair_chuffed_fast,9.0,9.0,0.0,False,False,False
ALNS-B,Example5,5,2,17,62.509,0.594,destroy,destroy_all_forbidden_sequences,9.0,9.0,0.0,False,False,False
ALNS-B,Example5,5,2,17,62.509,0.594,repair,repair_gecode_long,9.0,9.0,0.0,False,False,False
ALNS-B,Example5,5,2,18,63.271,0.761,destroy,destroy_worst_workers_10pct,9.0,7.0,-2.0,True,False,False
ALNS-B,Example5,5,2,18,63.271,0.761,repair,repair_gecode_fast,9.0,7.0,-2.0,True,False,False
ALNS-B,Example5,5,2,19,63.829,0.558,destroy,destroy_max_border_off,7.0,7.0,0.0,False,False,False
ALNS-B,Example5,5,2,19,63.829,0.558,repair,repair_gecode_long,7.0,7.0,0.0,False,False,False
ALNS-B,Example5,5,2,20,79.947,16.118,destroy,destroy_streak_around_worst_worker,7.0,6.0,-1.0,True,False,False
ALNS-B,Example5,5,2,20,79.947,16.118,repair,repair_gecode_long,7.0,6.0,-1.0,True,False,False
ALNS-B,Example5,5,2,21,80.511,0.564,destroy,destroy_all_forbidden_sequences,6.0,6.0,0.0,False,False,False
ALNS-B,Example5,5,2,21,80.511,0.564,repair,repair_chuffed_fast,6.0,6.0,0.0,False,False,False
ALNS-B,Example5,5,2,22,110.971,30.46,destroy,destroy_streak_around_worst_worker,6.0,21.0,15.0,False,False,False
ALNS-B,Example5,5,2,22,110.971,30.46,repair,repair_gecode_long,6.0,21.0,15.0,False,False,False
ALNS-B,Example5,5,2,23,111.607,0.636,destroy,destroy_worst_days_10pct,6.0,6.0,0.0,False,False,False
ALNS-B,Example5,5,2,23,111.607,0.636,repair,repair_gecode_fast,6.0,6.0,0.0,False,False,False
ALNS-B,Example5,5,2,24,112.809,1.202,destroy,destroy_worst_workers_10pct,6.0,6.0,0.0,False,False,False
ALNS-B,Example5,5,2,24,112.809,1.202,repair,repair_gecode_fast,6.0,6.0,0.0,False,False,False
ALNS-B,Example5,5,2,25,114.422,1.613,destroy,destroy_worst_workers_10pct,6.0,6.0,0.0,False,False,False
ALNS-B,Example5,5,2,25,114.422,1.613,repair,repair_chuffed_fast,6.0,6.0,0.0,False,False,False
ALNS-B,Example5,5,2,26,145.011,30.589,destroy,destroy_streak_around_worst_worker,6.0,54.0,48.0,False,False,False
ALNS-B,Example5,5,2,26,145.011,30.589,repair,repair_chuffed_long,6.0,54.0,48.0,False,False,False
ALNS-B,Example5,5,2,27,145.591,0.58,destroy,destroy_all_forbidden_sequences,6.0,6.0,0.0,False,False,False
ALNS-B,Example5,5,2,27,145.591,0.58,repair,repair_gecode_fast,6.0,6.0,0.0,False,False,False
ALNS-B,Example5,5,2,28,146.803,1.212,destroy,destroy_worst_workers_10pct,6.0,6.0,0.0,False,False,False
ALNS-B,Example5,5,2,28,146.803,1.212,repair,repair_gecode_fast,6.0,6.0,0.0,False,False,False
ALNS-B,Example5,5,2,29,148.04,1.238,destroy,destroy_worst_workers_10pct,6.0,6.0,0.0,False,False,False
ALNS-B,Example5,5,2,29,148.04,1.238,repair,repair_gecode_fast,6.0,6.0,0.0,False,False,False
ALNS-B,Example5,5,2,30,149.239,1.199,destroy,destroy_worst_workers_10pct,6.0,6.0,0.0,False,False,False
ALNS-B,Example5,5,2,30,149.239,1.199,repair,repair_gecode_long,6.0,6.0,0.0,False,False,False
ALNS-B,Example5,5,2,31,150.104,0.865,destroy,destroy_exploration,6.0,6.0,0.0,False,False,True
ALNS-B,Example5,5,2,31,150.104,0.865,repair,repair_exploration,6.0,6.0,0.0,False,False,True
ALNS-B,Example5,5,2,32,151.404,1.3,destroy,destroy_exploration,6.0,5.0,-1.0,True,False,True
ALNS-B,Example5,5,2,32,151.404,1.3,repair,repair_exploration,6.0,5.0,-1.0,True,False,True
ALNS-B,Example5,5,2,33,152.899,1.496,destroy,destroy_worst_workers_10pct,5.0,5.0,0.0,False,False,False
ALNS-B,Example5,5,2,33,152.899,1.496,repair,repair_chuffed_fast,5.0,5.0,0.0,False,False,False
ALNS-B,Example5,5,2,34,153.626,0.726,destroy,destroy_worst_days_10pct,5.0,5.0,0.0,False,False,False
ALNS-B,Example5,5,2,34,153.626,0.726,repair,repair_chuffed_fast,5.0,5.0,0.0,False,False,False
ALNS-B,Example5,5,2,35,154.165,0.54,destroy,destroy_max_border_off,5.0,5.0,0.0,False,False,False
ALNS-B,Example5,5,2,35,154.165,0.54,repair,repair_gecode_long,5.0,5.0,0.0,False,False,False
ALNS-B,Example5,5,2,36,154.687,0.521,destroy,destroy_max_border_shift_3,5.0,5.0,0.0,False,False,False
ALNS-B,Example5,5,2,36,154.687,0.521,repair,repair_chuffed_long,5.0,5.0,0.0,False,False,False
ALNS-B,Example5,5,2,37,185.126,30.439,destroy,destroy_streak_around_worst_worker,5.0,21.0,16.0,False,False,False
ALNS-B,Example5,5,2,37,185.126,30.439,repair,repair_gecode_long,5.0,21.0,16.0,False,False,False
ALNS-B,Example6,6,0,1,0.879,0.879,destroy,destroy_streak_around_worst_worker,inf,22.0,nan,True,False,False
ALNS-B,Example6,6,0,1,0.879,0.879,repair,repair_chuffed_long,inf,22.0,nan,True,False,False
ALNS-B,Example6,6,0,2,2.852,1.973,destroy,destroy_random_days_20pct,22.0,20.0,-2.0,True,False,False
ALNS-B,Example6,6,0,2,2.852,1.973,repair,repair_gecode_fast,22.0,20.0,-2.0,True,False,False
ALNS-B,Example6,6,0,3,3.501,0.649,destroy,destroy_random_window_20pct,20.0,17.0,-3.0,True,False,False
ALNS-B,Example6,6,0,3,3.501,0.649,repair,repair_gecode_fast,20.0,17.0,-3.0,True,False,False
ALNS-B,Example6,6,0,4,4.905,1.404,destroy,destroy_streak_around_worst_worker,17.0,14.0,-3.0,True,False,False
ALNS-B,Example6,6,0,4,4.905,1.404,repair,repair_gecode_fast,17.0,14.0,-3.0,True,False,False
ALNS-B,Example6,6,0,5,9.689,4.785,destroy,destroy_streak_around_worst_worker,14.0,12.0,-2.0,True,False,False
ALNS-B,Example6,6,0,5,9.689,4.785,repair,repair_gecode_fast,14.0,12.0,-2.0,True,False,False
ALNS-B,Example6,6,0,6,10.719,1.03,destroy,destroy_all_forbidden_sequences,12.0,12.0,0.0,False,False,False
ALNS-B,Example6,6,0,6,10.719,1.03,repair,repair_gecode_long,12.0,12.0,0.0,False,False,False
ALNS-B,Example6,6,0,7,11.554,0.835,destroy,destroy_streak_around_worst_worker,12.0,11.0,-1.0,True,False,False
ALNS-B,Example6,6,0,7,11.554,0.835,repair,repair_gecode_fast,12.0,11.0,-1.0,True,False,False
ALNS-B,Example6,6,0,8,12.114,0.56,destroy,destroy_worst_days_10pct,11.0,11.0,0.0,False,False,False
ALNS-B,Example6,6,0,8,12.114,0.56,repair,repair_gecode_long,11.0,11.0,0.0,False,False,False
ALNS-B,Example6,6,0,9,15.543,3.429,destroy,destroy_streak_around_worst_worker,11.0,10.0,-1.0,True,False,False
ALNS-B,Example6,6,0,9,15.543,3.429,repair,repair_gecode_fast,11.0,10.0,-1.0,True,False,False
ALNS-B,Example6,6,0,10,21.967,6.424,destroy,destroy_streak_around_worst_worker,10.0,15.0,5.0,False,False,False
ALNS-B,Example6,6,0,10,21.967,6.424,repair,repair_gecode_fast,10.0,15.0,5.0,False,False,False
ALNS-B,Example6,6,0,11,22.44,0.472,destroy,destroy_max_border_shift_3,10.0,10.0,0.0,False,False,False
ALNS-B,Example6,6,0,11,22.44,0.472,repair,repair_chuffed_fast,10.0,10.0,0.0,False,False,False
ALNS-B,Example6,6,0,12,23.0,0.56,destroy,destroy_worst_workers_10pct,10.0,10.0,0.0,False,False,False
ALNS-B,Example6,6,0,12,23.0,0.56,repair,repair_chuffed_long,10.0,10.0,0.0,False,False,False
ALNS-B,Example6,6,0,13,23.518,0.518,destroy,destroy_max_border_shift_3,10.0,10.0,0.0,False,False,False
ALNS-B,Example6,6,0,13,23.518,0.518,repair,repair_gecode_fast,10.0,10.0,0.0,False,False,False
ALNS-B,Example6,6,0,14,29.917,6.399,destroy,destroy_streak_around_worst_worker,10.0,15.0,5.0,False,False,False
ALNS-B,Example6,6,0,14,29.917,6.399,repair,repair_chuffed_fast,10.0,15.0,5.0,False,False,False
ALNS-B,Example6,6,0,15,30.638,0.721,destroy,destroy_streak_around_worst_worker,10.0,10.0,0.0,False,False,False
ALNS-B,Example6,6,0,15,30.638,0.721,repair,repair_gecode_long,10.0,10.0,0.0,False,False,False
ALNS-B,Example6,6,0,16,61.114,30.476,destroy,destroy_streak_around_worst_worker,10.0,18.0,8.0,False,False,False
ALNS-B,Example6,6,0,16,61.114,30.476,repair,repair_chuffed_long,10.0,18.0,8.0,False,False,False
ALNS-B,Example6,6,0,17,62.136,1.022,destroy,destroy_all_forbidden_sequences,10.0,10.0,0.0,False,False,False
ALNS-B,Example6,6,0,17,62.136,1.022,repair,repair_chuffed_fast,10.0,10.0,0.0,False,False,False
ALNS-B,Example6,6,0,18,62.676,0.54,destroy,destroy_max_border_shift_3,10.0,10.0,0.0,False,False,False
ALNS-B,Example6,6,0,18,62.676,0.54,repair,repair_gecode_fast,10.0,10.0,0.0,False,False,False
ALNS-B,Example6,6,0,19,63.256,0.58,destroy,destroy_worst_days_10pct,10.0,10.0,0.0,False,False,False
ALNS-B,Example6,6,0,19,63.256,0.58,repair,repair_gecode_fast,10.0,10.0,0.0,False,False,False
ALNS-B,Example6,6,0,20,63.892,0.636,destroy,destroy_exploration,10.0,9.0,-1.0,True,False,True
ALNS-B,Example6,6,0,20,63.892,0.636,repair,repair_exploration,10.0,9.0,-1.0,True,False,True
ALNS-B,Example6,6,0,21,64.561,0.669,destroy,destroy_exploration,9.0,7.0,-2.0,True,False,True
ALNS-B,Example6,6,0,21,64.561,0.669,repair,repair_exploration,9.0,7.0,-2.0,True,False,True
ALNS-B,Example6,6,0,22,65.033,0.472,destroy,destroy_max_border_work,7.0,7.0,0.0,False,False,False
ALNS-B,Example6,6,0,22,65.033,0.472,repair,repair_chuffed_fast,7.0,7.0,0.0,False,False,False
ALNS-B,Example6,6,0,23,65.546,0.513,destroy,destroy_max_border_work,7.0,7.0,0.0,False,False,False
ALNS-B,Example6,6,0,23,65.546,0.513,repair,repair_gecode_long,7.0,7.0,0.0,False,False,False
ALNS-B,Example6,6,0,24,66.153,0.607,destroy,destroy_all_forbidden_sequences,7.0,7.0,0.0,False,False,False
ALNS-B,Example6,6,0,24,66.153,0.607,repair,repair_gecode_fast,7.0,7.0,0.0,False,False,False
ALNS-B,Example6,6,0,25,66.623,0.47,destroy,destroy_max_border_off,7.0,7.0,0.0,False,False,False
ALNS-B,Example6,6,0,25,66.623,0.47,repair,repair_chuffed_fast,7.0,7.0,0.0,False,False,False
ALNS-B,Example6,6,0,26,67.146,0.523,destroy,destroy_max_border_work,7.0,7.0,0.0,False,False,False
ALNS-B,Example6,6,0,26,67.146,0.523,repair,repair_gecode_long,7.0,7.0,0.0,False,False,False
ALNS-B,Example6,6,0,27,67.791,0.645,destroy,destroy_streak_around_worst_worker,7.0,7.0,0.0,False,False,False
ALNS-B,Example6,6,0,27,67.791,0.645,repair,repair_gecode_fast,7.0,7.0,0.0,False,False,False
ALNS-B,Example6,6,0,28,68.37,0.579,destroy,destroy_streak_around_worst_worker,7.0,7.0,0.0,False,False,False
ALNS-B,Example6,6,0,28,68.37,0.579,repair,repair_gecode_fast,7.0,7.0,0.0,False,False,False
ALNS-B,Example6,6,0,29,74.791,6.421,destroy,destroy_streak_around_worst_worker,7.0,17.0,10.0,False,False,False
ALNS-B,Example6,6,0,29,74.791,6.421,repair,repair_gecode_fast,7.0,17.0,10.0,False,False,False
ALNS-B,Example6,6,0,30,75.272,0.481,destroy,destroy_max_border_shift_1,7.0,7.0,0.0,False,False,False
ALNS-B,Example6,6,0,30,75.272,0.481,repair,repair_chuffed_fast,7.0,7.0,0.0,False,False,False
ALNS-B,Example6,6,0,31,75.876,0.604,destroy,destroy_worst_workers_10pct,7.0,7.0,0.0,False,False,False
ALNS-B,Example6,6,0,31,75.876,0.604,repair,repair_gecode_fast,7.0,7.0,0.0,False,False,False
ALNS-B,Example6,6,0,32,76.452,0.576,destroy,destroy_exploration,7.0,7.0,0.0,False,False,True
ALNS-B,Example6,6,0,32,76.452,0.576,repair,repair_exploration,7.0,7.0,0.0,False,False,True
ALNS-B,Example6,6,0,33,77.107,0.655,destroy,destroy_exploration,7.0,7.0,0.0,False,False,True
ALNS-B,Example6,6,0,33,77.107,0.655,repair,repair_exploration,7.0,7.0,0.0,False,False,True
ALNS-B,Example6,6,0,34,77.786,0.679,destroy,destroy_all_forbidden_sequences,7.0,7.0,0.0,False,False,False
ALNS-B,Example6,6,0,34,77.786,0.679,repair,repair_gecode_fast,7.0,7.0,0.0,False,False,False
ALNS-B,Example6,6,0,35,78.378,0.592,destroy,destroy_worst_days_10pct,7.0,7.0,0.0,False,False,False
ALNS-B,Example6,6,0,35,78.378,0.592,repair,repair_gecode_long,7.0,7.0,0.0,False,False,False
ALNS-B,Example6,6,0,36,78.966,0.588,destroy,destroy_worst_days_10pct,7.0,7.0,0.0,False,False,False
ALNS-B,Example6,6,0,36,78.966,0.588,repair,repair_chuffed_fast,7.0,7.0,0.0,False,False,False
ALNS-B,Example6,6,0,37,85.447,6.48,destroy,destroy_streak_around_worst_worker,7.0,31.0,24.0,False,False,False
ALNS-B,Example6,6,0,37,85.447,6.48,repair,repair_chuffed_fast,7.0,31.0,24.0,False,False,False
ALNS-B,Example6,6,0,38,85.92,0.473,destroy,destroy_max_border_off,7.0,7.0,0.0,False,False,False
ALNS-B,Example6,6,0,38,85.92,0.473,repair,repair_chuffed_fast,7.0,7.0,0.0,False,False,False
ALNS-B,Example6,6,0,39,86.498,0.578,destroy,destroy_worst_days_10pct,7.0,7.0,0.0,False,False,False
ALNS-B,Example6,6,0,39,86.498,0.578,repair,repair_chuffed_fast,7.0,7.0,0.0,False,False,False
ALNS-B,Example6,6,0,40,86.984,0.486,destroy,destroy_max_border_shift_3,7.0,7.0,0.0,False,False,False
ALNS-B,Example6,6,0,40,86.984,0.486,repair,repair_chuffed_fast,7.0,7.0,0.0,False,False,False
ALNS-B,Example6,6,0,41,87.502,0.518,destroy,destroy_max_border_work,7.0,7.0,0.0,False,False,False
ALNS-B,Example6,6,0,41,87.502,0.518,repair,repair_gecode_fast,7.0,7.0,0.0,False,False,False
ALNS-B,Example6,6,0,42,88.076,0.575,destroy,destroy_exploration,7.0,7.0,0.0,False,False,True
ALNS-B,Example6,6,0,42,88.076,0.575,repair,repair_exploration,7.0,7.0,0.0,False,False,True
ALNS-B,Example6,6,0,43,89.121,1.045,destroy,destroy_exploration,7.0,7.0,0.0,False,False,True
ALNS-B,Example6,6,0,43,89.121,1.045,repair,repair_exploration,7.0,7.0,0.0,False,False,True
ALNS-B,Example6,6,0,44,99.042,9.921,destroy,destroy_streak_around_worst_worker,7.0,7.0,0.0,False,False,False
ALNS-B,Example6,6,0,44,99.042,9.921,repair,repair_chuffed_long,7.0,7.0,0.0,False,False,False
ALNS-B,Example6,6,0,45,99.658,0.616,destroy,destroy_all_forbidden_sequences,7.0,7.0,0.0,False,False,False
ALNS-B,Example6,6,0,45,99.658,0.616,repair,repair_chuffed_long,7.0,7.0,0.0,False,False,False
ALNS-B,Example6,6,0,46,100.234,0.576,destroy,destroy_worst_days_10pct,7.0,7.0,0.0,False,False,False
ALNS-B,Example6,6,0,46,100.234,0.576,repair,repair_chuffed_long,7.0,7.0,0.0,False,False,False
ALNS-B,Example6,6,0,47,100.845,0.612,destroy,destroy_streak_around_worst_worker,7.0,7.0,0.0,False,False,False
ALNS-B,Example6,6,0,47,100.845,0.612,repair,repair_gecode_fast,7.0,7.0,0.0,False,False,False
ALNS-B,Example6,6,0,48,101.464,0.619,destroy,destroy_all_forbidden_sequences,7.0,7.0,0.0,False,False,False
ALNS-B,Example6,6,0,48,101.464,0.619,repair,repair_gecode_fast,7.0,7.0,0.0,False,False,False
ALNS-B,Example6,6,0,49,101.989,0.525,destroy,destroy_max_border_work,7.0,7.0,0.0,False,False,False
ALNS-B,Example6,6,0,49,101.989,0.525,repair,repair_gecode_fast,7.0,7.0,0.0,False,False,False
ALNS-B,Example6,6,0,50,102.506,0.518,destroy,destroy_max_border_work,7.0,7.0,0.0,False,False,False
ALNS-B,Example6,6,0,50,102.506,0.518,repair,repair_gecode_fast,7.0,7.0,0.0,False,False,False
ALNS-B,Example6,6,0,51,132.942,30.435,destroy,destroy_streak_around_worst_worker,7.0,30.0,23.0,False,False,False
ALNS-B,Example6,6,0,51,132.942,30.435,repair,repair_gecode_long,7.0,30.0,23.0,False,False,False
ALNS-B,Example6,6,0,52,133.538,0.596,destroy,destroy_exploration,7.0,7.0,0.0,False,False,True
ALNS-B,Example6,6,0,52,133.538,0.596,repair,repair_exploration,7.0,7.0,0.0,False,False,True
ALNS-B,Example6,6,0,53,134.077,0.539,destroy,destroy_exploration,7.0,7.0,0.0,False,False,True
ALNS-B,Example6,6,0,53,134.077,0.539,repair,repair_exploration,7.0,7.0,0.0,False,False,True
ALNS-B,Example6,6,0,54,134.694,0.617,destroy,destroy_all_forbidden_sequences,7.0,7.0,0.0,False,False,False
ALNS-B,Example6,6,0,54,134.694,0.617,repair,repair_chuffed_fast,7.0,7.0,0.0,False,False,False
ALNS-B,Example6,6,0,55,135.287,0.593,destroy,destroy_worst_days_10pct,7.0,7.0,0.0,False,False,False
ALNS-B,Example6,6,0,55,135.287,0.593,repair,repair_gecode_fast,7.0,7.0,0.0,False,False,False
ALNS-B,Example6,6,0,56,135.801,0.515,destroy,destroy_max_border_shift_3,7.0,7.0,0.0,False,False,False
ALNS-B,Example6,6,0,56,135.801,0.515,repair,repair_chuffed_long,7.0,7.0,0.0,False,False,False
ALNS-B,Example6,6,0,57,136.428,0.627,destroy,destroy_all_forbidden_sequences,7.0,7.0,0.0,False,False,False
ALNS-B,Example6,6,0,57,136.428,0.627,repair,repair_chuffed_long,7.0,7.0,0.0,False,False,False
ALNS-B,Example6,6,0,58,137.038,0.61,destroy,destroy_all_forbidden_sequences,7.0,7.0,0.0,False,False,False
ALNS-B,Example6,6,0,58,137.038,0.61,repair,repair_gecode_long,7.0,7.0,0.0,False,False,False
ALNS-B,Example6,6,0,59,137.657,0.619,destroy,destroy_all_forbidden_sequences,7.0,7.0,0.0,False,False,False
ALNS-B,Example6,6,0,59,137.657,0.619,repair,repair_gecode_long,7.0,7.0,0.0,False,False,False
ALNS-B,Example6,6,0,60,138.181,0.525,destroy,destroy_max_border_work,7.0,7.0,0.0,False,False,False
ALNS-B,Example6,6,0,60,138.181,0.525,repair,repair_gecode_fast,7.0,7.0,0.0,False,False,False
ALNS-B,Example6,6,0,61,138.747,0.565,destroy,destroy_worst_workers_10pct,7.0,7.0,0.0,False,False,False
ALNS-B,Example6,6,0,61,138.747,0.565,repair,repair_chuffed_fast,7.0,7.0,0.0,False,False,False
ALNS-B,Example6,6,0,62,139.448,0.701,destroy,destroy_exploration,7.0,7.0,0.0,False,False,True
ALNS-B,Example6,6,0,62,139.448,0.701,repair,repair_exploration,7.0,7.0,0.0,False,False,True
ALNS-B,Example6,6,0,63,140.296,0.848,destroy,destroy_exploration,7.0,4.0,-3.0,True,False,True
ALNS-B,Example6,6,0,63,140.296,0.848,repair,repair_exploration,7.0,4.0,-3.0,True,False,True
ALNS-B,Example6,6,0,64,141.041,0.744,destroy,destroy_streak_around_worst_worker,4.0,4.0,0.0,False,False,False
ALNS-B,Example6,6,0,64,141.041,0.744,repair,repair_chuffed_long,4.0,4.0,0.0,False,False,False
ALNS-B,Example6,6,0,65,141.629,0.588,destroy,destroy_worst_days_10pct,4.0,4.0,0.0,False,False,False
ALNS-B,Example6,6,0,65,141.629,0.588,repair,repair_gecode_long,4.0,4.0,0.0,False,False,False
ALNS-B,Example6,6,0,66,172.115,30.486,destroy,destroy_streak_around_worst_worker,4.0,14.0,10.0,False,False,False
ALNS-B,Example6,6,0,66,172.115,30.486,repair,repair_chuffed_long,4.0,14.0,10.0,False,False,False
ALNS-B,Example6,6,0,67,172.64,0.525,destroy,destroy_all_forbidden_sequences,4.0,4.0,0.0,False,False,False
ALNS-B,Example6,6,0,67,172.64,0.525,repair,repair_chuffed_long,4.0,4.0,0.0,False,False,False
ALNS-B,Example6,6,0,68,193.968,21.328,destroy,destroy_streak_around_worst_worker,4.0,4.0,0.0,False,False,False
ALNS-B,Example6,6,0,68,193.968,21.328,repair,repair_chuffed_long,4.0,4.0,0.0,False,False,False
ALNS-B,Example6,6,1,1,0.916,0.916,destroy,destroy_random_window_20pct,inf,20.0,nan,True,False,False
ALNS-B,Example6,6,1,1,0.916,0.916,repair,repair_chuffed_fast,inf,20.0,nan,True,False,False
ALNS-B,Example6,6,1,2,1.838,0.922,destroy,destroy_random_workers_20pct,20.0,17.0,-3.0,True,False,False
ALNS-B,Example6,6,1,2,1.838,0.922,repair,repair_chuffed_fast,20.0,17.0,-3.0,True,False,False
ALNS-B,Example6,6,1,3,2.511,0.673,destroy,destroy_streak_around_worst_worker,17.0,15.0,-2.0,True,False,False
ALNS-B,Example6,6,1,3,2.511,0.673,repair,repair_chuffed_long,17.0,15.0,-2.0,True,False,False
ALNS-B,Example6,6,1,4,3.316,0.805,destroy,destroy_worst_days_10pct,15.0,14.0,-1.0,True,False,False
ALNS-B,Example6,6,1,4,3.316,0.805,repair,repair_gecode_long,15.0,14.0,-1.0,True,False,False
ALNS-B,Example6,6,1,5,3.946,0.63,destroy,destroy_all_forbidden_sequences,14.0,13.0,-1.0,True,False,False
ALNS-B,Example6,6,1,5,3.946,0.63,repair,repair_gecode_long,14.0,13.0,-1.0,True,False,False
ALNS-B,Example6,6,1,6,4.56,0.615,destroy,destroy_streak_around_worst_worker,13.0,8.0,-5.0,True,False,False
ALNS-B,Example6,6,1,6,4.56,0.615,repair,repair_gecode_fast,13.0,8.0,-5.0,True,False,False
ALNS-B,Example6,6,1,7,11.012,6.452,destroy,destroy_streak_around_worst_worker,8.0,13.0,5.0,False,False,False
ALNS-B,Example6,6,1,7,11.012,6.452,repair,repair_chuffed_fast,8.0,13.0,5.0,False,False,False
ALNS-B,Example6,6,1,8,11.596,0.584,destroy,destroy_max_border_work,8.0,8.0,0.0,False,False,False
ALNS-B,Example6,6,1,8,11.596,0.584,repair,repair_gecode_fast,8.0,8.0,0.0,False,False,False
ALNS-B,Example6,6,1,9,12.199,0.603,destroy,destroy_max_border_shift_3,8.0,8.0,0.0,False,False,False
ALNS-B,Example6,6,1,9,12.199,0.603,repair,repair_chuffed_long,8.0,8.0,0.0,False,False,False
ALNS-B,Example6,6,1,10,12.722,0.523,destroy,destroy_max_border_work,8.0,8.0,0.0,False,False,False
ALNS-B,Example6,6,1,10,12.722,0.523,repair,repair_chuffed_fast,8.0,8.0,0.0,False,False,False
ALNS-B,Example6,6,1,11,13.205,0.482,destroy,destroy_max_border_shift_1,8.0,8.0,0.0,False,False,False
ALNS-B,Example6,6,1,11,13.205,0.482,repair,repair_chuffed_long,8.0,8.0,0.0,False,False,False
ALNS-B,Example6,6,1,12,13.723,0.519,destroy,destroy_max_border_shift_2,8.0,8.0,0.0,False,False,False
ALNS-B,Example6,6,1,12,13.723,0.519,repair,repair_gecode_long,8.0,8.0,0.0,False,False,False
ALNS-B,Example6,6,1,13,14.279,0.555,destroy,destroy_worst_days_10pct,8.0,7.0,-1.0,True,False,False
ALNS-B,Example6,6,1,13,14.279,0.555,repair,repair_chuffed_fast,8.0,7.0,-1.0,True,False,False
ALNS-B,Example6,6,1,14,14.823,0.544,destroy,destroy_worst_days_10pct,7.0,6.0,-1.0,True,False,False
ALNS-B,Example6,6,1,14,14.823,0.544,repair,repair_chuffed_fast,7.0,6.0,-1.0,True,False,False
ALNS-B,Example6,6,1,15,15.382,0.559,destroy,destroy_all_forbidden_sequences,6.0,6.0,0.0,False,False,False
ALNS-B,Example6,6,1,15,15.382,0.559,repair,repair_gecode_fast,6.0,6.0,0.0,False,False,False
ALNS-B,Example6,6,1,16,15.923,0.541,destroy,destroy_worst_days_10pct,6.0,5.0,-1.0,True,False,False
ALNS-B,Example6,6,1,16,15.923,0.541,repair,repair_chuffed_fast,6.0,5.0,-1.0,True,False,False
ALNS-B,Example6,6,1,17,16.49,0.567,destroy,destroy_worst_days_10pct,5.0,5.0,0.0,False,False,False
ALNS-B,Example6,6,1,17,16.49,0.567,repair,repair_gecode_fast,5.0,5.0,0.0,False,False,False
ALNS-B,Example6,6,1,18,17.072,0.582,destroy,destroy_worst_days_10pct,5.0,5.0,0.0,False,False,False
ALNS-B,Example6,6,1,18,17.072,0.582,repair,repair_gecode_fast,5.0,5.0,0.0,False,False,False
ALNS-B,Example6,6,1,19,17.864,0.792,destroy,destroy_streak_around_worst_worker,5.0,5.0,0.0,False,False,False
ALNS-B,Example6,6,1,19,17.864,0.792,repair,repair_gecode_long,5.0,5.0,0.0,False,False,False
ALNS-B,Example6,6,1,20,18.807,0.943,destroy,destroy_streak_around_worst_worker,5.0,5.0,0.0,False,False,False
ALNS-B,Example6,6,1,20,18.807,0.943,repair,repair_chuffed_fast,5.0,5.0,0.0,False,False,False
ALNS-B,Example6,6,1,21,19.382,0.575,destroy,destroy_worst_days_10pct,5.0,5.0,0.0,False,False,False
ALNS-B,Example6,6,1,21,19.382,0.575,repair,repair_gecode_fast,5.0,5.0,0.0,False,False,False
ALNS-B,Example6,6,1,22,25.814,6.432,destroy,destroy_streak_around_worst_worker,5.0,11.0,6.0,False,False,False
ALNS-B,Example6,6,1,22,25.814,6.432,repair,repair_gecode_fast,5.0,11.0,6.0,False,False,False
ALNS-B,Example6,6,1,23,26.343,0.529,destroy,destroy_worst_days_10pct,5.0,5.0,0.0,False,False,False
ALNS-B,Example6,6,1,23,26.343,0.529,repair,repair_chuffed_fast,5.0,5.0,0.0,False,False,False
ALNS-B,Example6,6,1,24,26.887,0.544,destroy,destroy_worst_days_10pct,5.0,5.0,0.0,False,False,False
ALNS-B,Example6,6,1,24,26.887,0.544,repair,repair_chuffed_fast,5.0,5.0,0.0,False,False,False
ALNS-B,Example6,6,1,25,27.426,0.539,destroy,destroy_worst_days_10pct,5.0,5.0,0.0,False,False,False
ALNS-B,Example6,6,1,25,27.426,0.539,repair,repair_chuffed_fast,5.0,5.0,0.0,False,False,False
ALNS-B,Example6,6,1,26,27.941,0.515,destroy,destroy_all_forbidden_sequences,5.0,5.0,0.0,False,False,False
ALNS-B,Example6,6,1,26,27.941,0.515,repair,repair_chuffed_fast,5.0,5.0,0.0,False,False,False
ALNS-B,Example6,6,1,27,28.493,0.551,destroy,destroy_exploration,5.0,5.0,0.0,False,False,True
ALNS-B,Example6,6,1,27,28.493,0.551,repair,repair_exploration,5.0,5.0,0.0,False,False,True
ALNS-B,Example6,6,1,28,29.056,0.564,destroy,destroy_exploration,5.0,5.0,0.0,False,False,True
ALNS-B,Example6,6,1,28,29.056,0.564,repair,repair_exploration,5.0,5.0,0.0,False,False,True
ALNS-B,Example6,6,1,29,29.623,0.567,destroy,destroy_worst_days_10pct,5.0,5.0,0.0,False,False,False
ALNS-B,Example6,6,1,29,29.623,0.567,repair,repair_chuffed_fast,5.0,5.0,0.0,False,False,False
ALNS-B,Example6,6,1,30,30.09,0.467,destroy,destroy_max_border_shift_2,5.0,5.0,0.0,False,False,False
ALNS-B,Example6,6,1,30,30.09,0.467,repair,repair_chuffed_fast,5.0,5.0,0.0,False,False,False
ALNS-B,Example6,6,1,31,30.67,0.58,destroy,destroy_worst_days_10pct,5.0,5.0,0.0,False,False,False
ALNS-B,Example6,6,1,31,30.67,0.58,repair,repair_gecode_long,5.0,5.0,0.0,False,False,False
ALNS-B,Example6,6,1,32,31.46,0.789,destroy,destroy_streak_around_worst_worker,5.0,5.0,0.0,False,False,False
ALNS-B,Example6,6,1,32,31.46,0.789,repair,repair_gecode_long,5.0,5.0,0.0,False,False,False
ALNS-B,Example6,6,1,33,33.106,1.647,destroy,destroy_streak_around_worst_worker,5.0,5.0,0.0,False,False,False
ALNS-B,Example6,6,1,33,33.106,1.647,repair,repair_gecode_long,5.0,5.0,0.0,False,False,False
ALNS-B,Example6,6,1,34,33.573,0.466,destroy,destroy_max_border_shift_3,5.0,5.0,0.0,False,False,False
ALNS-B,Example6,6,1,34,33.573,0.466,repair,repair_chuffed_fast,5.0,5.0,0.0,False,False,False
ALNS-B,Example6,6,1,35,34.035,0.463,destroy,destroy_max_border_shift_3,5.0,5.0,0.0,False,False,False
ALNS-B,Example6,6,1,35,34.035,0.463,repair,repair_chuffed_fast,5.0,5.0,0.0,False,False,False
ALNS-B,Example6,6,1,36,34.556,0.52,destroy,destroy_all_forbidden_sequences,5.0,5.0,0.0,False,False,False
ALNS-B,Example6,6,1,36,34.556,0.52,repair,repair_chuffed_fast,5.0,5.0,0.0,False,False,False
ALNS-B,Example6,6,1,37,35.234,0.678,destroy,destroy_exploration,5.0,4.0,-1.0,True,False,True
ALNS-B,Example6,6,1,37,35.234,0.678,repair,repair_exploration,5.0,4.0,-1.0,True,False,True
ALNS-B,Example6,6,1,38,35.769,0.535,destroy,destroy_exploration,4.0,4.0,0.0,False,False,True
ALNS-B,Example6,6,1,38,35.769,0.535,repair,repair_exploration,4.0,4.0,0.0,False,False,True
ALNS-B,Example6,6,1,39,36.239,0.47,destroy,destroy_max_border_shift_3,4.0,4.0,0.0,False,False,False
ALNS-B,Example6,6,1,39,36.239,0.47,repair,repair_chuffed_fast,4.0,4.0,0.0,False,False,False
ALNS-B,Example6,6,1,40,36.822,0.583,destroy,destroy_streak_around_worst_worker,4.0,4.0,0.0,False,False,False
ALNS-B,Example6,6,1,40,36.822,0.583,repair,repair_gecode_fast,4.0,4.0,0.0,False,False,False
ALNS-B,Example6,6,1,41,37.374,0.552,destroy,destroy_worst_days_10pct,4.0,4.0,0.0,False,False,False
ALNS-B,Example6,6,1,41,37.374,0.552,repair,repair_gecode_fast,4.0,4.0,0.0,False,False,False
ALNS-B,Example6,6,1,42,37.892,0.518,destroy,destroy_max_border_shift_2,4.0,4.0,0.0,False,False,False
ALNS-B,Example6,6,1,42,37.892,0.518,repair,repair_gecode_fast,4.0,4.0,0.0,False,False,False
ALNS-B,Example6,6,1,43,38.43,0.539,destroy,destroy_worst_days_10pct,4.0,4.0,0.0,False,False,False
ALNS-B,Example6,6,1,43,38.43,0.539,repair,repair_chuffed_fast,4.0,4.0,0.0,False,False,False
ALNS-B,Example6,6,1,44,68.844,30.413,destroy,destroy_streak_around_worst_worker,4.0,7.0,3.0,False,False,False
ALNS-B,Example6,6,1,44,68.844,30.413,repair,repair_gecode_long,4.0,7.0,3.0,False,False,False
ALNS-B,Example6,6,1,45,69.39,0.546,destroy,destroy_worst_days_10pct,4.0,4.0,0.0,False,False,False
ALNS-B,Example6,6,1,45,69.39,0.546,repair,repair_chuffed_long,4.0,4.0,0.0,False,False,False
ALNS-B,Example6,6,1,46,69.928,0.537,destroy,destroy_all_forbidden_sequences,4.0,4.0,0.0,False,False,False
ALNS-B,Example6,6,1,46,69.928,0.537,repair,repair_gecode_long,4.0,4.0,0.0,False,False,False
ALNS-B,Example6,6,1,47,70.486,0.558,destroy,destroy_worst_days_10pct,4.0,4.0,0.0,False,False,False
ALNS-B,Example6,6,1,47,70.486,0.558,repair,repair_gecode_fast,4.0,4.0,0.0,False,False,False
ALNS-B,Example6,6,1,48,71.307,0.821,destroy,destroy_exploration,4.0,4.0,0.0,False,False,True
ALNS-B,Example6,6,1,48,71.307,0.821,repair,repair_exploration,4.0,4.0,0.0,False,False,True
ALNS-B,Example6,6,1,49,71.84,0.533,destroy,destroy_exploration,4.0,4.0,0.0,False,False,True
ALNS-B,Example6,6,1,49,71.84,0.533,repair,repair_exploration,4.0,4.0,0.0,False,False,True
ALNS-B,Example6,6,1,50,72.378,0.538,destroy,destroy_worst_days_10pct,4.0,4.0,0.0,False,False,False
ALNS-B,Example6,6,1,50,72.378,0.538,repair,repair_chuffed_fast,4.0,4.0,0.0,False,False,False
ALNS-B,Example6,6,1,51,72.848,0.47,destroy,destroy_max_border_shift_1,4.0,4.0,0.0,False,False,False
ALNS-B,Example6,6,1,51,72.848,0.47,repair,repair_chuffed_fast,4.0,4.0,0.0,False,False,False
ALNS-B,Example6,6,1,52,73.314,0.466,destroy,destroy_max_border_shift_1,4.0,4.0,0.0,False,False,False
ALNS-B,Example6,6,1,52,73.314,0.466,repair,repair_chuffed_long,4.0,4.0,0.0,False,False,False
ALNS-B,Example6,6,1,53,73.788,0.474,destroy,destroy_max_border_off,4.0,4.0,0.0,False,False,False
ALNS-B,Example6,6,1,53,73.788,0.474,repair,repair_chuffed_long,4.0,4.0,0.0,False,False,False
ALNS-B,Example6,6,1,54,74.348,0.56,destroy,destroy_worst_workers_10pct,4.0,4.0,0.0,False,False,False
ALNS-B,Example6,6,1,54,74.348,0.56,repair,repair_chuffed_long,4.0,4.0,0.0,False,False,False
ALNS-B,Example6,6,1,55,75.045,0.697,destroy,destroy_streak_around_worst_worker,4.0,4.0,0.0,False,False,False
ALNS-B,Example6,6,1,55,75.045,0.697,repair,repair_gecode_long,4.0,4.0,0.0,False,False,False
ALNS-B,Example6,6,1,56,88.746,13.701,destroy,destroy_streak_around_worst_worker,4.0,4.0,0.0,False,False,False
ALNS-B,Example6,6,1,56,88.746,13.701,repair,repair_gecode_long,4.0,4.0,0.0,False,False,False
ALNS-B,Example6,6,1,57,89.262,0.515,destroy,destroy_max_border_off,4.0,4.0,0.0,False,False,False
ALNS-B,Example6,6,1,57,89.262,0.515,repair,repair_gecode_fast,4.0,4.0,0.0,False,False,False
ALNS-B,Example6,6,1,58,89.842,0.58,destroy,destroy_exploration,4.0,4.0,0.0,False,False,True
ALNS-B,Example6,6,1,58,89.842,0.58,repair,repair_exploration,4.0,4.0,0.0,False,False,True
ALNS-B,Example6,6,1,59,90.421,0.579,destroy,destroy_exploration,4.0,4.0,0.0,False,False,True
ALNS-B,Example6,6,1,59,90.421,0.579,repair,repair_exploration,4.0,4.0,0.0,False,False,True
ALNS-B,Example6,6,1,60,90.917,0.495,destroy,destroy_all_forbidden_sequences,4.0,4.0,0.0,False,False,False
ALNS-B,Example6,6,1,60,90.917,0.495,repair,repair_chuffed_fast,4.0,4.0,0.0,False,False,False
ALNS-B,Example6,6,1,61,91.386,0.469,destroy,destroy_max_border_shift_3,4.0,4.0,0.0,False,False,False
ALNS-B,Example6,6,1,61,91.386,0.469,repair,repair_chuffed_long,4.0,4.0,0.0,False,False,False
ALNS-B,Example6,6,1,62,91.96,0.575,destroy,destroy_worst_workers_10pct,4.0,4.0,0.0,False,False,False
ALNS-B,Example6,6,1,62,91.96,0.575,repair,repair_gecode_fast,4.0,4.0,0.0,False,False,False
ALNS-B,Example6,6,1,63,92.475,0.515,destroy,destroy_max_border_shift_1,4.0,4.0,0.0,False,False,False
ALNS-B,Example6,6,1,63,92.475,0.515,repair,repair_gecode_fast,4.0,4.0,0.0,False,False,False
ALNS-B,Example6,6,1,64,93.036,0.561,destroy,destroy_worst_workers_10pct,4.0,4.0,0.0,False,False,False
ALNS-B,Example6,6,1,64,93.036,0.561,repair,repair_chuffed_fast,4.0,4.0,0.0,False,False,False
ALNS-B,Example6,6,1,65,93.546,0.51,destroy,destroy_max_border_shift_3,4.0,4.0,0.0,False,False,False
ALNS-B,Example6,6,1,65,93.546,0.51,repair,repair_gecode_fast,4.0,4.0,0.0,False,False,False
ALNS-B,Example6,6,1,66,94.082,0.536,destroy,destroy_worst_days_10pct,4.0,4.0,0.0,False,False,False
ALNS-B,Example6,6,1,66,94.082,0.536,repair,repair_chuffed_fast,4.0,4.0,0.0,False,False,False
ALNS-B,Example6,6,1,67,100.501,6.419,destroy,destroy_streak_around_worst_worker,4.0,9.0,5.0,False,False,False
ALNS-B,Example6,6,1,67,100.501,6.419,repair,repair_gecode_fast,4.0,9.0,5.0,False,False,False
ALNS-B,Example6,6,1,68,101.108,0.607,destroy,destroy_exploration,4.0,4.0,0.0,False,False,True
ALNS-B,Example6,6,1,68,101.108,0.607,repair,repair_exploration,4.0,4.0,0.0,False,False,True
ALNS-B,Example6,6,1,69,102.062,0.954,destroy,destroy_exploration,4.0,4.0,0.0,False,False,True
ALNS-B,Example6,6,1,69,102.062,0.954,repair,repair_exploration,4.0,4.0,0.0,False,False,True
ALNS-B,Example6,6,1,70,102.575,0.513,destroy,destroy_max_border_work,4.0,4.0,0.0,False,False,False
ALNS-B,Example6,6,1,70,102.575,0.513,repair,repair_gecode_fast,4.0,4.0,0.0,False,False,False
ALNS-B,Example6,6,1,71,103.108,0.533,destroy,destroy_all_forbidden_sequences,4.0,4.0,0.0,False,False,False
ALNS-B,Example6,6,1,71,103.108,0.533,repair,repair_gecode_fast,4.0,4.0,0.0,False,False,False
ALNS-B,Example6,6,1,72,103.646,0.537,destroy,destroy_all_forbidden_sequences,4.0,4.0,0.0,False,False,False
ALNS-B,Example6,6,1,72,103.646,0.537,repair,repair_gecode_fast,4.0,4.0,0.0,False,False,False
ALNS-B,Example6,6,1,73,104.256,0.61,destroy,destroy_streak_around_worst_worker,4.0,4.0,0.0,False,False,False
ALNS-B,Example6,6,1,73,104.256,0.61,repair,repair_chuffed_fast,4.0,4.0,0.0,False,False,False
ALNS-B,Example6,6,1,74,104.801,0.545,destroy,destroy_worst_days_10pct,4.0,4.0,0.0,False,False,False
ALNS-B,Example6,6,1,74,104.801,0.545,repair,repair_chuffed_long,4.0,4.0,0.0,False,False,False
ALNS-B,Example6,6,1,75,105.359,0.558,destroy,destroy_worst_days_10pct,4.0,4.0,0.0,False,False,False
ALNS-B,Example6,6,1,75,105.359,0.558,repair,repair_gecode_fast,4.0,4.0,0.0,False,False,False
ALNS-B,Example6,6,1,76,105.852,0.493,destroy,destroy_all_forbidden_sequences,4.0,4.0,0.0,False,False,False
ALNS-B,Example6,6,1,76,105.852,0.493,repair,repair_chuffed_long,4.0,4.0,0.0,False,False,False
ALNS-B,Example6,6,1,77,106.317,0.465,destroy,destroy_max_border_shift_3,4.0,4.0,0.0,False,False,False
ALNS-B,Example6,6,1,77,106.317,0.465,repair,repair_chuffed_fast,4.0,4.0,0.0,False,False,False
ALNS-B,Example6,6,1,78,106.902,0.585,destroy,destroy_exploration,4.0,4.0,0.0,False,False,True
ALNS-B,Example6,6,1,78,106.902,0.585,repair,repair_exploration,4.0,4.0,0.0,False,False,True
ALNS-B,Example6,6,1,79,107.472,0.569,destroy,destroy_exploration,4.0,4.0,0.0,False,False,True
ALNS-B,Example6,6,1,79,107.472,0.569,repair,repair_exploration,4.0,4.0,0.0,False,False,True
ALNS-B,Example6,6,1,80,113.92,6.448,destroy,destroy_streak_around_worst_worker,4.0,9.0,5.0,False,False,False
ALNS-B,Example6,6,1,80,113.92,6.448,repair,repair_chuffed_fast,4.0,9.0,5.0,False,False,False
ALNS-B,Example6,6,1,81,114.465,0.545,destroy,destroy_worst_days_10pct,4.0,4.0,0.0,False,False,False
ALNS-B,Example6,6,1,81,114.465,0.545,repair,repair_chuffed_fast,4.0,4.0,0.0,False,False,False
ALNS-B,Example6,6,1,82,115.02,0.555,destroy,destroy_worst_workers_10pct,4.0,4.0,0.0,False,False,False
ALNS-B,Example6,6,1,82,115.02,0.555,repair,repair_chuffed_fast,4.0,4.0,0.0,False,False,False
ALNS-B,Example6,6,1,83,115.598,0.578,destroy,destroy_worst_workers_10pct,4.0,4.0,0.0,False,False,False
ALNS-B,Example6,6,1,83,115.598,0.578,repair,repair_gecode_long,4.0,4.0,0.0,False,False,False
ALNS-B,Example6,6,1,84,116.173,0.575,destroy,destroy_worst_workers_10pct,4.0,4.0,0.0,False,False,False
ALNS-B,Example6,6,1,84,116.173,0.575,repair,repair_gecode_long,4.0,4.0,0.0,False,False,False
ALNS-B,Example6,6,1,85,116.716,0.543,destroy,destroy_worst_days_10pct,4.0,4.0,0.0,False,False,False
ALNS-B,Example6,6,1,85,116.716,0.543,repair,repair_chuffed_fast,4.0,4.0,0.0,False,False,False
ALNS-B,Example6,6,1,86,117.184,0.467,destroy,destroy_max_border_shift_3,4.0,4.0,0.0,False,False,False
ALNS-B,Example6,6,1,86,117.184,0.467,repair,repair_chuffed_fast,4.0,4.0,0.0,False,False,False
ALNS-B,Example6,6,1,87,117.711,0.527,destroy,destroy_all_forbidden_sequences,4.0,4.0,0.0,False,False,False
ALNS-B,Example6,6,1,87,117.711,0.527,repair,repair_gecode_fast,4.0,4.0,0.0,False,False,False
ALNS-B,Example6,6,1,88,118.617,0.906,destroy,destroy_exploration,4.0,4.0,0.0,False,False,True
ALNS-B,Example6,6,1,88,118.617,0.906,repair,repair_exploration,4.0,4.0,0.0,False,False,True
ALNS-B,Example6,6,1,89,119.264,0.646,destroy,destroy_exploration,4.0,4.0,0.0,False,False,True
ALNS-B,Example6,6,1,89,119.264,0.646,repair,repair_exploration,4.0,4.0,0.0,False,False,True
ALNS-B,Example6,6,1,90,119.849,0.585,destroy,destroy_worst_workers_10pct,4.0,4.0,0.0,False,False,False
ALNS-B,Example6,6,1,90,119.849,0.585,repair,repair_gecode_long,4.0,4.0,0.0,False,False,False
ALNS-B,Example6,6,1,91,120.572,0.723,destroy,destroy_streak_around_worst_worker,4.0,4.0,0.0,False,False,False
ALNS-B,Example6,6,1,91,120.572,0.723,repair,repair_chuffed_long,4.0,4.0,0.0,False,False,False
ALNS-B,Example6,6,1,92,121.11,0.538,destroy,destroy_worst_days_10pct,4.0,4.0,0.0,False,False,False
ALNS-B,Example6,6,1,92,121.11,0.538,repair,repair_chuffed_fast,4.0,4.0,0.0,False,False,False
ALNS-B,Example6,6,1,93,127.54,6.43,destroy,destroy_streak_around_worst_worker,4.0,6.0,2.0,False,False,False
ALNS-B,Example6,6,1,93,127.54,6.43,repair,repair_chuffed_fast,4.0,6.0,2.0,False,False,False
ALNS-B,Example6,6,1,94,128.125,0.585,destroy,destroy_all_forbidden_sequences,4.0,4.0,0.0,False,False,False
ALNS-B,Example6,6,1,94,128.125,0.585,repair,repair_gecode_fast,4.0,4.0,0.0,False,False,False
ALNS-B,Example6,6,1,95,128.885,0.76,destroy,destroy_streak_around_worst_worker,4.0,4.0,0.0,False,False,False
ALNS-B,Example6,6,1,95,128.885,0.76,repair,repair_gecode_long,4.0,4.0,0.0,False,False,False
ALNS-B,Example6,6,1,96,129.363,0.478,destroy,destroy_max_border_shift_2,4.0,4.0,0.0,False,False,False
ALNS-B,Example6,6,1,96,129.363,0.478,repair,repair_chuffed_long,4.0,4.0,0.0,False,False,False
ALNS-B,Example6,6,1,97,129.929,0.566,destroy,destroy_worst_workers_10pct,4.0,4.0,0.0,False,False,False
ALNS-B,Example6,6,1,97,129.929,0.566,repair,repair_chuffed_long,4.0,4.0,0.0,False,False,False
ALNS-B,Example6,6,1,98,130.435,0.506,destroy,destroy_exploration,4.0,4.0,0.0,False,False,True
ALNS-B,Example6,6,1,98,130.435,0.506,repair,repair_exploration,4.0,4.0,0.0,False,False,True
ALNS-B,Example6,6,1,99,130.992,0.558,destroy,destroy_exploration,4.0,4.0,0.0,False,False,True
ALNS-B,Example6,6,1,99,130.992,0.558,repair,repair_exploration,4.0,4.0,0.0,False,False,True
ALNS-B,Example6,6,1,100,131.617,0.625,destroy,destroy_worst_workers_10pct,4.0,4.0,0.0,False,False,False
ALNS-B,Example6,6,1,100,131.617,0.625,repair,repair_gecode_fast,4.0,4.0,0.0,False,False,False
ALNS-B,Example6,6,1,101,132.187,0.569,destroy,destroy_worst_days_10pct,4.0,4.0,0.0,False,False,False
ALNS-B,Example6,6,1,101,132.187,0.569,repair,repair_gecode_long,4.0,4.0,0.0,False,False,False
ALNS-B,Example6,6,1,102,132.766,0.579,destroy,destroy_worst_workers_10pct,4.0,4.0,0.0,False,False,False
ALNS-B,Example6,6,1,102,132.766,0.579,repair,repair_chuffed_fast,4.0,4.0,0.0,False,False,False
ALNS-B,Example6,6,1,103,133.499,0.733,destroy,destroy_streak_around_worst_worker,4.0,4.0,0.0,False,False,False
ALNS-B,Example6,6,1,103,133.499,0.733,repair,repair_gecode_long,4.0,4.0,0.0,False,False,False
ALNS-B,Example6,6,1,104,135.733,2.234,destroy,destroy_streak_around_worst_worker,4.0,4.0,0.0,False,False,False
ALNS-B,Example6,6,1,104,135.733,2.234,repair,repair_gecode_long,4.0,4.0,0.0,False,False,False
ALNS-B,Example6,6,1,105,136.225,0.492,destroy,destroy_all_forbidden_sequences,4.0,4.0,0.0,False,False,False
ALNS-B,Example6,6,1,105,136.225,0.492,repair,repair_chuffed_long,4.0,4.0,0.0,False,False,False
ALNS-B,Example6,6,1,106,137.302,1.077,destroy,destroy_streak_around_worst_worker,4.0,4.0,0.0,False,False,False
ALNS-B,Example6,6,1,106,137.302,1.077,repair,repair_chuffed_long,4.0,4.0,0.0,False,False,False
ALNS-B,Example6,6,1,107,137.78,0.478,destroy,destroy_max_border_shift_2,4.0,4.0,0.0,False,False,False
ALNS-B,Example6,6,1,107,137.78,0.478,repair,repair_chuffed_fast,4.0,4.0,0.0,False,False,False
ALNS-B,Example6,6,1,108,138.293,0.513,destroy,destroy_exploration,4.0,4.0,0.0,False,False,True
ALNS-B,Example6,6,1,108,138.293,0.513,repair,repair_exploration,4.0,4.0,0.0,False,False,True
ALNS-B,Example6,6,1,109,138.929,0.636,destroy,destroy_exploration,4.0,4.0,0.0,False,False,True
ALNS-B,Example6,6,1,109,138.929,0.636,repair,repair_exploration,4.0,4.0,0.0,False,False,True
ALNS-B,Example6,6,1,110,139.467,0.539,destroy,destroy_all_forbidden_sequences,4.0,4.0,0.0,False,False,False
ALNS-B,Example6,6,1,110,139.467,0.539,repair,repair_gecode_fast,4.0,4.0,0.0,False,False,False
ALNS-B,Example6,6,1,111,140.033,0.566,destroy,destroy_worst_days_10pct,4.0,4.0,0.0,False,False,False
ALNS-B,Example6,6,1,111,140.033,0.566,repair,repair_gecode_long,4.0,4.0,0.0,False,False,False
ALNS-B,Example6,6,1,112,140.525,0.492,destroy,destroy_all_forbidden_sequences,4.0,4.0,0.0,False,False,False
ALNS-B,Example6,6,1,112,140.525,0.492,repair,repair_chuffed_fast,4.0,4.0,0.0,False,False,False
ALNS-B,Example6,6,1,113,169.297,28.772,destroy,destroy_streak_around_worst_worker,4.0,4.0,0.0,False,False,False
ALNS-B,Example6,6,1,113,169.297,28.772,repair,repair_chuffed_long,4.0,4.0,0.0,False,False,False
ALNS-B,Example6,6,1,114,169.81,0.513,destroy,destroy_all_forbidden_sequences,4.0,4.0,0.0,False,False,False
ALNS-B,Example6,6,1,114,169.81,0.513,repair,repair_chuffed_fast,4.0,4.0,0.0,False,False,False
ALNS-B,Example6,6,1,115,170.284,0.474,destroy,destroy_max_border_off,4.0,4.0,0.0,False,False,False
ALNS-B,Example6,6,1,115,170.284,0.474,repair,repair_chuffed_fast,4.0,4.0,0.0,False,False,False
ALNS-B,Example6,6,1,116,176.718,6.434,destroy,destroy_streak_around_worst_worker,4.0,9.0,5.0,False,False,False
ALNS-B,Example6,6,1,116,176.718,6.434,repair,repair_chuffed_fast,4.0,9.0,5.0,False,False,False
ALNS-B,Example6,6,1,117,177.186,0.468,destroy,destroy_max_border_shift_3,4.0,4.0,0.0,False,False,False
ALNS-B,Example6,6,1,117,177.186,0.468,repair,repair_chuffed_long,4.0,4.0,0.0,False,False,False
ALNS-B,Example6,6,1,118,177.749,0.563,destroy,destroy_exploration,4.0,4.0,0.0,False,False,True
ALNS-B,Example6,6,1,118,177.749,0.563,repair,repair_exploration,4.0,4.0,0.0,False,False,True
ALNS-B,Example6,6,1,119,179.198,1.449,destroy,destroy_exploration,4.0,4.0,0.0,False,False,True
ALNS-B,Example6,6,1,119,179.198,1.449,repair,repair_exploration,4.0,4.0,0.0,False,False,True
ALNS-B,Example6,6,1,120,179.767,0.568,destroy,destroy_worst_days_10pct,4.0,4.0,0.0,False,False,False
ALNS-B,Example6,6,1,120,179.767,0.568,repair,repair_gecode_fast,4.0,4.0,0.0,False,False,False
ALNS-B,Example6,6,1,121,180.325,0.559,destroy,destroy_worst_workers_10pct,4.0,4.0,0.0,False,False,False
ALNS-B,Example6,6,1,121,180.325,0.559,repair,repair_chuffed_fast,4.0,4.0,0.0,False,False,False
ALNS-B,Example6,6,2,1,0.816,0.816,destroy,destroy_worst_workers_10pct,inf,23.0,nan,True,False,False
ALNS-B,Example6,6,2,1,0.816,0.816,repair,repair_gecode_long,inf,23.0,nan,True,False,False
ALNS-B,Example6,6,2,2,4.437,3.621,destroy,destroy_all_forbidden_sequences,23.0,32.0,9.0,False,False,False
ALNS-B,Example6,6,2,2,4.437,3.621,repair,repair_chuffed_fast,23.0,32.0,9.0,False,False,False
ALNS-B,Example6,6,2,3,4.921,0.483,destroy,destroy_max_border_work,23.0,23.0,0.0,True,False,False
ALNS-B,Example6,6,2,3,4.921,0.483,repair,repair_chuffed_long,23.0,23.0,0.0,True,False,False
ALNS-B,Example6,6,2,4,8.371,3.45,destroy,destroy_all_forbidden_sequences,23.0,35.0,12.0,False,False,False
ALNS-B,Example6,6,2,4,8.371,3.45,repair,repair_chuffed_fast,23.0,35.0,12.0,False,False,False
ALNS-B,Example6,6,2,5,11.905,3.534,destroy,destroy_worst_days_30pct,23.0,27.0,4.0,False,False,False
ALNS-B,Example6,6,2,5,11.905,3.534,repair,repair_gecode_fast,23.0,27.0,4.0,False,False,False
ALNS-B,Example6,6,2,6,12.373,0.468,destroy,destroy_max_border_shift_2,23.0,23.0,0.0,True,False,False
ALNS-B,Example6,6,2,6,12.373,0.468,repair,repair_chuffed_long,23.0,23.0,0.0,True,False,False
ALNS-B,Example6,6,2,7,12.889,0.516,destroy,destroy_max_border_off,23.0,23.0,0.0,True,False,False
ALNS-B,Example6,6,2,7,12.889,0.516,repair,repair_gecode_fast,23.0,23.0,0.0,True,False,False
ALNS-B,Example6,6,2,8,13.36,0.471,destroy,destroy_max_border_shift_2,23.0,23.0,0.0,True,False,False
ALNS-B,Example6,6,2,8,13.36,0.471,repair,repair_chuffed_fast,23.0,23.0,0.0,True,False,False
ALNS-B,Example6,6,2,9,14.369,1.008,destroy,destroy_streak_around_worst_worker,23.0,20.0,-3.0,True,False,False
ALNS-B,Example6,6,2,9,14.369,1.008,repair,repair_gecode_long,23.0,20.0,-3.0,True,False,False
ALNS-B,Example6,6,2,10,15.318,0.949,destroy,destroy_random_workers_20pct,20.0,12.0,-8.0,True,False,False
ALNS-B,Example6,6,2,10,15.318,0.949,repair,repair_gecode_fast,20.0,12.0,-8.0,True,False,False
ALNS-B,Example6,6,2,11,15.789,0.471,destroy,destroy_max_border_shift_2,12.0,12.0,0.0,False,False,False
ALNS-B,Example6,6,2,11,15.789,0.471,repair,repair_chuffed_fast,12.0,12.0,0.0,False,False,False
ALNS-B,Example6,6,2,12,16.263,0.473,destroy,destroy_max_border_shift_3,12.0,12.0,0.0,False,False,False
ALNS-B,Example6,6,2,12,16.263,0.473,repair,repair_chuffed_fast,12.0,12.0,0.0,False,False,False
ALNS-B,Example6,6,2,13,16.835,0.573,destroy,destroy_worst_workers_10pct,12.0,12.0,0.0,False,False,False
ALNS-B,Example6,6,2,13,16.835,0.573,repair,repair_gecode_fast,12.0,12.0,0.0,False,False,False
ALNS-B,Example6,6,2,14,17.657,0.822,destroy,destroy_all_forbidden_sequences,12.0,10.0,-2.0,True,False,False
ALNS-B,Example6,6,2,14,17.657,0.822,repair,repair_chuffed_fast,12.0,10.0,-2.0,True,False,False
ALNS-B,Example6,6,2,15,18.945,1.288,destroy,destroy_streak_around_worst_worker,10.0,7.0,-3.0,True,False,False
ALNS-B,Example6,6,2,15,18.945,1.288,repair,repair_chuffed_fast,10.0,7.0,-3.0,True,False,False
ALNS-B,Example6,6,2,16,19.656,0.711,destroy,destroy_streak_around_worst_worker,7.0,6.0,-1.0,True,False,False
ALNS-B,Example6,6,2,16,19.656,0.711,repair,repair_gecode_fast,7.0,6.0,-1.0,True,False,False
ALNS-B,Example6,6,2,17,21.251,1.595,destroy,destroy_streak_around_worst_worker,6.0,4.0,-2.0,True,False,False
ALNS-B,Example6,6,2,17,21.251,1.595,repair,repair_gecode_fast,6.0,4.0,-2.0,True,False,False
ALNS-B,Example6,6,2,18,22.737,1.486,destroy,destroy_streak_around_worst_worker,4.0,2.0,-2.0,True,False,False
ALNS-B,Example6,6,2,18,22.737,1.486,repair,repair_chuffed_fast,4.0,2.0,-2.0,True,False,False
ALNS-B,Example6,6,2,19,23.257,0.52,destroy,destroy_max_border_shift_1,2.0,2.0,0.0,False,False,False
ALNS-B,Example6,6,2,19,23.257,0.52,repair,repair_gecode_long,2.0,2.0,0.0,False,False,False
ALNS-B,Example6,6,2,20,23.848,0.591,destroy,destroy_worst_days_10pct,2.0,2.0,0.0,False,False,False
ALNS-B,Example6,6,2,20,23.848,0.591,repair,repair_gecode_fast,2.0,2.0,0.0,False,False,False
ALNS-B,Example6,6,2,21,30.289,6.441,destroy,destroy_streak_around_worst_worker,2.0,15.0,13.0,False,False,False
ALNS-B,Example6,6,2,21,30.289,6.441,repair,repair_chuffed_fast,2.0,15.0,13.0,False,False,False
ALNS-B,Example6,6,2,22,30.778,0.488,destroy,destroy_all_forbidden_sequences,2.0,2.0,0.0,False,False,False
ALNS-B,Example6,6,2,22,30.778,0.488,repair,repair_chuffed_fast,2.0,2.0,0.0,False,False,False
ALNS-B,Example6,6,2,23,31.311,0.533,destroy,destroy_all_forbidden_sequences,2.0,2.0,0.0,False,False,False
ALNS-B,Example6,6,2,23,31.311,0.533,repair,repair_gecode_fast,2.0,2.0,0.0,False,False,False
ALNS-B,Example6,6,2,24,31.807,0.496,destroy,destroy_all_forbidden_sequences,2.0,2.0,0.0,False,False,False
ALNS-B,Example6,6,2,24,31.807,0.496,repair,repair_chuffed_fast,2.0,2.0,0.0,False,False,False
ALNS-B,Example6,6,2,25,32.344,0.538,destroy,destroy_all_forbidden_sequences,2.0,2.0,0.0,False,False,False
ALNS-B,Example6,6,2,25,32.344,0.538,repair,repair_gecode_long,2.0,2.0,0.0,False,False,False
ALNS-B,Example6,6,2,26,32.862,0.518,destroy,destroy_max_border_shift_1,2.0,2.0,0.0,False,False,False
ALNS-B,Example6,6,2,26,32.862,0.518,repair,repair_gecode_fast,2.0,2.0,0.0,False,False,False
ALNS-B,Example6,6,2,27,33.41,0.548,destroy,destroy_all_forbidden_sequences,2.0,2.0,0.0,False,False,False
ALNS-B,Example6,6,2,27,33.41,0.548,repair,repair_gecode_long,2.0,2.0,0.0,False,False,False
ALNS-B,Example6,6,2,28,33.943,0.534,destroy,destroy_all_forbidden_sequences,2.0,2.0,0.0,False,False,False
ALNS-B,Example6,6,2,28,33.943,0.534,repair,repair_gecode_fast,2.0,2.0,0.0,False,False,False
ALNS-B,Example6,6,2,29,34.458,0.515,destroy,destroy_exploration,2.0,2.0,0.0,False,False,True
ALNS-B,Example6,6,2,29,34.458,0.515,repair,repair_exploration,2.0,2.0,0.0,False,False,True
ALNS-B,Example6,6,2,30,35.071,0.613,destroy,destroy_exploration,2.0,1.0,-1.0,True,False,True
ALNS-B,Example6,6,2,30,35.071,0.613,repair,repair_exploration,2.0,1.0,-1.0,True,False,True
ALNS-B,Example6,6,2,31,35.669,0.598,destroy,destroy_worst_days_10pct,1.0,1.0,0.0,False,False,False
ALNS-B,Example6,6,2,31,35.669,0.598,repair,repair_gecode_long,1.0,1.0,0.0,False,False,False
ALNS-B,Example6,6,2,32,36.23,0.561,destroy,destroy_worst_days_10pct,1.0,1.0,0.0,False,False,False
ALNS-B,Example6,6,2,32,36.23,0.561,repair,repair_gecode_fast,1.0,1.0,0.0,False,False,False
ALNS-B,Example6,6,2,33,42.413,6.183,destroy,destroy_streak_around_worst_worker,1.0,1.0,0.0,False,False,False
ALNS-B,Example6,6,2,33,42.413,6.183,repair,repair_gecode_fast,1.0,1.0,0.0,False,False,False
ALNS-B,Example6,6,2,34,42.93,0.516,destroy,destroy_max_border_shift_3,1.0,1.0,0.0,False,False,False
ALNS-B,Example6,6,2,34,42.93,0.516,repair,repair_gecode_fast,1.0,1.0,0.0,False,False,False
ALNS-B,Example6,6,2,35,43.449,0.52,destroy,destroy_all_forbidden_sequences,1.0,1.0,0.0,False,False,False
ALNS-B,Example6,6,2,35,43.449,0.52,repair,repair_gecode_long,1.0,1.0,0.0,False,False,False
ALNS-B,Example6,6,2,36,44.102,0.652,destroy,destroy_streak_around_worst_worker,1.0,1.0,0.0,False,False,False
ALNS-B,Example6,6,2,36,44.102,0.652,repair,repair_chuffed_fast,1.0,1.0,0.0,False,False,False
ALNS-B,Example6,6,2,37,44.746,0.644,destroy,destroy_streak_around_worst_worker,1.0,1.0,0.0,False,False,False
ALNS-B,Example6,6,2,37,44.746,0.644,repair,repair_gecode_long,1.0,1.0,0.0,False,False,False
ALNS-B,Example6,6,2,38,45.221,0.475,destroy,destroy_all_forbidden_sequences,1.0,1.0,0.0,False,False,False
ALNS-B,Example6,6,2,38,45.221,0.475,repair,repair_chuffed_long,1.0,1.0,0.0,False,False,False
ALNS-B,Example6,6,2,39,46.463,1.242,destroy,destroy_streak_around_worst_worker,1.0,1.0,0.0,False,False,False
ALNS-B,Example6,6,2,39,46.463,1.242,repair,repair_chuffed_long,1.0,1.0,0.0,False,False,False
ALNS-B,Example6,6,2,40,47.045,0.582,destroy,destroy_worst_days_10pct,1.0,1.0,0.0,False,False,False
ALNS-B,Example6,6,2,40,47.045,0.582,repair,repair_gecode_fast,1.0,1.0,0.0,False,False,False
ALNS-B,Example6,6,2,41,47.647,0.602,destroy,destroy_exploration,1.0,1.0,0.0,False,False,True
ALNS-B,Example6,6,2,41,47.647,0.602,repair,repair_exploration,1.0,1.0,0.0,False,False,True
ALNS-B,Example6,6,2,42,48.39,0.743,destroy,destroy_exploration,1.0,1.0,0.0,False,False,True
ALNS-B,Example6,6,2,42,48.39,0.743,repair,repair_exploration,1.0,1.0,0.0,False,False,True
ALNS-B,Example6,6,2,43,48.997,0.607,destroy,destroy_worst_days_10pct,1.0,1.0,0.0,False,False,False
ALNS-B,Example6,6,2,43,48.997,0.607,repair,repair_chuffed_fast,1.0,1.0,0.0,False,False,False
ALNS-B,Example6,6,2,44,49.481,0.485,destroy,destroy_all_forbidden_sequences,1.0,1.0,0.0,False,False,False
ALNS-B,Example6,6,2,44,49.481,0.485,repair,repair_chuffed_fast,1.0,1.0,0.0,False,False,False
ALNS-B,Example6,6,2,45,50.193,0.712,destroy,destroy_streak_around_worst_worker,1.0,1.0,0.0,False,False,False
ALNS-B,Example6,6,2,45,50.193,0.712,repair,repair_gecode_long,1.0,1.0,0.0,False,False,False
ALNS-B,Example6,6,2,46,56.616,6.423,destroy,destroy_streak_around_worst_worker,1.0,11.0,10.0,False,False,False
ALNS-B,Example6,6,2,46,56.616,6.423,repair,repair_gecode_fast,1.0,11.0,10.0,False,False,False
ALNS-B,Example6,6,2,47,57.199,0.583,destroy,destroy_worst_days_10pct,1.0,1.0,0.0,False,False,False
ALNS-B,Example6,6,2,47,57.199,0.583,repair,repair_chuffed_long,1.0,1.0,0.0,False,False,False
ALNS-B,Example6,6,2,48,63.621,6.422,destroy,destroy_streak_around_worst_worker,1.0,11.0,10.0,False,False,False
ALNS-B,Example6,6,2,48,63.621,6.422,repair,repair_gecode_fast,1.0,11.0,10.0,False,False,False
ALNS-B,Example6,6,2,49,64.2,0.579,destroy,destroy_worst_workers_10pct,1.0,1.0,0.0,False,False,False
ALNS-B,Example6,6,2,49,64.2,0.579,repair,repair_gecode_fast,1.0,1.0,0.0,False,False,False
ALNS-B,Example6,6,2,50,64.686,0.486,destroy,destroy_all_forbidden_sequences,1.0,1.0,0.0,False,False,False
ALNS-B,Example6,6,2,50,64.686,0.486,repair,repair_chuffed_long,1.0,1.0,0.0,False,False,False
ALNS-B,Example6,6,2,51,65.246,0.559,destroy,destroy_exploration,1.0,1.0,0.0,False,False,True
ALNS-B,Example6,6,2,51,65.246,0.559,repair,repair_exploration,1.0,1.0,0.0,False,False,True
ALNS-B,Example6,6,2,52,65.835,0.589,destroy,destroy_exploration,1.0,1.0,0.0,False,False,True
ALNS-B,Example6,6,2,52,65.835,0.589,repair,repair_exploration,1.0,1.0,0.0,False,False,True
ALNS-B,Example6,6,2,53,66.398,0.563,destroy,destroy_worst_days_10pct,1.0,1.0,0.0,False,False,False
ALNS-B,Example6,6,2,53,66.398,0.563,repair,repair_chuffed_fast,1.0,1.0,0.0,False,False,False
ALNS-B,Example6,6,2,54,66.987,0.588,destroy,destroy_worst_days_10pct,1.0,1.0,0.0,False,False,False
ALNS-B,Example6,6,2,54,66.987,0.588,repair,repair_chuffed_long,1.0,1.0,0.0,False,False,False
ALNS-B,Example6,6,2,55,67.516,0.53,destroy,destroy_all_forbidden_sequences,1.0,1.0,0.0,False,False,False
ALNS-B,Example6,6,2,55,67.516,0.53,repair,repair_gecode_long,1.0,1.0,0.0,False,False,False
ALNS-B,Example6,6,2,56,68.089,0.573,destroy,destroy_worst_workers_10pct,1.0,1.0,0.0,False,False,False
ALNS-B,Example6,6,2,56,68.089,0.573,repair,repair_chuffed_fast,1.0,1.0,0.0,False,False,False
ALNS-B,Example6,6,2,57,68.683,0.594,destroy,destroy_worst_days_10pct,1.0,1.0,0.0,False,False,False
ALNS-B,Example6,6,2,57,68.683,0.594,repair,repair_chuffed_fast,1.0,1.0,0.0,False,False,False
ALNS-B,Example6,6,2,58,69.196,0.513,destroy,destroy_all_forbidden_sequences,1.0,1.0,0.0,False,False,False
ALNS-B,Example6,6,2,58,69.196,0.513,repair,repair_gecode_fast,1.0,1.0,0.0,False,False,False
ALNS-B,Example6,6,2,59,69.737,0.541,destroy,destroy_worst_days_10pct,1.0,1.0,0.0,False,False,False
ALNS-B,Example6,6,2,59,69.737,0.541,repair,repair_chuffed_long,1.0,1.0,0.0,False,False,False
ALNS-B,Example6,6,2,60,70.208,0.471,destroy,destroy_max_border_shift_1,1.0,1.0,0.0,False,False,False
ALNS-B,Example6,6,2,60,70.208,0.471,repair,repair_chuffed_fast,1.0,1.0,0.0,False,False,False
ALNS-B,Example6,6,2,61,70.872,0.663,destroy,destroy_exploration,1.0,1.0,0.0,False,False,True
ALNS-B,Example6,6,2,61,70.872,0.663,repair,repair_exploration,1.0,1.0,0.0,False,False,True
ALNS-B,Example6,6,2,62,71.394,0.523,destroy,destroy_exploration,1.0,1.0,0.0,False,False,True
ALNS-B,Example6,6,2,62,71.394,0.523,repair,repair_exploration,1.0,1.0,0.0,False,False,True
ALNS-B,Example6,6,2,63,77.857,6.462,destroy,destroy_streak_around_worst_worker,1.0,11.0,10.0,False,False,False
ALNS-B,Example6,6,2,63,77.857,6.462,repair,repair_chuffed_fast,1.0,11.0,10.0,False,False,False
ALNS-B,Example6,6,2,64,78.415,0.559,destroy,destroy_worst_days_10pct,1.0,1.0,0.0,False,False,False
ALNS-B,Example6,6,2,64,78.415,0.559,repair,repair_chuffed_fast,1.0,1.0,0.0,False,False,False
ALNS-B,Example6,6,2,65,78.979,0.564,destroy,destroy_worst_days_10pct,1.0,1.0,0.0,False,False,False
ALNS-B,Example6,6,2,65,78.979,0.564,repair,repair_chuffed_fast,1.0,1.0,0.0,False,False,False
ALNS-B,Example6,6,2,66,79.495,0.516,destroy,destroy_max_border_shift_2,1.0,1.0,0.0,False,False,False
ALNS-B,Example6,6,2,66,79.495,0.516,repair,repair_gecode_fast,1.0,1.0,0.0,False,False,False
ALNS-B,Example6,6,2,67,79.961,0.466,destroy,destroy_all_forbidden_sequences,1.0,1.0,0.0,False,False,False
ALNS-B,Example6,6,2,67,79.961,0.466,repair,repair_chuffed_long,1.0,1.0,0.0,False,False,False
ALNS-B,Example6,6,2,68,80.44,0.479,destroy,destroy_all_forbidden_sequences,1.0,1.0,0.0,False,False,False
ALNS-B,Example6,6,2,68,80.44,0.479,repair,repair_chuffed_long,1.0,1.0,0.0,False,False,False
ALNS-B,Example6,6,2,69,81.021,0.581,destroy,destroy_worst_days_10pct,1.0,1.0,0.0,False,False,False
ALNS-B,Example6,6,2,69,81.021,0.581,repair,repair_chuffed_fast,1.0,1.0,0.0,False,False,False
ALNS-B,Example6,6,2,70,81.584,0.563,destroy,destroy_worst_days_10pct,1.0,1.0,0.0,False,False,False
ALNS-B,Example6,6,2,70,81.584,0.563,repair,repair_gecode_long,1.0,1.0,0.0,False,False,False
ALNS-B,Example6,6,2,71,82.121,0.537,destroy,destroy_exploration,1.0,1.0,0.0,False,False,True
ALNS-B,Example6,6,2,71,82.121,0.537,repair,repair_exploration,1.0,1.0,0.0,False,False,True
ALNS-B,Example6,6,2,72,82.743,0.621,destroy,destroy_exploration,1.0,1.0,0.0,False,False,True
ALNS-B,Example6,6,2,72,82.743,0.621,repair,repair_exploration,1.0,1.0,0.0,False,False,True
ALNS-B,Example6,6,2,73,83.294,0.551,destroy,destroy_worst_days_10pct,1.0,1.0,0.0,False,False,False
ALNS-B,Example6,6,2,73,83.294,0.551,repair,repair_chuffed_long,1.0,1.0,0.0,False,False,False
ALNS-B,Example6,6,2,74,89.732,6.438,destroy,destroy_streak_around_worst_worker,1.0,11.0,10.0,False,False,False
ALNS-B,Example6,6,2,74,89.732,6.438,repair,repair_chuffed_fast,1.0,11.0,10.0,False,False,False
ALNS-B,Example6,6,2,75,90.31,0.578,destroy,destroy_worst_days_10pct,1.0,1.0,0.0,False,False,False
ALNS-B,Example6,6,2,75,90.31,0.578,repair,repair_chuffed_fast,1.0,1.0,0.0,False,False,False
ALNS-B,Example6,6,2,76,91.017,0.707,destroy,destroy_streak_around_worst_worker,1.0,1.0,0.0,False,False,False
ALNS-B,Example6,6,2,76,91.017,0.707,repair,repair_gecode_long,1.0,1.0,0.0,False,False,False
ALNS-B,Example6,6,2,77,91.566,0.548,destroy,destroy_worst_days_10pct,1.0,1.0,0.0,False,False,False
ALNS-B,Example6,6,2,77,91.566,0.548,repair,repair_chuffed_long,1.0,1.0,0.0,False,False,False
ALNS-B,Example6,6,2,78,97.986,6.421,destroy,destroy_streak_around_worst_worker,1.0,11.0,10.0,False,False,False
ALNS-B,Example6,6,2,78,97.986,6.421,repair,repair_gecode_fast,1.0,11.0,10.0,False,False,False
ALNS-B,Example6,6,2,79,110.155,12.169,destroy,destroy_streak_around_worst_worker,1.0,1.0,0.0,False,False,False
ALNS-B,Example6,6,2,79,110.155,12.169,repair,repair_chuffed_long,1.0,1.0,0.0,False,False,False
ALNS-B,Example6,6,2,80,110.629,0.474,destroy,destroy_all_forbidden_sequences,1.0,1.0,0.0,False,False,False
ALNS-B,Example6,6,2,80,110.629,0.474,repair,repair_chuffed_fast,1.0,1.0,0.0,False,False,False
ALNS-B,Example6,6,2,81,111.191,0.562,destroy,destroy_exploration,1.0,1.0,0.0,False,False,True
ALNS-B,Example6,6,2,81,111.191,0.562,repair,repair_exploration,1.0,1.0,0.0,False,False,True
ALNS-B,Example6,6,2,82,111.968,0.777,destroy,destroy_exploration,1.0,1.0,0.0,False,False,True
ALNS-B,Example6,6,2,82,111.968,0.777,repair,repair_exploration,1.0,1.0,0.0,False,False,True
ALNS-B,Example6,6,2,83,112.546,0.579,destroy,destroy_worst_days_10pct,1.0,1.0,0.0,False,False,False
ALNS-B,Example6,6,2,83,112.546,0.579,repair,repair_gecode_fast,1.0,1.0,0.0,False,False,False
ALNS-B,Example6,6,2,84,113.832,1.286,destroy,destroy_streak_around_worst_worker,1.0,1.0,0.0,False,False,False
ALNS-B,Example6,6,2,84,113.832,1.286,repair,repair_chuffed_long,1.0,1.0,0.0,False,False,False
ALNS-B,Example6,6,2,85,115.499,1.666,destroy,destroy_streak_around_worst_worker,1.0,1.0,0.0,False,False,False
ALNS-B,Example6,6,2,85,115.499,1.666,repair,repair_gecode_fast,1.0,1.0,0.0,False,False,False
ALNS-B,Example6,6,2,86,116.152,0.653,destroy,destroy_max_border_off,1.0,1.0,0.0,False,False,False
ALNS-B,Example6,6,2,86,116.152,0.653,repair,repair_gecode_long,1.0,1.0,0.0,False,False,False
ALNS-B,Example6,6,2,87,117.16,1.009,destroy,destroy_worst_days_10pct,1.0,1.0,0.0,False,False,False
ALNS-B,Example6,6,2,87,117.16,1.009,repair,repair_chuffed_fast,1.0,1.0,0.0,False,False,False
ALNS-B,Example6,6,2,88,117.974,0.813,destroy,destroy_worst_days_10pct,1.0,1.0,0.0,False,False,False
ALNS-B,Example6,6,2,88,117.974,0.813,repair,repair_gecode_fast,1.0,1.0,0.0,False,False,False
ALNS-B,Example6,6,2,89,118.749,0.775,destroy,destroy_max_border_work,1.0,1.0,0.0,False,False,False
ALNS-B,Example6,6,2,89,118.749,0.775,repair,repair_chuffed_long,1.0,1.0,0.0,False,False,False
ALNS-B,Example6,6,2,90,135.963,17.214,destroy,destroy_streak_around_worst_worker,1.0,1.0,0.0,False,False,False
ALNS-B,Example6,6,2,90,135.963,17.214,repair,repair_chuffed_long,1.0,1.0,0.0,False,False,False
ALNS-B,Example6,6,2,91,136.7,0.737,destroy,destroy_exploration,1.0,1.0,0.0,False,False,True
ALNS-B,Example6,6,2,91,136.7,0.737,repair,repair_exploration,1.0,1.0,0.0,False,False,True
ALNS-B,Example6,6,2,92,137.397,0.697,destroy,destroy_exploration,1.0,1.0,0.0,False,False,True
ALNS-B,Example6,6,2,92,137.397,0.697,repair,repair_exploration,1.0,1.0,0.0,False,False,True
ALNS-B,Example6,6,2,93,138.158,0.761,destroy,destroy_worst_days_10pct,1.0,1.0,0.0,False,False,False
ALNS-B,Example6,6,2,93,138.158,0.761,repair,repair_gecode_fast,1.0,1.0,0.0,False,False,False
ALNS-B,Example6,6,2,94,138.875,0.717,destroy,destroy_worst_days_10pct,1.0,1.0,0.0,False,False,False
ALNS-B,Example6,6,2,94,138.875,0.717,repair,repair_gecode_fast,1.0,1.0,0.0,False,False,False
ALNS-B,Example6,6,2,95,139.498,0.623,destroy,destroy_worst_days_10pct,1.0,1.0,0.0,False,False,False
ALNS-B,Example6,6,2,95,139.498,0.623,repair,repair_chuffed_long,1.0,1.0,0.0,False,False,False
ALNS-B,Example6,6,2,96,140.059,0.561,destroy,destroy_max_border_shift_2,1.0,1.0,0.0,False,False,False
ALNS-B,Example6,6,2,96,140.059,0.561,repair,repair_gecode_fast,1.0,1.0,0.0,False,False,False
ALNS-B,Example6,6,2,97,140.668,0.61,destroy,destroy_worst_workers_10pct,1.0,1.0,0.0,False,False,False
ALNS-B,Example6,6,2,97,140.668,0.61,repair,repair_gecode_fast,1.0,1.0,0.0,False,False,False
ALNS-B,Example6,6,2,98,141.302,0.634,destroy,destroy_worst_workers_10pct,1.0,1.0,0.0,False,False,False
ALNS-B,Example6,6,2,98,141.302,0.634,repair,repair_chuffed_fast,1.0,1.0,0.0,False,False,False
ALNS-B,Example6,6,2,99,141.963,0.66,destroy,destroy_worst_days_10pct,1.0,1.0,0.0,False,False,False
ALNS-B,Example6,6,2,99,141.963,0.66,repair,repair_chuffed_long,1.0,1.0,0.0,False,False,False
ALNS-B,Example6,6,2,100,142.62,0.657,destroy,destroy_worst_days_10pct,1.0,1.0,0.0,False,False,False
ALNS-B,Example6,6,2,100,142.62,0.657,repair,repair_gecode_fast,1.0,1.0,0.0,False,False,False
ALNS-B,Example6,6,2,101,143.223,0.603,destroy,destroy_exploration,1.0,1.0,0.0,False,False,True
ALNS-B,Example6,6,2,101,143.223,0.603,repair,repair_exploration,1.0,1.0,0.0,False,False,True
ALNS-B,Example6,6,2,102,143.811,0.588,destroy,destroy_exploration,1.0,1.0,0.0,False,False,True
ALNS-B,Example6,6,2,102,143.811,0.588,repair,repair_exploration,1.0,1.0,0.0,False,False,True
ALNS-B,Example6,6,2,103,144.41,0.599,destroy,destroy_worst_workers_10pct,1.0,1.0,0.0,False,False,False
ALNS-B,Example6,6,2,103,144.41,0.599,repair,repair_gecode_fast,1.0,1.0,0.0,False,False,False
ALNS-B,Example6,6,2,104,145.018,0.608,destroy,destroy_worst_days_10pct,1.0,1.0,0.0,False,False,False
ALNS-B,Example6,6,2,104,145.018,0.608,repair,repair_gecode_fast,1.0,1.0,0.0,False,False,False
ALNS-B,Example6,6,2,105,145.601,0.584,destroy,destroy_worst_days_10pct,1.0,1.0,0.0,False,False,False
ALNS-B,Example6,6,2,105,145.601,0.584,repair,repair_chuffed_long,1.0,1.0,0.0,False,False,False
ALNS-B,Example6,6,2,106,146.233,0.631,destroy,destroy_streak_around_worst_worker,1.0,1.0,0.0,False,False,False
ALNS-B,Example6,6,2,106,146.233,0.631,repair,repair_gecode_long,1.0,1.0,0.0,False,False,False
ALNS-B,Example6,6,2,107,146.809,0.577,destroy,destroy_worst_workers_10pct,1.0,1.0,0.0,False,False,False
ALNS-B,Example6,6,2,107,146.809,0.577,repair,repair_chuffed_long,1.0,1.0,0.0,False,False,False
ALNS-B,Example6,6,2,108,147.341,0.532,destroy,destroy_all_forbidden_sequences,1.0,1.0,0.0,False,False,False
ALNS-B,Example6,6,2,108,147.341,0.532,repair,repair_gecode_long,1.0,1.0,0.0,False,False,False
ALNS-B,Example6,6,2,109,148.102,0.761,destroy,destroy_streak_around_worst_worker,1.0,1.0,0.0,False,False,False
ALNS-B,Example6,6,2,109,148.102,0.761,repair,repair_gecode_fast,1.0,1.0,0.0,False,False,False
ALNS-B,Example6,6,2,110,148.654,0.551,destroy,destroy_all_forbidden_sequences,1.0,1.0,0.0,False,False,False
ALNS-B,Example6,6,2,110,148.654,0.551,repair,repair_gecode_long,1.0,1.0,0.0,False,False,False
ALNS-B,Example6,6,2,111,149.831,1.177,destroy,destroy_exploration,1.0,1.0,0.0,False,False,True
ALNS-B,Example6,6,2,111,149.831,1.177,repair,repair_exploration,1.0,1.0,0.0,False,False,True
ALNS-B,Example6,6,2,112,150.676,0.846,destroy,destroy_exploration,1.0,1.0,0.0,False,False,True
ALNS-B,Example6,6,2,112,150.676,0.846,repair,repair_exploration,1.0,1.0,0.0,False,False,True
ALNS-B,Example6,6,2,113,157.166,6.49,destroy,destroy_streak_around_worst_worker,1.0,11.0,10.0,False,False,False
ALNS-B,Example6,6,2,113,157.166,6.49,repair,repair_chuffed_fast,1.0,11.0,10.0,False,False,False
ALNS-B,Example6,6,2,114,157.788,0.622,destroy,destroy_worst_days_10pct,1.0,1.0,0.0,False,False,False
ALNS-B,Example6,6,2,114,157.788,0.622,repair,repair_chuffed_fast,1.0,1.0,0.0,False,False,False
ALNS-B,Example6,6,2,115,158.394,0.606,destroy,destroy_worst_days_10pct,1.0,1.0,0.0,False,False,False
ALNS-B,Example6,6,2,115,158.394,0.606,repair,repair_gecode_fast,1.0,1.0,0.0,False,False,False
ALNS-B,Example6,6,2,116,159.705,1.311,destroy,destroy_streak_around_worst_worker,1.0,1.0,0.0,False,False,False
ALNS-B,Example6,6,2,116,159.705,1.311,repair,repair_chuffed_long,1.0,1.0,0.0,False,False,False
ALNS-B,Example6,6,2,117,161.89,2.185,destroy,destroy_streak_around_worst_worker,1.0,1.0,0.0,False,False,False
ALNS-B,Example6,6,2,117,161.89,2.185,repair,repair_chuffed_long,1.0,1.0,0.0,False,False,False
ALNS-B,Example6,6,2,118,162.923,1.033,destroy,destroy_streak_around_worst_worker,1.0,1.0,0.0,False,False,False
ALNS-B,Example6,6,2,118,162.923,1.033,repair,repair_gecode_fast,1.0,1.0,0.0,False,False,False
ALNS-B,Example6,6,2,119,163.834,0.911,destroy,destroy_streak_around_worst_worker,1.0,1.0,0.0,False,False,False
ALNS-B,Example6,6,2,119,163.834,0.911,repair,repair_chuffed_long,1.0,1.0,0.0,False,False,False
ALNS-B,Example6,6,2,120,177.739,13.905,destroy,destroy_streak_around_worst_worker,1.0,1.0,0.0,False,False,False
ALNS-B,Example6,6,2,120,177.739,13.905,repair,repair_chuffed_long,1.0,1.0,0.0,False,False,False
ALNS-B,Example6,6,2,121,178.399,0.66,destroy,destroy_exploration,1.0,1.0,0.0,False,False,True
ALNS-B,Example6,6,2,121,178.399,0.66,repair,repair_exploration,1.0,1.0,0.0,False,False,True
ALNS-B,Example6,6,2,122,180.28,1.88,destroy,destroy_exploration,1.0,1.0,0.0,False,False,True
ALNS-B,Example6,6,2,122,180.28,1.88,repair,repair_exploration,1.0,1.0,0.0,False,False,True
ALNS-B,Example7,7,0,1,16.677,16.677,destroy,destroy_max_border_off,inf,416.0,nan,True,False,False
ALNS-B,Example7,7,0,1,16.677,16.677,repair,repair_chuffed_long,inf,416.0,nan,True,False,False
ALNS-B,Example7,7,0,2,20.405,3.728,destroy,destroy_random_window_20pct,416.0,164.0,-252.0,True,False,False
ALNS-B,Example7,7,0,2,20.405,3.728,repair,repair_gecode_fast,416.0,164.0,-252.0,True,False,False
ALNS-B,Example7,7,0,3,36.953,16.548,destroy,destroy_random_window_20pct,164.0,244.0,80.0,False,False,False
ALNS-B,Example7,7,0,3,36.953,16.548,repair,repair_chuffed_long,164.0,244.0,80.0,False,False,False
ALNS-B,Example7,7,0,4,40.55,3.597,destroy,destroy_worst_workers_30pct,164.0,202.0,38.0,False,False,False
ALNS-B,Example7,7,0,4,40.55,3.597,repair,repair_gecode_fast,164.0,202.0,38.0,False,False,False
ALNS-B,Example7,7,0,5,49.781,9.231,destroy,destroy_all_forbidden_sequences,164.0,121.0,-43.0,True,False,False
ALNS-B,Example7,7,0,5,49.781,9.231,repair,repair_chuffed_long,164.0,121.0,-43.0,True,False,False
ALNS-B,Example7,7,0,6,65.645,15.865,destroy,destroy_random_window_20pct,121.0,328.0,207.0,False,False,False
ALNS-B,Example7,7,0,6,65.645,15.865,repair,repair_chuffed_long,121.0,328.0,207.0,False,False,False
ALNS-B,Example7,7,0,7,69.156,3.511,destroy,destroy_random_workers_20pct,121.0,162.0,41.0,False,False,False
ALNS-B,Example7,7,0,7,69.156,3.511,repair,repair_gecode_fast,121.0,162.0,41.0,False,False,False
ALNS-B,Example7,7,0,8,73.171,4.015,destroy,destroy_random_workers_20pct,121.0,120.0,-1.0,True,False,False
ALNS-B,Example7,7,0,8,73.171,4.015,repair,repair_chuffed_fast,121.0,120.0,-1.0,True,False,False
ALNS-B,Example7,7,0,9,77.641,4.47,destroy,destroy_worst_workers_30pct,120.0,157.0,37.0,False,False,False
ALNS-B,Example7,7,0,9,77.641,4.47,repair,repair_chuffed_fast,120.0,157.0,37.0,False,False,False
ALNS-B,Example7,7,0,10,81.84,4.199,destroy,destroy_random_window_20pct,120.0,333.0,213.0,False,False,False
ALNS-B,Example7,7,0,10,81.84,4.199,repair,repair_chuffed_fast,120.0,333.0,213.0,False,False,False
ALNS-B,Example7,7,0,11,97.382,15.542,destroy,destroy_max_border_off,120.0,83.0,-37.0,True,False,False
ALNS-B,Example7,7,0,11,97.382,15.542,repair,repair_gecode_long,120.0,83.0,-37.0,True,False,False
ALNS-B,Example7,7,0,12,99.544,2.162,destroy,destroy_all_forbidden_sequences,83.0,83.0,0.0,True,False,False
ALNS-B,Example7,7,0,12,99.544,2.162,repair,repair_chuffed_fast,83.0,83.0,0.0,True,False,False
ALNS-B,Example7,7,0,13,103.644,4.1,destroy,destroy_random_workers_20pct,83.0,114.0,31.0,False,False,False
ALNS-B,Example7,7,0,13,103.644,4.1,repair,repair_gecode_fast,83.0,114.0,31.0,False,False,False
ALNS-B,Example7,7,0,14,108.351,4.707,destroy,destroy_random_workers_20pct,83.0,119.0,36.0,False,False,False
ALNS-B,Example7,7,0,14,108.351,4.707,repair,repair_chuffed_fast,83.0,119.0,36.0,False,False,False
ALNS-B,Example7,7,0,15,125.061,16.71,destroy,destroy_random_workers_20pct,83.0,105.0,22.0,False,False,False
ALNS-B,Example7,7,0,15,125.061,16.71,repair,repair_chuffed_long,83.0,105.0,22.0,False,False,False
ALNS-B,Example7,7,0,16,141.896,16.835,destroy,destroy_random_window_20pct,83.0,633.0,550.0,False,False,False
ALNS-B,Example7,7,0,16,141.896,16.835,repair,repair_chuffed_long,83.0,633.0,550.0,False,False,False
ALNS-B,Example7,7,0,17,146.539,4.643,destroy,destroy_streak_around_worst_worker,83.0,203.0,120.0,False,False,False
ALNS-B,Example7,7,0,17,146.539,4.643,repair,repair_chuffed_fast,83.0,203.0,120.0,False,False,False
ALNS-B,Example7,7,0,18,151.219,4.68,destroy,destroy_random_window_20pct,83.0,141.0,58.0,False,False,False
ALNS-B,Example7,7,0,18,151.219,4.68,repair,repair_chuffed_fast,83.0,141.0,58.0,False,False,False
ALNS-B,Example7,7,0,19,168.017,16.797,destroy,destroy_random_window_20pct,83.0,190.0,107.0,False,False,False
ALNS-B,Example7,7,0,19,168.017,16.797,repair,repair_chuffed_long,83.0,190.0,107.0,False,False,False
ALNS-B,Example7,7,0,20,172.564,4.547,destroy,destroy_random_workers_20pct,83.0,111.0,28.0,False,False,False
ALNS-B,Example7,7,0,20,172.564,4.547,repair,repair_chuffed_fast,83.0,111.0,28.0,False,False,False
ALNS-B,Example7,7,0,21,177.592,5.028,destroy,destroy_streak_around_worst_worker,83.0,83.0,0.0,False,True,False
ALNS-B,Example7,7,0,21,177.592,5.028,repair,repair_chuffed_fast,83.0,83.0,0.0,False,True,False
ALNS-B,Example7,7,0,22,229.11,51.517,destroy,destroy_exploration,83.0,131.0,48.0,False,False,True
ALNS-B,Example7,7,0,22,229.11,51.517,repair,repair_exploration,83.0,131.0,48.0,False,False,True
ALNS-B,Example7,7,1,1,5.147,5.147,destroy,destroy_max_border_off,inf,420.0,nan,True,False,False
ALNS-B,Example7,7,1,1,5.147,5.147,repair,repair_chuffed_fast,inf,420.0,nan,True,False,False
ALNS-B,Example7,7,1,2,10.112,4.965,destroy,destroy_worst_workers_30pct,420.0,322.0,-98.0,True,False,False
ALNS-B,Example7,7,1,2,10.112,4.965,repair,repair_chuffed_fast,420.0,322.0,-98.0,True,False,False
ALNS-B,Example7,7,1,3,14.736,4.623,destroy,destroy_max_border_off,322.0,305.0,-17.0,True,False,False
ALNS-B,Example7,7,1,3,14.736,4.623,repair,repair_chuffed_fast,322.0,305.0,-17.0,True,False,False
ALNS-B,Example7,7,1,4,19.271,4.535,destroy,destroy_random_window_20pct,305.0,399.0,94.0,False,False,False
ALNS-B,Example7,7,1,4,19.271,4.535,repair,repair_chuffed_fast,305.0,399.0,94.0,False,False,False
ALNS-B,Example7,7,1,5,23.116,3.845,destroy,destroy_random_window_20pct,305.0,272.0,-33.0,True,False,False
ALNS-B,Example7,7,1,5,23.116,3.845,repair,repair_chuffed_fast,305.0,272.0,-33.0,True,False,False
ALNS-B,Example7,7,1,6,27.237,4.121,destroy,destroy_random_window_20pct,272.0,302.0,30.0,False,False,False
ALNS-B,Example7,7,1,6,27.237,4.121,repair,repair_chuffed_fast,272.0,302.0,30.0,False,False,False
ALNS-B,Example7,7,1,7,28.17,0.933,destroy,destroy_all_forbidden_sequences,272.0,269.0,-3.0,True,False,False
ALNS-B,Example7,7,1,7,28.17,0.933,repair,repair_chuffed_fast,272.0,269.0,-3.0,True,False,False
ALNS-B,Example7,7,1,8,32.122,3.952,destroy,destroy_random_window_20pct,269.0,312.0,43.0,False,False,False
ALNS-B,Example7,7,1,8,32.122,3.952,repair,repair_chuffed_fast,269.0,312.0,43.0,False,False,False
ALNS-B,Example7,7,1,9,36.141,4.019,destroy,destroy_random_window_20pct,269.0,392.0,123.0,False,False,False
ALNS-B,Example7,7,1,9,36.141,4.019,repair,repair_gecode_fast,269.0,392.0,123.0,False,False,False
ALNS-B,Example7,7,1,10,40.521,4.38,destroy,destroy_random_window_20pct,269.0,261.0,-8.0,True,False,False
ALNS-B,Example7,7,1,10,40.521,4.38,repair,repair_chuffed_fast,269.0,261.0,-8.0,True,False,False
ALNS-B,Example7,7,1,11,45.085,4.564,destroy,destroy_max_border_off,261.0,248.0,-13.0,True,False,False
ALNS-B,Example7,7,1,11,45.085,4.564,repair,repair_chuffed_fast,261.0,248.0,-13.0,True,False,False
ALNS-B,Example7,7,1,12,48.667,3.582,destroy,destroy_random_window_20pct,248.0,287.0,39.0,False,False,False
ALNS-B,Example7,7,1,12,48.667,3.582,repair,repair_gecode_fast,248.0,287.0,39.0,False,False,False
ALNS-B,Example7,7,1,13,53.093,4.425,destroy,destroy_random_window_20pct,248.0,347.0,99.0,False,False,False
ALNS-B,Example7,7,1,13,53.093,4.425,repair,repair_chuffed_fast,248.0,347.0,99.0,False,False,False
ALNS-B,Example7,7,1,14,57.104,4.011,destroy,destroy_random_window_20pct,248.0,259.0,11.0,False,False,False
ALNS-B,Example7,7,1,14,57.104,4.011,repair,repair_chuffed_fast,248.0,259.0,11.0,False,False,False
ALNS-B,Example7,7,1,15,61.215,4.111,destroy,destroy_random_window_20pct,248.0,292.0,44.0,False,False,False
ALNS-B,Example7,7,1,15,61.215,4.111,repair,repair_chuffed_fast,248.0,292.0,44.0,False,False,False
ALNS-B,Example7,7,1,16,65.145,3.93,destroy,destroy_random_workers_20pct,248.0,268.0,20.0,False,False,False
ALNS-B,Example7,7,1,16,65.145,3.93,repair,repair_chuffed_fast,248.0,268.0,20.0,False,False,False
ALNS-B,Example7,7,1,17,69.634,4.489,destroy,destroy_random_window_20pct,248.0,425.0,177.0,False,False,False
ALNS-B,Example7,7,1,17,69.634,4.489,repair,repair_chuffed_fast,248.0,425.0,177.0,False,False,False
ALNS-B,Example7,7,1,18,73.681,4.047,destroy,destroy_random_window_20pct,248.0,303.0,55.0,False,False,False
ALNS-B,Example7,7,1,18,73.681,4.047,repair,repair_chuffed_fast,248.0,303.0,55.0,False,False,False
ALNS-B,Example7,7,1,19,89.764,16.082,destroy,destroy_random_workers_20pct,248.0,252.0,4.0,True,False,False
ALNS-B,Example7,7,1,19,89.764,16.082,repair,repair_chuffed_long,248.0,252.0,4.0,True,False,False
ALNS-B,Example7,7,1,20,93.713,3.95,destroy,destroy_random_window_20pct,252.0,264.0,12.0,False,False,False
ALNS-B,Example7,7,1,20,93.713,3.95,repair,repair_chuffed_fast,252.0,264.0,12.0,False,False,False
ALNS-B,Example7,7,1,21,98.3,4.586,destroy,destroy_max_border_off,252.0,240.0,-12.0,True,False,False
ALNS-B,Example7,7,1,21,98.3,4.586,repair,repair_chuffed_fast,252.0,240.0,-12.0,True,False,False
ALNS-B,Example7,7,1,22,102.021,3.721,destroy,destroy_random_window_20pct,240.0,276.0,36.0,False,False,False
ALNS-B,Example7,7,1,22,102.021,3.721,repair,repair_gecode_fast,240.0,276.0,36.0,False,False,False
ALNS-B,Example7,7,1,23,117.903,15.882,destroy,destroy_random_window_20pct,240.0,227.0,-13.0,True,False,False
ALNS-B,Example7,7,1,23,117.903,15.882,repair,repair_chuffed_long,240.0,227.0,-13.0,True,False,False
ALNS-B,Example7,7,1,24,121.58,3.677,destroy,destroy_random_workers_20pct,227.0,253.0,26.0,False,False,False
ALNS-B,Example7,7,1,24,121.58,3.677,repair,repair_gecode_fast,227.0,253.0,26.0,False,False,False
ALNS-B,Example7,7,1,25,137.431,15.852,destroy,destroy_random_workers_20pct,227.0,235.0,8.0,False,False,False
ALNS-B,Example7,7,1,25,137.431,15.852,repair,repair_gecode_long,227.0,235.0,8.0,False,False,False
ALNS-B,Example7,7,1,26,141.222,3.79,destroy,destroy_random_window_20pct,227.0,255.0,28.0,False,False,False
ALNS-B,Example7,7,1,26,141.222,3.79,repair,repair_chuffed_fast,227.0,255.0,28.0,False,False,False
ALNS-B,Example7,7,1,27,145.223,4.001,destroy,destroy_random_window_20pct,227.0,281.0,54.0,False,False,False
ALNS-B,Example7,7,1,27,145.223,4.001,repair,repair_chuffed_fast,227.0,281.0,54.0,False,False,False
ALNS-B,Example7,7,1,28,149.476,4.253,destroy,destroy_random_window_20pct,227.0,284.0,57.0,False,False,False
ALNS-B,Example7,7,1,28,149.476,4.253,repair,repair_chuffed_fast,227.0,284.0,57.0,False,False,False
ALNS-B,Example7,7,1,29,153.778,4.302,destroy,destroy_random_workers_20pct,227.0,378.0,151.0,False,False,False
ALNS-B,Example7,7,1,29,153.778,4.302,repair,repair_chuffed_fast,227.0,378.0,151.0,False,False,False
ALNS-B,Example7,7,1,30,157.627,3.849,destroy,destroy_random_window_20pct,227.0,791.0,564.0,False,False,False
ALNS-B,Example7,7,1,30,157.627,3.849,repair,repair_gecode_fast,227.0,791.0,564.0,False,False,False
ALNS-B,Example7,7,1,31,161.359,3.732,destroy,destroy_random_window_20pct,227.0,273.0,46.0,False,False,False
ALNS-B,Example7,7,1,31,161.359,3.732,repair,repair_chuffed_fast,227.0,273.0,46.0,False,False,False
ALNS-B,Example7,7,1,32,164.982,3.622,destroy,destroy_max_border_off,227.0,202.0,-25.0,True,False,False
ALNS-B,Example7,7,1,32,164.982,3.622,repair,repair_gecode_fast,227.0,202.0,-25.0,True,False,False
ALNS-B,Example7,7,1,33,168.993,4.011,destroy,destroy_random_workers_20pct,202.0,210.0,8.0,False,False,False
ALNS-B,Example7,7,1,33,168.993,4.011,repair,repair_chuffed_fast,202.0,210.0,8.0,False,False,False
ALNS-B,Example7,7,1,34,172.514,3.522,destroy,destroy_random_window_20pct,202.0,271.0,69.0,False,False,False
ALNS-B,Example7,7,1,34,172.514,3.522,repair,repair_gecode_fast,202.0,271.0,69.0,False,False,False
ALNS-B,Example7,7,1,35,177.049,4.534,destroy,destroy_random_window_20pct,202.0,791.0,589.0,False,False,False
ALNS-B,Example7,7,1,35,177.049,4.534,repair,repair_chuffed_fast,202.0,791.0,589.0,False,False,False
ALNS-B,Example7,7,1,36,193.495,16.446,destroy,destroy_random_window_20pct,202.0,281.0,79.0,False,False,False
ALNS-B,Example7,7,1,36,193.495,16.446,repair,repair_chuffed_long,202.0,281.0,79.0,False,False,False
ALNS-B,Example7,7,2,1,2.839,2.839,destroy,destroy_worst_workers_10pct,inf,506.0,nan,True,False,False
ALNS-B,Example7,7,2,1,2.839,2.839,repair,repair_gecode_long,inf,506.0,nan,True,False,False
ALNS-B,Example7,7,2,2,7.545,4.706,destroy,destroy_max_border_off,506.0,415.0,-91.0,True,False,False
ALNS-B,Example7,7,2,2,7.545,4.706,repair,repair_chuffed_fast,506.0,415.0,-91.0,True,False,False
ALNS-B,Example7,7,2,3,11.167,3.622,destroy,destroy_all_forbidden_sequences,415.0,171.0,-244.0,True,False,False
ALNS-B,Example7,7,2,3,11.167,3.622,repair,repair_gecode_fast,415.0,171.0,-244.0,True,False,False
ALNS-B,Example7,7,2,4,26.734,15.567,destroy,destroy_streak_around_worst_worker,171.0,249.0,78.0,False,False,False
ALNS-B,Example7,7,2,4,26.734,15.567,repair,repair_gecode_long,171.0,249.0,78.0,False,False,False
ALNS-B,Example7,7,2,5,30.369,3.635,destroy,destroy_random_window_20pct,171.0,231.0,60.0,False,False,False
ALNS-B,Example7,7,2,5,30.369,3.635,repair,repair_gecode_fast,171.0,231.0,60.0,False,False,False
ALNS-B,Example7,7,2,6,33.939,3.57,destroy,destroy_random_window_20pct,171.0,298.0,127.0,False,False,False
ALNS-B,Example7,7,2,6,33.939,3.57,repair,repair_gecode_fast,171.0,298.0,127.0,False,False,False
ALNS-B,Example7,7,2,7,37.971,4.031,destroy,destroy_random_workers_20pct,171.0,140.0,-31.0,True,False,False
ALNS-B,Example7,7,2,7,37.971,4.031,repair,repair_chuffed_fast,171.0,140.0,-31.0,True,False,False
ALNS-B,Example7,7,2,8,53.59,15.619,destroy,destroy_random_window_20pct,140.0,184.0,44.0,False,False,False
ALNS-B,Example7,7,2,8,53.59,15.619,repair,repair_gecode_long,140.0,184.0,44.0,False,False,False
ALNS-B,Example7,7,2,9,58.054,4.464,destroy,destroy_streak_around_worst_worker,140.0,294.0,154.0,False,False,False
ALNS-B,Example7,7,2,9,58.054,4.464,repair,repair_chuffed_fast,140.0,294.0,154.0,False,False,False
ALNS-B,Example7,7,2,10,62.423,4.369,destroy,destroy_random_window_20pct,140.0,199.0,59.0,False,False,False
ALNS-B,Example7,7,2,10,62.423,4.369,repair,repair_chuffed_fast,140.0,199.0,59.0,False,False,False
ALNS-B,Example7,7,2,11,77.941,15.518,destroy,destroy_random_workers_20pct,140.0,138.0,-2.0,True,False,False
ALNS-B,Example7,7,2,11,77.941,15.518,repair,repair_gecode_long,140.0,138.0,-2.0,True,False,False
ALNS-B,Example7,7,2,12,81.98,4.039,destroy,destroy_random_workers_20pct,138.0,198.0,60.0,False,False,False
ALNS-B,Example7,7,2,12,81.98,4.039,repair,repair_chuffed_fast,138.0,198.0,60.0,False,False,False
ALNS-B,Example7,7,2,13,86.25,4.27,destroy,destroy_max_border_off,138.0,118.0,-20.0,True,False,False
ALNS-B,Example7,7,2,13,86.25,4.27,repair,repair_chuffed_fast,138.0,118.0,-20.0,True,False,False
ALNS-B,Example7,7,2,14,102.747,16.497,destroy,destroy_streak_around_worst_worker,118.0,348.0,230.0,False,False,False
ALNS-B,Example7,7,2,14,102.747,16.497,repair,repair_chuffed_long,118.0,348.0,230.0,False,False,False
ALNS-B,Example7,7,2,15,106.648,3.901,destroy,destroy_random_window_20pct,118.0,158.0,40.0,False,False,False
ALNS-B,Example7,7,2,15,106.648,3.901,repair,repair_chuffed_fast,118.0,158.0,40.0,False,False,False
ALNS-B,Example7,7,2,16,110.457,3.809,destroy,destroy_random_window_20pct,118.0,131.0,13.0,False,False,False
ALNS-B,Example7,7,2,16,110.457,3.809,repair,repair_chuffed_fast,118.0,131.0,13.0,False,False,False
ALNS-B,Example7,7,2,17,125.954,15.497,destroy,destroy_random_workers_20pct,118.0,151.0,33.0,False,False,False
ALNS-B,Example7,7,2,17,125.954,15.497,repair,repair_gecode_long,118.0,151.0,33.0,False,False,False
ALNS-B,Example7,7,2,18,129.557,3.603,destroy,destroy_random_window_20pct,118.0,157.0,39.0,False,False,False
ALNS-B,Example7,7,2,18,129.557,3.603,repair,repair_gecode_fast,118.0,157.0,39.0,False,False,False
ALNS-B,Example7,7,2,19,145.49,15.933,destroy,destroy_random_workers_20pct,118.0,179.0,61.0,False,False,False
ALNS-B,Example7,7,2,19,145.49,15.933,repair,repair_chuffed_long,118.0,179.0,61.0,False,False,False
ALNS-B,Example7,7,2,20,148.996,3.506,destroy,destroy_random_workers_20pct,118.0,132.0,14.0,False,False,False
ALNS-B,Example7,7,2,20,148.996,3.506,repair,repair_gecode_fast,118.0,132.0,14.0,False,False,False
ALNS-B,Example7,7,2,21,149.655,0.659,destroy,destroy_all_forbidden_sequences,118.0,114.0,-4.0,True,False,False
ALNS-B,Example7,7,2,21,149.655,0.659,repair,repair_gecode_fast,118.0,114.0,-4.0,True,False,False
ALNS-B,Example7,7,2,22,165.179,15.524,destroy,destroy_random_workers_20pct,114.0,152.0,38.0,False,False,False
ALNS-B,Example7,7,2,22,165.179,15.524,repair,repair_gecode_long,114.0,152.0,38.0,False,False,False
ALNS-B,Example7,7,2,23,166.078,0.899,destroy,destroy_max_border_shift_1,114.0,114.0,0.0,True,False,False
ALNS-B,Example7,7,2,23,166.078,0.899,repair,repair_chuffed_fast,114.0,114.0,0.0,True,False,False
ALNS-B,Example7,7,2,24,182.355,16.276,destroy,destroy_max_border_off,114.0,86.0,-28.0,True,False,False
ALNS-B,Example7,7,2,24,182.355,16.276,repair,repair_chuffed_long,114.0,86.0,-28.0,True,False,False
ALNS-B,Example8,8,0,1,1.33,1.33,destroy,destroy_max_border_off,inf,65.0,nan,True,False,False
ALNS-B,Example8,8,0,1,1.33,1.33,repair,repair_chuffed_long,inf,65.0,nan,True,False,False
ALNS-B,Example8,8,0,2,5.154,3.824,destroy,destroy_random_window_20pct,65.0,59.0,-6.0,True,False,False
ALNS-B,Example8,8,0,2,5.154,3.824,repair,repair_gecode_fast,65.0,59.0,-6.0,True,False,False
ALNS-B,Example8,8,0,3,9.089,3.934,destroy,destroy_worst_days_30pct,59.0,83.0,24.0,False,False,False
ALNS-B,Example8,8,0,3,9.089,3.934,repair,repair_gecode_fast,59.0,83.0,24.0,False,False,False
ALNS-B,Example8,8,0,4,12.745,3.657,destroy,destroy_random_days_20pct,59.0,64.0,5.0,False,False,False
ALNS-B,Example8,8,0,4,12.745,3.657,repair,repair_gecode_fast,59.0,64.0,5.0,False,False,False
ALNS-B,Example8,8,0,5,28.3,15.555,destroy,destroy_all_forbidden_sequences,59.0,28.0,-31.0,True,False,False
ALNS-B,Example8,8,0,5,28.3,15.555,repair,repair_chuffed_long,59.0,28.0,-31.0,True,False,False
ALNS-B,Example8,8,0,6,31.758,3.458,destroy,destroy_worst_workers_30pct,28.0,61.0,33.0,False,False,False
ALNS-B,Example8,8,0,6,31.758,3.458,repair,repair_gecode_fast,28.0,61.0,33.0,False,False,False
ALNS-B,Example8,8,0,7,32.477,0.719,destroy,destroy_max_border_off,28.0,19.0,-9.0,True,False,False
ALNS-B,Example8,8,0,7,32.477,0.719,repair,repair_gecode_fast,28.0,19.0,-9.0,True,False,False
ALNS-B,Example8,8,0,8,35.96,3.483,destroy,destroy_random_window_20pct,19.0,58.0,39.0,False,False,False
ALNS-B,Example8,8,0,8,35.96,3.483,repair,repair_gecode_fast,19.0,58.0,39.0,False,False,False
ALNS-B,Example8,8,0,9,51.511,15.551,destroy,destroy_random_workers_20pct,19.0,34.0,15.0,False,False,False
ALNS-B,Example8,8,0,9,51.511,15.551,repair,repair_chuffed_long,19.0,34.0,15.0,False,False,False
ALNS-B,Example8,8,0,10,55.212,3.701,destroy,destroy_streak_around_worst_worker,19.0,74.0,55.0,False,False,False
ALNS-B,Example8,8,0,10,55.212,3.701,repair,repair_chuffed_fast,19.0,74.0,55.0,False,False,False
ALNS-B,Example8,8,0,11,58.662,3.449,destroy,destroy_random_window_20pct,19.0,22.0,3.0,True,False,False
ALNS-B,Example8,8,0,11,58.662,3.449,repair,repair_gecode_fast,19.0,22.0,3.0,True,False,False
ALNS-B,Example8,8,0,12,74.437,15.775,destroy,destroy_streak_around_worst_worker,22.0,91.0,69.0,False,False,False
ALNS-B,Example8,8,0,12,74.437,15.775,repair,repair_chuffed_long,22.0,91.0,69.0,False,False,False
ALNS-B,Example8,8,0,13,77.938,3.5,destroy,destroy_random_workers_20pct,22.0,42.0,20.0,False,False,False
ALNS-B,Example8,8,0,13,77.938,3.5,repair,repair_chuffed_fast,22.0,42.0,20.0,False,False,False
ALNS-B,Example8,8,0,14,81.389,3.451,destroy,destroy_random_workers_20pct,22.0,45.0,23.0,False,False,False
ALNS-B,Example8,8,0,14,81.389,3.451,repair,repair_gecode_fast,22.0,45.0,23.0,False,False,False
ALNS-B,Example8,8,0,15,84.854,3.465,destroy,destroy_random_window_20pct,22.0,34.0,12.0,False,False,False
ALNS-B,Example8,8,0,15,84.854,3.465,repair,repair_gecode_fast,22.0,34.0,12.0,False,False,False
ALNS-B,Example8,8,0,16,88.389,3.534,destroy,destroy_random_workers_20pct,22.0,47.0,25.0,False,False,False
ALNS-B,Example8,8,0,16,88.389,3.534,repair,repair_chuffed_fast,22.0,47.0,25.0,False,False,False
ALNS-B,Example8,8,0,17,91.832,3.443,destroy,destroy_random_window_20pct,22.0,22.0,0.0,True,False,False
ALNS-B,Example8,8,0,17,91.832,3.443,repair,repair_gecode_fast,22.0,22.0,0.0,True,False,False
ALNS-B,Example8,8,0,18,94.31,2.478,destroy,destroy_exploration,22.0,17.0,-5.0,True,False,True
ALNS-B,Example8,8,0,18,94.31,2.478,repair,repair_exploration,22.0,17.0,-5.0,True,False,True
ALNS-B,Example8,8,0,19,96.432,2.122,destroy,destroy_exploration,17.0,15.0,-2.0,True,False,True
ALNS-B,Example8,8,0,19,96.432,2.122,repair,repair_exploration,17.0,15.0,-2.0,True,False,True
ALNS-B,Example8,8,0,20,97.032,0.6,destroy,destroy_max_border_off,15.0,13.0,-2.0,True,False,False
ALNS-B,Example8,8,0,20,97.032,0.6,repair,repair_chuffed_fast,15.0,13.0,-2.0,True,False,False
ALNS-B,Example8,8,0,21,97.729,0.697,destroy,destroy_all_forbidden_sequences,13.0,13.0,0.0,False,False,False
ALNS-B,Example8,8,0,21,97.729,0.697,repair,repair_gecode_fast,13.0,13.0,0.0,False,False,False
ALNS-B,Example8,8,0,22,98.768,1.039,destroy,destroy_worst_workers_10pct,13.0,11.0,-2.0,True,False,False
ALNS-B,Example8,8,0,22,98.768,1.039,repair,repair_gecode_long,13.0,11.0,-2.0,True,False,False
ALNS-B,Example8,8,0,23,99.355,0.587,destroy,destroy_max_border_off,11.0,11.0,0.0,False,False,False
ALNS-B,Example8,8,0,23,99.355,0.587,repair,repair_gecode_fast,11.0,11.0,0.0,False,False,False
ALNS-B,Example8,8,0,24,101.824,2.469,destroy,destroy_worst_workers_10pct,11.0,8.0,-3.0,True,False,False
ALNS-B,Example8,8,0,24,101.824,2.469,repair,repair_chuffed_long,11.0,8.0,-3.0,True,False,False
ALNS-B,Example8,8,0,25,108.595,6.771,destroy,destroy_streak_around_worst_worker,8.0,58.0,50.0,False,False,False
ALNS-B,Example8,8,0,25,108.595,6.771,repair,repair_chuffed_fast,8.0,58.0,50.0,False,False,False
ALNS-B,Example8,8,0,26,109.24,0.645,destroy,destroy_all_forbidden_sequences,8.0,8.0,0.0,False,False,False
ALNS-B,Example8,8,0,26,109.24,0.645,repair,repair_gecode_fast,8.0,8.0,0.0,False,False,False
ALNS-B,Example8,8,0,27,116.026,6.786,destroy,destroy_streak_around_worst_worker,8.0,81.0,73.0,False,False,False
ALNS-B,Example8,8,0,27,116.026,6.786,repair,repair_chuffed_fast,8.0,81.0,73.0,False,False,False
ALNS-B,Example8,8,0,28,122.981,6.955,destroy,destroy_streak_around_worst_worker,8.0,171.0,163.0,False,False,False
ALNS-B,Example8,8,0,28,122.981,6.955,repair,repair_chuffed_fast,8.0,171.0,163.0,False,False,False
ALNS-B,Example8,8,0,29,123.612,0.631,destroy,destroy_max_border_shift_2,8.0,8.0,0.0,False,False,False
ALNS-B,Example8,8,0,29,123.612,0.631,repair,repair_chuffed_fast,8.0,8.0,0.0,False,False,False
ALNS-B,Example8,8,0,30,124.355,0.743,destroy,destroy_all_forbidden_sequences,8.0,8.0,0.0,False,False,False
ALNS-B,Example8,8,0,30,124.355,0.743,repair,repair_chuffed_fast,8.0,8.0,0.0,False,False,False
ALNS-B,Example8,8,0,31,125.037,0.682,destroy,destroy_all_forbidden_sequences,8.0,8.0,0.0,False,False,False
ALNS-B,Example8,8,0,31,125.037,0.682,repair,repair_gecode_long,8.0,8.0,0.0,False,False,False
ALNS-B,Example8,8,0,32,125.646,0.608,destroy,destroy_max_border_work,8.0,8.0,0.0,False,False,False
ALNS-B,Example8,8,0,32,125.646,0.608,repair,repair_chuffed_fast,8.0,8.0,0.0,False,False,False
ALNS-B,Example8,8,0,33,126.472,0.826,destroy,destroy_all_forbidden_sequences,8.0,8.0,0.0,False,False,False
ALNS-B,Example8,8,0,33,126.472,0.826,repair,repair_chuffed_fast,8.0,8.0,0.0,False,False,False
ALNS-B,Example8,8,0,34,129.925,3.453,destroy,destroy_worst_workers_10pct,8.0,6.0,-2.0,True,False,False
ALNS-B,Example8,8,0,34,129.925,3.453,repair,repair_chuffed_long,8.0,6.0,-2.0,True,False,False
ALNS-B,Example8,8,0,35,131.344,1.42,destroy,destroy_worst_workers_10pct,6.0,4.0,-2.0,True,False,False
ALNS-B,Example8,8,0,35,131.344,1.42,repair,repair_chuffed_fast,6.0,4.0,-2.0,True,False,False
ALNS-B,Example8,8,0,36,132.254,0.91,destroy,destroy_worst_workers_10pct,4.0,4.0,0.0,False,False,False
ALNS-B,Example8,8,0,36,132.254,0.91,repair,repair_gecode_fast,4.0,4.0,0.0,False,False,False
ALNS-B,Example8,8,0,37,138.74,6.486,destroy,destroy_streak_around_worst_worker,4.0,44.0,40.0,False,False,False
ALNS-B,Example8,8,0,37,138.74,6.486,repair,repair_gecode_fast,4.0,44.0,40.0,False,False,False
ALNS-B,Example8,8,0,38,139.953,1.213,destroy,destroy_worst_workers_10pct,4.0,3.0,-1.0,True,False,False
ALNS-B,Example8,8,0,38,139.953,1.213,repair,repair_chuffed_long,4.0,3.0,-1.0,True,False,False
ALNS-B,Example8,8,0,39,141.263,1.31,destroy,destroy_worst_workers_10pct,3.0,3.0,0.0,False,False,False
ALNS-B,Example8,8,0,39,141.263,1.31,repair,repair_chuffed_fast,3.0,3.0,0.0,False,False,False
ALNS-B,Example8,8,0,40,148.114,6.85,destroy,destroy_streak_around_worst_worker,3.0,130.0,127.0,False,False,False
ALNS-B,Example8,8,0,40,148.114,6.85,repair,repair_chuffed_fast,3.0,130.0,127.0,False,False,False
ALNS-B,Example8,8,0,41,150.256,2.143,destroy,destroy_worst_days_10pct,3.0,3.0,0.0,False,False,False
ALNS-B,Example8,8,0,41,150.256,2.143,repair,repair_chuffed_long,3.0,3.0,0.0,False,False,False
ALNS-B,Example8,8,0,42,151.322,1.065,destroy,destroy_worst_workers_10pct,3.0,3.0,0.0,False,False,False
ALNS-B,Example8,8,0,42,151.322,1.065,repair,repair_chuffed_long,3.0,3.0,0.0,False,False,False
ALNS-B,Example8,8,0,43,152.706,1.384,destroy,destroy_worst_workers_10pct,3.0,3.0,0.0,False,False,False
ALNS-B,Example8,8,0,43,152.706,1.384,repair,repair_chuffed_long,3.0,3.0,0.0,False,False,False
ALNS-B,Example8,8,0,44,153.915,1.209,destroy,destroy_worst_workers_10pct,3.0,3.0,0.0,False,False,False
ALNS-B,Example8,8,0,44,153.915,1.209,repair,repair_chuffed_fast,3.0,3.0,0.0,False,False,False
ALNS-B,Example8,8,0,45,154.54,0.625,destroy,destroy_all_forbidden_sequences,3.0,3.0,0.0,False,False,False
ALNS-B,Example8,8,0,45,154.54,0.625,repair,repair_chuffed_fast,3.0,3.0,0.0,False,False,False
ALNS-B,Example8,8,0,46,155.75,1.21,destroy,destroy_worst_workers_10pct,3.0,3.0,0.0,False,False,False
ALNS-B,Example8,8,0,46,155.75,1.21,repair,repair_chuffed_long,3.0,3.0,0.0,False,False,False
ALNS-B,Example8,8,0,47,156.987,1.237,destroy,destroy_worst_workers_10pct,3.0,2.0,-1.0,True,False,False
ALNS-B,Example8,8,0,47,156.987,1.237,repair,repair_chuffed_long,3.0,2.0,-1.0,True,False,False
ALNS-B,Example8,8,0,48,158.329,1.341,destroy,destroy_worst_workers_10pct,2.0,2.0,0.0,False,False,False
ALNS-B,Example8,8,0,48,158.329,1.341,repair,repair_chuffed_fast,2.0,2.0,0.0,False,False,False
ALNS-B,Example8,8,0,49,159.458,1.13,destroy,destroy_worst_workers_10pct,2.0,2.0,0.0,False,False,False
ALNS-B,Example8,8,0,49,159.458,1.13,repair,repair_chuffed_fast,2.0,2.0,0.0,False,False,False
ALNS-B,Example8,8,0,50,160.51,1.052,destroy,destroy_worst_workers_10pct,2.0,2.0,0.0,False,False,False
ALNS-B,Example8,8,0,50,160.51,1.052,repair,repair_chuffed_long,2.0,2.0,0.0,False,False,False
ALNS-B,Example8,8,0,51,161.539,1.029,destroy,destroy_worst_workers_10pct,2.0,2.0,0.0,False,False,False
ALNS-B,Example8,8,0,51,161.539,1.029,repair,repair_chuffed_fast,2.0,2.0,0.0,False,False,False
ALNS-B,Example8,8,0,52,162.471,0.931,destroy,destroy_worst_workers_10pct,2.0,2.0,0.0,False,False,False
ALNS-B,Example8,8,0,52,162.471,0.931,repair,repair_gecode_fast,2.0,2.0,0.0,False,False,False
ALNS-B,Example8,8,0,53,163.358,0.887,destroy,destroy_worst_workers_10pct,2.0,2.0,0.0,False,False,False
ALNS-B,Example8,8,0,53,163.358,0.887,repair,repair_gecode_fast,2.0,2.0,0.0,False,False,False
ALNS-B,Example8,8,0,54,164.421,1.063,destroy,destroy_worst_workers_10pct,2.0,2.0,0.0,False,False,False
ALNS-B,Example8,8,0,54,164.421,1.063,repair,repair_chuffed_fast,2.0,2.0,0.0,False,False,False
ALNS-B,Example8,8,0,55,165.685,1.264,destroy,destroy_worst_workers_10pct,2.0,2.0,0.0,False,False,False
ALNS-B,Example8,8,0,55,165.685,1.264,repair,repair_chuffed_long,2.0,2.0,0.0,False,False,False
ALNS-B,Example8,8,0,56,166.782,1.097,destroy,destroy_worst_workers_10pct,2.0,2.0,0.0,False,False,False
ALNS-B,Example8,8,0,56,166.782,1.097,repair,repair_chuffed_fast,2.0,2.0,0.0,False,False,False
ALNS-B,Example8,8,0,57,168.979,2.197,destroy,destroy_worst_days_10pct,2.0,2.0,0.0,False,False,False
ALNS-B,Example8,8,0,57,168.979,2.197,repair,repair_chuffed_long,2.0,2.0,0.0,False,False,False
ALNS-B,Example8,8,0,58,169.817,0.838,destroy,destroy_exploration,2.0,2.0,0.0,False,False,True
ALNS-B,Example8,8,0,58,169.817,0.838,repair,repair_exploration,2.0,2.0,0.0,False,False,True
ALNS-B,Example8,8,0,59,171.961,2.144,destroy,destroy_exploration,2.0,2.0,0.0,False,False,True
ALNS-B,Example8,8,0,59,171.961,2.144,repair,repair_exploration,2.0,2.0,0.0,False,False,True
ALNS-B,Example8,8,0,60,172.536,0.575,destroy,destroy_all_forbidden_sequences,2.0,2.0,0.0,False,False,False
ALNS-B,Example8,8,0,60,172.536,0.575,repair,repair_gecode_fast,2.0,2.0,0.0,False,False,False
ALNS-B,Example8,8,0,61,173.315,0.779,destroy,destroy_worst_workers_10pct,2.0,2.0,0.0,False,False,False
ALNS-B,Example8,8,0,61,173.315,0.779,repair,repair_gecode_fast,2.0,2.0,0.0,False,False,False
ALNS-B,Example8,8,0,62,174.457,1.142,destroy,destroy_worst_workers_10pct,2.0,2.0,0.0,False,False,False
ALNS-B,Example8,8,0,62,174.457,1.142,repair,repair_chuffed_long,2.0,2.0,0.0,False,False,False
ALNS-B,Example8,8,0,63,175.581,1.123,destroy,destroy_worst_workers_10pct,2.0,2.0,0.0,False,False,False
ALNS-B,Example8,8,0,63,175.581,1.123,repair,repair_chuffed_fast,2.0,2.0,0.0,False,False,False
ALNS-B,Example8,8,0,64,176.422,0.841,destroy,destroy_worst_workers_10pct,2.0,2.0,0.0,False,False,False
ALNS-B,Example8,8,0,64,176.422,0.841,repair,repair_gecode_long,2.0,2.0,0.0,False,False,False
ALNS-B,Example8,8,0,65,177.259,0.837,destroy,destroy_worst_workers_10pct,2.0,2.0,0.0,False,False,False
ALNS-B,Example8,8,0,65,177.259,0.837,repair,repair_gecode_fast,2.0,2.0,0.0,False,False,False
ALNS-B,Example8,8,0,66,178.62,1.36,destroy,destroy_worst_workers_10pct,2.0,2.0,0.0,False,False,False
ALNS-B,Example8,8,0,66,178.62,1.36,repair,repair_chuffed_long,2.0,2.0,0.0,False,False,False
ALNS-B,Example8,8,0,67,179.521,0.901,destroy,destroy_worst_workers_10pct,2.0,2.0,0.0,False,False,False
ALNS-B,Example8,8,0,67,179.521,0.901,repair,repair_gecode_fast,2.0,2.0,0.0,False,False,False
ALNS-B,Example8,8,0,68,181.212,1.691,destroy,destroy_exploration,2.0,2.0,0.0,False,False,True
ALNS-B,Example8,8,0,68,181.212,1.691,repair,repair_exploration,2.0,2.0,0.0,False,False,True
ALNS-B,Example8,8,1,1,1.199,1.199,destroy,destroy_max_border_off,inf,65.0,nan,True,False,False
ALNS-B,Example8,8,1,1,1.199,1.199,repair,repair_chuffed_fast,inf,65.0,nan,True,False,False
ALNS-B,Example8,8,1,2,4.934,3.735,destroy,destroy_worst_workers_30pct,65.0,58.0,-7.0,True,False,False
ALNS-B,Example8,8,1,2,4.934,3.735,repair,repair_chuffed_fast,65.0,58.0,-7.0,True,False,False
ALNS-B,Example8,8,1,3,8.423,3.489,destroy,destroy_worst_days_10pct,58.0,53.0,-5.0,True,False,False
ALNS-B,Example8,8,1,3,8.423,3.489,repair,repair_chuffed_fast,58.0,53.0,-5.0,True,False,False
ALNS-B,Example8,8,1,4,10.465,2.043,destroy,destroy_worst_workers_10pct,53.0,39.0,-14.0,True,False,False
ALNS-B,Example8,8,1,4,10.465,2.043,repair,repair_gecode_fast,53.0,39.0,-14.0,True,False,False
ALNS-B,Example8,8,1,5,12.819,2.354,destroy,destroy_max_border_off,39.0,20.0,-19.0,True,False,False
ALNS-B,Example8,8,1,5,12.819,2.354,repair,repair_gecode_fast,39.0,20.0,-19.0,True,False,False
ALNS-B,Example8,8,1,6,14.462,1.642,destroy,destroy_worst_workers_10pct,20.0,19.0,-1.0,True,False,False
ALNS-B,Example8,8,1,6,14.462,1.642,repair,repair_chuffed_fast,20.0,19.0,-1.0,True,False,False
ALNS-B,Example8,8,1,7,18.21,3.749,destroy,destroy_streak_around_worst_worker,19.0,60.0,41.0,False,False,False
ALNS-B,Example8,8,1,7,18.21,3.749,repair,repair_chuffed_fast,19.0,60.0,41.0,False,False,False
ALNS-B,Example8,8,1,8,20.652,2.441,destroy,destroy_random_window_20pct,19.0,15.0,-4.0,True,False,False
ALNS-B,Example8,8,1,8,20.652,2.441,repair,repair_gecode_fast,19.0,15.0,-4.0,True,False,False
ALNS-B,Example8,8,1,9,21.365,0.714,destroy,destroy_all_forbidden_sequences,15.0,14.0,-1.0,True,False,False
ALNS-B,Example8,8,1,9,21.365,0.714,repair,repair_gecode_fast,15.0,14.0,-1.0,True,False,False
ALNS-B,Example8,8,1,10,51.877,30.512,destroy,destroy_streak_around_worst_worker,14.0,29.0,15.0,False,False,False
ALNS-B,Example8,8,1,10,51.877,30.512,repair,repair_gecode_long,14.0,29.0,15.0,False,False,False
ALNS-B,Example8,8,1,11,52.541,0.664,destroy,destroy_all_forbidden_sequences,14.0,14.0,0.0,False,False,False
ALNS-B,Example8,8,1,11,52.541,0.664,repair,repair_gecode_fast,14.0,14.0,0.0,False,False,False
ALNS-B,Example8,8,1,12,53.157,0.615,destroy,destroy_max_border_shift_3,14.0,14.0,0.0,False,False,False
ALNS-B,Example8,8,1,12,53.157,0.615,repair,repair_chuffed_fast,14.0,14.0,0.0,False,False,False
ALNS-B,Example8,8,1,13,83.702,30.545,destroy,destroy_streak_around_worst_worker,14.0,34.0,20.0,False,False,False
ALNS-B,Example8,8,1,13,83.702,30.545,repair,repair_gecode_long,14.0,34.0,20.0,False,False,False
ALNS-B,Example8,8,1,14,90.205,6.503,destroy,destroy_streak_around_worst_worker,14.0,115.0,101.0,False,False,False
ALNS-B,Example8,8,1,14,90.205,6.503,repair,repair_gecode_fast,14.0,115.0,101.0,False,False,False
ALNS-B,Example8,8,1,15,90.819,0.614,destroy,destroy_max_border_off,14.0,14.0,0.0,False,False,False
ALNS-B,Example8,8,1,15,90.819,0.614,repair,repair_chuffed_fast,14.0,14.0,0.0,False,False,False
ALNS-B,Example8,8,1,16,91.759,0.94,destroy,destroy_worst_workers_10pct,14.0,13.0,-1.0,True,False,False
ALNS-B,Example8,8,1,16,91.759,0.94,repair,repair_gecode_long,14.0,13.0,-1.0,True,False,False
ALNS-B,Example8,8,1,17,92.918,1.159,destroy,destroy_worst_workers_10pct,13.0,10.0,-3.0,True,False,False
ALNS-B,Example8,8,1,17,92.918,1.159,repair,repair_chuffed_long,13.0,10.0,-3.0,True,False,False
ALNS-B,Example8,8,1,18,99.922,7.005,destroy,destroy_streak_around_worst_worker,10.0,219.0,209.0,False,False,False
ALNS-B,Example8,8,1,18,99.922,7.005,repair,repair_chuffed_fast,10.0,219.0,209.0,False,False,False
ALNS-B,Example8,8,1,19,106.401,6.478,destroy,destroy_streak_around_worst_worker,10.0,29.0,19.0,False,False,False
ALNS-B,Example8,8,1,19,106.401,6.478,repair,repair_gecode_fast,10.0,29.0,19.0,False,False,False
ALNS-B,Example8,8,1,20,107.051,0.65,destroy,destroy_all_forbidden_sequences,10.0,10.0,0.0,False,False,False
ALNS-B,Example8,8,1,20,107.051,0.65,repair,repair_gecode_long,10.0,10.0,0.0,False,False,False
ALNS-B,Example8,8,1,21,108.248,1.197,destroy,destroy_worst_workers_10pct,10.0,8.0,-2.0,True,False,False
ALNS-B,Example8,8,1,21,108.248,1.197,repair,repair_chuffed_long,10.0,8.0,-2.0,True,False,False
ALNS-B,Example8,8,1,22,109.747,1.499,destroy,destroy_worst_days_10pct,8.0,7.0,-1.0,True,False,False
ALNS-B,Example8,8,1,22,109.747,1.499,repair,repair_chuffed_long,8.0,7.0,-1.0,True,False,False
ALNS-B,Example8,8,1,23,110.575,0.827,destroy,destroy_worst_days_10pct,7.0,7.0,0.0,False,False,False
ALNS-B,Example8,8,1,23,110.575,0.827,repair,repair_chuffed_long,7.0,7.0,0.0,False,False,False
ALNS-B,Example8,8,1,24,111.47,0.895,destroy,destroy_worst_days_10pct,7.0,7.0,0.0,False,False,False
ALNS-B,Example8,8,1,24,111.47,0.895,repair,repair_chuffed_fast,7.0,7.0,0.0,False,False,False
ALNS-B,Example8,8,1,25,142.285,30.815,destroy,destroy_streak_around_worst_worker,7.0,109.0,102.0,False,False,False
ALNS-B,Example8,8,1,25,142.285,30.815,repair,repair_chuffed_long,7.0,109.0,102.0,False,False,False
ALNS-B,Example8,8,1,26,143.169,0.883,destroy,destroy_worst_workers_10pct,7.0,7.0,0.0,False,False,False
ALNS-B,Example8,8,1,26,143.169,0.883,repair,repair_gecode_fast,7.0,7.0,0.0,False,False,False
ALNS-B,Example8,8,1,27,143.888,0.72,destroy,destroy_all_forbidden_sequences,7.0,7.0,0.0,False,False,False
ALNS-B,Example8,8,1,27,143.888,0.72,repair,repair_chuffed_long,7.0,7.0,0.0,False,False,False
ALNS-B,Example8,8,1,28,144.529,0.64,destroy,destroy_max_border_shift_1,7.0,7.0,0.0,False,False,False
ALNS-B,Example8,8,1,28,144.529,0.64,repair,repair_gecode_fast,7.0,7.0,0.0,False,False,False
ALNS-B,Example8,8,1,29,151.223,6.695,destroy,destroy_streak_around_worst_worker,7.0,46.0,39.0,False,False,False
ALNS-B,Example8,8,1,29,151.223,6.695,repair,repair_gecode_fast,7.0,46.0,39.0,False,False,False
ALNS-B,Example8,8,1,30,151.834,0.611,destroy,destroy_max_border_off,7.0,7.0,0.0,False,False,False
ALNS-B,Example8,8,1,30,151.834,0.611,repair,repair_chuffed_fast,7.0,7.0,0.0,False,False,False
ALNS-B,Example8,8,1,31,152.913,1.079,destroy,destroy_worst_workers_10pct,7.0,7.0,0.0,False,False,False
ALNS-B,Example8,8,1,31,152.913,1.079,repair,repair_chuffed_fast,7.0,7.0,0.0,False,False,False
ALNS-B,Example8,8,1,32,153.666,0.753,destroy,destroy_worst_days_10pct,7.0,7.0,0.0,False,False,False
ALNS-B,Example8,8,1,32,153.666,0.753,repair,repair_gecode_fast,7.0,7.0,0.0,False,False,False
ALNS-B,Example8,8,1,33,254.247,100.582,destroy,destroy_exploration,7.0,33.0,26.0,False,False,True
ALNS-B,Example8,8,1,33,254.247,100.582,repair,repair_exploration,7.0,33.0,26.0,False,False,True
ALNS-B,Example8,8,2,1,0.996,0.996,destroy,destroy_worst_workers_10pct,inf,66.0,nan,True,False,False
ALNS-B,Example8,8,2,1,0.996,0.996,repair,repair_gecode_long,inf,66.0,nan,True,False,False
ALNS-B,Example8,8,2,2,1.954,0.958,destroy,destroy_max_border_off,66.0,65.0,-1.0,True,False,False
ALNS-B,Example8,8,2,2,1.954,0.958,repair,repair_chuffed_fast,66.0,65.0,-1.0,True,False,False
ALNS-B,Example8,8,2,3,5.42,3.466,destroy,destroy_all_forbidden_sequences,65.0,20.0,-45.0,True,False,False
ALNS-B,Example8,8,2,3,5.42,3.466,repair,repair_gecode_fast,65.0,20.0,-45.0,True,False,False
ALNS-B,Example8,8,2,4,20.965,15.545,destroy,destroy_streak_around_worst_worker,20.0,96.0,76.0,False,False,False
ALNS-B,Example8,8,2,4,20.965,15.545,repair,repair_gecode_long,20.0,96.0,76.0,False,False,False
ALNS-B,Example8,8,2,5,22.115,1.151,destroy,destroy_worst_workers_10pct,20.0,14.0,-6.0,True,False,False
ALNS-B,Example8,8,2,5,22.115,1.151,repair,repair_chuffed_long,20.0,14.0,-6.0,True,False,False
ALNS-B,Example8,8,2,6,28.612,6.497,destroy,destroy_streak_around_worst_worker,14.0,83.0,69.0,False,False,False
ALNS-B,Example8,8,2,6,28.612,6.497,repair,repair_gecode_fast,14.0,83.0,69.0,False,False,False
ALNS-B,Example8,8,2,7,59.138,30.525,destroy,destroy_streak_around_worst_worker,14.0,65.0,51.0,False,False,False
ALNS-B,Example8,8,2,7,59.138,30.525,repair,repair_gecode_long,14.0,65.0,51.0,False,False,False
ALNS-B,Example8,8,2,8,59.925,0.787,destroy,destroy_all_forbidden_sequences,14.0,14.0,0.0,False,False,False
ALNS-B,Example8,8,2,8,59.925,0.787,repair,repair_chuffed_fast,14.0,14.0,0.0,False,False,False
ALNS-B,Example8,8,2,9,60.506,0.581,destroy,destroy_max_border_work,14.0,14.0,0.0,False,False,False
ALNS-B,Example8,8,2,9,60.506,0.581,repair,repair_gecode_fast,14.0,14.0,0.0,False,False,False
ALNS-B,Example8,8,2,10,61.11,0.604,destroy,destroy_max_border_off,14.0,14.0,0.0,False,False,False
ALNS-B,Example8,8,2,10,61.11,0.604,repair,repair_chuffed_fast,14.0,14.0,0.0,False,False,False
ALNS-B,Example8,8,2,11,62.274,1.164,destroy,destroy_worst_workers_10pct,14.0,11.0,-3.0,True,False,False
ALNS-B,Example8,8,2,11,62.274,1.164,repair,repair_gecode_fast,14.0,11.0,-3.0,True,False,False
ALNS-B,Example8,8,2,12,62.928,0.654,destroy,destroy_max_border_off,11.0,11.0,0.0,False,False,False
ALNS-B,Example8,8,2,12,62.928,0.654,repair,repair_gecode_long,11.0,11.0,0.0,False,False,False
ALNS-B,Example8,8,2,13,93.752,30.823,destroy,destroy_streak_around_worst_worker,11.0,94.0,83.0,False,False,False
ALNS-B,Example8,8,2,13,93.752,30.823,repair,repair_chuffed_long,11.0,94.0,83.0,False,False,False
ALNS-B,Example8,8,2,14,94.478,0.726,destroy,destroy_max_border_work,11.0,11.0,0.0,False,False,False
ALNS-B,Example8,8,2,14,94.478,0.726,repair,repair_gecode_fast,11.0,11.0,0.0,False,False,False
ALNS-B,Example8,8,2,15,125.347,30.869,destroy,destroy_streak_around_worst_worker,11.0,94.0,83.0,False,False,False
ALNS-B,Example8,8,2,15,125.347,30.869,repair,repair_chuffed_long,11.0,94.0,83.0,False,False,False
ALNS-B,Example8,8,2,16,126.001,0.654,destroy,destroy_max_border_shift_1,11.0,11.0,0.0,False,False,False
ALNS-B,Example8,8,2,16,126.001,0.654,repair,repair_chuffed_fast,11.0,11.0,0.0,False,False,False
ALNS-B,Example8,8,2,17,127.863,1.862,destroy,destroy_worst_workers_10pct,11.0,10.0,-1.0,True,False,False
ALNS-B,Example8,8,2,17,127.863,1.862,repair,repair_chuffed_long,11.0,10.0,-1.0,True,False,False
ALNS-B,Example8,8,2,18,133.172,5.309,destroy,destroy_worst_days_10pct,10.0,10.0,0.0,False,False,False
ALNS-B,Example8,8,2,18,133.172,5.309,repair,repair_chuffed_fast,10.0,10.0,0.0,False,False,False
ALNS-B,Example8,8,2,19,133.795,0.622,destroy,destroy_max_border_shift_2,10.0,10.0,0.0,False,False,False
ALNS-B,Example8,8,2,19,133.795,0.622,repair,repair_chuffed_fast,10.0,10.0,0.0,False,False,False
ALNS-B,Example8,8,2,20,134.419,0.625,destroy,destroy_all_forbidden_sequences,10.0,10.0,0.0,False,False,False
ALNS-B,Example8,8,2,20,134.419,0.625,repair,repair_chuffed_fast,10.0,10.0,0.0,False,False,False
ALNS-B,Example8,8,2,21,136.308,1.889,destroy,destroy_worst_workers_10pct,10.0,10.0,0.0,False,False,False
ALNS-B,Example8,8,2,21,136.308,1.889,repair,repair_chuffed_fast,10.0,10.0,0.0,False,False,False
ALNS-B,Example8,8,2,22,137.675,1.367,destroy,destroy_worst_workers_10pct,10.0,10.0,0.0,False,False,False
ALNS-B,Example8,8,2,22,137.675,1.367,repair,repair_gecode_long,10.0,10.0,0.0,False,False,False
ALNS-B,Example8,8,2,23,138.263,0.588,destroy,destroy_max_border_work,10.0,10.0,0.0,False,False,False
ALNS-B,Example8,8,2,23,138.263,0.588,repair,repair_chuffed_fast,10.0,10.0,0.0,False,False,False
ALNS-B,Example8,8,2,24,140.184,1.921,destroy,destroy_worst_workers_10pct,10.0,10.0,0.0,False,False,False
ALNS-B,Example8,8,2,24,140.184,1.921,repair,repair_chuffed_long,10.0,10.0,0.0,False,False,False
ALNS-B,Example8,8,2,25,140.815,0.631,destroy,destroy_max_border_work,10.0,10.0,0.0,False,False,False
ALNS-B,Example8,8,2,25,140.815,0.631,repair,repair_gecode_fast,10.0,10.0,0.0,False,False,False
ALNS-B,Example8,8,2,26,171.296,30.48,destroy,destroy_streak_around_worst_worker,10.0,20.0,10.0,False,False,False
ALNS-B,Example8,8,2,26,171.296,30.48,repair,repair_gecode_long,10.0,20.0,10.0,False,False,False
ALNS-B,Example8,8,2,27,171.977,0.681,destroy,destroy_max_border_shift_3,10.0,10.0,0.0,False,False,False
ALNS-B,Example8,8,2,27,171.977,0.681,repair,repair_chuffed_fast,10.0,10.0,0.0,False,False,False
ALNS-B,Example8,8,2,28,272.767,100.79,destroy,destroy_exploration,10.0,25.0,15.0,False,False,True
ALNS-B,Example8,8,2,28,272.767,100.79,repair,repair_exploration,10.0,25.0,15.0,False,False,True
ALNS-B,Example9,9,0,1,16.744,16.744,destroy,destroy_max_border_off,inf,401.0,nan,True,False,False
ALNS-B,Example9,9,0,1,16.744,16.744,repair,repair_chuffed_long,inf,401.0,nan,True,False,False
ALNS-B,Example9,9,0,2,20.728,3.984,destroy,destroy_random_window_20pct,401.0,198.0,-203.0,True,False,False
ALNS-B,Example9,9,0,2,20.728,3.984,repair,repair_gecode_fast,401.0,198.0,-203.0,True,False,False
ALNS-B,Example9,9,0,3,24.3,3.572,destroy,destroy_all_forbidden_sequences,198.0,178.0,-20.0,True,False,False
ALNS-B,Example9,9,0,3,24.3,3.572,repair,repair_gecode_fast,198.0,178.0,-20.0,True,False,False
ALNS-B,Example9,9,0,4,40.995,16.695,destroy,destroy_random_window_20pct,178.0,241.0,63.0,False,False,False
ALNS-B,Example9,9,0,4,40.995,16.695,repair,repair_chuffed_long,178.0,241.0,63.0,False,False,False
ALNS-B,Example9,9,0,5,57.517,16.522,destroy,destroy_random_workers_20pct,178.0,246.0,68.0,False,False,False
ALNS-B,Example9,9,0,5,57.517,16.522,repair,repair_chuffed_long,178.0,246.0,68.0,False,False,False
ALNS-B,Example9,9,0,6,61.181,3.665,destroy,destroy_random_workers_20pct,178.0,284.0,106.0,False,False,False
ALNS-B,Example9,9,0,6,61.181,3.665,repair,repair_gecode_fast,178.0,284.0,106.0,False,False,False
ALNS-B,Example9,9,0,7,65.671,4.489,destroy,destroy_random_window_20pct,178.0,335.0,157.0,False,False,False
ALNS-B,Example9,9,0,7,65.671,4.489,repair,repair_chuffed_fast,178.0,335.0,157.0,False,False,False
ALNS-B,Example9,9,0,8,82.253,16.583,destroy,destroy_random_window_20pct,178.0,365.0,187.0,False,False,False
ALNS-B,Example9,9,0,8,82.253,16.583,repair,repair_chuffed_long,178.0,365.0,187.0,False,False,False
ALNS-B,Example9,9,0,9,86.765,4.512,destroy,destroy_max_border_off,178.0,156.0,-22.0,True,False,False
ALNS-B,Example9,9,0,9,86.765,4.512,repair,repair_chuffed_fast,178.0,156.0,-22.0,True,False,False
ALNS-B,Example9,9,0,10,91.016,4.251,destroy,destroy_random_window_20pct,156.0,227.0,71.0,False,False,False
ALNS-B,Example9,9,0,10,91.016,4.251,repair,repair_chuffed_fast,156.0,227.0,71.0,False,False,False
ALNS-B,Example9,9,0,11,95.819,4.804,destroy,destroy_random_window_20pct,156.0,156.0,0.0,False,True,False
ALNS-B,Example9,9,0,11,95.819,4.804,repair,repair_chuffed_fast,156.0,156.0,0.0,False,True,False
ALNS-B,Example9,9,0,12,100.453,4.633,destroy,destroy_random_window_20pct,156.0,244.0,88.0,False,False,False
ALNS-B,Example9,9,0,12,100.453,4.633,repair,repair_chuffed_fast,156.0,244.0,88.0,False,False,False
ALNS-B,Example9,9,0,13,104.199,3.746,destroy,destroy_worst_workers_30pct,156.0,585.0,429.0,False,False,False
ALNS-B,Example9,9,0,13,104.199,3.746,repair,repair_gecode_fast,156.0,585.0,429.0,False,False,False
ALNS-B,Example9,9,0,14,108.022,3.823,destroy,destroy_random_window_20pct,156.0,235.0,79.0,False,False,False
ALNS-B,Example9,9,0,14,108.022,3.823,repair,repair_gecode_fast,156.0,235.0,79.0,False,False,False
ALNS-B,Example9,9,0,15,111.676,3.654,destroy,destroy_random_workers_20pct,156.0,205.0,49.0,False,False,False
ALNS-B,Example9,9,0,15,111.676,3.654,repair,repair_gecode_fast,156.0,205.0,49.0,False,False,False
ALNS-B,Example9,9,0,16,115.266,3.59,destroy,destroy_random_workers_20pct,156.0,220.0,64.0,False,False,False
ALNS-B,Example9,9,0,16,115.266,3.59,repair,repair_gecode_fast,156.0,220.0,64.0,False,False,False
ALNS-B,Example9,9,0,17,119.957,4.692,destroy,destroy_random_window_20pct,156.0,355.0,199.0,False,False,False
ALNS-B,Example9,9,0,17,119.957,4.692,repair,repair_chuffed_fast,156.0,355.0,199.0,False,False,False
ALNS-B,Example9,9,0,18,124.582,4.625,destroy,destroy_random_window_20pct,156.0,312.0,156.0,False,False,False
ALNS-B,Example9,9,0,18,124.582,4.625,repair,repair_chuffed_fast,156.0,312.0,156.0,False,False,False
ALNS-B,Example9,9,0,19,129.142,4.56,destroy,destroy_random_workers_20pct,156.0,242.0,86.0,False,False,False
ALNS-B,Example9,9,0,19,129.142,4.56,repair,repair_chuffed_fast,156.0,242.0,86.0,False,False,False
ALNS-B,Example9,9,0,20,180.928,51.787,destroy,destroy_exploration,156.0,436.0,280.0,False,False,True
ALNS-B,Example9,9,0,20,180.928,51.787,repair,repair_exploration,156.0,436.0,280.0,False,False,True
ALNS-B,Example9,9,1,1,4.71,4.71,destroy,destroy_max_border_off,inf,404.0,nan,True,False,False
ALNS-B,Example9,9,1,1,4.71,4.71,repair,repair_chuffed_fast,inf,404.0,nan,True,False,False
ALNS-B,Example9,9,1,2,9.385,4.675,destroy,destroy_worst_workers_30pct,404.0,404.0,0.0,False,True,False
ALNS-B,Example9,9,1,2,9.385,4.675,repair,repair_chuffed_fast,404.0,404.0,0.0,False,True,False
ALNS-B,Example9,9,1,3,14.029,4.645,destroy,destroy_random_window_20pct,404.0,176.0,-228.0,True,False,False
ALNS-B,Example9,9,1,3,14.029,4.645,repair,repair_chuffed_fast,404.0,176.0,-228.0,True,False,False
ALNS-B,Example9,9,1,4,18.388,4.359,destroy,destroy_random_window_20pct,176.0,189.0,13.0,False,False,False
ALNS-B,Example9,9,1,4,18.388,4.359,repair,repair_chuffed_fast,176.0,189.0,13.0,False,False,False
ALNS-B,Example9,9,1,5,23.007,4.619,destroy,destroy_worst_workers_30pct,176.0,510.0,334.0,False,False,False
ALNS-B,Example9,9,1,5,23.007,4.619,repair,repair_chuffed_fast,176.0,510.0,334.0,False,False,False
ALNS-B,Example9,9,1,6,26.84,3.832,destroy,destroy_all_forbidden_sequences,176.0,176.0,0.0,True,False,False
ALNS-B,Example9,9,1,6,26.84,3.832,repair,repair_gecode_fast,176.0,176.0,0.0,True,False,False
ALNS-B,Example9,9,1,7,31.55,4.71,destroy,destroy_max_border_off,176.0,148.0,-28.0,True,False,False
ALNS-B,Example9,9,1,7,31.55,4.71,repair,repair_chuffed_fast,176.0,148.0,-28.0,True,False,False
ALNS-B,Example9,9,1,8,36.233,4.682,destroy,destroy_random_window_20pct,148.0,262.0,114.0,False,False,False
ALNS-B,Example9,9,1,8,36.233,4.682,repair,repair_chuffed_fast,148.0,262.0,114.0,False,False,False
ALNS-B,Example9,9,1,9,40.053,3.821,destroy,destroy_random_window_20pct,148.0,255.0,107.0,False,False,False
ALNS-B,Example9,9,1,9,40.053,3.821,repair,repair_gecode_fast,148.0,255.0,107.0,False,False,False
ALNS-B,Example9,9,1,10,55.647,15.594,destroy,destroy_random_window_20pct,148.0,233.0,85.0,False,False,False
ALNS-B,Example9,9,1,10,55.647,15.594,repair,repair_gecode_long,148.0,233.0,85.0,False,False,False
ALNS-B,Example9,9,1,11,59.361,3.714,destroy,destroy_random_window_20pct,148.0,345.0,197.0,False,False,False
ALNS-B,Example9,9,1,11,59.361,3.714,repair,repair_gecode_fast,148.0,345.0,197.0,False,False,False
ALNS-B,Example9,9,1,12,62.963,3.602,destroy,destroy_random_workers_20pct,148.0,226.0,78.0,False,False,False
ALNS-B,Example9,9,1,12,62.963,3.602,repair,repair_gecode_fast,148.0,226.0,78.0,False,False,False
ALNS-B,Example9,9,1,13,66.58,3.617,destroy,destroy_random_workers_20pct,148.0,248.0,100.0,False,False,False
ALNS-B,Example9,9,1,13,66.58,3.617,repair,repair_gecode_fast,148.0,248.0,100.0,False,False,False
ALNS-B,Example9,9,1,14,71.101,4.521,destroy,destroy_random_workers_20pct,148.0,244.0,96.0,False,False,False
ALNS-B,Example9,9,1,14,71.101,4.521,repair,repair_chuffed_fast,148.0,244.0,96.0,False,False,False
ALNS-B,Example9,9,1,15,75.685,4.584,destroy,destroy_random_window_20pct,148.0,194.0,46.0,False,False,False
ALNS-B,Example9,9,1,15,75.685,4.584,repair,repair_chuffed_fast,148.0,194.0,46.0,False,False,False
ALNS-B,Example9,9,1,16,92.252,16.567,destroy,destroy_random_window_20pct,148.0,229.0,81.0,False,False,False
ALNS-B,Example9,9,1,16,92.252,16.567,repair,repair_chuffed_long,148.0,229.0,81.0,False,False,False
ALNS-B,Example9,9,1,17,107.843,15.591,destroy,destroy_random_window_20pct,148.0,154.0,6.0,False,False,False
ALNS-B,Example9,9,1,17,107.843,15.591,repair,repair_gecode_long,148.0,154.0,6.0,False,False,False
ALNS-B,Example9,9,1,18,158.981,51.138,destroy,destroy_exploration,148.0,119.0,-29.0,True,False,True
ALNS-B,Example9,9,1,18,158.981,51.138,repair,repair_exploration,148.0,119.0,-29.0,True,False,True
ALNS-B,Example9,9,1,19,210.601,51.62,destroy,destroy_exploration,119.0,162.0,43.0,False,False,True
ALNS-B,Example9,9,1,19,210.601,51.62,repair,repair_exploration,119.0,162.0,43.0,False,False,True
ALNS-B,Example9,9,2,1,15.964,15.964,destroy,destroy_worst_workers_10pct,inf,256.0,nan,True,False,False
ALNS-B,Example9,9,2,1,15.964,15.964,repair,repair_gecode_long,inf,256.0,nan,True,False,False
ALNS-B,Example9,9,2,2,20.736,4.772,destroy,destroy_max_border_off,256.0,178.0,-78.0,True,False,False
ALNS-B,Example9,9,2,2,20.736,4.772,repair,repair_chuffed_fast,256.0,178.0,-78.0,True,False,False
ALNS-B,Example9,9,2,3,24.374,3.638,destroy,destroy_all_forbidden_sequences,178.0,106.0,-72.0,True,False,False
ALNS-B,Example9,9,2,3,24.374,3.638,repair,repair_gecode_fast,178.0,106.0,-72.0,True,False,False
ALNS-B,Example9,9,2,4,40.141,15.767,destroy,destroy_streak_around_worst_worker,106.0,314.0,208.0,False,False,False
ALNS-B,Example9,9,2,4,40.141,15.767,repair,repair_gecode_long,106.0,314.0,208.0,False,False,False
ALNS-B,Example9,9,2,5,44.674,4.533,destroy,destroy_random_window_20pct,106.0,290.0,184.0,False,False,False
ALNS-B,Example9,9,2,5,44.674,4.533,repair,repair_chuffed_fast,106.0,290.0,184.0,False,False,False
ALNS-B,Example9,9,2,6,49.179,4.506,destroy,destroy_random_workers_20pct,106.0,204.0,98.0,False,False,False
ALNS-B,Example9,9,2,6,49.179,4.506,repair,repair_chuffed_fast,106.0,204.0,98.0,False,False,False
ALNS-B,Example9,9,2,7,53.789,4.609,destroy,destroy_streak_around_worst_worker,106.0,466.0,360.0,False,False,False
ALNS-B,Example9,9,2,7,53.789,4.609,repair,repair_chuffed_fast,106.0,466.0,360.0,False,False,False
ALNS-B,Example9,9,2,8,58.304,4.515,destroy,destroy_random_workers_20pct,106.0,201.0,95.0,False,False,False
ALNS-B,Example9,9,2,8,58.304,4.515,repair,repair_chuffed_fast,106.0,201.0,95.0,False,False,False
ALNS-B,Example9,9,2,9,61.929,3.624,destroy,destroy_random_window_20pct,106.0,129.0,23.0,False,False,False
ALNS-B,Example9,9,2,9,61.929,3.624,repair,repair_gecode_fast,106.0,129.0,23.0,False,False,False
ALNS-B,Example9,9,2,10,66.517,4.588,destroy,destroy_worst_workers_30pct,106.0,304.0,198.0,False,False,False
ALNS-B,Example9,9,2,10,66.517,4.588,repair,repair_chuffed_fast,106.0,304.0,198.0,False,False,False
ALNS-B,Example9,9,2,11,71.023,4.506,destroy,destroy_random_workers_20pct,106.0,250.0,144.0,False,False,False
ALNS-B,Example9,9,2,11,71.023,4.506,repair,repair_chuffed_fast,106.0,250.0,144.0,False,False,False
ALNS-B,Example9,9,2,12,86.666,15.643,destroy,destroy_random_window_20pct,106.0,111.0,5.0,False,False,False
ALNS-B,Example9,9,2,12,86.666,15.643,repair,repair_gecode_long,106.0,111.0,5.0,False,False,False
ALNS-B,Example9,9,2,13,91.171,4.505,destroy,destroy_random_workers_20pct,106.0,242.0,136.0,False,False,False
ALNS-B,Example9,9,2,13,91.171,4.505,repair,repair_chuffed_fast,106.0,242.0,136.0,False,False,False
ALNS-B,Example9,9,2,14,142.731,51.559,destroy,destroy_exploration,106.0,118.0,12.0,False,False,True
ALNS-B,Example9,9,2,14,142.731,51.559,repair,repair_exploration,106.0,118.0,12.0,False,False,True
ALNS-B,Example9,9,2,15,193.992,51.262,destroy,destroy_exploration,106.0,156.0,50.0,False,False,True
ALNS-B,Example9,9,2,15,193.992,51.262,repair,repair_exploration,106.0,156.0,50.0,False,False,True
ALNS-B,Example10,10,0,1,16.114,16.114,destroy,destroy_max_border_off,inf,531.0,nan,True,False,False
ALNS-B,Example10,10,0,1,16.114,16.114,repair,repair_chuffed_long,inf,531.0,nan,True,False,False
ALNS-B,Example10,10,0,2,19.898,3.783,destroy,destroy_random_window_20pct,531.0,183.0,-348.0,True,False,False
ALNS-B,Example10,10,0,2,19.898,3.783,repair,repair_gecode_fast,531.0,183.0,-348.0,True,False,False
ALNS-B,Example10,10,0,3,23.705,3.807,destroy,destroy_random_window_20pct,183.0,156.0,-27.0,True,False,False
ALNS-B,Example10,10,0,3,23.705,3.807,repair,repair_gecode_fast,183.0,156.0,-27.0,True,False,False
ALNS-B,Example10,10,0,4,24.857,1.152,destroy,destroy_all_forbidden_sequences,156.0,149.0,-7.0,True,False,False
ALNS-B,Example10,10,0,4,24.857,1.152,repair,repair_chuffed_fast,156.0,149.0,-7.0,True,False,False
ALNS-B,Example10,10,0,5,28.384,3.527,destroy,destroy_random_window_20pct,149.0,544.0,395.0,False,False,False
ALNS-B,Example10,10,0,5,28.384,3.527,repair,repair_gecode_fast,149.0,544.0,395.0,False,False,False
ALNS-B,Example10,10,0,6,44.274,15.89,destroy,destroy_random_window_20pct,149.0,166.0,17.0,False,False,False
ALNS-B,Example10,10,0,6,44.274,15.89,repair,repair_chuffed_long,149.0,166.0,17.0,False,False,False
ALNS-B,Example10,10,0,7,47.886,3.612,destroy,destroy_random_workers_20pct,149.0,134.0,-15.0,True,False,False
ALNS-B,Example10,10,0,7,47.886,3.612,repair,repair_gecode_fast,149.0,134.0,-15.0,True,False,False
ALNS-B,Example10,10,0,8,52.039,4.153,destroy,destroy_random_window_20pct,134.0,223.0,89.0,False,False,False
ALNS-B,Example10,10,0,8,52.039,4.153,repair,repair_chuffed_fast,134.0,223.0,89.0,False,False,False
ALNS-B,Example10,10,0,9,67.574,15.535,destroy,destroy_random_window_20pct,134.0,210.0,76.0,False,False,False
ALNS-B,Example10,10,0,9,67.574,15.535,repair,repair_gecode_long,134.0,210.0,76.0,False,False,False
ALNS-B,Example10,10,0,10,83.633,16.059,destroy,destroy_random_workers_20pct,134.0,176.0,42.0,False,False,False
ALNS-B,Example10,10,0,10,83.633,16.059,repair,repair_chuffed_long,134.0,176.0,42.0,False,False,False
ALNS-B,Example10,10,0,11,87.639,4.005,destroy,destroy_max_border_off,134.0,119.0,-15.0,True,False,False
ALNS-B,Example10,10,0,11,87.639,4.005,repair,repair_chuffed_fast,134.0,119.0,-15.0,True,False,False
ALNS-B,Example10,10,0,12,88.343,0.705,destroy,destroy_all_forbidden_sequences,119.0,119.0,0.0,True,False,False
ALNS-B,Example10,10,0,12,88.343,0.705,repair,repair_gecode_fast,119.0,119.0,0.0,True,False,False
ALNS-B,Example10,10,0,13,92.228,3.885,destroy,destroy_random_window_20pct,119.0,164.0,45.0,False,False,False
ALNS-B,Example10,10,0,13,92.228,3.885,repair,repair_chuffed_fast,119.0,164.0,45.0,False,False,False
ALNS-B,Example10,10,0,14,96.173,3.944,destroy,destroy_random_workers_20pct,119.0,156.0,37.0,False,False,False
ALNS-B,Example10,10,0,14,96.173,3.944,repair,repair_chuffed_fast,119.0,156.0,37.0,False,False,False
ALNS-B,Example10,10,0,15,99.685,3.512,destroy,destroy_random_workers_20pct,119.0,145.0,26.0,False,False,False
ALNS-B,Example10,10,0,15,99.685,3.512,repair,repair_gecode_fast,119.0,145.0,26.0,False,False,False
ALNS-B,Example10,10,0,16,103.819,4.135,destroy,destroy_random_window_20pct,119.0,198.0,79.0,False,False,False
ALNS-B,Example10,10,0,16,103.819,4.135,repair,repair_chuffed_fast,119.0,198.0,79.0,False,False,False
ALNS-B,Example10,10,0,17,107.44,3.62,destroy,destroy_random_window_20pct,119.0,204.0,85.0,False,False,False
ALNS-B,Example10,10,0,17,107.44,3.62,repair,repair_gecode_fast,119.0,204.0,85.0,False,False,False
ALNS-B,Example10,10,0,18,111.926,4.486,destroy,destroy_random_window_20pct,119.0,190.0,71.0,False,False,False
ALNS-B,Example10,10,0,18,111.926,4.486,repair,repair_chuffed_fast,119.0,190.0,71.0,False,False,False
ALNS-B,Example10,10,0,19,127.437,15.511,destroy,destroy_random_workers_20pct,119.0,142.0,23.0,False,False,False
ALNS-B,Example10,10,0,19,127.437,15.511,repair,repair_gecode_long,119.0,142.0,23.0,False,False,False
ALNS-B,Example10,10,0,20,131.01,3.574,destroy,destroy_worst_workers_30pct,119.0,303.0,184.0,False,False,False
ALNS-B,Example10,10,0,20,131.01,3.574,repair,repair_gecode_fast,119.0,303.0,184.0,False,False,False
ALNS-B,Example10,10,0,21,135.153,4.142,destroy,destroy_random_workers_20pct,119.0,150.0,31.0,False,False,False
ALNS-B,Example10,10,0,21,135.153,4.142,repair,repair_chuffed_fast,119.0,150.0,31.0,False,False,False
ALNS-B,Example10,10,0,22,186.113,50.96,destroy,destroy_exploration,119.0,137.0,18.0,False,False,True
ALNS-B,Example10,10,0,22,186.113,50.96,repair,repair_exploration,119.0,137.0,18.0,False,False,True
ALNS-B,Example10,10,1,1,4.235,4.235,destroy,destroy_max_border_off,inf,534.0,nan,True,False,False
ALNS-B,Example10,10,1,1,4.235,4.235,repair,repair_chuffed_fast,inf,534.0,nan,True,False,False
ALNS-B,Example10,10,1,2,8.735,4.5,destroy,destroy_worst_workers_30pct,534.0,241.0,-293.0,True,False,False
ALNS-B,Example10,10,1,2,8.735,4.5,repair,repair_chuffed_fast,534.0,241.0,-293.0,True,False,False
ALNS-B,Example10,10,1,3,12.997,4.261,destroy,destroy_max_border_off,241.0,199.0,-42.0,True,False,False
ALNS-B,Example10,10,1,3,12.997,4.261,repair,repair_chuffed_fast,241.0,199.0,-42.0,True,False,False
ALNS-B,Example10,10,1,4,17.459,4.462,destroy,destroy_random_window_20pct,199.0,258.0,59.0,False,False,False
ALNS-B,Example10,10,1,4,17.459,4.462,repair,repair_chuffed_fast,199.0,258.0,59.0,False,False,False
ALNS-B,Example10,10,1,5,21.29,3.83,destroy,destroy_random_window_20pct,199.0,150.0,-49.0,True,False,False
ALNS-B,Example10,10,1,5,21.29,3.83,repair,repair_chuffed_fast,199.0,150.0,-49.0,True,False,False
ALNS-B,Example10,10,1,6,25.235,3.945,destroy,destroy_random_window_20pct,150.0,173.0,23.0,False,False,False
ALNS-B,Example10,10,1,6,25.235,3.945,repair,repair_chuffed_fast,150.0,173.0,23.0,False,False,False
ALNS-B,Example10,10,1,7,26.591,1.357,destroy,destroy_all_forbidden_sequences,150.0,144.0,-6.0,True,False,False
ALNS-B,Example10,10,1,7,26.591,1.357,repair,repair_chuffed_fast,150.0,144.0,-6.0,True,False,False
ALNS-B,Example10,10,1,8,30.362,3.77,destroy,destroy_random_window_20pct,144.0,151.0,7.0,False,False,False
ALNS-B,Example10,10,1,8,30.362,3.77,repair,repair_chuffed_fast,144.0,151.0,7.0,False,False,False
ALNS-B,Example10,10,1,9,34.198,3.836,destroy,destroy_random_window_20pct,144.0,143.0,-1.0,True,False,False
ALNS-B,Example10,10,1,9,34.198,3.836,repair,repair_gecode_fast,144.0,143.0,-1.0,True,False,False
ALNS-B,Example10,10,1,10,38.297,4.099,destroy,destroy_random_workers_20pct,143.0,218.0,75.0,False,False,False
ALNS-B,Example10,10,1,10,38.297,4.099,repair,repair_chuffed_fast,143.0,218.0,75.0,False,False,False
ALNS-B,Example10,10,1,11,42.485,4.188,destroy,destroy_random_window_20pct,143.0,183.0,40.0,False,False,False
ALNS-B,Example10,10,1,11,42.485,4.188,repair,repair_chuffed_fast,143.0,183.0,40.0,False,False,False
ALNS-B,Example10,10,1,12,57.963,15.478,destroy,destroy_random_window_20pct,143.0,181.0,38.0,False,False,False
ALNS-B,Example10,10,1,12,57.963,15.478,repair,repair_gecode_long,143.0,181.0,38.0,False,False,False
ALNS-B,Example10,10,1,13,62.377,4.414,destroy,destroy_random_window_20pct,143.0,204.0,61.0,False,False,False
ALNS-B,Example10,10,1,13,62.377,4.414,repair,repair_chuffed_fast,143.0,204.0,61.0,False,False,False
ALNS-B,Example10,10,1,14,66.519,4.142,destroy,destroy_worst_days_30pct,143.0,238.0,95.0,False,False,False
ALNS-B,Example10,10,1,14,66.519,4.142,repair,repair_chuffed_fast,143.0,238.0,95.0,False,False,False
ALNS-B,Example10,10,1,15,70.686,4.167,destroy,destroy_max_border_off,143.0,93.0,-50.0,True,False,False
ALNS-B,Example10,10,1,15,70.686,4.167,repair,repair_chuffed_fast,143.0,93.0,-50.0,True,False,False
ALNS-B,Example10,10,1,16,74.568,3.882,destroy,destroy_random_workers_20pct,93.0,130.0,37.0,False,False,False
ALNS-B,Example10,10,1,16,74.568,3.882,repair,repair_chuffed_fast,93.0,130.0,37.0,False,False,False
ALNS-B,Example10,10,1,17,90.57,16.002,destroy,destroy_random_window_20pct,93.0,93.0,0.0,True,False,False
ALNS-B,Example10,10,1,17,90.57,16.002,repair,repair_chuffed_long,93.0,93.0,0.0,True,False,False
ALNS-B,Example10,10,1,18,94.505,3.935,destroy,destroy_random_days_20pct,93.0,190.0,97.0,False,False,False
ALNS-B,Example10,10,1,18,94.505,3.935,repair,repair_chuffed_fast,93.0,190.0,97.0,False,False,False
ALNS-B,Example10,10,1,19,98.341,3.836,destroy,destroy_random_window_20pct,93.0,109.0,16.0,False,False,False
ALNS-B,Example10,10,1,19,98.341,3.836,repair,repair_chuffed_fast,93.0,109.0,16.0,False,False,False
ALNS-B,Example10,10,1,20,114.828,16.487,destroy,destroy_worst_workers_30pct,93.0,139.0,46.0,False,False,False
ALNS-B,Example10,10,1,20,114.828,16.487,repair,repair_chuffed_long,93.0,139.0,46.0,False,False,False
ALNS-B,Example10,10,1,21,118.297,3.469,destroy,destroy_random_window_20pct,93.0,94.0,1.0,True,False,False
ALNS-B,Example10,10,1,21,118.297,3.469,repair,repair_gecode_fast,93.0,94.0,1.0,True,False,False
ALNS-B,Example10,10,1,22,122.142,3.845,destroy,destroy_random_days_20pct,94.0,153.0,59.0,False,False,False
ALNS-B,Example10,10,1,22,122.142,3.845,repair,repair_chuffed_fast,94.0,153.0,59.0,False,False,False
ALNS-B,Example10,10,1,23,123.16,1.018,destroy,destroy_all_forbidden_sequences,94.0,94.0,0.0,True,False,False
ALNS-B,Example10,10,1,23,123.16,1.018,repair,repair_chuffed_fast,94.0,94.0,0.0,True,False,False
ALNS-B,Example10,10,1,24,139.073,15.913,destroy,destroy_random_workers_20pct,94.0,148.0,54.0,False,False,False
ALNS-B,Example10,10,1,24,139.073,15.913,repair,repair_chuffed_long,94.0,148.0,54.0,False,False,False
ALNS-B,Example10,10,1,25,142.661,3.588,destroy,destroy_worst_days_30pct,94.0,116.0,22.0,False,False,False
ALNS-B,Example10,10,1,25,142.661,3.588,repair,repair_gecode_fast,94.0,116.0,22.0,False,False,False
ALNS-B,Example10,10,1,26,194.118,51.457,destroy,destroy_exploration,94.0,122.0,28.0,False,False,True
ALNS-B,Example10,10,1,26,194.118,51.457,repair,repair_exploration,94.0,122.0,28.0,False,False,True
ALNS-B,Example10,10,2,1,2.55,2.55,destroy,destroy_worst_workers_10pct,inf,543.0,nan,True,False,False
ALNS-B,Example10,10,2,1,2.55,2.55,repair,repair_gecode_long,inf,543.0,nan,True,False,False
ALNS-B,Example10,10,2,2,6.611,4.061,destroy,destroy_max_border_off,543.0,531.0,-12.0,True,False,False
ALNS-B,Example10,10,2,2,6.611,4.061,repair,repair_chuffed_fast,543.0,531.0,-12.0,True,False,False
ALNS-B,Example10,10,2,3,10.182,3.571,destroy,destroy_all_forbidden_sequences,531.0,92.0,-439.0,True,False,False
ALNS-B,Example10,10,2,3,10.182,3.571,repair,repair_gecode_fast,531.0,92.0,-439.0,True,False,False
ALNS-B,Example10,10,2,4,11.029,0.847,destroy,destroy_max_border_shift_2,92.0,44.0,-48.0,True,False,False
ALNS-B,Example10,10,2,4,11.029,0.847,repair,repair_gecode_long,92.0,44.0,-48.0,True,False,False
ALNS-B,Example10,10,2,5,15.405,4.376,destroy,destroy_streak_around_worst_worker,44.0,126.0,82.0,False,False,False
ALNS-B,Example10,10,2,5,15.405,4.376,repair,repair_chuffed_fast,44.0,126.0,82.0,False,False,False
ALNS-B,Example10,10,2,6,30.843,15.437,destroy,destroy_worst_workers_10pct,44.0,43.0,-1.0,True,False,False
ALNS-B,Example10,10,2,6,30.843,15.437,repair,repair_gecode_long,44.0,43.0,-1.0,True,False,False
ALNS-B,Example10,10,2,7,31.568,0.725,destroy,destroy_max_border_off,43.0,29.0,-14.0,True,False,False
ALNS-B,Example10,10,2,7,31.568,0.725,repair,repair_gecode_fast,43.0,29.0,-14.0,True,False,False
ALNS-B,Example10,10,2,8,35.091,3.523,destroy,destroy_random_window_20pct,29.0,93.0,64.0,False,False,False
ALNS-B,Example10,10,2,8,35.091,3.523,repair,repair_gecode_fast,29.0,93.0,64.0,False,False,False
ALNS-B,Example10,10,2,9,35.839,0.748,destroy,destroy_all_forbidden_sequences,29.0,27.0,-2.0,True,False,False
ALNS-B,Example10,10,2,9,35.839,0.748,repair,repair_gecode_fast,29.0,27.0,-2.0,True,False,False
ALNS-B,Example10,10,2,10,39.413,3.574,destroy,destroy_streak_around_worst_worker,27.0,199.0,172.0,False,False,False
ALNS-B,Example10,10,2,10,39.413,3.574,repair,repair_gecode_fast,27.0,199.0,172.0,False,False,False
ALNS-B,Example10,10,2,11,54.916,15.503,destroy,destroy_random_window_20pct,27.0,68.0,41.0,False,False,False
ALNS-B,Example10,10,2,11,54.916,15.503,repair,repair_gecode_long,27.0,68.0,41.0,False,False,False
ALNS-B,Example10,10,2,12,55.612,0.697,destroy,destroy_all_forbidden_sequences,27.0,27.0,0.0,True,False,False
ALNS-B,Example10,10,2,12,55.612,0.697,repair,repair_gecode_long,27.0,27.0,0.0,True,False,False
ALNS-B,Example10,10,2,13,71.128,15.516,destroy,destroy_worst_workers_30pct,27.0,86.0,59.0,False,False,False
ALNS-B,Example10,10,2,13,71.128,15.516,repair,repair_gecode_long,27.0,86.0,59.0,False,False,False
ALNS-B,Example10,10,2,14,75.102,3.974,destroy,destroy_random_workers_20pct,27.0,73.0,46.0,False,False,False
ALNS-B,Example10,10,2,14,75.102,3.974,repair,repair_chuffed_fast,27.0,73.0,46.0,False,False,False
ALNS-B,Example10,10,2,15,78.585,3.483,destroy,destroy_random_window_20pct,27.0,61.0,34.0,False,False,False
ALNS-B,Example10,10,2,15,78.585,3.483,repair,repair_gecode_fast,27.0,61.0,34.0,False,False,False
ALNS-B,Example10,10,2,16,94.054,15.47,destroy,destroy_random_window_20pct,27.0,47.0,20.0,False,False,False
ALNS-B,Example10,10,2,16,94.054,15.47,repair,repair_gecode_long,27.0,47.0,20.0,False,False,False
ALNS-B,Example10,10,2,17,97.991,3.936,destroy,destroy_random_workers_20pct,27.0,71.0,44.0,False,False,False
ALNS-B,Example10,10,2,17,97.991,3.936,repair,repair_chuffed_fast,27.0,71.0,44.0,False,False,False
ALNS-B,Example10,10,2,18,113.473,15.482,destroy,destroy_random_workers_20pct,27.0,69.0,42.0,False,False,False
ALNS-B,Example10,10,2,18,113.473,15.482,repair,repair_gecode_long,27.0,69.0,42.0,False,False,False
ALNS-B,Example10,10,2,19,117.431,3.958,destroy,destroy_random_workers_20pct,27.0,91.0,64.0,False,False,False
ALNS-B,Example10,10,2,19,117.431,3.958,repair,repair_chuffed_fast,27.0,91.0,64.0,False,False,False
ALNS-B,Example10,10,2,20,168.913,51.483,destroy,destroy_exploration,27.0,87.0,60.0,False,False,True
ALNS-B,Example10,10,2,20,168.913,51.483,repair,repair_exploration,27.0,87.0,60.0,False,False,True
ALNS-B,Example10,10,2,21,219.78,50.867,destroy,destroy_exploration,27.0,71.0,44.0,False,False,True
ALNS-B,Example10,10,2,21,219.78,50.867,repair,repair_exploration,27.0,71.0,44.0,False,False,True
ALNS-B,Example11,11,0,1,16.332,16.332,destroy,destroy_max_border_off,inf,1105.0,nan,True,False,False
ALNS-B,Example11,11,0,1,16.332,16.332,repair,repair_chuffed_long,inf,1105.0,nan,True,False,False
ALNS-B,Example11,11,0,2,20.221,3.89,destroy,destroy_random_window_20pct,1105.0,151.0,-954.0,True,False,False
ALNS-B,Example11,11,0,2,20.221,3.89,repair,repair_gecode_fast,1105.0,151.0,-954.0,True,False,False
ALNS-B,Example11,11,0,3,36.812,16.591,destroy,destroy_random_window_20pct,151.0,180.0,29.0,False,False,False
ALNS-B,Example11,11,0,3,36.812,16.591,repair,repair_chuffed_long,151.0,180.0,29.0,False,False,False
ALNS-B,Example11,11,0,4,37.644,0.832,destroy,destroy_all_forbidden_sequences,151.0,149.0,-2.0,True,False,False
ALNS-B,Example11,11,0,4,37.644,0.832,repair,repair_gecode_fast,151.0,149.0,-2.0,True,False,False
ALNS-B,Example11,11,0,5,41.204,3.56,destroy,destroy_random_window_20pct,149.0,180.0,31.0,False,False,False
ALNS-B,Example11,11,0,5,41.204,3.56,repair,repair_gecode_fast,149.0,180.0,31.0,False,False,False
ALNS-B,Example11,11,0,6,44.776,3.572,destroy,destroy_random_window_20pct,149.0,230.0,81.0,False,False,False
ALNS-B,Example11,11,0,6,44.776,3.572,repair,repair_gecode_fast,149.0,230.0,81.0,False,False,False
ALNS-B,Example11,11,0,7,60.368,15.592,destroy,destroy_random_workers_20pct,149.0,101.0,-48.0,True,False,False
ALNS-B,Example11,11,0,7,60.368,15.592,repair,repair_gecode_long,149.0,101.0,-48.0,True,False,False
ALNS-B,Example11,11,0,8,65.395,5.027,destroy,destroy_worst_workers_30pct,101.0,193.0,92.0,False,False,False
ALNS-B,Example11,11,0,8,65.395,5.027,repair,repair_chuffed_fast,101.0,193.0,92.0,False,False,False
ALNS-B,Example11,11,0,9,66.724,1.329,destroy,destroy_max_border_shift_1,101.0,85.0,-16.0,True,False,False
ALNS-B,Example11,11,0,9,66.724,1.329,repair,repair_chuffed_fast,101.0,85.0,-16.0,True,False,False
ALNS-B,Example11,11,0,10,70.281,3.557,destroy,destroy_random_window_20pct,85.0,92.0,7.0,False,False,False
ALNS-B,Example11,11,0,10,70.281,3.557,repair,repair_gecode_fast,85.0,92.0,7.0,False,False,False
ALNS-B,Example11,11,0,11,71.018,0.737,destroy,destroy_all_forbidden_sequences,85.0,82.0,-3.0,True,False,False
ALNS-B,Example11,11,0,11,71.018,0.737,repair,repair_gecode_fast,85.0,82.0,-3.0,True,False,False
ALNS-B,Example11,11,0,12,74.56,3.542,destroy,destroy_random_window_20pct,82.0,166.0,84.0,False,False,False
ALNS-B,Example11,11,0,12,74.56,3.542,repair,repair_gecode_fast,82.0,166.0,84.0,False,False,False
ALNS-B,Example11,11,0,13,90.124,15.564,destroy,destroy_worst_workers_30pct,82.0,102.0,20.0,False,False,False
ALNS-B,Example11,11,0,13,90.124,15.564,repair,repair_gecode_long,82.0,102.0,20.0,False,False,False
ALNS-B,Example11,11,0,14,106.399,16.275,destroy,destroy_worst_days_30pct,82.0,121.0,39.0,False,False,False
ALNS-B,Example11,11,0,14,106.399,16.275,repair,repair_chuffed_long,82.0,121.0,39.0,False,False,False
ALNS-B,Example11,11,0,15,109.903,3.505,destroy,destroy_random_workers_20pct,82.0,138.0,56.0,False,False,False
ALNS-B,Example11,11,0,15,109.903,3.505,repair,repair_gecode_fast,82.0,138.0,56.0,False,False,False
ALNS-B,Example11,11,0,16,125.385,15.482,destroy,destroy_random_workers_20pct,82.0,118.0,36.0,False,False,False
ALNS-B,Example11,11,0,16,125.385,15.482,repair,repair_gecode_long,82.0,118.0,36.0,False,False,False
ALNS-B,Example11,11,0,17,129.204,3.818,destroy,destroy_random_window_20pct,82.0,90.0,8.0,False,False,False
ALNS-B,Example11,11,0,17,129.204,3.818,repair,repair_chuffed_fast,82.0,90.0,8.0,False,False,False
ALNS-B,Example11,11,0,18,132.684,3.48,destroy,destroy_random_workers_20pct,82.0,103.0,21.0,False,False,False
ALNS-B,Example11,11,0,18,132.684,3.48,repair,repair_gecode_fast,82.0,103.0,21.0,False,False,False
ALNS-B,Example11,11,0,19,148.179,15.496,destroy,destroy_random_days_20pct,82.0,120.0,38.0,False,False,False
ALNS-B,Example11,11,0,19,148.179,15.496,repair,repair_gecode_long,82.0,120.0,38.0,False,False,False
ALNS-B,Example11,11,0,20,151.611,3.431,destroy,destroy_max_border_off,82.0,70.0,-12.0,True,False,False
ALNS-B,Example11,11,0,20,151.611,3.431,repair,repair_gecode_fast,82.0,70.0,-12.0,True,False,False
ALNS-B,Example11,11,0,21,154.451,2.84,destroy,destroy_max_border_off,70.0,54.0,-16.0,True,False,False
ALNS-B,Example11,11,0,21,154.451,2.84,repair,repair_gecode_fast,70.0,54.0,-16.0,True,False,False
ALNS-B,Example11,11,0,22,158.001,3.55,destroy,destroy_worst_workers_30pct,54.0,128.0,74.0,False,False,False
ALNS-B,Example11,11,0,22,158.001,3.55,repair,repair_gecode_fast,54.0,128.0,74.0,False,False,False
ALNS-B,Example11,11,0,23,161.482,3.481,destroy,destroy_random_workers_20pct,54.0,103.0,49.0,False,False,False
ALNS-B,Example11,11,0,23,161.482,3.481,repair,repair_gecode_fast,54.0,103.0,49.0,False,False,False
ALNS-B,Example11,11,0,24,164.961,3.479,destroy,destroy_random_workers_20pct,54.0,95.0,41.0,False,False,False
ALNS-B,Example11,11,0,24,164.961,3.479,repair,repair_gecode_fast,54.0,95.0,41.0,False,False,False
ALNS-B,Example11,11,0,25,165.614,0.653,destroy,destroy_all_forbidden_sequences,54.0,54.0,0.0,True,False,False
ALNS-B,Example11,11,0,25,165.614,0.653,repair,repair_gecode_long,54.0,54.0,0.0,True,False,False
ALNS-B,Example11,11,0,26,169.097,3.483,destroy,destroy_random_workers_20pct,54.0,96.0,42.0,False,False,False
ALNS-B,Example11,11,0,26,169.097,3.483,repair,repair_gecode_fast,54.0,96.0,42.0,False,False,False
ALNS-B,Example11,11,0,27,173.118,4.021,destroy,destroy_random_window_20pct,54.0,120.0,66.0,False,False,False
ALNS-B,Example11,11,0,27,173.118,4.021,repair,repair_chuffed_fast,54.0,120.0,66.0,False,False,False
ALNS-B,Example11,11,0,28,176.602,3.484,destroy,destroy_random_workers_20pct,54.0,107.0,53.0,False,False,False
ALNS-B,Example11,11,0,28,176.602,3.484,repair,repair_gecode_fast,54.0,107.0,53.0,False,False,False
ALNS-B,Example11,11,0,29,180.868,4.266,destroy,destroy_random_workers_20pct,54.0,98.0,44.0,False,False,False
ALNS-B,Example11,11,0,29,180.868,4.266,repair,repair_chuffed_fast,54.0,98.0,44.0,False,False,False
ALNS-B,Example11,11,1,1,4.415,4.415,destroy,destroy_max_border_shift_1,inf,190.0,nan,True,False,False
ALNS-B,Example11,11,1,1,4.415,4.415,repair,repair_chuffed_fast,inf,190.0,nan,True,False,False
ALNS-B,Example11,11,1,2,8.204,3.788,destroy,destroy_random_window_20pct,190.0,74.0,-116.0,True,False,False
ALNS-B,Example11,11,1,2,8.204,3.788,repair,repair_gecode_fast,190.0,74.0,-116.0,True,False,False
ALNS-B,Example11,11,1,3,12.307,4.103,destroy,destroy_worst_workers_10pct,74.0,81.0,7.0,False,False,False
ALNS-B,Example11,11,1,3,12.307,4.103,repair,repair_chuffed_fast,74.0,81.0,7.0,False,False,False
ALNS-B,Example11,11,1,4,14.381,2.074,destroy,destroy_max_border_off,74.0,62.0,-12.0,True,False,False
ALNS-B,Example11,11,1,4,14.381,2.074,repair,repair_gecode_fast,74.0,62.0,-12.0,True,False,False
ALNS-B,Example11,11,1,5,16.023,1.642,destroy,destroy_random_window_20pct,62.0,62.0,0.0,True,False,False
ALNS-B,Example11,11,1,5,16.023,1.642,repair,repair_chuffed_fast,62.0,62.0,0.0,True,False,False
ALNS-B,Example11,11,1,6,19.86,3.836,destroy,destroy_all_forbidden_sequences,62.0,58.0,-4.0,True,False,False
ALNS-B,Example11,11,1,6,19.86,3.836,repair,repair_chuffed_fast,62.0,58.0,-4.0,True,False,False
ALNS-B,Example11,11,1,7,20.537,0.677,destroy,destroy_max_border_off,58.0,54.0,-4.0,True,False,False
ALNS-B,Example11,11,1,7,20.537,0.677,repair,repair_gecode_fast,58.0,54.0,-4.0,True,False,False
ALNS-B,Example11,11,1,8,24.579,4.042,destroy,destroy_random_workers_20pct,54.0,121.0,67.0,False,False,False
ALNS-B,Example11,11,1,8,24.579,4.042,repair,repair_chuffed_fast,54.0,121.0,67.0,False,False,False
ALNS-B,Example11,11,1,9,28.042,3.464,destroy,destroy_worst_workers_10pct,54.0,56.0,2.0,False,False,False
ALNS-B,Example11,11,1,9,28.042,3.464,repair,repair_gecode_fast,54.0,56.0,2.0,False,False,False
ALNS-B,Example11,11,1,10,44.558,16.516,destroy,destroy_streak_around_worst_worker,54.0,404.0,350.0,False,False,False
ALNS-B,Example11,11,1,10,44.558,16.516,repair,repair_chuffed_long,54.0,404.0,350.0,False,False,False
ALNS-B,Example11,11,1,11,48.198,3.64,destroy,destroy_worst_workers_30pct,54.0,189.0,135.0,False,False,False
ALNS-B,Example11,11,1,11,48.198,3.64,repair,repair_gecode_fast,54.0,189.0,135.0,False,False,False
ALNS-B,Example11,11,1,12,63.747,15.549,destroy,destroy_worst_workers_30pct,54.0,173.0,119.0,False,False,False
ALNS-B,Example11,11,1,12,63.747,15.549,repair,repair_gecode_long,54.0,173.0,119.0,False,False,False
ALNS-B,Example11,11,1,13,67.288,3.542,destroy,destroy_random_window_20pct,54.0,171.0,117.0,False,False,False
ALNS-B,Example11,11,1,13,67.288,3.542,repair,repair_gecode_fast,54.0,171.0,117.0,False,False,False
ALNS-B,Example11,11,1,14,70.844,3.555,destroy,destroy_worst_workers_30pct,54.0,177.0,123.0,False,False,False
ALNS-B,Example11,11,1,14,70.844,3.555,repair,repair_gecode_fast,54.0,177.0,123.0,False,False,False
ALNS-B,Example11,11,1,15,75.027,4.183,destroy,destroy_random_workers_20pct,54.0,113.0,59.0,False,False,False
ALNS-B,Example11,11,1,15,75.027,4.183,repair,repair_chuffed_fast,54.0,113.0,59.0,False,False,False
ALNS-B,Example11,11,1,16,91.099,16.072,destroy,destroy_random_workers_20pct,54.0,95.0,41.0,False,False,False
ALNS-B,Example11,11,1,16,91.099,16.072,repair,repair_chuffed_long,54.0,95.0,41.0,False,False,False
ALNS-B,Example11,11,1,17,94.744,3.645,destroy,destroy_worst_days_30pct,54.0,110.0,56.0,False,False,False
ALNS-B,Example11,11,1,17,94.744,3.645,repair,repair_gecode_fast,54.0,110.0,56.0,False,False,False
ALNS-B,Example11,11,1,18,145.703,50.959,destroy,destroy_exploration,54.0,71.0,17.0,False,False,True
ALNS-B,Example11,11,1,18,145.703,50.959,repair,repair_exploration,54.0,71.0,17.0,False,False,True
ALNS-B,Example11,11,1,19,197.084,51.381,destroy,destroy_exploration,54.0,244.0,190.0,False,False,True
ALNS-B,Example11,11,1,19,197.084,51.381,repair,repair_exploration,54.0,244.0,190.0,False,False,True
ALNS-B,Example11,11,2,1,1.851,1.851,destroy,destroy_worst_workers_10pct,inf,954.0,nan,True,False,False
ALNS-B,Example11,11,2,1,1.851,1.851,repair,repair_gecode_long,inf,954.0,nan,True,False,False
ALNS-B,Example11,11,2,2,6.164,4.313,destroy,destroy_max_border_shift_1,954.0,181.0,-773.0,True,False,False
ALNS-B,Example11,11,2,2,6.164,4.313,repair,repair_chuffed_fast,954.0,181.0,-773.0,True,False,False
ALNS-B,Example11,11,2,3,9.622,3.458,destroy,destroy_all_forbidden_sequences,181.0,71.0,-110.0,True,False,False
ALNS-B,Example11,11,2,3,9.622,3.458,repair,repair_gecode_fast,181.0,71.0,-110.0,True,False,False
ALNS-B,Example11,11,2,4,13.303,3.681,destroy,destroy_random_window_20pct,71.0,96.0,25.0,False,False,False
ALNS-B,Example11,11,2,4,13.303,3.681,repair,repair_gecode_fast,71.0,96.0,25.0,False,False,False
ALNS-B,Example11,11,2,5,16.82,3.517,destroy,destroy_random_window_20pct,71.0,130.0,59.0,False,False,False
ALNS-B,Example11,11,2,5,16.82,3.517,repair,repair_gecode_fast,71.0,130.0,59.0,False,False,False
ALNS-B,Example11,11,2,6,20.298,3.479,destroy,destroy_random_workers_20pct,71.0,88.0,17.0,False,False,False
ALNS-B,Example11,11,2,6,20.298,3.479,repair,repair_gecode_fast,71.0,88.0,17.0,False,False,False
ALNS-B,Example11,11,2,7,23.801,3.502,destroy,destroy_random_workers_20pct,71.0,106.0,35.0,False,False,False
ALNS-B,Example11,11,2,7,23.801,3.502,repair,repair_gecode_fast,71.0,106.0,35.0,False,False,False
ALNS-B,Example11,11,2,8,27.257,3.456,destroy,destroy_max_border_off,71.0,36.0,-35.0,True,False,False
ALNS-B,Example11,11,2,8,27.257,3.456,repair,repair_gecode_fast,71.0,36.0,-35.0,True,False,False
ALNS-B,Example11,11,2,9,30.772,3.515,destroy,destroy_random_window_20pct,36.0,79.0,43.0,False,False,False
ALNS-B,Example11,11,2,9,30.772,3.515,repair,repair_gecode_fast,36.0,79.0,43.0,False,False,False
ALNS-B,Example11,11,2,10,46.272,15.5,destroy,destroy_random_workers_20pct,36.0,69.0,33.0,False,False,False
ALNS-B,Example11,11,2,10,46.272,15.5,repair,repair_gecode_long,36.0,69.0,33.0,False,False,False
ALNS-B,Example11,11,2,11,62.291,16.019,destroy,destroy_random_workers_20pct,36.0,71.0,35.0,False,False,False
ALNS-B,Example11,11,2,11,62.291,16.019,repair,repair_chuffed_long,36.0,71.0,35.0,False,False,False
ALNS-B,Example11,11,2,12,66.739,4.448,destroy,destroy_random_window_20pct,36.0,61.0,25.0,False,False,False
ALNS-B,Example11,11,2,12,66.739,4.448,repair,repair_chuffed_fast,36.0,61.0,25.0,False,False,False
ALNS-B,Example11,11,2,13,71.214,4.475,destroy,destroy_random_window_20pct,36.0,115.0,79.0,False,False,False
ALNS-B,Example11,11,2,13,71.214,4.475,repair,repair_chuffed_fast,36.0,115.0,79.0,False,False,False
ALNS-B,Example11,11,2,14,74.835,3.622,destroy,destroy_random_window_20pct,36.0,99.0,63.0,False,False,False
ALNS-B,Example11,11,2,14,74.835,3.622,repair,repair_gecode_fast,36.0,99.0,63.0,False,False,False
ALNS-B,Example11,11,2,15,75.96,1.125,destroy,destroy_all_forbidden_sequences,36.0,35.0,-1.0,True,False,False
ALNS-B,Example11,11,2,15,75.96,1.125,repair,repair_chuffed_fast,36.0,35.0,-1.0,True,False,False
ALNS-B,Example11,11,2,16,79.613,3.653,destroy,destroy_streak_around_worst_worker,35.0,386.0,351.0,False,False,False
ALNS-B,Example11,11,2,16,79.613,3.653,repair,repair_gecode_fast,35.0,386.0,351.0,False,False,False
ALNS-B,Example11,11,2,17,80.366,0.753,destroy,destroy_max_border_shift_2,35.0,34.0,-1.0,True,False,False
ALNS-B,Example11,11,2,17,80.366,0.753,repair,repair_gecode_fast,35.0,34.0,-1.0,True,False,False
ALNS-B,Example11,11,2,18,96.577,16.211,destroy,destroy_random_workers_20pct,34.0,89.0,55.0,False,False,False
ALNS-B,Example11,11,2,18,96.577,16.211,repair,repair_chuffed_long,34.0,89.0,55.0,False,False,False
ALNS-B,Example11,11,2,19,97.544,0.967,destroy,destroy_max_border_off,34.0,34.0,0.0,True,False,False
ALNS-B,Example11,11,2,19,97.544,0.967,repair,repair_chuffed_fast,34.0,34.0,0.0,True,False,False
ALNS-B,Example11,11,2,20,101.482,3.938,destroy,destroy_random_window_20pct,34.0,94.0,60.0,False,False,False
ALNS-B,Example11,11,2,20,101.482,3.938,repair,repair_chuffed_fast,34.0,94.0,60.0,False,False,False
ALNS-B,Example11,11,2,21,105.573,4.091,destroy,destroy_random_workers_20pct,34.0,95.0,61.0,False,False,False
ALNS-B,Example11,11,2,21,105.573,4.091,repair,repair_chuffed_fast,34.0,95.0,61.0,False,False,False
ALNS-B,Example11,11,2,22,121.068,15.495,destroy,destroy_random_workers_20pct,34.0,82.0,48.0,False,False,False
ALNS-B,Example11,11,2,22,121.068,15.495,repair,repair_gecode_long,34.0,82.0,48.0,False,False,False
ALNS-B,Example11,11,2,23,124.673,3.604,destroy,destroy_random_window_20pct,34.0,127.0,93.0,False,False,False
ALNS-B,Example11,11,2,23,124.673,3.604,repair,repair_gecode_fast,34.0,127.0,93.0,False,False,False
ALNS-B,Example11,11,2,24,140.653,15.981,destroy,destroy_random_days_20pct,34.0,129.0,95.0,False,False,False
ALNS-B,Example11,11,2,24,140.653,15.981,repair,repair_chuffed_long,34.0,129.0,95.0,False,False,False
ALNS-B,Example11,11,2,25,156.251,15.598,destroy,destroy_random_window_20pct,34.0,144.0,110.0,False,False,False
ALNS-B,Example11,11,2,25,156.251,15.598,repair,repair_gecode_long,34.0,144.0,110.0,False,False,False
ALNS-B,Example11,11,2,26,159.767,3.516,destroy,destroy_random_workers_20pct,34.0,79.0,45.0,False,False,False
ALNS-B,Example11,11,2,26,159.767,3.516,repair,repair_gecode_fast,34.0,79.0,45.0,False,False,False
ALNS-B,Example11,11,2,27,163.344,3.577,destroy,destroy_random_window_20pct,34.0,97.0,63.0,False,False,False
ALNS-B,Example11,11,2,27,163.344,3.577,repair,repair_gecode_fast,34.0,97.0,63.0,False,False,False
ALNS-B,Example11,11,2,28,214.389,51.045,destroy,destroy_exploration,34.0,79.0,45.0,False,False,True
ALNS-B,Example11,11,2,28,214.389,51.045,repair,repair_exploration,34.0,79.0,45.0,False,False,True
ALNS-B,Example12,12,0,1,16.238,16.238,destroy,destroy_streak_around_worst_worker,inf,375.0,nan,True,False,False
ALNS-B,Example12,12,0,1,16.238,16.238,repair,repair_chuffed_long,inf,375.0,nan,True,False,False
ALNS-B,Example12,12,0,2,19.994,3.757,destroy,destroy_random_days_20pct,375.0,86.0,-289.0,True,False,False
ALNS-B,Example12,12,0,2,19.994,3.757,repair,repair_gecode_fast,375.0,86.0,-289.0,True,False,False
ALNS-B,Example12,12,0,3,21.034,1.04,destroy,destroy_max_border_shift_2,86.0,84.0,-2.0,True,False,False
ALNS-B,Example12,12,0,3,21.034,1.04,repair,repair_chuffed_fast,86.0,84.0,-2.0,True,False,False
ALNS-B,Example12,12,0,4,36.864,15.829,destroy,destroy_worst_days_30pct,84.0,123.0,39.0,False,False,False
ALNS-B,Example12,12,0,4,36.864,15.829,repair,repair_chuffed_long,84.0,123.0,39.0,False,False,False
ALNS-B,Example12,12,0,5,40.295,3.432,destroy,destroy_random_window_20pct,84.0,89.0,5.0,False,False,False
ALNS-B,Example12,12,0,5,40.295,3.432,repair,repair_gecode_fast,84.0,89.0,5.0,False,False,False
ALNS-B,Example12,12,0,6,40.963,0.668,destroy,destroy_max_border_off,84.0,68.0,-16.0,True,False,False
ALNS-B,Example12,12,0,6,40.963,0.668,repair,repair_gecode_long,84.0,68.0,-16.0,True,False,False
ALNS-B,Example12,12,0,7,44.643,3.68,destroy,destroy_random_window_20pct,68.0,48.0,-20.0,True,False,False
ALNS-B,Example12,12,0,7,44.643,3.68,repair,repair_chuffed_fast,68.0,48.0,-20.0,True,False,False
ALNS-B,Example12,12,0,8,48.42,3.777,destroy,destroy_worst_workers_30pct,48.0,74.0,26.0,False,False,False
ALNS-B,Example12,12,0,8,48.42,3.777,repair,repair_chuffed_fast,48.0,74.0,26.0,False,False,False
ALNS-B,Example12,12,0,9,51.854,3.434,destroy,destroy_random_workers_20pct,48.0,53.0,5.0,False,False,False
ALNS-B,Example12,12,0,9,51.854,3.434,repair,repair_gecode_fast,48.0,53.0,5.0,False,False,False
ALNS-B,Example12,12,0,10,55.57,3.717,destroy,destroy_random_window_20pct,48.0,101.0,53.0,False,False,False
ALNS-B,Example12,12,0,10,55.57,3.717,repair,repair_chuffed_fast,48.0,101.0,53.0,False,False,False
ALNS-B,Example12,12,0,11,56.308,0.738,destroy,destroy_all_forbidden_sequences,48.0,46.0,-2.0,True,False,False
ALNS-B,Example12,12,0,11,56.308,0.738,repair,repair_chuffed_long,48.0,46.0,-2.0,True,False,False
ALNS-B,Example12,12,0,12,59.735,3.427,destroy,destroy_random_window_20pct,46.0,51.0,5.0,False,False,False
ALNS-B,Example12,12,0,12,59.735,3.427,repair,repair_gecode_fast,46.0,51.0,5.0,False,False,False
ALNS-B,Example12,12,0,13,60.762,1.027,destroy,destroy_random_window_20pct,46.0,42.0,-4.0,True,False,False
ALNS-B,Example12,12,0,13,60.762,1.027,repair,repair_gecode_long,46.0,42.0,-4.0,True,False,False
ALNS-B,Example12,12,0,14,64.197,3.435,destroy,destroy_random_window_20pct,42.0,47.0,5.0,False,False,False
ALNS-B,Example12,12,0,14,64.197,3.435,repair,repair_gecode_fast,42.0,47.0,5.0,False,False,False
ALNS-B,Example12,12,0,15,67.66,3.463,destroy,destroy_worst_workers_30pct,42.0,61.0,19.0,False,False,False
ALNS-B,Example12,12,0,15,67.66,3.463,repair,repair_gecode_fast,42.0,61.0,19.0,False,False,False
ALNS-B,Example12,12,0,16,71.087,3.427,destroy,destroy_random_workers_20pct,42.0,42.0,0.0,True,False,False
ALNS-B,Example12,12,0,16,71.087,3.427,repair,repair_gecode_fast,42.0,42.0,0.0,True,False,False
ALNS-B,Example12,12,0,17,71.805,0.718,destroy,destroy_max_border_off,42.0,34.0,-8.0,True,False,False
ALNS-B,Example12,12,0,17,71.805,0.718,repair,repair_chuffed_fast,42.0,34.0,-8.0,True,False,False
ALNS-B,Example12,12,0,18,75.579,3.774,destroy,destroy_worst_workers_30pct,34.0,67.0,33.0,False,False,False
ALNS-B,Example12,12,0,18,75.579,3.774,repair,repair_chuffed_fast,34.0,67.0,33.0,False,False,False
ALNS-B,Example12,12,0,19,79.179,3.6,destroy,destroy_random_days_20pct,34.0,44.0,10.0,False,False,False
ALNS-B,Example12,12,0,19,79.179,3.6,repair,repair_chuffed_fast,34.0,44.0,10.0,False,False,False
ALNS-B,Example12,12,0,20,82.619,3.44,destroy,destroy_random_days_20pct,34.0,66.0,32.0,False,False,False
ALNS-B,Example12,12,0,20,82.619,3.44,repair,repair_gecode_fast,34.0,66.0,32.0,False,False,False
ALNS-B,Example12,12,0,21,98.08,15.46,destroy,destroy_streak_around_worst_worker,34.0,100.0,66.0,False,False,False
ALNS-B,Example12,12,0,21,98.08,15.46,repair,repair_gecode_long,34.0,100.0,66.0,False,False,False
ALNS-B,Example12,12,0,22,101.502,3.422,destroy,destroy_random_workers_20pct,34.0,40.0,6.0,True,False,False
ALNS-B,Example12,12,0,22,101.502,3.422,repair,repair_gecode_fast,34.0,40.0,6.0,True,False,False
ALNS-B,Example12,12,0,23,116.933,15.432,destroy,destroy_random_days_20pct,40.0,68.0,28.0,False,False,False
ALNS-B,Example12,12,0,23,116.933,15.432,repair,repair_gecode_long,40.0,68.0,28.0,False,False,False
ALNS-B,Example12,12,0,24,120.641,3.708,destroy,destroy_worst_days_30pct,40.0,111.0,71.0,False,False,False
ALNS-B,Example12,12,0,24,120.641,3.708,repair,repair_chuffed_fast,40.0,111.0,71.0,False,False,False
ALNS-B,Example12,12,0,25,121.437,0.796,destroy,destroy_max_border_off,40.0,34.0,-6.0,True,False,False
ALNS-B,Example12,12,0,25,121.437,0.796,repair,repair_chuffed_fast,40.0,34.0,-6.0,True,False,False
ALNS-B,Example12,12,0,26,124.865,3.428,destroy,destroy_random_workers_20pct,34.0,47.0,13.0,False,False,False
ALNS-B,Example12,12,0,26,124.865,3.428,repair,repair_gecode_fast,34.0,47.0,13.0,False,False,False
ALNS-B,Example12,12,0,27,128.287,3.422,destroy,destroy_random_workers_20pct,34.0,43.0,9.0,False,False,False
ALNS-B,Example12,12,0,27,128.287,3.422,repair,repair_gecode_fast,34.0,43.0,9.0,False,False,False
ALNS-B,Example12,12,0,28,143.903,15.616,destroy,destroy_random_workers_20pct,34.0,37.0,3.0,False,False,False
ALNS-B,Example12,12,0,28,143.903,15.616,repair,repair_chuffed_long,34.0,37.0,3.0,False,False,False
ALNS-B,Example12,12,0,29,147.455,3.551,destroy,destroy_random_window_20pct,34.0,40.0,6.0,True,False,False
ALNS-B,Example12,12,0,29,147.455,3.551,repair,repair_chuffed_fast,34.0,40.0,6.0,True,False,False
ALNS-B,Example12,12,0,30,148.211,0.756,destroy,destroy_max_border_off,40.0,32.0,-8.0,True,False,False
ALNS-B,Example12,12,0,30,148.211,0.756,repair,repair_chuffed_fast,40.0,32.0,-8.0,True,False,False
ALNS-B,Example12,12,0,31,163.627,15.416,destroy,destroy_random_workers_20pct,32.0,48.0,16.0,False,False,False
ALNS-B,Example12,12,0,31,163.627,15.416,repair,repair_gecode_long,32.0,48.0,16.0,False,False,False
ALNS-B,Example12,12,0,32,179.215,15.588,destroy,destroy_random_workers_20pct,32.0,51.0,19.0,False,False,False
ALNS-B,Example12,12,0,32,179.215,15.588,repair,repair_chuffed_long,32.0,51.0,19.0,False,False,False
ALNS-B,Example12,12,0,33,181.363,2.147,destroy,destroy_random_window_20pct,32.0,24.0,-8.0,True,False,False
ALNS-B,Example12,12,0,33,181.363,2.147,repair,repair_gecode_fast,32.0,24.0,-8.0,True,False,False
ALNS-B,Example12,12,1,1,1.065,1.065,destroy,destroy_max_border_shift_1,inf,199.0,nan,True,False,False
ALNS-B,Example12,12,1,1,1.065,1.065,repair,repair_chuffed_fast,inf,199.0,nan,True,False,False
ALNS-B,Example12,12,1,2,4.716,3.651,destroy,destroy_random_window_20pct,199.0,56.0,-143.0,True,False,False
ALNS-B,Example12,12,1,2,4.716,3.651,repair,repair_gecode_fast,199.0,56.0,-143.0,True,False,False
ALNS-B,Example12,12,1,3,5.845,1.129,destroy,destroy_worst_workers_10pct,56.0,49.0,-7.0,True,False,False
ALNS-B,Example12,12,1,3,5.845,1.129,repair,repair_chuffed_fast,56.0,49.0,-7.0,True,False,False
ALNS-B,Example12,12,1,4,21.699,15.854,destroy,destroy_streak_around_worst_worker,49.0,78.0,29.0,False,False,False
ALNS-B,Example12,12,1,4,21.699,15.854,repair,repair_chuffed_long,49.0,78.0,29.0,False,False,False
ALNS-B,Example12,12,1,5,37.24,15.54,destroy,destroy_random_window_20pct,49.0,46.0,-3.0,True,False,False
ALNS-B,Example12,12,1,5,37.24,15.54,repair,repair_chuffed_long,49.0,46.0,-3.0,True,False,False
ALNS-B,Example12,12,1,6,40.707,3.467,destroy,destroy_worst_days_30pct,46.0,111.0,65.0,False,False,False
ALNS-B,Example12,12,1,6,40.707,3.467,repair,repair_gecode_fast,46.0,111.0,65.0,False,False,False
ALNS-B,Example12,12,1,7,44.554,3.847,destroy,destroy_streak_around_worst_worker,46.0,126.0,80.0,False,False,False
ALNS-B,Example12,12,1,7,44.554,3.847,repair,repair_chuffed_fast,46.0,126.0,80.0,False,False,False
ALNS-B,Example12,12,1,8,48.007,3.453,destroy,destroy_worst_workers_30pct,46.0,58.0,12.0,False,False,False
ALNS-B,Example12,12,1,8,48.007,3.453,repair,repair_gecode_fast,46.0,58.0,12.0,False,False,False
ALNS-B,Example12,12,1,9,63.566,15.558,destroy,destroy_random_workers_20pct,46.0,73.0,27.0,False,False,False
ALNS-B,Example12,12,1,9,63.566,15.558,repair,repair_chuffed_long,46.0,73.0,27.0,False,False,False
ALNS-B,Example12,12,1,10,67.152,3.586,destroy,destroy_random_window_20pct,46.0,98.0,52.0,False,False,False
ALNS-B,Example12,12,1,10,67.152,3.586,repair,repair_chuffed_fast,46.0,98.0,52.0,False,False,False
ALNS-B,Example12,12,1,11,70.736,3.584,destroy,destroy_random_workers_20pct,46.0,80.0,34.0,False,False,False
ALNS-B,Example12,12,1,11,70.736,3.584,repair,repair_chuffed_fast,46.0,80.0,34.0,False,False,False
ALNS-B,Example12,12,1,12,71.381,0.645,destroy,destroy_all_forbidden_sequences,46.0,31.0,-15.0,True,False,False
ALNS-B,Example12,12,1,12,71.381,0.645,repair,repair_gecode_fast,46.0,31.0,-15.0,True,False,False
ALNS-B,Example12,12,1,13,87.011,15.63,destroy,destroy_random_workers_20pct,31.0,38.0,7.0,False,False,False
ALNS-B,Example12,12,1,13,87.011,15.63,repair,repair_chuffed_long,31.0,38.0,7.0,False,False,False
ALNS-B,Example12,12,1,14,102.661,15.65,destroy,destroy_random_window_20pct,31.0,87.0,56.0,False,False,False
ALNS-B,Example12,12,1,14,102.661,15.65,repair,repair_chuffed_long,31.0,87.0,56.0,False,False,False
ALNS-B,Example12,12,1,15,106.359,3.698,destroy,destroy_worst_workers_30pct,31.0,61.0,30.0,False,False,False
ALNS-B,Example12,12,1,15,106.359,3.698,repair,repair_chuffed_fast,31.0,61.0,30.0,False,False,False
ALNS-B,Example12,12,1,16,109.956,3.597,destroy,destroy_random_workers_20pct,31.0,51.0,20.0,False,False,False
ALNS-B,Example12,12,1,16,109.956,3.597,repair,repair_chuffed_fast,31.0,51.0,20.0,False,False,False
ALNS-B,Example12,12,1,17,114.016,4.06,destroy,destroy_random_window_20pct,31.0,24.0,-7.0,True,False,False
ALNS-B,Example12,12,1,17,114.016,4.06,repair,repair_chuffed_long,31.0,24.0,-7.0,True,False,False
ALNS-B,Example12,12,1,18,117.465,3.449,destroy,destroy_worst_workers_30pct,24.0,62.0,38.0,False,False,False
ALNS-B,Example12,12,1,18,117.465,3.449,repair,repair_gecode_fast,24.0,62.0,38.0,False,False,False
ALNS-B,Example12,12,1,19,133.024,15.559,destroy,destroy_random_workers_20pct,24.0,32.0,8.0,False,False,False
ALNS-B,Example12,12,1,19,133.024,15.559,repair,repair_chuffed_long,24.0,32.0,8.0,False,False,False
ALNS-B,Example12,12,1,20,149.298,16.274,destroy,destroy_worst_days_30pct,24.0,73.0,49.0,False,False,False
ALNS-B,Example12,12,1,20,149.298,16.274,repair,repair_chuffed_long,24.0,73.0,49.0,False,False,False
ALNS-B,Example12,12,1,21,152.935,3.636,destroy,destroy_random_workers_20pct,24.0,36.0,12.0,True,False,False
ALNS-B,Example12,12,1,21,152.935,3.636,repair,repair_gecode_fast,24.0,36.0,12.0,True,False,False
ALNS-B,Example12,12,1,22,156.367,3.433,destroy,destroy_random_window_20pct,36.0,54.0,18.0,False,False,False
ALNS-B,Example12,12,1,22,156.367,3.433,repair,repair_gecode_fast,36.0,54.0,18.0,False,False,False
ALNS-B,Example12,12,1,23,156.952,0.585,destroy,destroy_all_forbidden_sequences,36.0,36.0,0.0,True,False,False
ALNS-B,Example12,12,1,23,156.952,0.585,repair,repair_gecode_fast,36.0,36.0,0.0,True,False,False
ALNS-B,Example12,12,1,24,158.998,2.046,destroy,destroy_random_window_20pct,36.0,27.0,-9.0,True,False,False
ALNS-B,Example12,12,1,24,158.998,2.046,repair,repair_gecode_fast,36.0,27.0,-9.0,True,False,False
ALNS-B,Example12,12,1,25,159.585,0.588,destroy,destroy_max_border_off,27.0,19.0,-8.0,True,False,False
ALNS-B,Example12,12,1,25,159.585,0.588,repair,repair_gecode_fast,27.0,19.0,-8.0,True,False,False
ALNS-B,Example12,12,1,26,163.19,3.605,destroy,destroy_random_workers_20pct,19.0,32.0,13.0,False,False,False
ALNS-B,Example12,12,1,26,163.19,3.605,repair,repair_chuffed_fast,19.0,32.0,13.0,False,False,False
ALNS-B,Example12,12,1,27,165.983,2.793,destroy,destroy_random_window_20pct,19.0,13.0,-6.0,True,False,False
ALNS-B,Example12,12,1,27,165.983,2.793,repair,repair_gecode_fast,19.0,13.0,-6.0,True,False,False
ALNS-B,Example12,12,1,28,171.105,5.122,destroy,destroy_streak_around_worst_worker,13.0,10.0,-3.0,True,False,False
ALNS-B,Example12,12,1,28,171.105,5.122,repair,repair_chuffed_fast,13.0,10.0,-3.0,True,False,False
ALNS-B,Example12,12,1,29,172.432,1.326,destroy,destroy_worst_workers_10pct,10.0,9.0,-1.0,True,False,False
ALNS-B,Example12,12,1,29,172.432,1.326,repair,repair_chuffed_long,10.0,9.0,-1.0,True,False,False
ALNS-B,Example12,12,1,30,173.205,0.773,destroy,destroy_worst_days_10pct,9.0,8.0,-1.0,True,False,False
ALNS-B,Example12,12,1,30,173.205,0.773,repair,repair_gecode_fast,9.0,8.0,-1.0,True,False,False
ALNS-B,Example12,12,1,31,174.403,1.198,destroy,destroy_worst_workers_10pct,8.0,8.0,0.0,False,False,False
ALNS-B,Example12,12,1,31,174.403,1.198,repair,repair_chuffed_long,8.0,8.0,0.0,False,False,False
ALNS-B,Example12,12,1,32,175.183,0.78,destroy,destroy_worst_workers_10pct,8.0,8.0,0.0,False,False,False
ALNS-B,Example12,12,1,32,175.183,0.78,repair,repair_gecode_fast,8.0,8.0,0.0,False,False,False
ALNS-B,Example12,12,1,33,175.76,0.577,destroy,destroy_all_forbidden_sequences,8.0,8.0,0.0,False,False,False
ALNS-B,Example12,12,1,33,175.76,0.577,repair,repair_gecode_fast,8.0,8.0,0.0,False,False,False
ALNS-B,Example12,12,1,34,176.329,0.569,destroy,destroy_max_border_off,8.0,8.0,0.0,False,False,False
ALNS-B,Example12,12,1,34,176.329,0.569,repair,repair_gecode_fast,8.0,8.0,0.0,False,False,False
ALNS-B,Example12,12,1,35,207.194,30.865,destroy,destroy_streak_around_worst_worker,8.0,76.0,68.0,False,False,False
ALNS-B,Example12,12,1,35,207.194,30.865,repair,repair_chuffed_long,8.0,76.0,68.0,False,False,False
ALNS-B,Example12,12,2,1,0.966,0.966,destroy,destroy_max_border_shift_2,inf,254.0,nan,True,False,False
ALNS-B,Example12,12,2,1,0.966,0.966,repair,repair_gecode_long,inf,254.0,nan,True,False,False
ALNS-B,Example12,12,2,2,5.011,4.045,destroy,destroy_worst_workers_30pct,254.0,157.0,-97.0,True,False,False
ALNS-B,Example12,12,2,2,5.011,4.045,repair,repair_chuffed_fast,254.0,157.0,-97.0,True,False,False
ALNS-B,Example12,12,2,3,20.777,15.766,destroy,destroy_random_days_20pct,157.0,117.0,-40.0,True,False,False
ALNS-B,Example12,12,2,3,20.777,15.766,repair,repair_chuffed_long,157.0,117.0,-40.0,True,False,False
ALNS-B,Example12,12,2,4,24.309,3.532,destroy,destroy_worst_days_30pct,117.0,166.0,49.0,False,False,False
ALNS-B,Example12,12,2,4,24.309,3.532,repair,repair_gecode_fast,117.0,166.0,49.0,False,False,False
ALNS-B,Example12,12,2,5,27.926,3.617,destroy,destroy_streak_around_worst_worker,117.0,99.0,-18.0,True,False,False
ALNS-B,Example12,12,2,5,27.926,3.617,repair,repair_chuffed_fast,117.0,99.0,-18.0,True,False,False
ALNS-B,Example12,12,2,6,43.459,15.533,destroy,destroy_random_workers_20pct,99.0,116.0,17.0,False,False,False
ALNS-B,Example12,12,2,6,43.459,15.533,repair,repair_chuffed_long,99.0,116.0,17.0,False,False,False
ALNS-B,Example12,12,2,7,46.908,3.448,destroy,destroy_worst_workers_30pct,99.0,121.0,22.0,False,False,False
ALNS-B,Example12,12,2,7,46.908,3.448,repair,repair_gecode_fast,99.0,121.0,22.0,False,False,False
ALNS-B,Example12,12,2,8,47.535,0.627,destroy,destroy_all_forbidden_sequences,99.0,94.0,-5.0,True,False,False
ALNS-B,Example12,12,2,8,47.535,0.627,repair,repair_chuffed_long,99.0,94.0,-5.0,True,False,False
ALNS-B,Example12,12,2,9,50.588,3.053,destroy,destroy_random_window_20pct,94.0,76.0,-18.0,True,False,False
ALNS-B,Example12,12,2,9,50.588,3.053,repair,repair_chuffed_fast,94.0,76.0,-18.0,True,False,False
ALNS-B,Example12,12,2,10,54.292,3.704,destroy,destroy_worst_workers_30pct,76.0,125.0,49.0,False,False,False
ALNS-B,Example12,12,2,10,54.292,3.704,repair,repair_chuffed_fast,76.0,125.0,49.0,False,False,False
ALNS-B,Example12,12,2,11,58.04,3.748,destroy,destroy_worst_days_30pct,76.0,92.0,16.0,False,False,False
ALNS-B,Example12,12,2,11,58.04,3.748,repair,repair_chuffed_fast,76.0,92.0,16.0,False,False,False
ALNS-B,Example12,12,2,12,61.567,3.527,destroy,destroy_random_days_20pct,76.0,91.0,15.0,False,False,False
ALNS-B,Example12,12,2,12,61.567,3.527,repair,repair_chuffed_fast,76.0,91.0,15.0,False,False,False
ALNS-B,Example12,12,2,13,65.014,3.447,destroy,destroy_random_days_20pct,76.0,94.0,18.0,False,False,False
ALNS-B,Example12,12,2,13,65.014,3.447,repair,repair_gecode_fast,76.0,94.0,18.0,False,False,False
ALNS-B,Example12,12,2,14,68.43,3.416,destroy,destroy_random_workers_20pct,76.0,78.0,2.0,True,False,False
ALNS-B,Example12,12,2,14,68.43,3.416,repair,repair_gecode_fast,76.0,78.0,2.0,True,False,False
ALNS-B,Example12,12,2,15,71.872,3.442,destroy,destroy_random_days_20pct,78.0,93.0,15.0,False,False,False
ALNS-B,Example12,12,2,15,71.872,3.442,repair,repair_gecode_fast,78.0,93.0,15.0,False,False,False
ALNS-B,Example12,12,2,16,87.323,15.451,destroy,destroy_worst_workers_30pct,78.0,99.0,21.0,False,False,False
ALNS-B,Example12,12,2,16,87.323,15.451,repair,repair_gecode_long,78.0,99.0,21.0,False,False,False
ALNS-B,Example12,12,2,17,90.743,3.42,destroy,destroy_random_window_20pct,78.0,84.0,6.0,False,False,False
ALNS-B,Example12,12,2,17,90.743,3.42,repair,repair_gecode_fast,78.0,84.0,6.0,False,False,False
ALNS-B,Example12,12,2,18,94.505,3.762,destroy,destroy_random_window_20pct,78.0,84.0,6.0,False,False,False
ALNS-B,Example12,12,2,18,94.505,3.762,repair,repair_chuffed_fast,78.0,84.0,6.0,False,False,False
ALNS-B,Example12,12,2,19,98.248,3.743,destroy,destroy_random_window_20pct,78.0,92.0,14.0,False,False,False
ALNS-B,Example12,12,2,19,98.248,3.743,repair,repair_chuffed_fast,78.0,92.0,14.0,False,False,False
ALNS-B,Example12,12,2,20,148.894,50.646,destroy,destroy_exploration,78.0,79.0,1.0,True,False,True
ALNS-B,Example12,12,2,20,148.894,50.646,repair,repair_exploration,78.0,79.0,1.0,True,False,True
ALNS-B,Example12,12,2,21,166.777,17.882,destroy,destroy_exploration,79.0,66.0,-13.0,True,False,True
ALNS-B,Example12,12,2,21,166.777,17.882,repair,repair_exploration,79.0,66.0,-13.0,True,False,True
ALNS-B,Example12,12,2,22,169.502,2.725,destroy,destroy_random_window_20pct,66.0,44.0,-22.0,True,False,False
ALNS-B,Example12,12,2,22,169.502,2.725,repair,repair_gecode_fast,66.0,44.0,-22.0,True,False,False
ALNS-B,Example12,12,2,23,184.924,15.422,destroy,destroy_random_workers_20pct,44.0,46.0,2.0,False,False,False
ALNS-B,Example12,12,2,23,184.924,15.422,repair,repair_gecode_long,44.0,46.0,2.0,False,False,False
ALNS-B,Example13,13,0,1,15.967,15.967,destroy,destroy_max_border_off,inf,398.0,nan,True,False,False
ALNS-B,Example13,13,0,1,15.967,15.967,repair,repair_chuffed_long,inf,398.0,nan,True,False,False
ALNS-B,Example13,13,0,2,19.665,3.698,destroy,destroy_random_window_20pct,398.0,121.0,-277.0,True,False,False
ALNS-B,Example13,13,0,2,19.665,3.698,repair,repair_gecode_fast,398.0,121.0,-277.0,True,False,False
ALNS-B,Example13,13,0,3,23.22,3.556,destroy,destroy_random_window_20pct,121.0,52.0,-69.0,True,False,False
ALNS-B,Example13,13,0,3,23.22,3.556,repair,repair_gecode_fast,121.0,52.0,-69.0,True,False,False
ALNS-B,Example13,13,0,4,23.863,0.642,destroy,destroy_all_forbidden_sequences,52.0,50.0,-2.0,True,False,False
ALNS-B,Example13,13,0,4,23.863,0.642,repair,repair_gecode_long,52.0,50.0,-2.0,True,False,False
ALNS-B,Example13,13,0,5,27.371,3.509,destroy,destroy_worst_workers_30pct,50.0,124.0,74.0,False,False,False
ALNS-B,Example13,13,0,5,27.371,3.509,repair,repair_gecode_fast,50.0,124.0,74.0,False,False,False
ALNS-B,Example13,13,0,6,30.874,3.502,destroy,destroy_random_window_20pct,50.0,63.0,13.0,False,False,False
ALNS-B,Example13,13,0,6,30.874,3.502,repair,repair_gecode_fast,50.0,63.0,13.0,False,False,False
ALNS-B,Example13,13,0,7,31.579,0.705,destroy,destroy_max_border_off,50.0,35.0,-15.0,True,False,False
ALNS-B,Example13,13,0,7,31.579,0.705,repair,repair_gecode_fast,50.0,35.0,-15.0,True,False,False
ALNS-B,Example13,13,0,8,35.029,3.45,destroy,destroy_random_window_20pct,35.0,35.0,0.0,True,False,False
ALNS-B,Example13,13,0,8,35.029,3.45,repair,repair_gecode_fast,35.0,35.0,0.0,True,False,False
ALNS-B,Example13,13,0,9,39.062,4.033,destroy,destroy_worst_workers_30pct,35.0,142.0,107.0,False,False,False
ALNS-B,Example13,13,0,9,39.062,4.033,repair,repair_chuffed_fast,35.0,142.0,107.0,False,False,False
ALNS-B,Example13,13,0,10,54.804,15.741,destroy,destroy_random_window_20pct,35.0,36.0,1.0,True,False,False
ALNS-B,Example13,13,0,10,54.804,15.741,repair,repair_chuffed_long,35.0,36.0,1.0,True,False,False
ALNS-B,Example13,13,0,11,58.267,3.464,destroy,destroy_random_workers_20pct,36.0,68.0,32.0,False,False,False
ALNS-B,Example13,13,0,11,58.267,3.464,repair,repair_gecode_fast,36.0,68.0,32.0,False,False,False
ALNS-B,Example13,13,0,12,58.907,0.64,destroy,destroy_max_border_off,36.0,32.0,-4.0,True,False,False
ALNS-B,Example13,13,0,12,58.907,0.64,repair,repair_gecode_long,36.0,32.0,-4.0,True,False,False
ALNS-B,Example13,13,0,13,62.449,3.541,destroy,destroy_worst_days_30pct,32.0,120.0,88.0,False,False,False
ALNS-B,Example13,13,0,13,62.449,3.541,repair,repair_gecode_fast,32.0,120.0,88.0,False,False,False
ALNS-B,Example13,13,0,14,66.091,3.642,destroy,destroy_random_window_20pct,32.0,82.0,50.0,False,False,False
ALNS-B,Example13,13,0,14,66.091,3.642,repair,repair_chuffed_fast,32.0,82.0,50.0,False,False,False
ALNS-B,Example13,13,0,15,69.599,3.508,destroy,destroy_random_workers_20pct,32.0,56.0,24.0,True,False,False
ALNS-B,Example13,13,0,15,69.599,3.508,repair,repair_gecode_fast,32.0,56.0,24.0,True,False,False
ALNS-B,Example13,13,0,16,73.369,3.77,destroy,destroy_max_border_off,56.0,27.0,-29.0,True,False,False
ALNS-B,Example13,13,0,16,73.369,3.77,repair,repair_chuffed_fast,56.0,27.0,-29.0,True,False,False
ALNS-B,Example13,13,0,17,88.876,15.506,destroy,destroy_random_window_20pct,27.0,101.0,74.0,False,False,False
ALNS-B,Example13,13,0,17,88.876,15.506,repair,repair_gecode_long,27.0,101.0,74.0,False,False,False
ALNS-B,Example13,13,0,18,104.394,15.518,destroy,destroy_worst_workers_30pct,27.0,104.0,77.0,False,False,False
ALNS-B,Example13,13,0,18,104.394,15.518,repair,repair_gecode_long,27.0,104.0,77.0,False,False,False
ALNS-B,Example13,13,0,19,107.864,3.47,destroy,destroy_random_workers_20pct,27.0,52.0,25.0,False,False,False
ALNS-B,Example13,13,0,19,107.864,3.47,repair,repair_gecode_fast,27.0,52.0,25.0,False,False,False
ALNS-B,Example13,13,0,20,123.353,15.489,destroy,destroy_worst_workers_30pct,27.0,106.0,79.0,False,False,False
ALNS-B,Example13,13,0,20,123.353,15.489,repair,repair_gecode_long,27.0,106.0,79.0,False,False,False
ALNS-B,Example13,13,0,21,126.896,3.543,destroy,destroy_worst_days_30pct,27.0,93.0,66.0,False,False,False
ALNS-B,Example13,13,0,21,126.896,3.543,repair,repair_gecode_fast,27.0,93.0,66.0,False,False,False
ALNS-B,Example13,13,0,22,130.354,3.458,destroy,destroy_random_workers_20pct,27.0,57.0,30.0,False,False,False
ALNS-B,Example13,13,0,22,130.354,3.458,repair,repair_gecode_fast,27.0,57.0,30.0,False,False,False
ALNS-B,Example13,13,0,23,145.8,15.446,destroy,destroy_random_window_20pct,27.0,80.0,53.0,False,False,False
ALNS-B,Example13,13,0,23,145.8,15.446,repair,repair_gecode_long,27.0,80.0,53.0,False,False,False
ALNS-B,Example13,13,0,24,149.777,3.977,destroy,destroy_worst_workers_30pct,27.0,113.0,86.0,False,False,False
ALNS-B,Example13,13,0,24,149.777,3.977,repair,repair_chuffed_fast,27.0,113.0,86.0,False,False,False
ALNS-B,Example13,13,0,25,153.742,3.964,destroy,destroy_worst_workers_30pct,27.0,122.0,95.0,False,False,False
ALNS-B,Example13,13,0,25,153.742,3.964,repair,repair_chuffed_fast,27.0,122.0,95.0,False,False,False
ALNS-B,Example13,13,0,26,157.626,3.885,destroy,destroy_random_window_20pct,27.0,57.0,30.0,False,False,False
ALNS-B,Example13,13,0,26,157.626,3.885,repair,repair_chuffed_fast,27.0,57.0,30.0,False,False,False
ALNS-B,Example13,13,0,27,208.262,50.635,destroy,destroy_exploration,27.0,50.0,23.0,False,False,True
ALNS-B,Example13,13,0,27,208.262,50.635,repair,repair_exploration,27.0,50.0,23.0,False,False,True
ALNS-B,Example13,13,1,1,1.774,1.774,destroy,destroy_max_border_shift_1,inf,158.0,nan,True,False,False
ALNS-B,Example13,13,1,1,1.774,1.774,repair,repair_chuffed_fast,inf,158.0,nan,True,False,False
ALNS-B,Example13,13,1,2,5.522,3.748,destroy,destroy_random_window_20pct,158.0,83.0,-75.0,True,False,False
ALNS-B,Example13,13,1,2,5.522,3.748,repair,repair_gecode_fast,158.0,83.0,-75.0,True,False,False
ALNS-B,Example13,13,1,3,9.378,3.856,destroy,destroy_max_border_off,83.0,64.0,-19.0,True,False,False
ALNS-B,Example13,13,1,3,9.378,3.856,repair,repair_chuffed_fast,83.0,64.0,-19.0,True,False,False
ALNS-B,Example13,13,1,4,13.615,4.237,destroy,destroy_random_window_20pct,64.0,133.0,69.0,False,False,False
ALNS-B,Example13,13,1,4,13.615,4.237,repair,repair_chuffed_fast,64.0,133.0,69.0,False,False,False
ALNS-B,Example13,13,1,5,14.311,0.696,destroy,destroy_all_forbidden_sequences,64.0,57.0,-7.0,True,False,False
ALNS-B,Example13,13,1,5,14.311,0.696,repair,repair_gecode_long,64.0,57.0,-7.0,True,False,False
ALNS-B,Example13,13,1,6,17.827,3.516,destroy,destroy_worst_workers_30pct,57.0,127.0,70.0,False,False,False
ALNS-B,Example13,13,1,6,17.827,3.516,repair,repair_gecode_fast,57.0,127.0,70.0,False,False,False
ALNS-B,Example13,13,1,7,21.278,3.451,destroy,destroy_random_window_20pct,57.0,54.0,-3.0,True,False,False
ALNS-B,Example13,13,1,7,21.278,3.451,repair,repair_gecode_fast,57.0,54.0,-3.0,True,False,False
ALNS-B,Example13,13,1,8,24.729,3.451,destroy,destroy_random_workers_20pct,54.0,81.0,27.0,False,False,False
ALNS-B,Example13,13,1,8,24.729,3.451,repair,repair_gecode_fast,54.0,81.0,27.0,False,False,False
ALNS-B,Example13,13,1,9,40.187,15.458,destroy,destroy_random_workers_20pct,54.0,69.0,15.0,False,False,False
ALNS-B,Example13,13,1,9,40.187,15.458,repair,repair_gecode_long,54.0,69.0,15.0,False,False,False
ALNS-B,Example13,13,1,10,44.109,3.922,destroy,destroy_random_workers_20pct,54.0,87.0,33.0,False,False,False
ALNS-B,Example13,13,1,10,44.109,3.922,repair,repair_chuffed_fast,54.0,87.0,33.0,False,False,False
ALNS-B,Example13,13,1,11,47.585,3.476,destroy,destroy_random_workers_20pct,54.0,85.0,31.0,False,False,False
ALNS-B,Example13,13,1,11,47.585,3.476,repair,repair_gecode_fast,54.0,85.0,31.0,False,False,False
ALNS-B,Example13,13,1,12,51.321,3.736,destroy,destroy_random_workers_20pct,54.0,105.0,51.0,False,False,False
ALNS-B,Example13,13,1,12,51.321,3.736,repair,repair_chuffed_fast,54.0,105.0,51.0,False,False,False
ALNS-B,Example13,13,1,13,67.761,16.44,destroy,destroy_streak_around_worst_worker,54.0,195.0,141.0,False,False,False
ALNS-B,Example13,13,1,13,67.761,16.44,repair,repair_chuffed_long,54.0,195.0,141.0,False,False,False
ALNS-B,Example13,13,1,14,83.401,15.64,destroy,destroy_max_border_off,54.0,39.0,-15.0,True,False,False
ALNS-B,Example13,13,1,14,83.401,15.64,repair,repair_chuffed_long,54.0,39.0,-15.0,True,False,False
ALNS-B,Example13,13,1,15,87.509,4.108,destroy,destroy_worst_workers_30pct,39.0,113.0,74.0,False,False,False
ALNS-B,Example13,13,1,15,87.509,4.108,repair,repair_chuffed_fast,39.0,113.0,74.0,False,False,False
ALNS-B,Example13,13,1,16,91.295,3.786,destroy,destroy_random_workers_20pct,39.0,75.0,36.0,False,False,False
ALNS-B,Example13,13,1,16,91.295,3.786,repair,repair_chuffed_fast,39.0,75.0,36.0,False,False,False
ALNS-B,Example13,13,1,17,95.799,4.504,destroy,destroy_random_days_20pct,39.0,73.0,34.0,False,False,False
ALNS-B,Example13,13,1,17,95.799,4.504,repair,repair_chuffed_fast,39.0,73.0,34.0,False,False,False
ALNS-B,Example13,13,1,18,99.352,3.552,destroy,destroy_streak_around_worst_worker,39.0,54.0,15.0,False,False,False
ALNS-B,Example13,13,1,18,99.352,3.552,repair,repair_gecode_fast,39.0,54.0,15.0,False,False,False
ALNS-B,Example13,13,1,19,102.838,3.486,destroy,destroy_random_window_20pct,39.0,148.0,109.0,False,False,False
ALNS-B,Example13,13,1,19,102.838,3.486,repair,repair_gecode_fast,39.0,148.0,109.0,False,False,False
ALNS-B,Example13,13,1,20,107.264,4.427,destroy,destroy_streak_around_worst_worker,39.0,246.0,207.0,False,False,False
ALNS-B,Example13,13,1,20,107.264,4.427,repair,repair_chuffed_fast,39.0,246.0,207.0,False,False,False
ALNS-B,Example13,13,1,21,122.888,15.623,destroy,destroy_random_window_20pct,39.0,47.0,8.0,False,False,False
ALNS-B,Example13,13,1,21,122.888,15.623,repair,repair_chuffed_long,39.0,47.0,8.0,False,False,False
ALNS-B,Example13,13,1,22,126.367,3.479,destroy,destroy_random_days_20pct,39.0,95.0,56.0,False,False,False
ALNS-B,Example13,13,1,22,126.367,3.479,repair,repair_gecode_fast,39.0,95.0,56.0,False,False,False
ALNS-B,Example13,13,1,23,130.374,4.007,destroy,destroy_worst_days_30pct,39.0,109.0,70.0,False,False,False
ALNS-B,Example13,13,1,23,130.374,4.007,repair,repair_chuffed_fast,39.0,109.0,70.0,False,False,False
ALNS-B,Example13,13,1,24,146.081,15.707,destroy,destroy_random_days_20pct,39.0,94.0,55.0,False,False,False
ALNS-B,Example13,13,1,24,146.081,15.707,repair,repair_chuffed_long,39.0,94.0,55.0,False,False,False
ALNS-B,Example13,13,1,25,197.573,51.492,destroy,destroy_exploration,39.0,95.0,56.0,False,False,True
ALNS-B,Example13,13,1,25,197.573,51.492,repair,repair_exploration,39.0,95.0,56.0,False,False,True
ALNS-B,Example13,13,2,1,1.99,1.99,destroy,destroy_worst_workers_10pct,inf,317.0,nan,True,False,False
ALNS-B,Example13,13,2,1,1.99,1.99,repair,repair_gecode_long,inf,317.0,nan,True,False,False
ALNS-B,Example13,13,2,2,3.373,1.383,destroy,destroy_max_border_shift_1,317.0,149.0,-168.0,True,False,False
ALNS-B,Example13,13,2,2,3.373,1.383,repair,repair_chuffed_fast,317.0,149.0,-168.0,True,False,False
ALNS-B,Example13,13,2,3,6.896,3.523,destroy,destroy_all_forbidden_sequences,149.0,44.0,-105.0,True,False,False
ALNS-B,Example13,13,2,3,6.896,3.523,repair,repair_gecode_fast,149.0,44.0,-105.0,True,False,False
ALNS-B,Example13,13,2,4,10.603,3.707,destroy,destroy_random_window_20pct,44.0,92.0,48.0,False,False,False
ALNS-B,Example13,13,2,4,10.603,3.707,repair,repair_gecode_fast,44.0,92.0,48.0,False,False,False
ALNS-B,Example13,13,2,5,14.192,3.589,destroy,destroy_random_window_20pct,44.0,95.0,51.0,False,False,False
ALNS-B,Example13,13,2,5,14.192,3.589,repair,repair_gecode_fast,44.0,95.0,51.0,False,False,False
ALNS-B,Example13,13,2,6,17.691,3.499,destroy,destroy_random_workers_20pct,44.0,66.0,22.0,False,False,False
ALNS-B,Example13,13,2,6,17.691,3.499,repair,repair_gecode_fast,44.0,66.0,22.0,False,False,False
ALNS-B,Example13,13,2,7,21.513,3.822,destroy,destroy_random_workers_20pct,44.0,58.0,14.0,False,False,False
ALNS-B,Example13,13,2,7,21.513,3.822,repair,repair_chuffed_fast,44.0,58.0,14.0,False,False,False
ALNS-B,Example13,13,2,8,22.285,0.772,destroy,destroy_max_border_shift_2,44.0,42.0,-2.0,True,False,False
ALNS-B,Example13,13,2,8,22.285,0.772,repair,repair_gecode_fast,44.0,42.0,-2.0,True,False,False
ALNS-B,Example13,13,2,9,23.295,1.01,destroy,destroy_max_border_off,42.0,23.0,-19.0,True,False,False
ALNS-B,Example13,13,2,9,23.295,1.01,repair,repair_gecode_fast,42.0,23.0,-19.0,True,False,False
ALNS-B,Example13,13,2,10,26.815,3.52,destroy,destroy_random_window_20pct,23.0,71.0,48.0,False,False,False
ALNS-B,Example13,13,2,10,26.815,3.52,repair,repair_gecode_fast,23.0,71.0,48.0,False,False,False
ALNS-B,Example13,13,2,11,42.337,15.522,destroy,destroy_worst_workers_30pct,23.0,82.0,59.0,False,False,False
ALNS-B,Example13,13,2,11,42.337,15.522,repair,repair_gecode_long,23.0,82.0,59.0,False,False,False
ALNS-B,Example13,13,2,12,46.0,3.663,destroy,destroy_worst_workers_30pct,23.0,87.0,64.0,False,False,False
ALNS-B,Example13,13,2,12,46.0,3.663,repair,repair_gecode_fast,23.0,87.0,64.0,False,False,False
ALNS-B,Example13,13,2,13,49.873,3.873,destroy,destroy_random_workers_20pct,23.0,47.0,24.0,False,False,False
ALNS-B,Example13,13,2,13,49.873,3.873,repair,repair_chuffed_fast,23.0,47.0,24.0,False,False,False
ALNS-B,Example13,13,2,14,54.01,4.136,destroy,destroy_random_workers_20pct,23.0,55.0,32.0,False,False,False
ALNS-B,Example13,13,2,14,54.01,4.136,repair,repair_chuffed_fast,23.0,55.0,32.0,False,False,False
ALNS-B,Example13,13,2,15,69.731,15.721,destroy,destroy_random_window_20pct,23.0,41.0,18.0,False,False,False
ALNS-B,Example13,13,2,15,69.731,15.721,repair,repair_gecode_long,23.0,41.0,18.0,False,False,False
ALNS-B,Example13,13,2,16,73.991,4.26,destroy,destroy_worst_workers_30pct,23.0,106.0,83.0,False,False,False
ALNS-B,Example13,13,2,16,73.991,4.26,repair,repair_chuffed_fast,23.0,106.0,83.0,False,False,False
ALNS-B,Example13,13,2,17,77.491,3.5,destroy,destroy_random_workers_20pct,23.0,70.0,47.0,False,False,False
ALNS-B,Example13,13,2,17,77.491,3.5,repair,repair_gecode_fast,23.0,70.0,47.0,False,False,False
ALNS-B,Example13,13,2,18,93.026,15.535,destroy,destroy_random_workers_20pct,23.0,50.0,27.0,False,False,False
ALNS-B,Example13,13,2,18,93.026,15.535,repair,repair_gecode_long,23.0,50.0,27.0,False,False,False
ALNS-B,Example13,13,2,19,96.69,3.664,destroy,destroy_worst_workers_30pct,23.0,116.0,93.0,False,False,False
ALNS-B,Example13,13,2,19,96.69,3.664,repair,repair_gecode_fast,23.0,116.0,93.0,False,False,False
ALNS-B,Example13,13,2,20,147.787,51.098,destroy,destroy_exploration,23.0,41.0,18.0,False,False,True
ALNS-B,Example13,13,2,20,147.787,51.098,repair,repair_exploration,23.0,41.0,18.0,False,False,True
ALNS-B,Example13,13,2,21,198.812,51.025,destroy,destroy_exploration,23.0,90.0,67.0,False,False,True
ALNS-B,Example13,13,2,21,198.812,51.025,repair,repair_exploration,23.0,90.0,67.0,False,False,True
ALNS-B,Example14,14,0,1,1.438,1.438,destroy,destroy_max_border_off,inf,129.0,nan,True,False,False
ALNS-B,Example14,14,0,1,1.438,1.438,repair,repair_chuffed_long,inf,129.0,nan,True,False,False
ALNS-B,Example14,14,0,2,2.751,1.313,destroy,destroy_random_window_20pct,129.0,43.0,-86.0,True,False,False
ALNS-B,Example14,14,0,2,2.751,1.313,repair,repair_gecode_fast,129.0,43.0,-86.0,True,False,False
ALNS-B,Example14,14,0,3,18.191,15.44,destroy,destroy_streak_around_worst_worker,43.0,29.0,-14.0,True,False,False
ALNS-B,Example14,14,0,3,18.191,15.44,repair,repair_gecode_long,43.0,29.0,-14.0,True,False,False
ALNS-B,Example14,14,0,4,19.343,1.152,destroy,destroy_all_forbidden_sequences,29.0,19.0,-10.0,True,False,False
ALNS-B,Example14,14,0,4,19.343,1.152,repair,repair_chuffed_long,29.0,19.0,-10.0,True,False,False
ALNS-B,Example14,14,0,5,31.205,11.863,destroy,destroy_random_workers_20pct,19.0,9.0,-10.0,True,False,False
ALNS-B,Example14,14,0,5,31.205,11.863,repair,repair_chuffed_long,19.0,9.0,-10.0,True,False,False
ALNS-B,Example14,14,0,6,61.713,30.508,destroy,destroy_streak_around_worst_worker,9.0,45.0,36.0,False,False,False
ALNS-B,Example14,14,0,6,61.713,30.508,repair,repair_gecode_long,9.0,45.0,36.0,False,False,False
ALNS-B,Example14,14,0,7,62.33,0.616,destroy,destroy_max_border_shift_2,9.0,9.0,0.0,False,False,False
ALNS-B,Example14,14,0,7,62.33,0.616,repair,repair_chuffed_fast,9.0,9.0,0.0,False,False,False
ALNS-B,Example14,14,0,8,63.988,1.658,destroy,destroy_worst_workers_10pct,9.0,9.0,0.0,False,False,False
ALNS-B,Example14,14,0,8,63.988,1.658,repair,repair_chuffed_long,9.0,9.0,0.0,False,False,False
ALNS-B,Example14,14,0,9,64.57,0.582,destroy,destroy_max_border_off,9.0,9.0,0.0,False,False,False
ALNS-B,Example14,14,0,9,64.57,0.582,repair,repair_chuffed_long,9.0,9.0,0.0,False,False,False
ALNS-B,Example14,14,0,10,65.209,0.639,destroy,destroy_all_forbidden_sequences,9.0,9.0,0.0,False,False,False
ALNS-B,Example14,14,0,10,65.209,0.639,repair,repair_gecode_fast,9.0,9.0,0.0,False,False,False
ALNS-B,Example14,14,0,11,95.919,30.71,destroy,destroy_streak_around_worst_worker,9.0,54.0,45.0,False,False,False
ALNS-B,Example14,14,0,11,95.919,30.71,repair,repair_chuffed_long,9.0,54.0,45.0,False,False,False
ALNS-B,Example14,14,0,12,96.541,0.621,destroy,destroy_max_border_shift_1,9.0,9.0,0.0,False,False,False
ALNS-B,Example14,14,0,12,96.541,0.621,repair,repair_gecode_fast,9.0,9.0,0.0,False,False,False
ALNS-B,Example14,14,0,13,97.18,0.639,destroy,destroy_max_border_work,9.0,9.0,0.0,False,False,False
ALNS-B,Example14,14,0,13,97.18,0.639,repair,repair_gecode_long,9.0,9.0,0.0,False,False,False
ALNS-B,Example14,14,0,14,98.624,1.444,destroy,destroy_worst_days_10pct,9.0,9.0,0.0,False,False,False
ALNS-B,Example14,14,0,14,98.624,1.444,repair,repair_chuffed_fast,9.0,9.0,0.0,False,False,False
ALNS-B,Example14,14,0,15,99.276,0.652,destroy,destroy_max_border_work,9.0,9.0,0.0,False,False,False
ALNS-B,Example14,14,0,15,99.276,0.652,repair,repair_gecode_fast,9.0,9.0,0.0,False,False,False
ALNS-B,Example14,14,0,16,100.242,0.965,destroy,destroy_exploration,9.0,8.0,-1.0,True,False,True
ALNS-B,Example14,14,0,16,100.242,0.965,repair,repair_exploration,9.0,8.0,-1.0,True,False,True
ALNS-B,Example14,14,0,17,108.121,7.879,destroy,destroy_exploration,8.0,7.0,-1.0,True,False,True
ALNS-B,Example14,14,0,17,108.121,7.879,repair,repair_exploration,8.0,7.0,-1.0,True,False,True
ALNS-B,Example14,14,0,18,108.715,0.595,destroy,destroy_max_border_shift_1,7.0,7.0,0.0,False,False,False
ALNS-B,Example14,14,0,18,108.715,0.595,repair,repair_chuffed_long,7.0,7.0,0.0,False,False,False
ALNS-B,Example14,14,0,19,109.377,0.662,destroy,destroy_max_border_shift_2,7.0,7.0,0.0,False,False,False
ALNS-B,Example14,14,0,19,109.377,0.662,repair,repair_gecode_fast,7.0,7.0,0.0,False,False,False
ALNS-B,Example14,14,0,20,110.073,0.696,destroy,destroy_max_border_shift_3,7.0,7.0,0.0,False,False,False
ALNS-B,Example14,14,0,20,110.073,0.696,repair,repair_gecode_fast,7.0,7.0,0.0,False,False,False
ALNS-B,Example14,14,0,21,111.223,1.149,destroy,destroy_worst_workers_10pct,7.0,7.0,0.0,False,False,False
ALNS-B,Example14,14,0,21,111.223,1.149,repair,repair_gecode_fast,7.0,7.0,0.0,False,False,False
ALNS-B,Example14,14,0,22,117.939,6.716,destroy,destroy_streak_around_worst_worker,7.0,47.0,40.0,False,False,False
ALNS-B,Example14,14,0,22,117.939,6.716,repair,repair_chuffed_fast,7.0,47.0,40.0,False,False,False
ALNS-B,Example14,14,0,23,124.902,6.963,destroy,destroy_streak_around_worst_worker,7.0,10.0,3.0,False,False,False
ALNS-B,Example14,14,0,23,124.902,6.963,repair,repair_chuffed_fast,7.0,10.0,3.0,False,False,False
ALNS-B,Example14,14,0,24,125.737,0.835,destroy,destroy_max_border_work,7.0,7.0,0.0,False,False,False
ALNS-B,Example14,14,0,24,125.737,0.835,repair,repair_gecode_fast,7.0,7.0,0.0,False,False,False
ALNS-B,Example14,14,0,25,126.409,0.672,destroy,destroy_all_forbidden_sequences,7.0,7.0,0.0,False,False,False
ALNS-B,Example14,14,0,25,126.409,0.672,repair,repair_chuffed_long,7.0,7.0,0.0,False,False,False
ALNS-B,Example14,14,0,26,127.065,0.656,destroy,destroy_max_border_shift_2,7.0,7.0,0.0,False,False,False
ALNS-B,Example14,14,0,26,127.065,0.656,repair,repair_gecode_fast,7.0,7.0,0.0,False,False,False
ALNS-B,Example14,14,0,27,127.82,0.755,destroy,destroy_all_forbidden_sequences,7.0,7.0,0.0,False,False,False
ALNS-B,Example14,14,0,27,127.82,0.755,repair,repair_gecode_long,7.0,7.0,0.0,False,False,False
ALNS-B,Example14,14,0,28,228.77,100.95,destroy,destroy_exploration,7.0,35.0,28.0,False,False,True
ALNS-B,Example14,14,0,28,228.77,100.95,repair,repair_exploration,7.0,35.0,28.0,False,False,True
ALNS-B,Example14,14,1,1,1.109,1.109,destroy,destroy_max_border_shift_1,inf,95.0,nan,True,False,False
ALNS-B,Example14,14,1,1,1.109,1.109,repair,repair_chuffed_fast,inf,95.0,nan,True,False,False
ALNS-B,Example14,14,1,2,4.97,3.861,destroy,destroy_random_window_20pct,95.0,30.0,-65.0,True,False,False
ALNS-B,Example14,14,1,2,4.97,3.861,repair,repair_gecode_fast,95.0,30.0,-65.0,True,False,False
ALNS-B,Example14,14,1,3,8.501,3.532,destroy,destroy_worst_workers_30pct,30.0,32.0,2.0,True,False,False
ALNS-B,Example14,14,1,3,8.501,3.532,repair,repair_gecode_fast,30.0,32.0,2.0,True,False,False
ALNS-B,Example14,14,1,4,9.588,1.087,destroy,destroy_max_border_off,32.0,17.0,-15.0,True,False,False
ALNS-B,Example14,14,1,4,9.588,1.087,repair,repair_chuffed_long,32.0,17.0,-15.0,True,False,False
ALNS-B,Example14,14,1,5,10.909,1.321,destroy,destroy_random_window_20pct,17.0,17.0,0.0,True,False,False
ALNS-B,Example14,14,1,5,10.909,1.321,repair,repair_chuffed_fast,17.0,17.0,0.0,True,False,False
ALNS-B,Example14,14,1,6,12.068,1.159,destroy,destroy_worst_workers_10pct,17.0,12.0,-5.0,True,False,False
ALNS-B,Example14,14,1,6,12.068,1.159,repair,repair_gecode_fast,17.0,12.0,-5.0,True,False,False
ALNS-B,Example14,14,1,7,12.97,0.902,destroy,destroy_all_forbidden_sequences,12.0,9.0,-3.0,True,False,False
ALNS-B,Example14,14,1,7,12.97,0.902,repair,repair_chuffed_long,12.0,9.0,-3.0,True,False,False
ALNS-B,Example14,14,1,8,43.625,30.656,destroy,destroy_streak_around_worst_worker,9.0,48.0,39.0,False,False,False
ALNS-B,Example14,14,1,8,43.625,30.656,repair,repair_chuffed_long,9.0,48.0,39.0,False,False,False
ALNS-B,Example14,14,1,9,44.432,0.807,destroy,destroy_all_forbidden_sequences,9.0,9.0,0.0,False,False,False
ALNS-B,Example14,14,1,9,44.432,0.807,repair,repair_gecode_fast,9.0,9.0,0.0,False,False,False
ALNS-B,Example14,14,1,10,45.095,0.662,destroy,destroy_max_border_shift_2,9.0,9.0,0.0,False,False,False
ALNS-B,Example14,14,1,10,45.095,0.662,repair,repair_gecode_long,9.0,9.0,0.0,False,False,False
ALNS-B,Example14,14,1,11,46.576,1.482,destroy,destroy_worst_days_10pct,9.0,7.0,-2.0,True,False,False
ALNS-B,Example14,14,1,11,46.576,1.482,repair,repair_chuffed_fast,9.0,7.0,-2.0,True,False,False
ALNS-B,Example14,14,1,12,47.366,0.79,destroy,destroy_all_forbidden_sequences,7.0,7.0,0.0,False,False,False
ALNS-B,Example14,14,1,12,47.366,0.79,repair,repair_chuffed_fast,7.0,7.0,0.0,False,False,False
ALNS-B,Example14,14,1,13,48.14,0.774,destroy,destroy_worst_days_10pct,7.0,7.0,0.0,False,False,False
ALNS-B,Example14,14,1,13,48.14,0.774,repair,repair_gecode_fast,7.0,7.0,0.0,False,False,False
ALNS-B,Example14,14,1,14,53.124,4.984,destroy,destroy_worst_workers_10pct,7.0,7.0,0.0,False,False,False
ALNS-B,Example14,14,1,14,53.124,4.984,repair,repair_chuffed_fast,7.0,7.0,0.0,False,False,False
ALNS-B,Example14,14,1,15,55.427,2.303,destroy,destroy_worst_workers_10pct,7.0,7.0,0.0,False,False,False
ALNS-B,Example14,14,1,15,55.427,2.303,repair,repair_gecode_fast,7.0,7.0,0.0,False,False,False
ALNS-B,Example14,14,1,16,62.024,6.597,destroy,destroy_streak_around_worst_worker,7.0,26.0,19.0,False,False,False
ALNS-B,Example14,14,1,16,62.024,6.597,repair,repair_gecode_fast,7.0,26.0,19.0,False,False,False
ALNS-B,Example14,14,1,17,62.833,0.81,destroy,destroy_all_forbidden_sequences,7.0,7.0,0.0,False,False,False
ALNS-B,Example14,14,1,17,62.833,0.81,repair,repair_chuffed_fast,7.0,7.0,0.0,False,False,False
ALNS-B,Example14,14,1,18,65.35,2.516,destroy,destroy_worst_workers_10pct,7.0,7.0,0.0,False,False,False
ALNS-B,Example14,14,1,18,65.35,2.516,repair,repair_gecode_fast,7.0,7.0,0.0,False,False,False
ALNS-B,Example14,14,1,19,72.157,6.807,destroy,destroy_streak_around_worst_worker,7.0,89.0,82.0,False,False,False
ALNS-B,Example14,14,1,19,72.157,6.807,repair,repair_chuffed_fast,7.0,89.0,82.0,False,False,False
ALNS-B,Example14,14,1,20,77.66,5.503,destroy,destroy_worst_workers_10pct,7.0,7.0,0.0,False,False,False
ALNS-B,Example14,14,1,20,77.66,5.503,repair,repair_chuffed_fast,7.0,7.0,0.0,False,False,False
ALNS-B,Example14,14,1,21,78.335,0.675,destroy,destroy_max_border_shift_2,7.0,7.0,0.0,False,False,False
ALNS-B,Example14,14,1,21,78.335,0.675,repair,repair_chuffed_fast,7.0,7.0,0.0,False,False,False
ALNS-B,Example14,14,1,22,79.727,1.392,destroy,destroy_exploration,7.0,7.0,0.0,False,False,True
ALNS-B,Example14,14,1,22,79.727,1.392,repair,repair_exploration,7.0,7.0,0.0,False,False,True
ALNS-B,Example14,14,1,23,82.213,2.486,destroy,destroy_exploration,7.0,7.0,0.0,False,False,True
ALNS-B,Example14,14,1,23,82.213,2.486,repair,repair_exploration,7.0,7.0,0.0,False,False,True
ALNS-B,Example14,14,1,24,87.873,5.66,destroy,destroy_worst_workers_10pct,7.0,7.0,0.0,False,False,False
ALNS-B,Example14,14,1,24,87.873,5.66,repair,repair_chuffed_fast,7.0,7.0,0.0,False,False,False
ALNS-B,Example14,14,1,25,88.639,0.765,destroy,destroy_all_forbidden_sequences,7.0,7.0,0.0,False,False,False
ALNS-B,Example14,14,1,25,88.639,0.765,repair,repair_gecode_fast,7.0,7.0,0.0,False,False,False
ALNS-B,Example14,14,1,26,119.3,30.662,destroy,destroy_streak_around_worst_worker,7.0,30.0,23.0,False,False,False
ALNS-B,Example14,14,1,26,119.3,30.662,repair,repair_chuffed_long,7.0,30.0,23.0,False,False,False
ALNS-B,Example14,14,1,27,119.917,0.616,destroy,destroy_max_border_work,7.0,7.0,0.0,False,False,False
ALNS-B,Example14,14,1,27,119.917,0.616,repair,repair_chuffed_fast,7.0,7.0,0.0,False,False,False
ALNS-B,Example14,14,1,28,150.418,30.501,destroy,destroy_streak_around_worst_worker,7.0,21.0,14.0,False,False,False
ALNS-B,Example14,14,1,28,150.418,30.501,repair,repair_gecode_long,7.0,21.0,14.0,False,False,False
ALNS-B,Example14,14,1,29,156.977,6.56,destroy,destroy_worst_workers_10pct,7.0,7.0,0.0,False,False,False
ALNS-B,Example14,14,1,29,156.977,6.56,repair,repair_chuffed_fast,7.0,7.0,0.0,False,False,False
ALNS-B,Example14,14,1,30,158.193,1.216,destroy,destroy_worst_days_10pct,7.0,7.0,0.0,False,False,False
ALNS-B,Example14,14,1,30,158.193,1.216,repair,repair_chuffed_fast,7.0,7.0,0.0,False,False,False
ALNS-B,Example14,14,1,31,159.086,0.893,destroy,destroy_worst_days_10pct,7.0,7.0,0.0,False,False,False
ALNS-B,Example14,14,1,31,159.086,0.893,repair,repair_gecode_fast,7.0,7.0,0.0,False,False,False
ALNS-B,Example14,14,1,32,160.078,0.991,destroy,destroy_exploration,7.0,5.0,-2.0,True,False,True
ALNS-B,Example14,14,1,32,160.078,0.991,repair,repair_exploration,7.0,5.0,-2.0,True,False,True
ALNS-B,Example14,14,1,33,161.228,1.15,destroy,destroy_exploration,5.0,5.0,0.0,False,False,True
ALNS-B,Example14,14,1,33,161.228,1.15,repair,repair_exploration,5.0,5.0,0.0,False,False,True
ALNS-B,Example14,14,1,34,162.212,0.984,destroy,destroy_worst_days_10pct,5.0,5.0,0.0,False,False,False
ALNS-B,Example14,14,1,34,162.212,0.984,repair,repair_gecode_fast,5.0,5.0,0.0,False,False,False
ALNS-B,Example14,14,1,35,162.917,0.705,destroy,destroy_max_border_shift_2,5.0,5.0,0.0,False,False,False
ALNS-B,Example14,14,1,35,162.917,0.705,repair,repair_chuffed_long,5.0,5.0,0.0,False,False,False
ALNS-B,Example14,14,1,36,163.684,0.767,destroy,destroy_all_forbidden_sequences,5.0,5.0,0.0,False,False,False
ALNS-B,Example14,14,1,36,163.684,0.767,repair,repair_chuffed_long,5.0,5.0,0.0,False,False,False
ALNS-B,Example14,14,1,37,170.726,7.042,destroy,destroy_streak_around_worst_worker,5.0,59.0,54.0,False,False,False
ALNS-B,Example14,14,1,37,170.726,7.042,repair,repair_chuffed_fast,5.0,59.0,54.0,False,False,False
ALNS-B,Example14,14,1,38,171.534,0.808,destroy,destroy_max_border_shift_1,5.0,5.0,0.0,False,False,False
ALNS-B,Example14,14,1,38,171.534,0.808,repair,repair_chuffed_fast,5.0,5.0,0.0,False,False,False
ALNS-B,Example14,14,1,39,172.978,1.444,destroy,destroy_worst_days_10pct,5.0,5.0,0.0,False,False,False
ALNS-B,Example14,14,1,39,172.978,1.444,repair,repair_chuffed_fast,5.0,5.0,0.0,False,False,False
ALNS-B,Example14,14,1,40,179.519,6.541,destroy,destroy_streak_around_worst_worker,5.0,86.0,81.0,False,False,False
ALNS-B,Example14,14,1,40,179.519,6.541,repair,repair_gecode_fast,5.0,86.0,81.0,False,False,False
ALNS-B,Example14,14,1,41,180.413,0.894,destroy,destroy_worst_days_10pct,5.0,5.0,0.0,False,False,False
ALNS-B,Example14,14,1,41,180.413,0.894,repair,repair_gecode_long,5.0,5.0,0.0,False,False,False
ALNS-B,Example14,14,2,1,1.686,1.686,destroy,destroy_worst_workers_10pct,inf,123.0,nan,True,False,False
ALNS-B,Example14,14,2,1,1.686,1.686,repair,repair_gecode_long,inf,123.0,nan,True,False,False
ALNS-B,Example14,14,2,2,2.888,1.202,destroy,destroy_max_border_shift_1,123.0,86.0,-37.0,True,False,False
ALNS-B,Example14,14,2,2,2.888,1.202,repair,repair_chuffed_fast,123.0,86.0,-37.0,True,False,False
ALNS-B,Example14,14,2,3,6.405,3.517,destroy,destroy_all_forbidden_sequences,86.0,18.0,-68.0,True,False,False
ALNS-B,Example14,14,2,3,6.405,3.517,repair,repair_gecode_fast,86.0,18.0,-68.0,True,False,False
ALNS-B,Example14,14,2,4,7.719,1.313,destroy,destroy_random_window_20pct,18.0,13.0,-5.0,True,False,False
ALNS-B,Example14,14,2,4,7.719,1.313,repair,repair_gecode_fast,18.0,13.0,-5.0,True,False,False
ALNS-B,Example14,14,2,5,38.382,30.664,destroy,destroy_streak_around_worst_worker,13.0,41.0,28.0,False,False,False
ALNS-B,Example14,14,2,5,38.382,30.664,repair,repair_gecode_long,13.0,41.0,28.0,False,False,False
ALNS-B,Example14,14,2,6,39.022,0.639,destroy,destroy_max_border_shift_1,13.0,13.0,0.0,False,False,False
ALNS-B,Example14,14,2,6,39.022,0.639,repair,repair_gecode_fast,13.0,13.0,0.0,False,False,False
ALNS-B,Example14,14,2,7,39.756,0.734,destroy,destroy_max_border_shift_2,13.0,13.0,0.0,False,False,False
ALNS-B,Example14,14,2,7,39.756,0.734,repair,repair_chuffed_fast,13.0,13.0,0.0,False,False,False
ALNS-B,Example14,14,2,8,40.558,0.802,destroy,destroy_all_forbidden_sequences,13.0,13.0,0.0,False,False,False
ALNS-B,Example14,14,2,8,40.558,0.802,repair,repair_chuffed_fast,13.0,13.0,0.0,False,False,False
ALNS-B,Example14,14,2,9,41.288,0.73,destroy,destroy_all_forbidden_sequences,13.0,13.0,0.0,False,False,False
ALNS-B,Example14,14,2,9,41.288,0.73,repair,repair_gecode_fast,13.0,13.0,0.0,False,False,False
ALNS-B,Example14,14,2,10,41.912,0.624,destroy,destroy_max_border_shift_1,13.0,13.0,0.0,False,False,False
ALNS-B,Example14,14,2,10,41.912,0.624,repair,repair_chuffed_fast,13.0,13.0,0.0,False,False,False
ALNS-B,Example14,14,2,11,42.882,0.971,destroy,destroy_max_border_shift_2,13.0,13.0,0.0,False,False,False
ALNS-B,Example14,14,2,11,42.882,0.971,repair,repair_gecode_fast,13.0,13.0,0.0,False,False,False
ALNS-B,Example14,14,2,12,44.293,1.41,destroy,destroy_worst_workers_10pct,13.0,7.0,-6.0,True,False,False
ALNS-B,Example14,14,2,12,44.293,1.41,repair,repair_chuffed_fast,13.0,7.0,-6.0,True,False,False
ALNS-B,Example14,14,2,13,45.245,0.952,destroy,destroy_worst_workers_10pct,7.0,7.0,0.0,False,False,False
ALNS-B,Example14,14,2,13,45.245,0.952,repair,repair_gecode_fast,7.0,7.0,0.0,False,False,False
ALNS-B,Example14,14,2,14,45.911,0.666,destroy,destroy_all_forbidden_sequences,7.0,6.0,-1.0,True,False,False
ALNS-B,Example14,14,2,14,45.911,0.666,repair,repair_gecode_fast,7.0,6.0,-1.0,True,False,False
ALNS-B,Example14,14,2,15,46.957,1.047,destroy,destroy_worst_workers_10pct,6.0,6.0,0.0,False,False,False
ALNS-B,Example14,14,2,15,46.957,1.047,repair,repair_gecode_fast,6.0,6.0,0.0,False,False,False
ALNS-B,Example14,14,2,16,47.633,0.676,destroy,destroy_max_border_shift_2,6.0,6.0,0.0,False,False,False
ALNS-B,Example14,14,2,16,47.633,0.676,repair,repair_gecode_fast,6.0,6.0,0.0,False,False,False
ALNS-B,Example14,14,2,17,54.089,6.456,destroy,destroy_streak_around_worst_worker,6.0,26.0,20.0,False,False,False
ALNS-B,Example14,14,2,17,54.089,6.456,repair,repair_gecode_fast,6.0,26.0,20.0,False,False,False
ALNS-B,Example14,14,2,18,55.048,0.959,destroy,destroy_worst_workers_10pct,6.0,5.0,-1.0,True,False,False
ALNS-B,Example14,14,2,18,55.048,0.959,repair,repair_gecode_fast,6.0,5.0,-1.0,True,False,False
ALNS-B,Example14,14,2,19,55.792,0.743,destroy,destroy_max_border_shift_2,5.0,5.0,0.0,False,False,False
ALNS-B,Example14,14,2,19,55.792,0.743,repair,repair_gecode_fast,5.0,5.0,0.0,False,False,False
ALNS-B,Example14,14,2,20,56.969,1.178,destroy,destroy_worst_workers_10pct,5.0,5.0,0.0,False,False,False
ALNS-B,Example14,14,2,20,56.969,1.178,repair,repair_chuffed_long,5.0,5.0,0.0,False,False,False
ALNS-B,Example14,14,2,21,57.83,0.861,destroy,destroy_worst_workers_10pct,5.0,4.0,-1.0,True,False,False
ALNS-B,Example14,14,2,21,57.83,0.861,repair,repair_gecode_fast,5.0,4.0,-1.0,True,False,False
ALNS-B,Example14,14,2,22,59.361,1.531,destroy,destroy_worst_workers_10pct,4.0,4.0,0.0,False,False,False
ALNS-B,Example14,14,2,22,59.361,1.531,repair,repair_chuffed_fast,4.0,4.0,0.0,False,False,False
ALNS-B,Example14,14,2,23,60.275,0.914,destroy,destroy_worst_workers_10pct,4.0,4.0,0.0,False,False,False
ALNS-B,Example14,14,2,23,60.275,0.914,repair,repair_gecode_fast,4.0,4.0,0.0,False,False,False
ALNS-B,Example14,14,2,24,66.964,6.688,destroy,destroy_streak_around_worst_worker,4.0,46.0,42.0,False,False,False
ALNS-B,Example14,14,2,24,66.964,6.688,repair,repair_chuffed_fast,4.0,46.0,42.0,False,False,False
ALNS-B,Example14,14,2,25,67.843,0.879,destroy,destroy_worst_workers_10pct,4.0,3.0,-1.0,True,False,False
ALNS-B,Example14,14,2,25,67.843,0.879,repair,repair_gecode_fast,4.0,3.0,-1.0,True,False,False
ALNS-B,Example14,14,2,26,68.995,1.152,destroy,destroy_worst_workers_10pct,3.0,3.0,0.0,False,False,False
ALNS-B,Example14,14,2,26,68.995,1.152,repair,repair_chuffed_fast,3.0,3.0,0.0,False,False,False
ALNS-B,Example14,14,2,27,70.704,1.709,destroy,destroy_worst_workers_10pct,3.0,3.0,0.0,False,False,False
ALNS-B,Example14,14,2,27,70.704,1.709,repair,repair_chuffed_fast,3.0,3.0,0.0,False,False,False
ALNS-B,Example14,14,2,28,71.996,1.293,destroy,destroy_worst_workers_10pct,3.0,3.0,0.0,False,False,False
ALNS-B,Example14,14,2,28,71.996,1.293,repair,repair_chuffed_fast,3.0,3.0,0.0,False,False,False
ALNS-B,Example14,14,2,29,73.894,1.898,destroy,destroy_worst_workers_10pct,3.0,3.0,0.0,False,False,False
ALNS-B,Example14,14,2,29,73.894,1.898,repair,repair_chuffed_fast,3.0,3.0,0.0,False,False,False
ALNS-B,Example14,14,2,30,75.263,1.369,destroy,destroy_worst_days_10pct,3.0,3.0,0.0,False,False,False
ALNS-B,Example14,14,2,30,75.263,1.369,repair,repair_chuffed_fast,3.0,3.0,0.0,False,False,False
ALNS-B,Example14,14,2,31,75.996,0.733,destroy,destroy_max_border_shift_2,3.0,3.0,0.0,False,False,False
ALNS-B,Example14,14,2,31,75.996,0.733,repair,repair_chuffed_long,3.0,3.0,0.0,False,False,False
ALNS-B,Example14,14,2,32,77.506,1.51,destroy,destroy_worst_workers_10pct,3.0,3.0,0.0,False,False,False
ALNS-B,Example14,14,2,32,77.506,1.51,repair,repair_chuffed_fast,3.0,3.0,0.0,False,False,False
ALNS-B,Example14,14,2,33,78.617,1.111,destroy,destroy_worst_workers_10pct,3.0,3.0,0.0,False,False,False
ALNS-B,Example14,14,2,33,78.617,1.111,repair,repair_gecode_fast,3.0,3.0,0.0,False,False,False
ALNS-B,Example14,14,2,34,79.608,0.992,destroy,destroy_worst_workers_10pct,3.0,2.0,-1.0,True,False,False
ALNS-B,Example14,14,2,34,79.608,0.992,repair,repair_gecode_fast,3.0,2.0,-1.0,True,False,False
ALNS-B,Example14,14,2,35,80.7,1.091,destroy,destroy_worst_workers_10pct,2.0,2.0,0.0,False,False,False
ALNS-B,Example14,14,2,35,80.7,1.091,repair,repair_chuffed_fast,2.0,2.0,0.0,False,False,False
ALNS-B,Example14,14,2,36,81.505,0.805,destroy,destroy_worst_workers_10pct,2.0,2.0,0.0,False,False,False
ALNS-B,Example14,14,2,36,81.505,0.805,repair,repair_gecode_long,2.0,2.0,0.0,False,False,False
ALNS-B,Example14,14,2,37,85.376,3.871,destroy,destroy_streak_around_worst_worker,2.0,2.0,0.0,False,False,False
ALNS-B,Example14,14,2,37,85.376,3.871,repair,repair_gecode_fast,2.0,2.0,0.0,False,False,False
ALNS-B,Example14,14,2,38,86.112,0.736,destroy,destroy_worst_workers_10pct,2.0,2.0,0.0,False,False,False
ALNS-B,Example14,14,2,38,86.112,0.736,repair,repair_gecode_long,2.0,2.0,0.0,False,False,False
ALNS-B,Example14,14,2,39,87.08,0.968,destroy,destroy_worst_workers_10pct,2.0,2.0,0.0,False,False,False
ALNS-B,Example14,14,2,39,87.08,0.968,repair,repair_gecode_long,2.0,2.0,0.0,False,False,False
ALNS-B,Example14,14,2,40,88.251,1.171,destroy,destroy_worst_workers_10pct,2.0,2.0,0.0,False,False,False
ALNS-B,Example14,14,2,40,88.251,1.171,repair,repair_gecode_long,2.0,2.0,0.0,False,False,False
ALNS-B,Example14,14,2,41,90.288,2.037,destroy,destroy_worst_workers_10pct,2.0,2.0,0.0,False,False,False
ALNS-B,Example14,14,2,41,90.288,2.037,repair,repair_chuffed_fast,2.0,2.0,0.0,False,False,False
ALNS-B,Example14,14,2,42,91.25,0.962,destroy,destroy_worst_workers_10pct,2.0,2.0,0.0,False,False,False
ALNS-B,Example14,14,2,42,91.25,0.962,repair,repair_chuffed_fast,2.0,2.0,0.0,False,False,False
ALNS-B,Example14,14,2,43,92.4,1.15,destroy,destroy_worst_days_10pct,2.0,2.0,0.0,False,False,False
ALNS-B,Example14,14,2,43,92.4,1.15,repair,repair_chuffed_fast,2.0,2.0,0.0,False,False,False
ALNS-B,Example14,14,2,44,93.209,0.81,destroy,destroy_worst_workers_10pct,2.0,2.0,0.0,False,False,False
ALNS-B,Example14,14,2,44,93.209,0.81,repair,repair_gecode_fast,2.0,2.0,0.0,False,False,False
ALNS-B,Example14,14,2,45,183.995,90.785,destroy,destroy_exploration,2.0,2.0,0.0,False,False,True
ALNS-B,Example14,14,2,45,183.995,90.785,repair,repair_exploration,2.0,2.0,0.0,False,False,True
