algorithm,instance,instance_index,seed,operator_type,operator_name,selection_count,selection_share,improvement_count,improvement_probability,acceptance_rate,mean_delta,mean_improving_delta
ALNS-A,Example0,0,0,destroy,destroy_streak_around_worst_worker,5,0.1724137931034483,0,0.0,0.8,0.75,nan
ALNS-A,Example0,0,0,repair,repair_chuffed_long,9,0.3103448275862069,3,0.3333333333333333,0.8888888888888888,0.875,-1.0
ALNS-A,Example0,0,0,destroy,destroy_random_days_20pct,7,0.2413793103448276,2,0.2857142857142857,1.0,-0.8571428571428571,-3.0
ALNS-A,Example0,0,0,repair,repair_gecode_fast,10,0.3448275862068966,1,0.1,0.6,3.2,-5.0
ALNS-A,Example0,0,0,destroy,destroy_random_window_20pct,7,0.2413793103448276,1,0.14285714285714285,1.0,-0.2857142857142857,-2.0
ALNS-A,Example0,0,0,destroy,destroy_all_forbidden_sequences,3,0.10344827586206896,0,0.0,1.0,0.0,nan
ALNS-A,Example0,0,0,repair,repair_chuffed_fast,7,0.2413793103448276,1,0.14285714285714285,0.8571428571428571,0.7142857142857143,-2.0
ALNS-A,Example0,0,0,destroy,destroy_worst_days_30pct,5,0.1724137931034483,1,0.2,0.2,8.8,-1.0
ALNS-A,Example0,0,0,destroy,destroy_worst_workers_30pct,2,0.06896551724137931,1,0.5,0.5,2.5,-1.0
ALNS-A,Example0,0,0,repair,repair_gecode_long,3,0.10344827586206896,0,0.0,1.0,0.0,nan
ALNS-A,Example0,0,1,destroy,destroy_random_window_20pct,2,0.045454545454545456,0,0.0,1.0,0.0,nan
ALNS-A,Example0,0,1,repair,repair_chuffed_fast,16,0.36363636363636365,2,0.125,0.8125,2.533333333333333,-1.5
ALNS-A,Example0,0,1,destroy,destroy_random_workers_20pct,15,0.3409090909090909,3,0.2,1.0,-0.26666666666666666,-1.3333333333333333
ALNS-A,Example0,0,1,destroy,destroy_streak_around_worst_worker,6,0.13636363636363635,2,0.3333333333333333,1.0,-0.5,-1.5
ALNS-A,Example0,0,1,repair,repair_chuffed_long,8,0.18181818181818182,1,0.125,1.0,-0.125,-1.0
ALNS-A,Example0,0,1,repair,repair_gecode_long,9,0.20454545454545456,2,0.2222222222222222,0.8888888888888888,0.5555555555555556,-1.5
ALNS-A,Example0,0,1,destroy,destroy_all_forbidden_sequences,2,0.045454545454545456,0,0.0,1.0,0.0,nan
ALNS-A,Example0,0,1,destroy,destroy_worst_days_30pct,7,0.1590909090909091,0,0.0,0.14285714285714285,9.714285714285714,nan
ALNS-A,Example0,0,1,destroy,destroy_random_days_20pct,8,0.18181818181818182,0,0.0,1.0,0.0,nan
ALNS-A,Example0,0,1,repair,repair_gecode_fast,7,0.1590909090909091,0,0.0,0.7142857142857143,2.7142857142857144,nan
ALNS-A,Example0,0,1,destroy,destroy_exploration,4,0.09090909090909091,0,0.0,1.0,0.0,nan
ALNS-A,Example0,0,1,repair,repair_exploration,4,0.09090909090909091,0,0.0,1.0,0.0,nan
ALNS-A,Example0,0,2,destroy,destroy_worst_workers_10pct,1,0.06666666666666667,0,0.0,1.0,nan,nan
ALNS-A,Example0,0,2,repair,repair_gecode_long,3,0.2,1,0.3333333333333333,0.6666666666666666,2.5,-2.0
ALNS-A,Example0,0,2,destroy,destroy_all_forbidden_sequences,2,0.13333333333333333,0,0.0,1.0,0.0,nan
ALNS-A,Example0,0,2,repair,repair_chuffed_fast,5,0.3333333333333333,1,0.2,1.0,-0.2,-1.0
ALNS-A,Example0,0,2,destroy,destroy_random_days_20pct,1,0.06666666666666667,1,1.0,1.0,-2.0,-2.0
ALNS-A,Example0,0,2,destroy,destroy_streak_around_worst_worker,3,0.2,1,0.3333333333333333,0.6666666666666666,0.6666666666666666,-3.0
ALNS-A,Example0,0,2,repair,repair_chuffed_long,2,0.13333333333333333,0,0.0,0.5,2.5,nan
ALNS-A,Example0,0,2,destroy,destroy_worst_days_30pct,1,0.06666666666666667,0,0.0,0.0,7.0,nan
ALNS-A,Example0,0,2,destroy,destroy_random_workers_20pct,3,0.2,2,0.6666666666666666,1.0,-1.0,-1.5
ALNS-A,Example0,0,2,repair,repair_gecode_fast,5,0.3333333333333333,4,0.8,1.0,-1.4,-1.75
ALNS-A,Example0,0,2,destroy,destroy_random_window_20pct,4,0.26666666666666666,2,0.5,1.0,-0.5,-1.0
ALNS-A,Example1,1,0,destroy,destroy_streak_around_worst_worker,6,0.15,1,0.16666666666666666,0.8333333333333334,3.4,-2.0
ALNS-A,Example1,1,0,repair,repair_chuffed_long,16,0.4,5,0.3125,0.875,2.1333333333333333,-3.2
ALNS-A,Example1,1,0,destroy,destroy_worst_days_30pct,5,0.125,0,0.0,0.0,26.8,nan
ALNS-A,Example1,1,0,destroy,destroy_random_days_20pct,7,0.175,3,0.42857142857142855,1.0,-1.0,-2.3333333333333335
ALNS-A,Example1,1,0,destroy,destroy_all_forbidden_sequences,2,0.05,1,0.5,1.0,-3.0,-6.0
ALNS-A,Example1,1,0,destroy,destroy_random_window_20pct,5,0.125,0,0.0,1.0,0.0,nan
ALNS-A,Example1,1,0,destroy,destroy_random_workers_20pct,7,0.175,2,0.2857142857142857,1.0,-0.42857142857142855,-1.5
ALNS-A,Example1,1,0,repair,repair_chuffed_fast,15,0.375,5,0.3333333333333333,0.8666666666666667,3.6666666666666665,-1.8
ALNS-A,Example1,1,0,repair,repair_gecode_fast,7,0.175,1,0.14285714285714285,0.7142857142857143,6.571428571428571,-1.0
ALNS-A,Example1,1,0,destroy,destroy_worst_workers_30pct,7,0.175,3,0.42857142857142855,1.0,0.2857142857142857,-1.3333333333333333
ALNS-A,Example1,1,0,repair,repair_gecode_long,2,0.05,0,0.0,1.0,0.0,nan
ALNS-A,Example1,1,0,destroy,destroy_max_border_off,1,0.025,1,1.0,1.0,-4.0,-4.0
ALNS-A,Example1,1,1,destroy,destroy_random_window_20pct,21,0.3088235294117647,3,0.14285714285714285,1.0,-0.3,-2.0
ALNS-A,Example1,1,1,repair,repair_chuffed_fast,15,0.22058823529411764,1,0.06666666666666667,0.9333333333333333,1.3571428571428572,-4.0
ALNS-A,Example1,1,1,destroy,destroy_random_workers_20pct,20,0.29411764705882354,4,0.2,1.0,-0.4,-2.0
ALNS-A,Example1,1,1,destroy,destroy_streak_around_worst_worker,3,0.04411764705882353,0,0.0,0.6666666666666666,14.333333333333334,nan
ALNS-A,Example1,1,1,repair,repair_chuffed_long,9,0.1323529411764706,1,0.1111111111111111,0.7777777777777778,8.666666666666666,-1.0
ALNS-A,Example1,1,1,destroy,destroy_worst_days_30pct,6,0.08823529411764706,0,0.0,0.0,24.833333333333332,nan
ALNS-A,Example1,1,1,destroy,destroy_all_forbidden_sequences,5,0.07352941176470588,0,0.0,0.8,2.4,nan
ALNS-A,Example1,1,1,repair,repair_gecode_fast,17,0.25,3,0.17647058823529413,0.8823529411764706,2.6470588235294117,-2.0
ALNS-A,Example1,1,1,repair,repair_gecode_long,21,0.3088235294117647,3,0.14285714285714285,0.8571428571428571,2.1904761904761907,-1.6666666666666667
ALNS-A,Example1,1,1,destroy,destroy_worst_workers_10pct,1,0.014705882352941176,1,1.0,1.0,-2.0,-2.0
ALNS-A,Example1,1,1,destroy,destroy_worst_days_10pct,1,0.014705882352941176,0,0.0,1.0,0.0,nan
ALNS-A,Example1,1,1,destroy,destroy_max_border_shift_3,2,0.029411764705882353,0,0.0,1.0,0.0,nan
ALNS-A,Example1,1,1,destroy,destroy_exploration,6,0.08823529411764706,1,0.16666666666666666,1.0,-0.16666666666666666,-1.0
ALNS-A,Example1,1,1,repair,repair_exploration,6,0.08823529411764706,1,0.16666666666666666,1.0,-0.16666666666666666,-1.0
ALNS-A,Example1,1,1,destroy,destroy_worst_workers_30pct,3,0.04411764705882353,0,0.0,1.0,0.0,nan
ALNS-A,Example1,1,2,destroy,destroy_worst_workers_10pct,1,0.012987012987012988,0,0.0,1.0,nan,nan
ALNS-A,Example1,1,2,repair,repair_gecode_long,20,0.2597402597402597,2,0.1,1.0,-0.10526315789473684,-1.0
ALNS-A,Example1,1,2,destroy,destroy_all_forbidden_sequences,3,0.03896103896103896,0,0.0,0.6666666666666666,6.333333333333333,nan
ALNS-A,Example1,1,2,repair,repair_chuffed_fast,14,0.18181818181818182,0,0.0,0.7142857142857143,6.714285714285714,nan
ALNS-A,Example1,1,2,destroy,destroy_max_border_shift_3,1,0.012987012987012988,0,0.0,1.0,0.0,nan
ALNS-A,Example1,1,2,repair,repair_chuffed_long,3,0.03896103896103896,0,0.0,0.6666666666666666,9.0,nan
ALNS-A,Example1,1,2,destroy,destroy_max_border_shift_2,4,0.05194805194805195,0,0.0,1.0,0.0,nan
ALNS-A,Example1,1,2,destroy,destroy_max_border_shift_1,1,0.012987012987012988,0,0.0,1.0,0.0,nan
ALNS-A,Example1,1,2,repair,repair_gecode_fast,32,0.4155844155844156,7,0.21875,0.84375,2.53125,-3.0
ALNS-A,Example1,1,2,destroy,destroy_worst_days_30pct,7,0.09090909090909091,0,0.0,0.0,26.285714285714285,nan
ALNS-A,Example1,1,2,destroy,destroy_random_days_20pct,22,0.2857142857142857,4,0.18181818181818182,1.0,-0.5909090909090909,-3.75
ALNS-A,Example1,1,2,destroy,destroy_random_workers_20pct,9,0.11688311688311688,1,0.1111111111111111,1.0,-0.4444444444444444,-4.0
ALNS-A,Example1,1,2,destroy,destroy_streak_around_worst_worker,3,0.03896103896103896,1,0.3333333333333333,1.0,-0.3333333333333333,-1.0
ALNS-A,Example1,1,2,destroy,destroy_random_window_20pct,3,0.03896103896103896,0,0.0,1.0,0.0,nan
ALNS-A,Example1,1,2,destroy,destroy_worst_workers_30pct,15,0.19480519480519481,3,0.2,0.8666666666666667,1.0,-1.0
ALNS-A,Example1,1,2,destroy,destroy_exploration,8,0.1038961038961039,0,0.0,1.0,0.0,nan
ALNS-A,Example1,1,2,repair,repair_exploration,8,0.1038961038961039,0,0.0,1.0,0.0,nan
ALNS-A,Example2,2,0,destroy,destroy_streak_around_worst_worker,5,0.1282051282051282,0,0.0,0.8,2.75,nan
ALNS-A,Example2,2,0,repair,repair_chuffed_long,5,0.1282051282051282,2,0.4,1.0,-0.5,-1.0
ALNS-A,Example2,2,0,destroy,destroy_worst_days_30pct,7,0.1794871794871795,3,0.42857142857142855,0.7142857142857143,8.714285714285714,-1.0
ALNS-A,Example2,2,0,destroy,destroy_max_border_off,1,0.02564102564102564,1,1.0,1.0,-13.0,-13.0
ALNS-A,Example2,2,0,repair,repair_chuffed_fast,15,0.38461538461538464,5,0.3333333333333333,0.8,2.4,-7.8
ALNS-A,Example2,2,0,destroy,destroy_worst_workers_10pct,1,0.02564102564102564,1,1.0,1.0,-8.0,-8.0
ALNS-A,Example2,2,0,destroy,destroy_random_window_20pct,4,0.10256410256410256,1,0.25,1.0,-4.5,-18.0
ALNS-A,Example2,2,0,repair,repair_gecode_fast,10,0.2564102564102564,3,0.3,1.0,-2.0,-6.666666666666667
ALNS-A,Example2,2,0,destroy,destroy_worst_workers_30pct,8,0.20512820512820512,2,0.25,1.0,-2.125,-8.5
ALNS-A,Example2,2,0,destroy,destroy_random_workers_20pct,6,0.15384615384615385,1,0.16666666666666666,1.0,-0.16666666666666666,-1.0
ALNS-A,Example2,2,0,destroy,destroy_random_days_20pct,3,0.07692307692307693,1,0.3333333333333333,1.0,-0.3333333333333333,-1.0
ALNS-A,Example2,2,0,repair,repair_gecode_long,5,0.1282051282051282,0,0.0,1.0,0.0,nan
ALNS-A,Example2,2,0,destroy,destroy_exploration,4,0.10256410256410256,0,0.0,1.0,0.0,nan
ALNS-A,Example2,2,0,repair,repair_exploration,4,0.10256410256410256,0,0.0,1.0,0.0,nan
ALNS-A,Example2,2,1,destroy,destroy_random_window_20pct,25,0.2604166666666667,1,0.04,1.0,-0.08333333333333333,-2.0
ALNS-A,Example2,2,1,repair,repair_chuffed_fast,35,0.3645833333333333,6,0.17142857142857143,0.8571428571428571,2.8529411764705883,-4.666666666666667
ALNS-A,Example2,2,1,destroy,destroy_random_workers_20pct,7,0.07291666666666667,2,0.2857142857142857,1.0,-3.4285714285714284,-12.0
ALNS-A,Example2,2,1,destroy,destroy_streak_around_worst_worker,7,0.07291666666666667,2,0.2857142857142857,0.7142857142857143,6.857142857142857,-6.0
ALNS-A,Example2,2,1,repair,repair_chuffed_long,12,0.125,1,0.08333333333333333,0.9166666666666666,2.3333333333333335,-10.0
ALNS-A,Example2,2,1,destroy,destroy_worst_days_30pct,7,0.07291666666666667,0,0.0,0.2857142857142857,19.857142857142858,nan
ALNS-A,Example2,2,1,repair,repair_gecode_fast,27,0.28125,2,0.07407407407407407,0.9629629629629629,-0.14814814814814814,-12.5
ALNS-A,Example2,2,1,destroy,destroy_worst_workers_30pct,30,0.3125,4,0.13333333333333333,0.9666666666666667,-0.5,-6.25
ALNS-A,Example2,2,1,destroy,destroy_random_days_20pct,6,0.0625,0,0.0,1.0,0.0,nan
ALNS-A,Example2,2,1,repair,repair_gecode_long,8,0.08333333333333333,0,0.0,0.875,3.125,nan
ALNS-A,Example2,2,1,destroy,destroy_exploration,14,0.14583333333333334,0,0.0,1.0,0.0,nan
ALNS-A,Example2,2,1,repair,repair_exploration,14,0.14583333333333334,0,0.0,1.0,0.0,nan
ALNS-A,Example2,2,2,destroy,destroy_worst_workers_10pct,1,0.0136986301369863,0,0.0,1.0,nan,nan
ALNS-A,Example2,2,2,repair,repair_gecode_long,12,0.1643835616438356,4,0.3333333333333333,1.0,-2.1818181818181817,-6.0
ALNS-A,Example2,2,2,destroy,destroy_all_forbidden_sequences,2,0.0273972602739726,1,0.5,1.0,-3.0,-6.0
ALNS-A,Example2,2,2,repair,repair_chuffed_fast,20,0.273972602739726,3,0.15,0.95,0.65,-2.6666666666666665
ALNS-A,Example2,2,2,destroy,destroy_random_workers_20pct,6,0.0821917808219178,1,0.16666666666666666,1.0,-1.6666666666666667,-10.0
ALNS-A,Example2,2,2,destroy,destroy_random_window_20pct,21,0.2876712328767123,5,0.23809523809523808,1.0,-1.1428571428571428,-4.8
ALNS-A,Example2,2,2,repair,repair_gecode_fast,21,0.2876712328767123,3,0.14285714285714285,1.0,-1.4285714285714286,-10.0
ALNS-A,Example2,2,2,destroy,destroy_worst_workers_30pct,14,0.1917808219178082,2,0.14285714285714285,1.0,-1.5,-10.5
ALNS-A,Example2,2,2,destroy,destroy_max_border_work,1,0.0136986301369863,0,0.0,1.0,0.0,nan
ALNS-A,Example2,2,2,destroy,destroy_random_days_20pct,10,0.136986301369863,1,0.1,1.0,-0.1,-1.0
ALNS-A,Example2,2,2,destroy,destroy_worst_days_30pct,4,0.0547945205479452,0,0.0,0.75,5.25,nan
ALNS-A,Example2,2,2,destroy,destroy_streak_around_worst_worker,4,0.0547945205479452,1,0.25,1.0,-0.25,-1.0
ALNS-A,Example2,2,2,repair,repair_chuffed_long,10,0.136986301369863,1,0.1,1.0,-0.1,-1.0
ALNS-A,Example2,2,2,destroy,destroy_exploration,10,0.136986301369863,0,0.0,1.0,0.0,nan
ALNS-A,Example2,2,2,repair,repair_exploration,10,0.136986301369863,0,0.0,1.0,0.0,nan
ALNS-A,Example3,3,0,destroy,destroy_max_border_off,1,0.07142857142857142,0,0.0,1.0,nan,nan
ALNS-A,Example3,3,0,repair,repair_chuffed_long,2,0.14285714285714285,0,0.0,0.5,15.0,nan
ALNS-A,Example3,3,0,destroy,destroy_random_window_20pct,4,0.2857142857142857,1,0.25,0.25,19.25,-121.0
ALNS-A,Example3,3,0,repair,repair_gecode_fast,2,0.14285714285714285,1,0.5,0.5,-54.0,-121.0
ALNS-A,Example3,3,0,destroy,destroy_streak_around_worst_worker,1,0.07142857142857142,0,0.0,0.0,37.0,nan
ALNS-A,Example3,3,0,repair,repair_gecode_long,3,0.21428571428571427,0,0.0,0.0,18.666666666666668,nan
ALNS-A,Example3,3,0,destroy,destroy_random_workers_20pct,4,0.2857142857142857,0,0.0,0.0,15.5,nan
ALNS-A,Example3,3,0,repair,repair_chuffed_fast,5,0.35714285714285715,0,0.0,0.0,56.0,nan
ALNS-A,Example3,3,0,destroy,destroy_worst_workers_30pct,1,0.07142857142857142,0,0.0,0.0,50.0,nan
ALNS-A,Example3,3,0,destroy,destroy_all_forbidden_sequences,1,0.07142857142857142,0,0.0,0.0,17.0,nan
ALNS-A,Example3,3,0,destroy,destroy_exploration,2,0.14285714285714285,0,0.0,0.0,25.5,nan
ALNS-A,Example3,3,0,repair,repair_exploration,2,0.14285714285714285,0,0.0,0.0,25.5,nan
ALNS-A,Example3,3,1,destroy,destroy_max_border_off,5,0.15625,4,0.8,1.0,-17.0,-17.0
ALNS-A,Example3,3,1,repair,repair_chuffed_fast,14,0.4375,3,0.21428571428571427,0.2857142857142857,20.307692307692307,-45.333333333333336
ALNS-A,Example3,3,1,destroy,destroy_worst_workers_30pct,6,0.1875,1,0.16666666666666666,0.16666666666666666,22.0,-86.0
ALNS-A,Example3,3,1,destroy,destroy_streak_around_worst_worker,2,0.0625,0,0.0,0.0,44.0,nan
ALNS-A,Example3,3,1,destroy,destroy_random_window_20pct,13,0.40625,1,0.07692307692307693,0.15384615384615385,21.53846153846154,-3.0
ALNS-A,Example3,3,1,repair,repair_gecode_fast,8,0.25,1,0.125,0.375,15.75,-3.0
ALNS-A,Example3,3,1,destroy,destroy_all_forbidden_sequences,2,0.0625,0,0.0,0.5,0.5,nan
ALNS-A,Example3,3,1,repair,repair_chuffed_long,8,0.25,1,0.125,0.25,12.125,-10.0
ALNS-A,Example3,3,1,destroy,destroy_random_workers_20pct,3,0.09375,0,0.0,0.3333333333333333,15.333333333333334,nan
ALNS-A,Example3,3,1,destroy,destroy_worst_days_30pct,1,0.03125,0,0.0,0.0,75.0,nan
ALNS-A,Example3,3,1,repair,repair_gecode_long,2,0.0625,1,0.5,0.5,33.5,-8.0
ALNS-A,Example3,3,2,destroy,destroy_worst_workers_10pct,1,0.03225806451612903,0,0.0,1.0,nan,nan
ALNS-A,Example3,3,2,repair,repair_gecode_long,4,0.12903225806451613,0,0.0,0.5,23.333333333333332,nan
ALNS-A,Example3,3,2,destroy,destroy_max_border_off,2,0.06451612903225806,1,0.5,1.0,-0.5,-1.0
ALNS-A,Example3,3,2,repair,repair_chuffed_fast,9,0.2903225806451613,1,0.1111111111111111,0.3333333333333333,20.88888888888889,-1.0
ALNS-A,Example3,3,2,destroy,destroy_all_forbidden_sequences,3,0.0967741935483871,1,0.3333333333333333,1.0,-41.333333333333336,-124.0
ALNS-A,Example3,3,2,repair,repair_gecode_fast,15,0.4838709677419355,6,0.4,0.5333333333333333,2.2666666666666666,-24.666666666666668
ALNS-A,Example3,3,2,destroy,destroy_random_window_20pct,13,0.41935483870967744,4,0.3076923076923077,0.46153846153846156,13.461538461538462,-2.5
ALNS-A,Example3,3,2,destroy,destroy_random_workers_20pct,5,0.16129032258064516,0,0.0,0.0,23.6,nan
ALNS-A,Example3,3,2,destroy,destroy_streak_around_worst_worker,2,0.06451612903225806,1,0.5,0.5,18.0,-14.0
ALNS-A,Example3,3,2,destroy,destroy_worst_workers_30pct,3,0.0967741935483871,0,0.0,0.0,42.333333333333336,nan
ALNS-A,Example3,3,2,repair,repair_chuffed_long,1,0.03225806451612903,0,0.0,0.0,39.0,nan
ALNS-A,Example3,3,2,destroy,destroy_exploration,2,0.06451612903225806,0,0.0,0.5,23.0,nan
ALNS-A,Example3,3,2,repair,repair_exploration,2,0.06451612903225806,0,0.0,0.5,23.0,nan
ALNS-A,Example4,4,0,destroy,destroy_streak_around_worst_worker,4,0.1,0,0.0,0.25,27.333333333333332,nan
ALNS-A,Example4,4,0,repair,repair_chuffed_long,10,0.25,1,0.1,0.8,7.222222222222222,-2.0
ALNS-A,Example4,4,0,destroy,destroy_random_window_20pct,15,0.375,7,0.4666666666666667,0.8,3.1333333333333333,-1.7142857142857142
ALNS-A,Example4,4,0,repair,repair_gecode_fast,8,0.2,1,0.125,0.625,7.0,-2.0
ALNS-A,Example4,4,0,destroy,destroy_all_forbidden_sequences,3,0.075,1,0.3333333333333333,1.0,-2.0,-6.0
ALNS-A,Example4,4,0,repair,repair_gecode_long,5,0.125,2,0.4,0.6,7.4,-4.0
ALNS-A,Example4,4,0,repair,repair_chuffed_fast,15,0.375,6,0.4,0.5333333333333333,8.6,-3.5
ALNS-A,Example4,4,0,destroy,destroy_random_workers_20pct,4,0.1,0,0.0,0.75,4.25,nan
ALNS-A,Example4,4,0,destroy,destroy_max_border_off,2,0.05,2,1.0,1.0,-7.5,-7.5
ALNS-A,Example4,4,0,destroy,destroy_worst_workers_10pct,1,0.025,0,0.0,1.0,0.0,nan
ALNS-A,Example4,4,0,destroy,destroy_worst_days_30pct,2,0.05,0,0.0,0.0,45.0,nan
ALNS-A,Example4,4,0,destroy,destroy_random_days_20pct,1,0.025,0,0.0,0.0,25.0,nan
ALNS-A,Example4,4,0,destroy,destroy_worst_workers_30pct,6,0.15,0,0.0,0.3333333333333333,7.833333333333333,nan
ALNS-A,Example4,4,0,destroy,destroy_exploration,2,0.05,1,0.5,1.0,-1.0,-2.0
ALNS-A,Example4,4,0,repair,repair_exploration,2,0.05,1,0.5,1.0,-1.0,-2.0
ALNS-A,Example4,4,1,destroy,destroy_random_window_20pct,10,0.23809523809523808,1,0.1,0.8,2.111111111111111,-1.0
ALNS-A,Example4,4,1,repair,repair_chuffed_fast,12,0.2857142857142857,2,0.16666666666666666,0.5,11.636363636363637,-2.0
ALNS-A,Example4,4,1,destroy,destroy_worst_workers_30pct,2,0.047619047619047616,0,0.0,0.5,11.0,nan
ALNS-A,Example4,4,1,repair,repair_gecode_fast,13,0.30952380952380953,3,0.23076923076923078,0.7692307692307693,3.6153846153846154,-2.6666666666666665
ALNS-A,Example4,4,1,destroy,destroy_worst_days_10pct,1,0.023809523809523808,1,1.0,1.0,-9.0,-9.0
ALNS-A,Example4,4,1,repair,repair_chuffed_long,10,0.23809523809523808,2,0.2,0.6,9.3,-5.0
ALNS-A,Example4,4,1,destroy,destroy_max_border_off,1,0.023809523809523808,1,1.0,1.0,-6.0,-6.0
ALNS-A,Example4,4,1,destroy,destroy_worst_workers_10pct,3,0.07142857142857142,1,0.3333333333333333,1.0,-1.0,-3.0
ALNS-A,Example4,4,1,destroy,destroy_worst_days_30pct,5,0.11904761904761904,0,0.0,0.0,23.6,nan
ALNS-A,Example4,4,1,repair,repair_gecode_long,3,0.07142857142857142,0,0.0,1.0,0.0,nan
ALNS-A,Example4,4,1,destroy,destroy_random_workers_20pct,9,0.21428571428571427,2,0.2222222222222222,1.0,-0.2222222222222222,-1.0
ALNS-A,Example4,4,1,destroy,destroy_all_forbidden_sequences,1,0.023809523809523808,1,1.0,1.0,-1.0,-1.0
ALNS-A,Example4,4,1,destroy,destroy_streak_around_worst_worker,3,0.07142857142857142,0,0.0,0.0,29.333333333333332,nan
ALNS-A,Example4,4,1,destroy,destroy_random_days_20pct,3,0.07142857142857142,0,0.0,0.3333333333333333,14.0,nan
ALNS-A,Example4,4,1,destroy,destroy_exploration,4,0.09523809523809523,0,0.0,0.75,5.25,nan
ALNS-A,Example4,4,1,repair,repair_exploration,4,0.09523809523809523,0,0.0,0.75,5.25,nan
ALNS-A,Example4,4,2,destroy,destroy_worst_workers_10pct,4,0.10256410256410256,1,0.25,1.0,-0.3333333333333333,-1.0
ALNS-A,Example4,4,2,repair,repair_gecode_long,14,0.358974358974359,3,0.21428571428571427,0.7142857142857143,5.230769230769231,-1.0
ALNS-A,Example4,4,2,destroy,destroy_all_forbidden_sequences,3,0.07692307692307693,1,0.3333333333333333,1.0,-3.6666666666666665,-11.0
ALNS-A,Example4,4,2,repair,repair_chuffed_fast,9,0.23076923076923078,1,0.1111111111111111,0.7777777777777778,4.111111111111111,-11.0
ALNS-A,Example4,4,2,destroy,destroy_random_window_20pct,8,0.20512820512820512,2,0.25,0.875,0.5,-1.0
ALNS-A,Example4,4,2,repair,repair_gecode_fast,13,0.3333333333333333,2,0.15384615384615385,0.5384615384615384,12.076923076923077,-1.0
ALNS-A,Example4,4,2,destroy,destroy_streak_around_worst_worker,1,0.02564102564102564,0,0.0,0.0,15.0,nan
ALNS-A,Example4,4,2,destroy,destroy_worst_days_30pct,6,0.15384615384615385,0,0.0,0.0,34.5,nan
ALNS-A,Example4,4,2,destroy,destroy_random_days_20pct,2,0.05128205128205128,0,0.0,0.5,3.0,nan
ALNS-A,Example4,4,2,destroy,destroy_random_workers_20pct,10,0.2564102564102564,2,0.2,1.0,-0.2,-1.0
ALNS-A,Example4,4,2,repair,repair_chuffed_long,1,0.02564102564102564,0,0.0,1.0,0.0,nan
ALNS-A,Example4,4,2,destroy,destroy_worst_workers_30pct,3,0.07692307692307693,0,0.0,0.0,14.666666666666666,nan
ALNS-A,Example4,4,2,destroy,destroy_exploration,2,0.05128205128205128,1,0.5,1.0,-0.5,-1.0
ALNS-A,Example4,4,2,repair,repair_exploration,2,0.05128205128205128,1,0.5,1.0,-0.5,-1.0
ALNS-A,Example5,5,0,destroy,destroy_streak_around_worst_worker,1,0.018518518518518517,0,0.0,1.0,nan,nan
ALNS-A,Example5,5,0,repair,repair_chuffed_long,12,0.2222222222222222,3,0.25,0.75,4.454545454545454,-2.6666666666666665
ALNS-A,Example5,5,0,destroy,destroy_worst_days_10pct,1,0.018518518518518517,1,1.0,1.0,-19.0,-19.0
ALNS-A,Example5,5,0,repair,repair_chuffed_fast,17,0.3148148148148148,5,0.29411764705882354,0.5882352941176471,5.9411764705882355,-5.8
ALNS-A,Example5,5,0,destroy,destroy_random_window_20pct,27,0.5,11,0.4074074074074074,0.8888888888888888,2.3703703703703702,-2.1818181818181817
ALNS-A,Example5,5,0,destroy,destroy_worst_workers_30pct,4,0.07407407407407407,0,0.0,0.0,16.25,nan
ALNS-A,Example5,5,0,destroy,destroy_worst_days_30pct,5,0.09259259259259259,0,0.0,0.0,31.8,nan
ALNS-A,Example5,5,0,repair,repair_gecode_fast,23,0.42592592592592593,11,0.4782608695652174,0.7391304347826086,6.130434782608695,-2.272727272727273
ALNS-A,Example5,5,0,destroy,destroy_random_workers_20pct,13,0.24074074074074073,6,0.46153846153846156,0.7692307692307693,0.5384615384615384,-2.8333333333333335
ALNS-A,Example5,5,0,destroy,destroy_random_days_20pct,1,0.018518518518518517,0,0.0,0.0,17.0,nan
ALNS-A,Example5,5,0,destroy,destroy_all_forbidden_sequences,2,0.037037037037037035,1,0.5,1.0,-1.0,-2.0
ALNS-A,Example5,5,0,repair,repair_gecode_long,2,0.037037037037037035,0,0.0,1.0,0.0,nan
ALNS-A,Example5,5,1,destroy,destroy_random_window_20pct,12,0.19672131147540983,2,0.16666666666666666,0.8333333333333334,2.1818181818181817,-1.5
ALNS-A,Example5,5,1,repair,repair_chuffed_fast,22,0.36065573770491804,2,0.09090909090909091,0.5909090909090909,7.9523809523809526,-4.0
ALNS-A,Example5,5,1,destroy,destroy_worst_workers_30pct,7,0.11475409836065574,1,0.14285714285714285,0.14285714285714285,17.714285714285715,-10.0
ALNS-A,Example5,5,1,repair,repair_gecode_fast,20,0.32786885245901637,4,0.2,0.6,9.55,-4.5
ALNS-A,Example5,5,1,destroy,destroy_worst_days_10pct,1,0.01639344262295082,1,1.0,1.0,-6.0,-6.0
ALNS-A,Example5,5,1,destroy,destroy_worst_workers_10pct,2,0.03278688524590164,1,0.5,1.0,-2.0,-4.0
ALNS-A,Example5,5,1,destroy,destroy_worst_days_30pct,5,0.08196721311475409,0,0.0,0.0,38.0,nan
ALNS-A,Example5,5,1,destroy,destroy_all_forbidden_sequences,3,0.04918032786885246,1,0.3333333333333333,1.0,-0.6666666666666666,-2.0
ALNS-A,Example5,5,1,destroy,destroy_streak_around_worst_worker,3,0.04918032786885246,0,0.0,0.3333333333333333,24.333333333333332,nan
ALNS-A,Example5,5,1,destroy,destroy_random_workers_20pct,14,0.22950819672131148,1,0.07142857142857142,0.7142857142857143,1.5714285714285714,-2.0
ALNS-A,Example5,5,1,repair,repair_gecode_long,10,0.16393442622950818,1,0.1,0.8,3.9,-1.0
ALNS-A,Example5,5,1,repair,repair_chuffed_long,1,0.01639344262295082,0,0.0,0.0,50.0,nan
ALNS-A,Example5,5,1,destroy,destroy_exploration,8,0.13114754098360656,1,0.125,1.0,-0.125,-1.0
ALNS-A,Example5,5,1,repair,repair_exploration,8,0.13114754098360656,1,0.125,1.0,-0.125,-1.0
ALNS-A,Example5,5,1,destroy,destroy_random_days_20pct,6,0.09836065573770492,0,0.0,0.8333333333333334,4.333333333333333,nan
ALNS-A,Example5,5,2,destroy,destroy_worst_workers_10pct,1,0.02564102564102564,0,0.0,1.0,nan,nan
ALNS-A,Example5,5,2,repair,repair_gecode_long,10,0.2564102564102564,3,0.3,1.0,1.1111111111111112,-3.0
ALNS-A,Example5,5,2,destroy,destroy_max_border_off,4,0.10256410256410256,2,0.5,1.0,-3.75,-7.5
ALNS-A,Example5,5,2,repair,repair_chuffed_fast,8,0.20512820512820512,3,0.375,0.5,10.125,-3.6666666666666665
ALNS-A,Example5,5,2,destroy,destroy_all_forbidden_sequences,3,0.07692307692307693,1,0.3333333333333333,1.0,-3.6666666666666665,-11.0
ALNS-A,Example5,5,2,repair,repair_gecode_fast,18,0.46153846153846156,5,0.2777777777777778,0.6666666666666666,2.388888888888889,-7.2
ALNS-A,Example5,5,2,destroy,destroy_streak_around_worst_worker,2,0.05128205128205128,1,0.5,0.5,13.5,-5.0
ALNS-A,Example5,5,2,destroy,destroy_random_workers_20pct,7,0.1794871794871795,3,0.42857142857142855,0.5714285714285714,1.8571428571428572,-3.6666666666666665
ALNS-A,Example5,5,2,destroy,destroy_random_window_20pct,12,0.3076923076923077,4,0.3333333333333333,0.5833333333333334,6.5,-3.5
ALNS-A,Example5,5,2,destroy,destroy_max_border_shift_1,1,0.02564102564102564,0,0.0,1.0,0.0,nan
ALNS-A,Example5,5,2,destroy,destroy_worst_workers_30pct,5,0.1282051282051282,0,0.0,0.6,12.8,nan
ALNS-A,Example5,5,2,destroy,destroy_worst_days_30pct,2,0.05128205128205128,0,0.0,0.0,33.0,nan
ALNS-A,Example5,5,2,repair,repair_chuffed_long,3,0.07692307692307693,0,0.0,0.0,29.333333333333332,nan
ALNS-A,Example5,5,2,destroy,destroy_random_days_20pct,2,0.05128205128205128,0,0.0,1.0,0.0,nan
ALNS-A,Example6,6,0,destroy,destroy_streak_around_worst_worker,4,0.027586206896551724,1,0.25,1.0,-1.0,-3.0
ALNS-A,Example6,6,0,repair,repair_chuffed_long,26,0.1793103448275862,2,0.07692307692307693,1.0,-0.16,-2.0
ALNS-A,Example6,6,0,destroy,destroy_random_days_20pct,12,0.08275862068965517,3,0.25,1.0,-0.5833333333333334,-2.3333333333333335
ALNS-A,Example6,6,0,repair,repair_gecode_fast,39,0.2689655172413793,9,0.23076923076923078,0.9230769230769231,0.41025641025641024,-3.0
ALNS-A,Example6,6,0,destroy,destroy_random_window_20pct,39,0.2689655172413793,5,0.1282051282051282,1.0,-0.3333333333333333,-2.6
ALNS-A,Example6,6,0,destroy,destroy_all_forbidden_sequences,1,0.006896551724137931,0,0.0,1.0,0.0,nan
ALNS-A,Example6,6,0,destroy,destroy_worst_workers_10pct,1,0.006896551724137931,1,1.0,1.0,-1.0,-1.0
ALNS-A,Example6,6,0,repair,repair_chuffed_fast,35,0.2413793103448276,2,0.05714285714285714,0.9428571428571428,1.0285714285714285,-1.0
ALNS-A,Example6,6,0,destroy,destroy_random_workers_20pct,8,0.05517241379310345,0,0.0,1.0,0.0,nan
ALNS-A,Example6,6,0,destroy,destroy_worst_workers_30pct,28,0.19310344827586207,2,0.07142857142857142,0.8571428571428571,1.9642857142857142,-2.0
ALNS-A,Example6,6,0,destroy,destroy_worst_days_30pct,30,0.20689655172413793,2,0.06666666666666667,0.9666666666666667,0.5333333333333333,-3.0
ALNS-A,Example6,6,0,repair,repair_gecode_long,23,0.15862068965517243,1,0.043478260869565216,1.0,-0.043478260869565216,-1.0
ALNS-A,Example6,6,0,destroy,destroy_exploration,22,0.15172413793103448,1,0.045454545454545456,1.0,-0.36363636363636365,-8.0
ALNS-A,Example6,6,0,repair,repair_exploration,22,0.15172413793103448,1,0.045454545454545456,1.0,-0.36363636363636365,-8.0
ALNS-A,Example6,6,1,destroy,destroy_random_window_20pct,35,0.2631578947368421,3,0.08571428571428572,1.0,-0.08823529411764706,-1.0
ALNS-A,Example6,6,1,repair,repair_chuffed_fast,39,0.2932330827067669,4,0.10256410256410256,0.8205128205128205,2.3947368421052633,-1.75
ALNS-A,Example6,6,1,destroy,destroy_random_workers_20pct,13,0.09774436090225563,1,0.07692307692307693,1.0,-0.23076923076923078,-3.0
ALNS-A,Example6,6,1,destroy,destroy_streak_around_worst_worker,11,0.08270676691729323,3,0.2727272727272727,0.7272727272727273,1.9090909090909092,-3.0
ALNS-A,Example6,6,1,repair,repair_chuffed_long,13,0.09774436090225563,1,0.07692307692307693,1.0,-0.15384615384615385,-2.0
ALNS-A,Example6,6,1,repair,repair_gecode_long,21,0.15789473684210525,3,0.14285714285714285,1.0,-0.38095238095238093,-2.6666666666666665
ALNS-A,Example6,6,1,destroy,destroy_all_forbidden_sequences,6,0.045112781954887216,1,0.16666666666666666,1.0,-0.16666666666666666,-1.0
ALNS-A,Example6,6,1,repair,repair_gecode_fast,38,0.2857142857142857,2,0.05263157894736842,0.9736842105263158,0.47368421052631576,-1.0
ALNS-A,Example6,6,1,destroy,destroy_random_days_20pct,17,0.12781954887218044,1,0.058823529411764705,1.0,-0.11764705882352941,-2.0
ALNS-A,Example6,6,1,destroy,destroy_worst_days_30pct,8,0.06015037593984962,0,0.0,0.5,10.375,nan
ALNS-A,Example6,6,1,destroy,destroy_worst_workers_30pct,21,0.15789473684210525,1,0.047619047619047616,0.9523809523809523,0.19047619047619047,-1.0
ALNS-A,Example6,6,1,destroy,destroy_exploration,22,0.16541353383458646,0,0.0,1.0,0.0,nan
ALNS-A,Example6,6,1,repair,repair_exploration,22,0.16541353383458646,0,0.0,1.0,0.0,nan
ALNS-A,Example6,6,2,destroy,destroy_worst_workers_10pct,1,0.012195121951219513,0,0.0,1.0,nan,nan
ALNS-A,Example6,6,2,repair,repair_gecode_long,11,0.13414634146341464,1,0.09090909090909091,0.9090909090909091,1.7,-3.0
ALNS-A,Example6,6,2,destroy,destroy_all_forbidden_sequences,5,0.06097560975609756,0,0.0,0.6,4.2,nan
ALNS-A,Example6,6,2,repair,repair_chuffed_fast,32,0.3902439024390244,9,0.28125,0.9375,-0.0625,-4.333333333333333
ALNS-A,Example6,6,2,destroy,destroy_max_border_work,1,0.012195121951219513,0,0.0,1.0,0.0,nan
ALNS-A,Example6,6,2,repair,repair_chuffed_long,17,0.2073170731707317,3,0.17647058823529413,1.0,0.6470588235294118,-1.3333333333333333
ALNS-A,Example6,6,2,destroy,destroy_worst_days_30pct,11,0.13414634146341464,0,0.0,0.9090909090909091,1.8181818181818181,nan
ALNS-A,Example6,6,2,repair,repair_gecode_fast,16,0.1951219512195122,1,0.0625,0.9375,-0.25,-8.0
ALNS-A,Example6,6,2,destroy,destroy_max_border_shift_2,2,0.024390243902439025,0,0.0,1.0,0.0,nan
ALNS-A,Example6,6,2,destroy,destroy_max_border_off,4,0.04878048780487805,0,0.0,1.0,0.0,nan
ALNS-A,Example6,6,2,destroy,destroy_streak_around_worst_worker,11,0.13414634146341464,5,0.45454545454545453,0.9090909090909091,0.6363636363636364,-5.6
ALNS-A,Example6,6,2,destroy,destroy_random_workers_20pct,10,0.12195121951219512,2,0.2,1.0,-0.9,-4.5
ALNS-A,Example6,6,2,destroy,destroy_max_border_shift_1,1,0.012195121951219513,0,0.0,1.0,0.0,nan
ALNS-A,Example6,6,2,destroy,destroy_random_window_20pct,13,0.15853658536585366,4,0.3076923076923077,1.0,-0.6923076923076923,-2.25
ALNS-A,Example6,6,2,destroy,destroy_worst_workers_30pct,15,0.18292682926829268,3,0.2,1.0,-0.5333333333333333,-2.6666666666666665
ALNS-A,Example6,6,2,destroy,destroy_random_days_20pct,1,0.012195121951219513,0,0.0,1.0,0.0,nan
ALNS-A,Example6,6,2,destroy,destroy_exploration,6,0.07317073170731707,0,0.0,1.0,0.0,nan
ALNS-A,Example6,6,2,repair,repair_exploration,6,0.07317073170731707,0,0.0,1.0,0.0,nan
ALNS-A,Example6,6,2,destroy,destroy_worst_days_10pct,1,0.012195121951219513,0,0.0,1.0,0.0,nan
ALNS-A,Example7,7,0,destroy,destroy_max_border_off,2,0.09090909090909091,1,0.5,1.0,-38.0,-38.0
ALNS-A,Example7,7,0,repair,repair_chuffed_long,7,0.3181818181818182,1,0.14285714285714285,0.2857142857142857,153.66666666666666,-43.0
ALNS-A,Example7,7,0,destroy,destroy_random_window_20pct,7,0.3181818181818182,1,0.14285714285714285,0.14285714285714285,137.14285714285714,-252.0
ALNS-A,Example7,7,0,repair,repair_gecode_fast,4,0.18181818181818182,1,0.25,0.25,-35.75,-252.0
ALNS-A,Example7,7,0,destroy,destroy_worst_workers_30pct,2,0.09090909090909091,0,0.0,0.0,37.5,nan
ALNS-A,Example7,7,0,destroy,destroy_all_forbidden_sequences,2,0.09090909090909091,1,0.5,1.0,-21.5,-43.0
ALNS-A,Example7,7,0,destroy,destroy_random_workers_20pct,6,0.2727272727272727,1,0.16666666666666666,0.16666666666666666,25.166666666666668,-1.0
ALNS-A,Example7,7,0,repair,repair_chuffed_fast,9,0.4090909090909091,1,0.1111111111111111,0.2222222222222222,73.0,-1.0
ALNS-A,Example7,7,0,repair,repair_gecode_long,1,0.045454545454545456,1,1.0,1.0,-38.0,-38.0
ALNS-A,Example7,7,0,destroy,destroy_streak_around_worst_worker,2,0.09090909090909091,0,0.0,0.0,146.5,nan
ALNS-A,Example7,7,0,destroy,destroy_exploration,1,0.045454545454545456,0,0.0,0.0,11.0,nan
ALNS-A,Example7,7,0,repair,repair_exploration,1,0.045454545454545456,0,0.0,0.0,11.0,nan
ALNS-A,Example7,7,1,destroy,destroy_max_border_off,4,0.17391304347826086,3,0.75,1.0,-47.333333333333336,-47.333333333333336
ALNS-A,Example7,7,1,repair,repair_chuffed_fast,17,0.7391304347826086,4,0.23529411764705882,0.4117647058823529,25.375,-60.5
ALNS-A,Example7,7,1,destroy,destroy_worst_workers_30pct,1,0.043478260869565216,1,1.0,1.0,-130.0,-130.0
ALNS-A,Example7,7,1,destroy,destroy_random_window_20pct,12,0.5217391304347826,0,0.0,0.08333333333333333,54.333333333333336,nan
ALNS-A,Example7,7,1,destroy,destroy_all_forbidden_sequences,2,0.08695652173913043,1,0.5,1.0,-1.5,-3.0
ALNS-A,Example7,7,1,repair,repair_gecode_fast,4,0.17391304347826086,1,0.25,0.25,29.5,-33.0
ALNS-A,Example7,7,1,destroy,destroy_random_workers_20pct,2,0.08695652173913043,0,0.0,0.0,73.5,nan
ALNS-A,Example7,7,1,destroy,destroy_exploration,2,0.08695652173913043,1,0.5,0.5,23.5,-7.0
ALNS-A,Example7,7,1,repair,repair_exploration,2,0.08695652173913043,1,0.5,0.5,23.5,-7.0
ALNS-A,Example7,7,2,destroy,destroy_worst_workers_10pct,1,0.041666666666666664,0,0.0,1.0,nan,nan
ALNS-A,Example7,7,2,repair,repair_gecode_long,6,0.25,1,0.16666666666666666,0.3333333333333333,37.8,-2.0
ALNS-A,Example7,7,2,destroy,destroy_max_border_off,3,0.125,3,1.0,1.0,-47.333333333333336,-47.333333333333336
ALNS-A,Example7,7,2,repair,repair_chuffed_fast,9,0.375,3,0.3333333333333333,0.4444444444444444,20.333333333333332,-47.333333333333336
ALNS-A,Example7,7,2,destroy,destroy_all_forbidden_sequences,2,0.08333333333333333,2,1.0,1.0,-124.0,-124.0
ALNS-A,Example7,7,2,repair,repair_gecode_fast,6,0.25,2,0.3333333333333333,0.3333333333333333,-1.0,-124.0
ALNS-A,Example7,7,2,destroy,destroy_streak_around_worst_worker,3,0.125,0,0.0,0.0,154.0,nan
ALNS-A,Example7,7,2,destroy,destroy_random_window_20pct,7,0.2916666666666667,0,0.0,0.0,54.42857142857143,nan
ALNS-A,Example7,7,2,destroy,destroy_random_workers_20pct,7,0.2916666666666667,2,0.2857142857142857,0.2857142857142857,24.714285714285715,-16.5
ALNS-A,Example7,7,2,repair,repair_chuffed_long,3,0.125,1,0.3333333333333333,0.3333333333333333,86.66666666666667,-31.0
ALNS-A,Example7,7,2,destroy,destroy_max_border_shift_1,1,0.041666666666666664,0,0.0,1.0,0.0,nan
ALNS-A,Example8,8,0,destroy,destroy_max_border_off,4,0.11764705882352941,2,0.5,1.0,-6.666666666666667,-10.0
ALNS-A,Example8,8,0,repair,repair_chuffed_long,4,0.11764705882352941,0,0.0,0.25,17.333333333333332,nan
ALNS-A,Example8,8,0,destroy,destroy_random_window_20pct,14,0.4117647058823529,2,0.14285714285714285,0.35714285714285715,10.428571428571429,-22.0
ALNS-A,Example8,8,0,repair,repair_gecode_fast,6,0.17647058823529413,2,0.3333333333333333,0.5,8.5,-22.0
ALNS-A,Example8,8,0,destroy,destroy_worst_days_30pct,5,0.14705882352941177,0,0.0,0.0,42.4,nan
ALNS-A,Example8,8,0,repair,repair_chuffed_fast,16,0.47058823529411764,2,0.125,0.3125,18.75,-3.0
ALNS-A,Example8,8,0,destroy,destroy_worst_workers_30pct,4,0.11764705882352941,0,0.0,0.0,28.5,nan
ALNS-A,Example8,8,0,destroy,destroy_all_forbidden_sequences,2,0.058823529411764705,1,0.5,1.0,-1.5,-3.0
ALNS-A,Example8,8,0,destroy,destroy_random_workers_20pct,3,0.08823529411764706,1,0.3333333333333333,0.6666666666666666,10.666666666666666,-1.0
ALNS-A,Example8,8,0,repair,repair_gecode_long,6,0.17647058823529413,2,0.3333333333333333,0.6666666666666666,13.0,-9.0
ALNS-A,Example8,8,0,destroy,destroy_exploration,2,0.058823529411764705,2,1.0,1.0,-2.0,-2.0
ALNS-A,Example8,8,0,repair,repair_exploration,2,0.058823529411764705,2,1.0,1.0,-2.0,-2.0
ALNS-A,Example8,8,1,destroy,destroy_max_border_off,2,0.044444444444444446,1,0.5,1.0,-18.0,-18.0
ALNS-A,Example8,8,1,repair,repair_chuffed_fast,20,0.4444444444444444,4,0.2,0.4,18.42105263157895,-4.0
ALNS-A,Example8,8,1,destroy,destroy_worst_workers_30pct,1,0.022222222222222223,1,1.0,1.0,-8.0,-8.0
ALNS-A,Example8,8,1,destroy,destroy_worst_days_10pct,1,0.022222222222222223,1,1.0,1.0,-6.0,-6.0
ALNS-A,Example8,8,1,destroy,destroy_worst_workers_10pct,2,0.044444444444444446,2,1.0,1.0,-7.0,-7.0
ALNS-A,Example8,8,1,repair,repair_gecode_fast,16,0.35555555555555557,5,0.3125,0.5,11.75,-7.8
ALNS-A,Example8,8,1,destroy,destroy_streak_around_worst_worker,4,0.08888888888888889,0,0.0,0.0,52.75,nan
ALNS-A,Example8,8,1,destroy,destroy_random_window_20pct,19,0.4222222222222222,4,0.21052631578947367,0.47368421052631576,12.31578947368421,-1.5
ALNS-A,Example8,8,1,destroy,destroy_random_workers_20pct,8,0.17777777777777778,0,0.0,0.125,14.25,nan
ALNS-A,Example8,8,1,destroy,destroy_all_forbidden_sequences,3,0.06666666666666667,1,0.3333333333333333,1.0,-1.3333333333333333,-4.0
ALNS-A,Example8,8,1,repair,repair_chuffed_long,4,0.08888888888888889,1,0.25,0.5,14.0,-1.0
ALNS-A,Example8,8,1,destroy,destroy_worst_days_30pct,1,0.022222222222222223,0,0.0,0.0,68.0,nan
ALNS-A,Example8,8,1,destroy,destroy_random_days_20pct,2,0.044444444444444446,0,0.0,0.0,38.5,nan
ALNS-A,Example8,8,1,repair,repair_gecode_long,3,0.06666666666666667,0,0.0,0.3333333333333333,20.0,nan
ALNS-A,Example8,8,1,destroy,destroy_exploration,2,0.044444444444444446,1,0.5,1.0,-0.5,-1.0
ALNS-A,Example8,8,1,repair,repair_exploration,2,0.044444444444444446,1,0.5,1.0,-0.5,-1.0
ALNS-A,Example8,8,2,destroy,destroy_worst_workers_10pct,2,0.05555555555555555,1,0.5,1.0,-6.0,-6.0
ALNS-A,Example8,8,2,repair,repair_gecode_long,6,0.16666666666666666,2,0.3333333333333333,0.6666666666666666,18.0,-1.0
ALNS-A,Example8,8,2,destroy,destroy_max_border_off,1,0.027777777777777776,1,1.0,1.0,-1.0,-1.0
ALNS-A,Example8,8,2,repair,repair_chuffed_fast,9,0.25,2,0.2222222222222222,0.3333333333333333,27.333333333333332,-1.0
ALNS-A,Example8,8,2,destroy,destroy_all_forbidden_sequences,1,0.027777777777777776,1,1.0,1.0,-45.0,-45.0
ALNS-A,Example8,8,2,repair,repair_gecode_fast,11,0.3055555555555556,2,0.18181818181818182,0.18181818181818182,21.818181818181817,-24.0
ALNS-A,Example8,8,2,destroy,destroy_streak_around_worst_worker,2,0.05555555555555555,0,0.0,0.0,63.0,nan
ALNS-A,Example8,8,2,repair,repair_chuffed_long,8,0.2222222222222222,3,0.375,0.625,7.625,-3.3333333333333335
ALNS-A,Example8,8,2,destroy,destroy_random_window_20pct,12,0.3333333333333333,6,0.5,0.6666666666666666,11.75,-1.6666666666666667
ALNS-A,Example8,8,2,destroy,destroy_worst_workers_30pct,6,0.16666666666666666,0,0.0,0.0,30.166666666666668,nan
ALNS-A,Example8,8,2,destroy,destroy_random_days_20pct,6,0.16666666666666666,0,0.0,0.16666666666666666,22.0,nan
ALNS-A,Example8,8,2,destroy,destroy_worst_days_30pct,2,0.05555555555555555,0,0.0,0.0,44.0,nan
ALNS-A,Example8,8,2,destroy,destroy_random_workers_20pct,2,0.05555555555555555,0,0.0,0.5,10.5,nan
ALNS-A,Example8,8,2,destroy,destroy_exploration,2,0.05555555555555555,0,0.0,1.0,0.0,nan
ALNS-A,Example8,8,2,repair,repair_exploration,2,0.05555555555555555,0,0.0,1.0,0.0,nan
ALNS-A,Example9,9,0,destroy,destroy_max_border_off,2,0.09523809523809523,1,0.5,1.0,-22.0,-22.0
ALNS-A,Example9,9,0,repair,repair_chuffed_long,4,0.19047619047619047,0,0.0,0.25,105.66666666666667,nan
ALNS-A,Example9,9,0,destroy,destroy_random_window_20pct,10,0.47619047619047616,1,0.1,0.1,77.8,-205.0
ALNS-A,Example9,9,0,repair,repair_gecode_fast,7,0.3333333333333333,2,0.2857142857142857,0.2857142857142857,72.0,-110.5
ALNS-A,Example9,9,0,destroy,destroy_all_forbidden_sequences,1,0.047619047619047616,1,1.0,1.0,-16.0,-16.0
ALNS-A,Example9,9,0,destroy,destroy_random_workers_20pct,5,0.23809523809523808,0,0.0,0.0,75.0,nan
ALNS-A,Example9,9,0,repair,repair_chuffed_fast,8,0.38095238095238093,1,0.125,0.125,90.125,-22.0
ALNS-A,Example9,9,0,destroy,destroy_worst_workers_30pct,1,0.047619047619047616,0,0.0,0.0,427.0,nan
ALNS-A,Example9,9,0,destroy,destroy_exploration,2,0.09523809523809523,1,0.5,0.5,138.5,-3.0
ALNS-A,Example9,9,0,repair,repair_exploration,2,0.09523809523809523,1,0.5,0.5,138.5,-3.0
ALNS-A,Example9,9,1,destroy,destroy_max_border_off,2,0.1111111111111111,1,0.5,1.0,-30.0,-30.0
ALNS-A,Example9,9,1,repair,repair_chuffed_fast,8,0.4444444444444444,1,0.125,0.25,92.14285714285714,-30.0
ALNS-A,Example9,9,1,destroy,destroy_worst_workers_30pct,2,0.1111111111111111,0,0.0,0.0,182.0,nan
ALNS-A,Example9,9,1,destroy,destroy_random_window_20pct,9,0.5,1,0.1111111111111111,0.1111111111111111,57.111111111111114,-234.0
ALNS-A,Example9,9,1,repair,repair_chuffed_long,4,0.2222222222222222,1,0.25,0.25,11.0,-234.0
ALNS-A,Example9,9,1,destroy,destroy_all_forbidden_sequences,1,0.05555555555555555,0,0.0,1.0,0.0,nan
ALNS-A,Example9,9,1,repair,repair_gecode_fast,3,0.16666666666666666,0,0.0,0.3333333333333333,116.33333333333333,nan
ALNS-A,Example9,9,1,repair,repair_gecode_long,2,0.1111111111111111,0,0.0,0.0,45.0,nan
ALNS-A,Example9,9,1,destroy,destroy_random_workers_20pct,3,0.16666666666666666,0,0.0,0.0,93.33333333333333,nan
ALNS-A,Example9,9,1,destroy,destroy_exploration,1,0.05555555555555555,1,1.0,1.0,-25.0,-25.0
ALNS-A,Example9,9,1,repair,repair_exploration,1,0.05555555555555555,1,1.0,1.0,-25.0,-25.0
ALNS-A,Example9,9,2,destroy,destroy_worst_workers_10pct,1,0.06666666666666667,0,0.0,1.0,nan,nan
ALNS-A,Example9,9,2,repair,repair_gecode_long,3,0.2,0,0.0,0.3333333333333333,121.5,nan
ALNS-A,Example9,9,2,destroy,destroy_max_border_off,1,0.06666666666666667,1,1.0,1.0,-92.0,-92.0
ALNS-A,Example9,9,2,repair,repair_chuffed_fast,8,0.5333333333333333,1,0.125,0.125,127.375,-92.0
ALNS-A,Example9,9,2,destroy,destroy_all_forbidden_sequences,1,0.06666666666666667,1,1.0,1.0,-73.0,-73.0
ALNS-A,Example9,9,2,repair,repair_gecode_fast,2,0.13333333333333333,1,0.5,0.5,-17.5,-73.0
ALNS-A,Example9,9,2,destroy,destroy_streak_around_worst_worker,2,0.13333333333333333,0,0.0,0.0,295.0,nan
ALNS-A,Example9,9,2,destroy,destroy_random_window_20pct,3,0.2,0,0.0,0.0,76.0,nan
ALNS-A,Example9,9,2,destroy,destroy_random_workers_20pct,3,0.2,0,0.0,0.0,119.66666666666667,nan
ALNS-A,Example9,9,2,destroy,destroy_worst_workers_30pct,1,0.06666666666666667,0,0.0,0.0,215.0,nan
ALNS-A,Example9,9,2,destroy,destroy_worst_days_30pct,1,0.06666666666666667,0,0.0,0.0,0.0,nan
ALNS-A,Example9,9,2,destroy,destroy_exploration,2,0.13333333333333333,0,0.0,0.0,122.5,nan
ALNS-A,Example9,9,2,repair,repair_exploration,2,0.13333333333333333,0,0.0,0.0,122.5,nan
ALNS-A,Example10,10,0,destroy,destroy_max_border_off,5,0.17857142857142858,4,0.8,1.0,-16.5,-16.5
ALNS-A,Example10,10,0,repair,repair_chuffed_long,6,0.21428571428571427,1,0.16666666666666666,0.3333333333333333,27.6,-13.0
ALNS-A,Example10,10,0,destroy,destroy_random_window_20pct,14,0.5,3,0.21428571428571427,0.21428571428571427,35.0,-127.66666666666667
ALNS-A,Example10,10,0,repair,repair_gecode_fast,12,0.42857142857142855,4,0.3333333333333333,0.4166666666666667,15.083333333333334,-97.5
ALNS-A,Example10,10,0,destroy,destroy_all_forbidden_sequences,2,0.07142857142857142,1,0.5,1.0,-3.5,-7.0
ALNS-A,Example10,10,0,repair,repair_chuffed_fast,7,0.25,3,0.42857142857142855,0.5714285714285714,21.0,-12.333333333333334
ALNS-A,Example10,10,0,destroy,destroy_random_workers_20pct,6,0.21428571428571427,1,0.16666666666666666,0.16666666666666666,21.166666666666668,-7.0
ALNS-A,Example10,10,0,repair,repair_gecode_long,3,0.10714285714285714,1,0.3333333333333333,0.3333333333333333,26.0,-23.0
ALNS-A,Example10,10,0,destroy,destroy_max_border_shift_3,1,0.03571428571428571,0,0.0,1.0,0.0,nan
ALNS-A,Example10,10,1,destroy,destroy_max_border_off,5,0.15151515151515152,4,0.8,1.0,-33.25,-33.25
ALNS-A,Example10,10,1,repair,repair_chuffed_fast,18,0.5454545454545454,5,0.2777777777777778,0.3888888888888889,14.235294117647058,-88.8
ALNS-A,Example10,10,1,destroy,destroy_worst_workers_30pct,5,0.15151515151515152,1,0.2,0.2,10.4,-293.0
ALNS-A,Example10,10,1,destroy,destroy_random_window_20pct,12,0.36363636363636365,1,0.08333333333333333,0.16666666666666666,27.75,-49.0
ALNS-A,Example10,10,1,destroy,destroy_all_forbidden_sequences,3,0.09090909090909091,2,0.6666666666666666,1.0,-3.0,-4.5
ALNS-A,Example10,10,1,repair,repair_gecode_fast,7,0.21212121212121213,0,0.0,0.14285714285714285,47.42857142857143,nan
ALNS-A,Example10,10,1,destroy,destroy_random_workers_20pct,4,0.12121212121212122,0,0.0,0.0,53.25,nan
ALNS-A,Example10,10,1,destroy,destroy_worst_days_30pct,3,0.09090909090909091,0,0.0,0.0,47.666666666666664,nan
ALNS-A,Example10,10,1,repair,repair_gecode_long,3,0.09090909090909091,1,0.3333333333333333,0.3333333333333333,3.0,-33.0
ALNS-A,Example10,10,1,repair,repair_chuffed_long,5,0.15151515151515152,2,0.4,0.4,20.8,-3.5
ALNS-A,Example10,10,1,destroy,destroy_random_days_20pct,1,0.030303030303030304,0,0.0,0.0,88.0,nan
ALNS-A,Example10,10,2,destroy,destroy_worst_workers_10pct,2,0.09523809523809523,1,0.5,1.0,-1.0,-1.0
ALNS-A,Example10,10,2,repair,repair_gecode_long,8,0.38095238095238093,2,0.25,0.5,15.857142857142858,-24.5
ALNS-A,Example10,10,2,destroy,destroy_max_border_off,2,0.09523809523809523,2,1.0,1.0,-13.0,-13.0
ALNS-A,Example10,10,2,repair,repair_chuffed_fast,5,0.23809523809523808,1,0.2,0.2,44.6,-12.0
ALNS-A,Example10,10,2,destroy,destroy_all_forbidden_sequences,3,0.14285714285714285,2,0.6666666666666666,1.0,-147.0,-220.5
ALNS-A,Example10,10,2,repair,repair_gecode_fast,6,0.2857142857142857,3,0.5,0.5,-30.833333333333332,-151.66666666666666
ALNS-A,Example10,10,2,destroy,destroy_max_border_shift_2,1,0.047619047619047616,1,1.0,1.0,-48.0,-48.0
ALNS-A,Example10,10,2,destroy,destroy_streak_around_worst_worker,2,0.09523809523809523,0,0.0,0.0,127.0,nan
ALNS-A,Example10,10,2,destroy,destroy_random_window_20pct,4,0.19047619047619047,0,0.0,0.0,39.75,nan
ALNS-A,Example10,10,2,destroy,destroy_worst_workers_30pct,1,0.047619047619047616,0,0.0,0.0,59.0,nan
ALNS-A,Example10,10,2,destroy,destroy_random_workers_20pct,4,0.19047619047619047,0,0.0,0.0,48.25,nan
ALNS-A,Example10,10,2,destroy,destroy_exploration,2,0.09523809523809523,0,0.0,0.0,52.0,nan
ALNS-A,Example10,10,2,repair,repair_exploration,2,0.09523809523809523,0,0.0,0.0,52.0,nan
ALNS-A,Example11,11,0,destroy,destroy_max_border_off,3,0.1111111111111111,2,0.6666666666666666,1.0,-16.0,-16.0
ALNS-A,Example11,11,0,repair,repair_chuffed_long,4,0.14814814814814814,0,0.0,0.25,45.333333333333336,nan
ALNS-A,Example11,11,0,destroy,destroy_random_window_20pct,7,0.25925925925925924,2,0.2857142857142857,0.2857142857142857,-103.28571428571429,-478.0
ALNS-A,Example11,11,0,repair,repair_gecode_fast,10,0.37037037037037035,3,0.3,0.3,-63.8,-325.6666666666667
ALNS-A,Example11,11,0,destroy,destroy_all_forbidden_sequences,3,0.1111111111111111,2,0.6666666666666666,1.0,-1.6666666666666667,-2.5
ALNS-A,Example11,11,0,destroy,destroy_random_workers_20pct,6,0.2222222222222222,1,0.16666666666666666,0.16666666666666666,17.833333333333332,-49.0
ALNS-A,Example11,11,0,repair,repair_gecode_long,5,0.18518518518518517,2,0.4,0.6,-1.8,-25.5
ALNS-A,Example11,11,0,destroy,destroy_worst_workers_30pct,2,0.07407407407407407,0,0.0,0.0,54.0,nan
ALNS-A,Example11,11,0,repair,repair_chuffed_fast,8,0.2962962962962963,3,0.375,0.375,40.75,-9.333333333333334
ALNS-A,Example11,11,0,destroy,destroy_max_border_shift_1,1,0.037037037037037035,1,1.0,1.0,-14.0,-14.0
ALNS-A,Example11,11,0,destroy,destroy_worst_days_30pct,1,0.037037037037037035,0,0.0,0.0,39.0,nan
ALNS-A,Example11,11,0,destroy,destroy_random_days_20pct,2,0.07407407407407407,0,0.0,0.0,66.0,nan
ALNS-A,Example11,11,0,destroy,destroy_streak_around_worst_worker,1,0.037037037037037035,0,0.0,0.0,183.0,nan
ALNS-A,Example11,11,0,destroy,destroy_worst_workers_10pct,1,0.037037037037037035,0,0.0,0.0,20.0,nan
ALNS-A,Example11,11,1,destroy,destroy_max_border_shift_1,1,0.05263157894736842,0,0.0,1.0,nan,nan
ALNS-A,Example11,11,1,repair,repair_chuffed_fast,6,0.3157894736842105,1,0.16666666666666666,0.5,25.0,-4.0
ALNS-A,Example11,11,1,destroy,destroy_random_window_20pct,3,0.15789473684210525,1,0.3333333333333333,0.6666666666666666,0.3333333333333333,-116.0
ALNS-A,Example11,11,1,repair,repair_gecode_fast,8,0.42105263157894735,3,0.375,0.375,37.625,-44.0
ALNS-A,Example11,11,1,destroy,destroy_worst_workers_10pct,2,0.10526315789473684,0,0.0,0.0,4.5,nan
ALNS-A,Example11,11,1,destroy,destroy_max_border_off,2,0.10526315789473684,2,1.0,1.0,-8.0,-8.0
ALNS-A,Example11,11,1,destroy,destroy_all_forbidden_sequences,1,0.05263157894736842,1,1.0,1.0,-4.0,-4.0
ALNS-A,Example11,11,1,destroy,destroy_random_workers_20pct,3,0.15789473684210525,0,0.0,0.0,54.333333333333336,nan
ALNS-A,Example11,11,1,destroy,destroy_streak_around_worst_worker,1,0.05263157894736842,0,0.0,0.0,348.0,nan
ALNS-A,Example11,11,1,repair,repair_chuffed_long,2,0.10526315789473684,0,0.0,0.0,194.5,nan
ALNS-A,Example11,11,1,destroy,destroy_worst_workers_30pct,3,0.15789473684210525,0,0.0,0.0,125.66666666666667,nan
ALNS-A,Example11,11,1,repair,repair_gecode_long,1,0.05263157894736842,0,0.0,0.0,119.0,nan
ALNS-A,Example11,11,1,destroy,destroy_worst_days_30pct,1,0.05263157894736842,0,0.0,0.0,56.0,nan
ALNS-A,Example11,11,1,destroy,destroy_exploration,2,0.10526315789473684,0,0.0,0.0,102.0,nan
ALNS-A,Example11,11,1,repair,repair_exploration,2,0.10526315789473684,0,0.0,0.0,102.0,nan
ALNS-A,Example11,11,2,destroy,destroy_worst_workers_10pct,1,0.03571428571428571,0,0.0,1.0,nan,nan
ALNS-A,Example11,11,2,repair,repair_gecode_long,4,0.14285714285714285,0,0.0,0.25,63.666666666666664,nan
ALNS-A,Example11,11,2,destroy,destroy_max_border_shift_1,1,0.03571428571428571,1,1.0,1.0,-773.0,-773.0
ALNS-A,Example11,11,2,repair,repair_chuffed_fast,7,0.25,2,0.2857142857142857,0.42857142857142855,-78.85714285714286,-387.0
ALNS-A,Example11,11,2,destroy,destroy_all_forbidden_sequences,2,0.07142857142857142,2,1.0,1.0,-55.5,-55.5
ALNS-A,Example11,11,2,repair,repair_gecode_fast,13,0.4642857142857143,3,0.23076923076923078,0.23076923076923078,49.84615384615385,-48.666666666666664
ALNS-A,Example11,11,2,destroy,destroy_random_window_20pct,10,0.35714285714285715,0,0.0,0.0,61.8,nan
ALNS-A,Example11,11,2,destroy,destroy_random_workers_20pct,8,0.2857142857142857,0,0.0,0.0,41.0,nan
ALNS-A,Example11,11,2,destroy,destroy_max_border_off,2,0.07142857142857142,1,0.5,1.0,-17.5,-35.0
ALNS-A,Example11,11,2,repair,repair_chuffed_long,3,0.10714285714285714,0,0.0,0.0,61.666666666666664,nan
ALNS-A,Example11,11,2,destroy,destroy_streak_around_worst_worker,1,0.03571428571428571,0,0.0,0.0,351.0,nan
ALNS-A,Example11,11,2,destroy,destroy_max_border_shift_2,1,0.03571428571428571,1,1.0,1.0,-1.0,-1.0
ALNS-A,Example11,11,2,destroy,destroy_random_days_20pct,1,0.03571428571428571,0,0.0,0.0,95.0,nan
ALNS-A,Example11,11,2,destroy,destroy_exploration,1,0.03571428571428571,0,0.0,0.0,45.0,nan
ALNS-A,Example11,11,2,repair,repair_exploration,1,0.03571428571428571,0,0.0,0.0,45.0,nan
ALNS-A,Example12,12,0,destroy,destroy_streak_around_worst_worker,2,0.0625,0,0.0,0.5,28.0,nan
ALNS-A,Example12,12,0,repair,repair_chuffed_long,3,0.09375,0,0.0,0.6666666666666666,20.0,nan
ALNS-A,Example12,12,0,destroy,destroy_random_days_20pct,3,0.09375,1,0.3333333333333333,0.3333333333333333,-53.333333333333336,-287.0
ALNS-A,Example12,12,0,repair,repair_gecode_fast,9,0.28125,3,0.3333333333333333,0.3333333333333333,-16.333333333333332,-100.0
ALNS-A,Example12,12,0,destroy,destroy_max_border_shift_2,1,0.03125,1,1.0,1.0,-2.0,-2.0
ALNS-A,Example12,12,0,repair,repair_chuffed_fast,13,0.40625,3,0.23076923076923078,0.3076923076923077,20.923076923076923,-9.333333333333334
ALNS-A,Example12,12,0,destroy,destroy_worst_days_30pct,2,0.0625,0,0.0,0.0,48.0,nan
ALNS-A,Example12,12,0,destroy,destroy_random_window_20pct,10,0.3125,1,0.1,0.2,13.0,-5.0
ALNS-A,Example12,12,0,destroy,destroy_max_border_off,3,0.09375,3,1.0,1.0,-13.666666666666666,-13.666666666666666
ALNS-A,Example12,12,0,repair,repair_gecode_long,6,0.1875,2,0.3333333333333333,0.5,2.6666666666666665,-12.5
ALNS-A,Example12,12,0,destroy,destroy_worst_workers_30pct,4,0.125,0,0.0,0.0,30.75,nan
ALNS-A,Example12,12,0,destroy,destroy_all_forbidden_sequences,1,0.03125,1,1.0,1.0,-8.0,-8.0
ALNS-A,Example12,12,0,destroy,destroy_random_workers_20pct,5,0.15625,1,0.2,0.6,3.0,-10.0
ALNS-A,Example12,12,0,destroy,destroy_exploration,1,0.03125,0,0.0,0.0,37.0,nan
ALNS-A,Example12,12,0,repair,repair_exploration,1,0.03125,0,0.0,0.0,37.0,nan
ALNS-A,Example12,12,1,destroy,destroy_max_border_shift_1,1,0.03125,0,0.0,1.0,nan,nan
ALNS-A,Example12,12,1,repair,repair_chuffed_fast,12,0.375,1,0.08333333333333333,0.16666666666666666,37.90909090909091,-7.0
ALNS-A,Example12,12,1,destroy,destroy_random_window_20pct,8,0.25,5,0.625,0.625,-5.25,-33.6
ALNS-A,Example12,12,1,repair,repair_gecode_fast,12,0.375,6,0.5,0.6666666666666666,-3.1666666666666665,-30.333333333333332
ALNS-A,Example12,12,1,destroy,destroy_worst_workers_10pct,2,0.0625,2,1.0,1.0,-4.0,-4.0
ALNS-A,Example12,12,1,destroy,destroy_streak_around_worst_worker,2,0.0625,0,0.0,0.0,55.0,nan
ALNS-A,Example12,12,1,repair,repair_chuffed_long,8,0.25,2,0.25,0.25,20.75,-5.0
ALNS-A,Example12,12,1,destroy,destroy_worst_days_30pct,3,0.09375,0,0.0,0.0,70.66666666666667,nan
ALNS-A,Example12,12,1,destroy,destroy_worst_workers_30pct,4,0.125,0,0.0,0.0,34.25,nan
ALNS-A,Example12,12,1,destroy,destroy_random_workers_20pct,9,0.28125,0,0.0,0.1111111111111111,17.666666666666668,nan
ALNS-A,Example12,12,1,destroy,destroy_all_forbidden_sequences,2,0.0625,1,0.5,1.0,-7.5,-15.0
ALNS-A,Example12,12,1,destroy,destroy_max_border_off,1,0.03125,1,1.0,1.0,-8.0,-8.0
ALNS-A,Example12,12,2,destroy,destroy_max_border_shift_2,1,0.027777777777777776,0,0.0,1.0,nan,nan
ALNS-A,Example12,12,2,repair,repair_gecode_long,3,0.08333333333333333,0,0.0,0.3333333333333333,15.5,nan
ALNS-A,Example12,12,2,destroy,destroy_worst_workers_30pct,4,0.1111111111111111,1,0.25,0.25,6.25,-97.0
ALNS-A,Example12,12,2,repair,repair_chuffed_fast,17,0.4722222222222222,5,0.29411764705882354,0.4117647058823529,14.823529411764707,-29.0
ALNS-A,Example12,12,2,destroy,destroy_random_days_20pct,6,0.16666666666666666,1,0.16666666666666666,0.16666666666666666,18.666666666666668,-40.0
ALNS-A,Example12,12,2,repair,repair_chuffed_long,5,0.1388888888888889,2,0.4,0.4,-1.2,-22.5
ALNS-A,Example12,12,2,destroy,destroy_worst_days_30pct,2,0.05555555555555555,0,0.0,0.0,32.5,nan
ALNS-A,Example12,12,2,repair,repair_gecode_fast,11,0.3055555555555556,2,0.18181818181818182,0.45454545454545453,13.636363636363637,-16.5
ALNS-A,Example12,12,2,destroy,destroy_streak_around_worst_worker,3,0.08333333333333333,1,0.3333333333333333,0.3333333333333333,32.333333333333336,-20.0
ALNS-A,Example12,12,2,destroy,destroy_random_workers_20pct,5,0.1388888888888889,0,0.0,0.2,12.0,nan
ALNS-A,Example12,12,2,destroy,destroy_all_forbidden_sequences,2,0.05555555555555555,1,0.5,1.0,-2.5,-5.0
ALNS-A,Example12,12,2,destroy,destroy_random_window_20pct,11,0.3055555555555556,3,0.2727272727272727,0.5454545454545454,9.909090909090908,-8.333333333333334
ALNS-A,Example12,12,2,destroy,destroy_max_border_off,2,0.05555555555555555,2,1.0,1.0,-18.0,-18.0
ALNS-A,Example13,13,0,destroy,destroy_max_border_off,4,0.14814814814814814,3,0.75,1.0,-16.0,-16.0
ALNS-A,Example13,13,0,repair,repair_chuffed_long,2,0.07407407407407407,0,0.0,1.0,1.0,nan
ALNS-A,Example13,13,0,destroy,destroy_random_window_20pct,9,0.3333333333333333,2,0.2222222222222222,0.4444444444444444,-14.0,-173.0
ALNS-A,Example13,13,0,repair,repair_gecode_fast,12,0.4444444444444444,3,0.25,0.4166666666666667,-0.75,-120.33333333333333
ALNS-A,Example13,13,0,destroy,destroy_all_forbidden_sequences,1,0.037037037037037035,1,1.0,1.0,-2.0,-2.0
ALNS-A,Example13,13,0,repair,repair_gecode_long,6,0.2222222222222222,2,0.3333333333333333,0.3333333333333333,46.0,-3.0
ALNS-A,Example13,13,0,destroy,destroy_worst_workers_30pct,6,0.2222222222222222,0,0.0,0.0,86.16666666666667,nan
ALNS-A,Example13,13,0,repair,repair_chuffed_fast,6,0.2222222222222222,1,0.16666666666666666,0.16666666666666666,56.333333333333336,-29.0
ALNS-A,Example13,13,0,destroy,destroy_random_workers_20pct,4,0.14814814814814814,0,0.0,0.25,27.75,nan
ALNS-A,Example13,13,0,destroy,destroy_worst_days_30pct,2,0.07407407407407407,0,0.0,0.0,77.0,nan
ALNS-A,Example13,13,0,destroy,destroy_exploration,1,0.037037037037037035,0,0.0,0.0,23.0,nan
ALNS-A,Example13,13,0,repair,repair_exploration,1,0.037037037037037035,0,0.0,0.0,23.0,nan
ALNS-A,Example13,13,1,destroy,destroy_max_border_shift_1,1,0.04,0,0.0,1.0,nan,nan
ALNS-A,Example13,13,1,repair,repair_chuffed_fast,9,0.36,1,0.1111111111111111,0.2222222222222222,60.5,-18.0
ALNS-A,Example13,13,1,destroy,destroy_random_window_20pct,6,0.24,2,0.3333333333333333,0.3333333333333333,34.333333333333336,-39.5
ALNS-A,Example13,13,1,repair,repair_gecode_fast,8,0.32,2,0.25,0.25,30.625,-39.5
ALNS-A,Example13,13,1,destroy,destroy_max_border_off,2,0.08,2,1.0,1.0,-17.0,-17.0
ALNS-A,Example13,13,1,destroy,destroy_all_forbidden_sequences,1,0.04,1,1.0,1.0,-5.0,-5.0
ALNS-A,Example13,13,1,repair,repair_gecode_long,3,0.12,1,0.3333333333333333,0.3333333333333333,24.0,-5.0
ALNS-A,Example13,13,1,destroy,destroy_worst_workers_30pct,3,0.12,0,0.0,0.0,75.66666666666667,nan
ALNS-A,Example13,13,1,destroy,destroy_random_workers_20pct,6,0.24,0,0.0,0.0,32.0,nan
ALNS-A,Example13,13,1,destroy,destroy_streak_around_worst_worker,3,0.12,0,0.0,0.0,119.66666666666667,nan
ALNS-A,Example13,13,1,repair,repair_chuffed_long,4,0.16,1,0.25,0.25,58.75,-16.0
ALNS-A,Example13,13,1,destroy,destroy_random_days_20pct,1,0.04,0,0.0,0.0,30.0,nan
ALNS-A,Example13,13,1,destroy,destroy_worst_days_30pct,1,0.04,0,0.0,0.0,61.0,nan
ALNS-A,Example13,13,1,destroy,destroy_exploration,1,0.04,0,0.0,0.0,13.0,nan
ALNS-A,Example13,13,1,repair,repair_exploration,1,0.04,0,0.0,0.0,13.0,nan
ALNS-A,Example13,13,2,destroy,destroy_worst_workers_10pct,1,0.047619047619047616,0,0.0,1.0,nan,nan
ALNS-A,Example13,13,2,repair,repair_gecode_long,4,0.19047619047619047,0,0.0,0.25,34.0,nan
ALNS-A,Example13,13,2,destroy,destroy_max_border_shift_1,1,0.047619047619047616,1,1.0,1.0,-168.0,-168.0
ALNS-A,Example13,13,2,repair,repair_chuffed_fast,5,0.23809523809523808,1,0.2,0.2,-3.6,-168.0
ALNS-A,Example13,13,2,destroy,destroy_all_forbidden_sequences,1,0.047619047619047616,1,1.0,1.0,-105.0,-105.0
ALNS-A,Example13,13,2,repair,repair_gecode_fast,10,0.47619047619047616,3,0.3,0.3,24.7,-42.0
ALNS-A,Example13,13,2,destroy,destroy_random_window_20pct,4,0.19047619047619047,0,0.0,0.0,41.75,nan
ALNS-A,Example13,13,2,destroy,destroy_random_workers_20pct,6,0.2857142857142857,0,0.0,0.0,27.0,nan
ALNS-A,Example13,13,2,destroy,destroy_max_border_shift_2,1,0.047619047619047616,1,1.0,1.0,-2.0,-2.0
ALNS-A,Example13,13,2,destroy,destroy_max_border_off,1,0.047619047619047616,1,1.0,1.0,-19.0,-19.0
ALNS-A,Example13,13,2,destroy,destroy_worst_workers_30pct,4,0.19047619047619047,0,0.0,0.0,74.0,nan
ALNS-A,Example13,13,2,destroy,destroy_exploration,2,0.09523809523809523,0,0.0,0.0,40.5,nan
ALNS-A,Example13,13,2,repair,repair_exploration,2,0.09523809523809523,0,0.0,0.0,40.5,nan
ALNS-A,Example14,14,0,destroy,destroy_max_border_off,1,0.038461538461538464,0,0.0,1.0,nan,nan
ALNS-A,Example14,14,0,repair,repair_chuffed_long,4,0.15384615384615385,1,0.25,0.5,23.0,-10.0
ALNS-A,Example14,14,0,destroy,destroy_random_window_20pct,9,0.34615384615384615,5,0.5555555555555556,0.7777777777777778,-3.888888888888889,-18.4
ALNS-A,Example14,14,0,repair,repair_gecode_fast,8,0.3076923076923077,2,0.25,0.625,-1.5,-43.5
ALNS-A,Example14,14,0,destroy,destroy_streak_around_worst_worker,4,0.15384615384615385,1,0.25,0.25,26.25,-15.0
ALNS-A,Example14,14,0,repair,repair_gecode_long,8,0.3076923076923077,4,0.5,0.5,4.375,-6.5
ALNS-A,Example14,14,0,destroy,destroy_all_forbidden_sequences,2,0.07692307692307693,1,0.5,1.0,-5.0,-10.0
ALNS-A,Example14,14,0,destroy,destroy_random_workers_20pct,3,0.11538461538461539,1,0.3333333333333333,0.6666666666666666,0.3333333333333333,-7.0
ALNS-A,Example14,14,0,repair,repair_chuffed_fast,5,0.19230769230769232,1,0.2,0.4,21.2,-1.0
ALNS-A,Example14,14,0,destroy,destroy_worst_workers_30pct,5,0.19230769230769232,0,0.0,0.0,15.8,nan
ALNS-A,Example14,14,0,destroy,destroy_worst_days_30pct,1,0.038461538461538464,0,0.0,0.0,58.0,nan
ALNS-A,Example14,14,0,destroy,destroy_exploration,1,0.038461538461538464,0,0.0,0.0,12.0,nan
ALNS-A,Example14,14,0,repair,repair_exploration,1,0.038461538461538464,0,0.0,0.0,12.0,nan
ALNS-A,Example14,14,1,destroy,destroy_max_border_shift_1,1,0.023255813953488372,0,0.0,1.0,nan,nan
ALNS-A,Example14,14,1,repair,repair_chuffed_fast,12,0.27906976744186046,2,0.16666666666666666,0.6666666666666666,5.0,-7.5
ALNS-A,Example14,14,1,destroy,destroy_random_window_20pct,12,0.27906976744186046,2,0.16666666666666666,0.75,-1.5833333333333333,-33.5
ALNS-A,Example14,14,1,repair,repair_gecode_fast,16,0.37209302325581395,3,0.1875,0.5,5.625,-23.333333333333332
ALNS-A,Example14,14,1,destroy,destroy_worst_workers_30pct,7,0.16279069767441862,1,0.14285714285714285,0.14285714285714285,13.571428571428571,-1.0
ALNS-A,Example14,14,1,destroy,destroy_max_border_off,1,0.023255813953488372,1,1.0,1.0,-13.0,-13.0
ALNS-A,Example14,14,1,destroy,destroy_max_border_shift_2,2,0.046511627906976744,0,0.0,1.0,0.0,nan
ALNS-A,Example14,14,1,destroy,destroy_worst_days_30pct,3,0.06976744186046512,0,0.0,0.0,45.333333333333336,nan
ALNS-A,Example14,14,1,destroy,destroy_all_forbidden_sequences,4,0.09302325581395349,1,0.25,1.0,-0.25,-1.0
ALNS-A,Example14,14,1,repair,repair_gecode_long,10,0.23255813953488372,3,0.3,0.6,8.0,-3.6666666666666665
ALNS-A,Example14,14,1,destroy,destroy_streak_around_worst_worker,2,0.046511627906976744,1,0.5,0.5,15.0,-3.0
ALNS-A,Example14,14,1,repair,repair_chuffed_long,3,0.06976744186046512,0,0.0,0.3333333333333333,22.0,nan
ALNS-A,Example14,14,1,destroy,destroy_random_workers_20pct,6,0.13953488372093023,1,0.16666666666666666,0.5,6.166666666666667,-2.0
ALNS-A,Example14,14,1,destroy,destroy_random_days_20pct,2,0.046511627906976744,0,0.0,0.0,17.5,nan
ALNS-A,Example14,14,1,destroy,destroy_worst_workers_10pct,1,0.023255813953488372,1,1.0,1.0,-9.0,-9.0
ALNS-A,Example14,14,1,destroy,destroy_exploration,2,0.046511627906976744,1,0.5,1.0,-0.5,-1.0
ALNS-A,Example14,14,1,repair,repair_exploration,2,0.046511627906976744,1,0.5,1.0,-0.5,-1.0
ALNS-A,Example14,14,2,destroy,destroy_worst_workers_10pct,1,0.023255813953488372,0,0.0,1.0,nan,nan
ALNS-A,Example14,14,2,repair,repair_gecode_long,9,0.20930232558139536,3,0.3333333333333333,0.5555555555555556,10.375,-2.3333333333333335
ALNS-A,Example14,14,2,destroy,destroy_max_border_shift_1,1,0.023255813953488372,1,1.0,1.0,-37.0,-37.0
ALNS-A,Example14,14,2,repair,repair_chuffed_fast,19,0.4418604651162791,5,0.2631578947368421,0.6842105263157895,4.315789473684211,-8.6
ALNS-A,Example14,14,2,destroy,destroy_all_forbidden_sequences,3,0.06976744186046512,1,0.3333333333333333,1.0,-22.666666666666668,-68.0
ALNS-A,Example14,14,2,repair,repair_gecode_fast,11,0.2558139534883721,5,0.45454545454545453,0.8181818181818182,2.4545454545454546,-16.8
ALNS-A,Example14,14,2,destroy,destroy_random_window_20pct,22,0.5116279069767442,11,0.5,0.7727272727272727,3.1818181818181817,-3.0
ALNS-A,Example14,14,2,destroy,destroy_streak_around_worst_worker,2,0.046511627906976744,0,0.0,0.0,35.0,nan
ALNS-A,Example14,14,2,destroy,destroy_random_workers_20pct,1,0.023255813953488372,0,0.0,0.0,14.0,nan
ALNS-A,Example14,14,2,destroy,destroy_max_border_off,2,0.046511627906976744,2,1.0,1.0,-4.5,-4.5
ALNS-A,Example14,14,2,destroy,destroy_worst_workers_30pct,6,0.13953488372093023,0,0.0,0.16666666666666666,16.666666666666668,nan
ALNS-A,Example14,14,2,destroy,destroy_max_border_shift_2,2,0.046511627906976744,0,0.0,1.0,0.0,nan
ALNS-A,Example14,14,2,repair,repair_chuffed_long,4,0.09302325581395349,2,0.5,0.5,5.25,-6.5
ALNS-A,Example14,14,2,destroy,destroy_random_days_20pct,2,0.046511627906976744,0,0.0,1.0,6.5,nan
ALNS-A,Example14,14,2,destroy,destroy_worst_days_30pct,1,0.023255813953488372,0,0.0,0.0,60.0,nan
ALNS-B,Example0,0,0,destroy,destroy_streak_around_worst_worker,9,0.28125,4,0.4444444444444444,0.5555555555555556,-0.75,-1.75
ALNS-B,Example0,0,0,repair,repair_chuffed_long,4,0.125,0,0.0,0.25,0.0,nan
ALNS-B,Example0,0,0,repair,repair_gecode_fast,10,0.3125,0,0.0,0.0,0.1,nan
ALNS-B,Example0,0,0,destroy,destroy_worst_days_10pct,9,0.28125,1,0.1111111111111111,0.1111111111111111,-0.1111111111111111,-1.0
ALNS-B,Example0,0,0,repair,repair_chuffed_fast,9,0.28125,4,0.4444444444444444,0.4444444444444444,-0.7777777777777778,-1.75
ALNS-B,Example0,0,0,destroy,destroy_all_forbidden_sequences,3,0.09375,0,0.0,0.0,0.0,nan
ALNS-B,Example0,0,0,repair,repair_gecode_long,5,0.15625,1,0.2,0.2,-0.2,-1.0
ALNS-B,Example0,0,0,destroy,destroy_max_border_work,2,0.0625,0,0.0,0.0,0.0,nan
ALNS-B,Example0,0,0,destroy,destroy_max_border_shift_3,1,0.03125,0,0.0,0.0,0.0,nan
ALNS-B,Example0,0,0,destroy,destroy_max_border_off,1,0.03125,0,0.0,0.0,0.0,nan
ALNS-B,Example0,0,0,destroy,destroy_worst_workers_10pct,2,0.0625,0,0.0,0.0,0.0,nan
ALNS-B,Example0,0,0,destroy,destroy_exploration,4,0.125,2,0.5,0.5,-0.5,-1.0
ALNS-B,Example0,0,0,repair,repair_exploration,4,0.125,2,0.5,0.5,-0.5,-1.0
ALNS-B,Example0,0,0,destroy,destroy_max_border_shift_1,1,0.03125,0,0.0,0.0,0.0,nan
ALNS-B,Example0,0,1,destroy,destroy_random_window_20pct,1,0.01098901098901099,0,0.0,1.0,nan,nan
ALNS-B,Example0,0,1,repair,repair_chuffed_fast,37,0.4065934065934066,3,0.08108108108108109,0.10810810810810811,-0.1111111111111111,-1.3333333333333333
ALNS-B,Example0,0,1,destroy,destroy_all_forbidden_sequences,20,0.21978021978021978,1,0.05,0.05,-0.1,-2.0
ALNS-B,Example0,0,1,destroy,destroy_streak_around_worst_worker,18,0.1978021978021978,5,0.2777777777777778,0.2777777777777778,-0.2777777777777778,-1.0
ALNS-B,Example0,0,1,repair,repair_gecode_fast,18,0.1978021978021978,1,0.05555555555555555,0.05555555555555555,-0.05555555555555555,-1.0
ALNS-B,Example0,0,1,destroy,destroy_worst_workers_10pct,6,0.06593406593406594,0,0.0,0.0,0.0,nan
ALNS-B,Example0,0,1,destroy,destroy_max_border_shift_3,6,0.06593406593406594,0,0.0,0.0,0.0,nan
ALNS-B,Example0,0,1,destroy,destroy_max_border_off,7,0.07692307692307693,0,0.0,0.0,0.0,nan
ALNS-B,Example0,0,1,repair,repair_chuffed_long,11,0.12087912087912088,2,0.18181818181818182,0.18181818181818182,-0.18181818181818182,-1.0
ALNS-B,Example0,0,1,destroy,destroy_worst_days_10pct,8,0.08791208791208792,0,0.0,0.0,0.0,nan
ALNS-B,Example0,0,1,repair,repair_gecode_long,11,0.12087912087912088,0,0.0,0.0,0.0,nan
ALNS-B,Example0,0,1,destroy,destroy_max_border_shift_1,4,0.04395604395604396,0,0.0,0.0,0.0,nan
ALNS-B,Example0,0,1,destroy,destroy_exploration,14,0.15384615384615385,0,0.0,0.0,0.0,nan
ALNS-B,Example0,0,1,repair,repair_exploration,14,0.15384615384615385,0,0.0,0.0,0.0,nan
ALNS-B,Example0,0,1,destroy,destroy_max_border_shift_2,5,0.054945054945054944,0,0.0,0.0,0.0,nan
ALNS-B,Example0,0,1,destroy,destroy_max_border_work,2,0.02197802197802198,0,0.0,0.0,0.0,nan
ALNS-B,Example0,0,2,destroy,destroy_worst_workers_10pct,6,0.09375,0,0.0,0.16666666666666666,0.0,nan
ALNS-B,Example0,0,2,repair,repair_gecode_long,20,0.3125,1,0.05,0.1,0.0,-5.0
ALNS-B,Example0,0,2,destroy,destroy_streak_around_worst_worker,17,0.265625,4,0.23529411764705882,0.23529411764705882,-0.17647058823529413,-2.0
ALNS-B,Example0,0,2,repair,repair_chuffed_fast,13,0.203125,2,0.15384615384615385,0.15384615384615385,-0.15384615384615385,-1.0
ALNS-B,Example0,0,2,destroy,destroy_all_forbidden_sequences,8,0.125,0,0.0,0.0,0.0,nan
ALNS-B,Example0,0,2,repair,repair_gecode_fast,17,0.265625,1,0.058823529411764705,0.058823529411764705,-0.058823529411764705,-1.0
ALNS-B,Example0,0,2,destroy,destroy_max_border_work,3,0.046875,0,0.0,0.0,0.0,nan
ALNS-B,Example0,0,2,destroy,destroy_max_border_shift_1,3,0.046875,0,0.0,0.0,0.0,nan
ALNS-B,Example0,0,2,destroy,destroy_max_border_shift_3,2,0.03125,0,0.0,0.0,0.0,nan
ALNS-B,Example0,0,2,destroy,destroy_max_border_shift_2,3,0.046875,0,0.0,0.0,0.0,nan
ALNS-B,Example0,0,2,repair,repair_chuffed_long,4,0.0625,0,0.0,0.0,0.0,nan
ALNS-B,Example0,0,2,destroy,destroy_worst_days_10pct,11,0.171875,0,0.0,0.0,0.0,nan
ALNS-B,Example0,0,2,destroy,destroy_exploration,10,0.15625,2,0.2,0.2,-0.2,-1.0
ALNS-B,Example0,0,2,repair,repair_exploration,10,0.15625,2,0.2,0.2,-0.2,-1.0
ALNS-B,Example0,0,2,destroy,destroy_max_border_off,1,0.015625,0,0.0,0.0,0.0,nan
ALNS-B,Example1,1,0,destroy,destroy_streak_around_worst_worker,16,0.32,5,0.3125,0.375,-0.13333333333333333,-2.0
ALNS-B,Example1,1,0,repair,repair_chuffed_long,22,0.44,7,0.3181818181818182,0.36363636363636365,0.19047619047619047,-2.142857142857143
ALNS-B,Example1,1,0,destroy,destroy_worst_days_30pct,1,0.02,0,0.0,0.0,15.0,nan
ALNS-B,Example1,1,0,destroy,destroy_random_days_20pct,1,0.02,1,1.0,1.0,-5.0,-5.0
ALNS-B,Example1,1,0,destroy,destroy_all_forbidden_sequences,4,0.08,0,0.0,0.0,0.25,nan
ALNS-B,Example1,1,0,repair,repair_chuffed_fast,12,0.24,0,0.0,0.0,0.4166666666666667,nan
ALNS-B,Example1,1,0,destroy,destroy_max_border_shift_3,7,0.14,0,0.0,0.0,0.0,nan
ALNS-B,Example1,1,0,destroy,destroy_worst_workers_10pct,6,0.12,1,0.16666666666666666,0.16666666666666666,-0.16666666666666666,-1.0
ALNS-B,Example1,1,0,repair,repair_gecode_long,4,0.08,0,0.0,0.0,0.0,nan
ALNS-B,Example1,1,0,destroy,destroy_max_border_work,3,0.06,0,0.0,0.0,0.0,nan
ALNS-B,Example1,1,0,repair,repair_gecode_fast,10,0.2,1,0.1,0.1,-0.2,-2.0
ALNS-B,Example1,1,0,destroy,destroy_max_border_shift_1,4,0.08,0,0.0,0.0,0.0,nan
ALNS-B,Example1,1,0,destroy,destroy_max_border_off,3,0.06,0,0.0,0.0,0.0,nan
ALNS-B,Example1,1,0,destroy,destroy_max_border_shift_2,1,0.02,0,0.0,0.0,0.0,nan
ALNS-B,Example1,1,0,destroy,destroy_worst_days_10pct,2,0.04,1,0.5,0.5,-0.5,-1.0
ALNS-B,Example1,1,0,destroy,destroy_exploration,2,0.04,2,1.0,1.0,-1.5,-1.5
ALNS-B,Example1,1,0,repair,repair_exploration,2,0.04,2,1.0,1.0,-1.5,-1.5
ALNS-B,Example1,1,1,destroy,destroy_random_window_20pct,1,0.012658227848101266,0,0.0,1.0,nan,nan
ALNS-B,Example1,1,1,repair,repair_chuffed_fast,24,0.3037974683544304,2,0.08333333333333333,0.125,-0.2608695652173913,-3.0
ALNS-B,Example1,1,1,destroy,destroy_random_workers_20pct,1,0.012658227848101266,1,1.0,1.0,-4.0,-4.0
ALNS-B,Example1,1,1,destroy,destroy_worst_workers_10pct,6,0.0759493670886076,0,0.0,0.0,0.0,nan
ALNS-B,Example1,1,1,repair,repair_chuffed_long,8,0.10126582278481013,2,0.25,0.25,-0.5,-2.0
ALNS-B,Example1,1,1,destroy,destroy_streak_around_worst_worker,18,0.22784810126582278,4,0.2222222222222222,0.2222222222222222,0.6666666666666666,-1.75
ALNS-B,Example1,1,1,repair,repair_gecode_fast,24,0.3037974683544304,3,0.125,0.125,0.25,-1.3333333333333333
ALNS-B,Example1,1,1,destroy,destroy_all_forbidden_sequences,22,0.27848101265822783,2,0.09090909090909091,0.09090909090909091,-0.13636363636363635,-1.5
ALNS-B,Example1,1,1,destroy,destroy_max_border_off,3,0.0379746835443038,0,0.0,0.0,0.0,nan
ALNS-B,Example1,1,1,destroy,destroy_max_border_shift_1,3,0.0379746835443038,0,0.0,0.0,0.0,nan
ALNS-B,Example1,1,1,destroy,destroy_max_border_work,4,0.05063291139240506,0,0.0,0.0,0.0,nan
ALNS-B,Example1,1,1,destroy,destroy_max_border_shift_2,4,0.05063291139240506,0,0.0,0.0,0.0,nan
ALNS-B,Example1,1,1,destroy,destroy_worst_days_10pct,5,0.06329113924050633,0,0.0,0.0,0.0,nan
ALNS-B,Example1,1,1,destroy,destroy_exploration,12,0.1518987341772152,1,0.08333333333333333,0.08333333333333333,-0.08333333333333333,-1.0
ALNS-B,Example1,1,1,repair,repair_exploration,12,0.1518987341772152,1,0.08333333333333333,0.08333333333333333,-0.08333333333333333,-1.0
ALNS-B,Example1,1,1,repair,repair_gecode_long,11,0.13924050632911392,0,0.0,0.0,0.8181818181818182,nan
ALNS-B,Example1,1,2,destroy,destroy_worst_workers_10pct,9,0.10714285714285714,0,0.0,0.1111111111111111,0.0,nan
ALNS-B,Example1,1,2,repair,repair_gecode_long,9,0.10714285714285714,0,0.0,0.2222222222222222,0.0,nan
ALNS-B,Example1,1,2,destroy,destroy_all_forbidden_sequences,11,0.13095238095238096,0,0.0,0.0,1.7272727272727273,nan
ALNS-B,Example1,1,2,repair,repair_chuffed_fast,27,0.32142857142857145,1,0.037037037037037035,0.1111111111111111,4.7407407407407405,-3.0
ALNS-B,Example1,1,2,destroy,destroy_max_border_shift_3,8,0.09523809523809523,0,0.0,0.125,0.0,nan
ALNS-B,Example1,1,2,repair,repair_chuffed_long,13,0.15476190476190477,1,0.07692307692307693,0.15384615384615385,1.5384615384615385,-1.0
ALNS-B,Example1,1,2,destroy,destroy_max_border_shift_2,5,0.05952380952380952,0,0.0,0.6,0.0,nan
ALNS-B,Example1,1,2,destroy,destroy_max_border_shift_1,3,0.03571428571428571,0,0.0,0.3333333333333333,0.0,nan
ALNS-B,Example1,1,2,repair,repair_gecode_fast,23,0.27380952380952384,1,0.043478260869565216,0.08695652173913043,8.0,-9.0
ALNS-B,Example1,1,2,destroy,destroy_worst_days_30pct,1,0.011904761904761904,0,0.0,0.0,11.0,nan
ALNS-B,Example1,1,2,destroy,destroy_random_days_20pct,1,0.011904761904761904,1,1.0,1.0,-9.0,-9.0
ALNS-B,Example1,1,2,destroy,destroy_worst_days_10pct,12,0.14285714285714285,1,0.08333333333333333,0.08333333333333333,-0.25,-3.0
ALNS-B,Example1,1,2,destroy,destroy_streak_around_worst_worker,18,0.21428571428571427,1,0.05555555555555555,0.05555555555555555,17.444444444444443,-1.0
ALNS-B,Example1,1,2,destroy,destroy_max_border_work,4,0.047619047619047616,0,0.0,0.0,0.0,nan
ALNS-B,Example1,1,2,destroy,destroy_exploration,12,0.14285714285714285,3,0.25,0.25,-0.4166666666666667,-1.6666666666666667
ALNS-B,Example1,1,2,repair,repair_exploration,12,0.14285714285714285,3,0.25,0.25,-0.4166666666666667,-1.6666666666666667
ALNS-B,Example2,2,0,destroy,destroy_streak_around_worst_worker,2,0.2857142857142857,1,0.5,1.0,-5.0,-5.0
ALNS-B,Example2,2,0,repair,repair_chuffed_long,2,0.2857142857142857,1,0.5,1.0,-1.0,-1.0
ALNS-B,Example2,2,0,destroy,destroy_worst_days_30pct,1,0.14285714285714285,1,1.0,1.0,-1.0,-1.0
ALNS-B,Example2,2,0,destroy,destroy_max_border_off,1,0.14285714285714285,1,1.0,1.0,-13.0,-13.0
ALNS-B,Example2,2,0,repair,repair_chuffed_fast,3,0.42857142857142855,3,1.0,1.0,-12.333333333333334,-12.333333333333334
ALNS-B,Example2,2,0,destroy,destroy_worst_workers_10pct,1,0.14285714285714285,1,1.0,1.0,-8.0,-8.0
ALNS-B,Example2,2,0,destroy,destroy_random_window_20pct,1,0.14285714285714285,1,1.0,1.0,-18.0,-18.0
ALNS-B,Example2,2,0,repair,repair_gecode_fast,2,0.2857142857142857,2,1.0,1.0,-11.5,-11.5
ALNS-B,Example2,2,0,destroy,destroy_worst_workers_30pct,1,0.14285714285714285,1,1.0,1.0,-16.0,-16.0
ALNS-B,Example2,2,1,destroy,destroy_random_window_20pct,2,0.16666666666666666,1,0.5,1.0,-2.0,-2.0
ALNS-B,Example2,2,1,repair,repair_chuffed_fast,7,0.5833333333333334,5,0.7142857142857143,0.8571428571428571,-1.6666666666666667,-5.8
ALNS-B,Example2,2,1,destroy,destroy_random_workers_20pct,2,0.16666666666666666,2,1.0,1.0,-12.0,-12.0
ALNS-B,Example2,2,1,destroy,destroy_streak_around_worst_worker,3,0.25,3,1.0,1.0,-6.333333333333333,-6.333333333333333
ALNS-B,Example2,2,1,repair,repair_chuffed_long,2,0.16666666666666666,1,0.5,0.5,13.0,-10.0
ALNS-B,Example2,2,1,destroy,destroy_worst_days_30pct,2,0.16666666666666666,0,0.0,0.0,27.5,nan
ALNS-B,Example2,2,1,repair,repair_gecode_fast,2,0.16666666666666666,2,1.0,1.0,-9.5,-9.5
ALNS-B,Example2,2,1,destroy,destroy_worst_workers_30pct,2,0.16666666666666666,2,1.0,1.0,-9.0,-9.0
ALNS-B,Example2,2,1,repair,repair_gecode_long,1,0.08333333333333333,1,1.0,1.0,-6.0,-6.0
ALNS-B,Example2,2,1,destroy,destroy_worst_days_10pct,1,0.08333333333333333,1,1.0,1.0,-1.0,-1.0
ALNS-B,Example2,2,2,destroy,destroy_worst_workers_10pct,5,0.0625,0,0.0,0.2,0.0,nan
ALNS-B,Example2,2,2,repair,repair_gecode_long,8,0.1,2,0.25,0.375,-1.8571428571428572,-6.5
ALNS-B,Example2,2,2,destroy,destroy_all_forbidden_sequences,6,0.075,1,0.16666666666666666,0.16666666666666666,-1.0,-6.0
ALNS-B,Example2,2,2,repair,repair_chuffed_fast,30,0.375,2,0.06666666666666667,0.1,4.933333333333334,-4.0
ALNS-B,Example2,2,2,destroy,destroy_random_workers_20pct,1,0.0125,1,1.0,1.0,-10.0,-10.0
ALNS-B,Example2,2,2,destroy,destroy_random_window_20pct,3,0.0375,2,0.6666666666666666,1.0,-7.0,-10.5
ALNS-B,Example2,2,2,repair,repair_gecode_fast,21,0.2625,4,0.19047619047619047,0.19047619047619047,0.047619047619047616,-8.75
ALNS-B,Example2,2,2,destroy,destroy_worst_workers_30pct,1,0.0125,1,1.0,1.0,-11.0,-11.0
ALNS-B,Example2,2,2,destroy,destroy_max_border_off,5,0.0625,1,0.2,0.2,-0.8,-4.0
ALNS-B,Example2,2,2,destroy,destroy_worst_days_10pct,18,0.225,1,0.05555555555555555,0.05555555555555555,-0.05555555555555555,-1.0
ALNS-B,Example2,2,2,destroy,destroy_max_border_shift_2,2,0.025,0,0.0,0.0,0.0,nan
ALNS-B,Example2,2,2,destroy,destroy_max_border_work,4,0.05,0,0.0,0.0,0.0,nan
ALNS-B,Example2,2,2,destroy,destroy_streak_around_worst_worker,20,0.25,2,0.1,0.1,12.75,-2.0
ALNS-B,Example2,2,2,repair,repair_chuffed_long,13,0.1625,1,0.07692307692307693,0.07692307692307693,5.076923076923077,-1.0
ALNS-B,Example2,2,2,destroy,destroy_exploration,8,0.1,3,0.375,0.375,-0.625,-1.6666666666666667
ALNS-B,Example2,2,2,repair,repair_exploration,8,0.1,3,0.375,0.375,-0.625,-1.6666666666666667
ALNS-B,Example2,2,2,destroy,destroy_max_border_shift_3,5,0.0625,0,0.0,0.0,0.0,nan
ALNS-B,Example2,2,2,destroy,destroy_max_border_shift_1,2,0.025,0,0.0,0.0,0.0,nan
ALNS-B,Example3,3,0,destroy,destroy_max_border_off,1,0.07142857142857142,0,0.0,1.0,nan,nan
ALNS-B,Example3,3,0,repair,repair_chuffed_long,2,0.14285714285714285,0,0.0,0.5,15.0,nan
ALNS-B,Example3,3,0,destroy,destroy_random_window_20pct,4,0.2857142857142857,1,0.25,0.25,19.0,-121.0
ALNS-B,Example3,3,0,repair,repair_gecode_fast,2,0.14285714285714285,1,0.5,0.5,-54.5,-121.0
ALNS-B,Example3,3,0,destroy,destroy_streak_around_worst_worker,1,0.07142857142857142,0,0.0,0.0,37.0,nan
ALNS-B,Example3,3,0,repair,repair_gecode_long,3,0.21428571428571427,0,0.0,0.0,18.666666666666668,nan
ALNS-B,Example3,3,0,destroy,destroy_random_workers_20pct,4,0.2857142857142857,0,0.0,0.0,15.25,nan
ALNS-B,Example3,3,0,repair,repair_chuffed_fast,5,0.35714285714285715,0,0.0,0.0,55.6,nan
ALNS-B,Example3,3,0,destroy,destroy_worst_workers_30pct,1,0.07142857142857142,0,0.0,0.0,50.0,nan
ALNS-B,Example3,3,0,destroy,destroy_all_forbidden_sequences,1,0.07142857142857142,0,0.0,0.0,16.0,nan
ALNS-B,Example3,3,0,destroy,destroy_exploration,2,0.14285714285714285,0,0.0,0.0,25.5,nan
ALNS-B,Example3,3,0,repair,repair_exploration,2,0.14285714285714285,0,0.0,0.0,25.5,nan
ALNS-B,Example3,3,1,destroy,destroy_max_border_off,3,0.1875,2,0.6666666666666666,1.0,-25.0,-25.0
ALNS-B,Example3,3,1,repair,repair_chuffed_fast,7,0.4375,3,0.42857142857142855,0.5714285714285714,-8.5,-45.333333333333336
ALNS-B,Example3,3,1,destroy,destroy_worst_workers_30pct,2,0.125,1,0.5,0.5,-22.0,-86.0
ALNS-B,Example3,3,1,destroy,destroy_streak_around_worst_worker,1,0.0625,0,0.0,0.0,40.0,nan
ALNS-B,Example3,3,1,destroy,destroy_random_window_20pct,4,0.25,0,0.0,0.0,25.75,nan
ALNS-B,Example3,3,1,repair,repair_gecode_fast,3,0.1875,0,0.0,0.3333333333333333,14.333333333333334,nan
ALNS-B,Example3,3,1,destroy,destroy_all_forbidden_sequences,1,0.0625,0,0.0,1.0,0.0,nan
ALNS-B,Example3,3,1,repair,repair_gecode_long,1,0.0625,0,0.0,0.0,42.0,nan
ALNS-B,Example3,3,1,destroy,destroy_random_workers_20pct,3,0.1875,0,0.0,0.0,16.333333333333332,nan
ALNS-B,Example3,3,1,repair,repair_chuffed_long,3,0.1875,0,0.0,0.0,21.333333333333332,nan
ALNS-B,Example3,3,1,destroy,destroy_exploration,2,0.125,1,0.5,0.5,2.5,-1.0
ALNS-B,Example3,3,1,repair,repair_exploration,2,0.125,1,0.5,0.5,2.5,-1.0
ALNS-B,Example3,3,2,destroy,destroy_worst_workers_10pct,2,0.05263157894736842,0,0.0,0.5,0.0,nan
ALNS-B,Example3,3,2,repair,repair_gecode_long,4,0.10526315789473684,0,0.0,0.25,16.666666666666668,nan
ALNS-B,Example3,3,2,destroy,destroy_max_border_off,7,0.18421052631578946,1,0.14285714285714285,0.2857142857142857,-0.14285714285714285,-1.0
ALNS-B,Example3,3,2,repair,repair_chuffed_fast,13,0.34210526315789475,3,0.23076923076923078,0.38461538461538464,9.692307692307692,-1.0
ALNS-B,Example3,3,2,destroy,destroy_all_forbidden_sequences,4,0.10526315789473684,2,0.5,0.75,-31.25,-62.5
ALNS-B,Example3,3,2,repair,repair_gecode_fast,18,0.47368421052631576,6,0.3333333333333333,0.3888888888888889,0.7777777777777778,-24.666666666666668
ALNS-B,Example3,3,2,destroy,destroy_random_window_20pct,6,0.15789473684210525,3,0.5,0.6666666666666666,5.166666666666667,-3.0
ALNS-B,Example3,3,2,destroy,destroy_random_workers_20pct,1,0.02631578947368421,0,0.0,0.0,20.0,nan
ALNS-B,Example3,3,2,destroy,destroy_streak_around_worst_worker,6,0.15789473684210525,1,0.16666666666666666,0.16666666666666666,36.5,-14.0
ALNS-B,Example3,3,2,destroy,destroy_worst_workers_30pct,2,0.05263157894736842,0,0.0,0.0,44.0,nan
ALNS-B,Example3,3,2,destroy,destroy_max_border_shift_1,1,0.02631578947368421,0,0.0,0.0,0.0,nan
ALNS-B,Example3,3,2,repair,repair_chuffed_long,2,0.05263157894736842,0,0.0,0.0,20.0,nan
ALNS-B,Example3,3,2,destroy,destroy_worst_days_10pct,5,0.13157894736842105,2,0.4,0.4,-0.4,-1.0
ALNS-B,Example3,3,2,destroy,destroy_max_border_shift_2,1,0.02631578947368421,0,0.0,0.0,0.0,nan
ALNS-B,Example3,3,2,destroy,destroy_max_border_shift_3,1,0.02631578947368421,0,0.0,0.0,0.0,nan
ALNS-B,Example3,3,2,destroy,destroy_max_border_work,1,0.02631578947368421,0,0.0,0.0,0.0,nan
ALNS-B,Example3,3,2,destroy,destroy_exploration,1,0.02631578947368421,0,0.0,0.0,63.0,nan
ALNS-B,Example3,3,2,repair,repair_exploration,1,0.02631578947368421,0,0.0,0.0,63.0,nan
ALNS-B,Example4,4,0,destroy,destroy_streak_around_worst_worker,11,0.19298245614035087,0,0.0,0.09090909090909091,32.9,nan
ALNS-B,Example4,4,0,repair,repair_chuffed_long,11,0.19298245614035087,2,0.18181818181818182,0.2727272727272727,2.0,-1.0
ALNS-B,Example4,4,0,destroy,destroy_random_window_20pct,1,0.017543859649122806,1,1.0,1.0,-2.0,-2.0
ALNS-B,Example4,4,0,repair,repair_gecode_fast,15,0.2631578947368421,2,0.13333333333333333,0.13333333333333333,4.666666666666667,-1.5
ALNS-B,Example4,4,0,destroy,destroy_all_forbidden_sequences,6,0.10526315789473684,1,0.16666666666666666,0.16666666666666666,-1.0,-6.0
ALNS-B,Example4,4,0,repair,repair_gecode_long,12,0.21052631578947367,2,0.16666666666666666,0.16666666666666666,1.6666666666666667,-3.5
ALNS-B,Example4,4,0,repair,repair_chuffed_fast,13,0.22807017543859648,1,0.07692307692307693,0.07692307692307693,15.76923076923077,-2.0
ALNS-B,Example4,4,0,destroy,destroy_max_border_work,5,0.08771929824561403,0,0.0,0.0,0.0,nan
ALNS-B,Example4,4,0,destroy,destroy_worst_workers_10pct,7,0.12280701754385964,2,0.2857142857142857,0.2857142857142857,-0.2857142857142857,-1.0
ALNS-B,Example4,4,0,destroy,destroy_worst_days_10pct,14,0.24561403508771928,3,0.21428571428571427,0.21428571428571427,-0.2857142857142857,-1.3333333333333333
ALNS-B,Example4,4,0,destroy,destroy_max_border_shift_3,5,0.08771929824561403,0,0.0,0.0,0.0,nan
ALNS-B,Example4,4,0,destroy,destroy_max_border_shift_2,1,0.017543859649122806,0,0.0,0.0,0.0,nan
ALNS-B,Example4,4,0,destroy,destroy_exploration,6,0.10526315789473684,2,0.3333333333333333,0.3333333333333333,-0.5,-1.5
ALNS-B,Example4,4,0,repair,repair_exploration,6,0.10526315789473684,2,0.3333333333333333,0.3333333333333333,-0.5,-1.5
ALNS-B,Example4,4,0,destroy,destroy_max_border_off,1,0.017543859649122806,0,0.0,0.0,0.0,nan
ALNS-B,Example4,4,1,destroy,destroy_random_window_20pct,1,0.01694915254237288,0,0.0,1.0,nan,nan
ALNS-B,Example4,4,1,repair,repair_chuffed_fast,21,0.3559322033898305,1,0.047619047619047616,0.09523809523809523,6.25,-1.0
ALNS-B,Example4,4,1,destroy,destroy_worst_workers_30pct,1,0.01694915254237288,0,0.0,1.0,3.0,nan
ALNS-B,Example4,4,1,repair,repair_gecode_fast,14,0.23728813559322035,2,0.14285714285714285,0.21428571428571427,6.142857142857143,-4.0
ALNS-B,Example4,4,1,destroy,destroy_max_border_off,4,0.06779661016949153,1,0.25,0.25,-3.5,-14.0
ALNS-B,Example4,4,1,repair,repair_chuffed_long,14,0.23728813559322035,2,0.14285714285714285,0.14285714285714285,3.857142857142857,-7.5
ALNS-B,Example4,4,1,destroy,destroy_streak_around_worst_worker,12,0.2033898305084746,0,0.0,0.0,30.75,nan
ALNS-B,Example4,4,1,destroy,destroy_all_forbidden_sequences,9,0.15254237288135594,1,0.1111111111111111,0.1111111111111111,-0.5555555555555556,-5.0
ALNS-B,Example4,4,1,destroy,destroy_worst_workers_10pct,5,0.0847457627118644,1,0.2,0.2,-0.6,-3.0
ALNS-B,Example4,4,1,destroy,destroy_max_border_shift_2,4,0.06779661016949153,0,0.0,0.0,0.0,nan
ALNS-B,Example4,4,1,destroy,destroy_max_border_shift_1,4,0.06779661016949153,0,0.0,0.0,0.0,nan
ALNS-B,Example4,4,1,destroy,destroy_worst_days_10pct,8,0.13559322033898305,2,0.25,0.25,-0.25,-1.0
ALNS-B,Example4,4,1,destroy,destroy_max_border_work,2,0.03389830508474576,0,0.0,0.0,0.0,nan
ALNS-B,Example4,4,1,destroy,destroy_max_border_shift_3,1,0.01694915254237288,0,0.0,0.0,0.0,nan
ALNS-B,Example4,4,1,destroy,destroy_exploration,8,0.13559322033898305,0,0.0,0.0,0.0,nan
ALNS-B,Example4,4,1,repair,repair_exploration,8,0.13559322033898305,0,0.0,0.0,0.0,nan
ALNS-B,Example4,4,1,repair,repair_gecode_long,2,0.03389830508474576,0,0.0,0.0,41.5,nan
ALNS-B,Example4,4,2,destroy,destroy_worst_workers_10pct,11,0.1527777777777778,0,0.0,0.09090909090909091,0.0,nan
ALNS-B,Example4,4,2,repair,repair_gecode_long,11,0.1527777777777778,0,0.0,0.09090909090909091,0.4,nan
ALNS-B,Example4,4,2,destroy,destroy_all_forbidden_sequences,7,0.09722222222222222,1,0.14285714285714285,0.14285714285714285,-1.5714285714285714,-11.0
ALNS-B,Example4,4,2,repair,repair_chuffed_fast,21,0.2916666666666667,2,0.09523809523809523,0.09523809523809523,1.4285714285714286,-6.0
ALNS-B,Example4,4,2,destroy,destroy_streak_around_worst_worker,12,0.16666666666666666,0,0.0,0.0,28.5,nan
ALNS-B,Example4,4,2,repair,repair_gecode_fast,18,0.25,1,0.05555555555555555,0.05555555555555555,7.277777777777778,-1.0
ALNS-B,Example4,4,2,destroy,destroy_max_border_shift_2,2,0.027777777777777776,0,0.0,0.0,0.0,nan
ALNS-B,Example4,4,2,destroy,destroy_max_border_off,4,0.05555555555555555,0,0.0,0.0,0.0,nan
ALNS-B,Example4,4,2,destroy,destroy_worst_days_10pct,17,0.2361111111111111,3,0.17647058823529413,0.17647058823529413,-0.17647058823529413,-1.0
ALNS-B,Example4,4,2,destroy,destroy_max_border_work,5,0.06944444444444445,0,0.0,0.0,0.0,nan
ALNS-B,Example4,4,2,repair,repair_chuffed_long,12,0.16666666666666666,1,0.08333333333333333,0.08333333333333333,13.583333333333334,-1.0
ALNS-B,Example4,4,2,destroy,destroy_max_border_shift_3,3,0.041666666666666664,0,0.0,0.0,0.0,nan
ALNS-B,Example4,4,2,destroy,destroy_exploration,10,0.1388888888888889,1,0.1,0.1,-0.1,-1.0
ALNS-B,Example4,4,2,repair,repair_exploration,10,0.1388888888888889,1,0.1,0.1,-0.1,-1.0
ALNS-B,Example4,4,2,destroy,destroy_max_border_shift_1,1,0.013888888888888888,0,0.0,0.0,0.0,nan
ALNS-B,Example5,5,0,destroy,destroy_streak_around_worst_worker,14,0.32558139534883723,3,0.21428571428571427,0.2857142857142857,18.692307692307693,-2.0
ALNS-B,Example5,5,0,repair,repair_chuffed_long,7,0.16279069767441862,2,0.2857142857142857,0.42857142857142855,10.166666666666666,-2.5
ALNS-B,Example5,5,0,destroy,destroy_worst_days_10pct,5,0.11627906976744186,3,0.6,0.6,-4.2,-7.0
ALNS-B,Example5,5,0,repair,repair_chuffed_fast,16,0.37209302325581395,4,0.25,0.25,8.125,-5.75
ALNS-B,Example5,5,0,destroy,destroy_random_window_20pct,3,0.06976744186046512,2,0.6666666666666666,0.6666666666666666,2.0,-2.5
ALNS-B,Example5,5,0,destroy,destroy_worst_workers_30pct,2,0.046511627906976744,0,0.0,0.0,11.5,nan
ALNS-B,Example5,5,0,destroy,destroy_worst_days_30pct,3,0.06976744186046512,0,0.0,0.0,30.333333333333332,nan
ALNS-B,Example5,5,0,repair,repair_gecode_fast,17,0.3953488372093023,5,0.29411764705882354,0.29411764705882354,10.0,-2.0
ALNS-B,Example5,5,0,destroy,destroy_random_workers_20pct,4,0.09302325581395349,2,0.5,0.5,1.0,-2.0
ALNS-B,Example5,5,0,destroy,destroy_random_days_20pct,1,0.023255813953488372,0,0.0,0.0,17.0,nan
ALNS-B,Example5,5,0,destroy,destroy_all_forbidden_sequences,4,0.09302325581395349,1,0.25,0.25,-0.5,-2.0
ALNS-B,Example5,5,0,destroy,destroy_max_border_shift_1,3,0.06976744186046512,0,0.0,0.0,0.0,nan
ALNS-B,Example5,5,0,repair,repair_gecode_long,3,0.06976744186046512,1,0.3333333333333333,0.3333333333333333,-0.3333333333333333,-1.0
ALNS-B,Example5,5,0,destroy,destroy_max_border_work,1,0.023255813953488372,0,0.0,0.0,0.0,nan
ALNS-B,Example5,5,0,destroy,destroy_worst_workers_10pct,3,0.06976744186046512,1,0.3333333333333333,0.3333333333333333,-0.3333333333333333,-1.0
ALNS-B,Example5,5,1,destroy,destroy_random_window_20pct,1,0.01694915254237288,0,0.0,1.0,nan,nan
ALNS-B,Example5,5,1,repair,repair_chuffed_fast,24,0.4067796610169492,4,0.16666666666666666,0.20833333333333334,2.260869565217391,-2.75
ALNS-B,Example5,5,1,destroy,destroy_worst_workers_30pct,1,0.01694915254237288,1,1.0,1.0,-10.0,-10.0
ALNS-B,Example5,5,1,repair,repair_gecode_fast,21,0.3559322033898305,3,0.14285714285714285,0.14285714285714285,8.666666666666666,-5.333333333333333
ALNS-B,Example5,5,1,destroy,destroy_worst_days_10pct,15,0.2542372881355932,3,0.2,0.2,-0.6666666666666666,-3.3333333333333335
ALNS-B,Example5,5,1,destroy,destroy_worst_workers_10pct,7,0.11864406779661017,2,0.2857142857142857,0.2857142857142857,-0.7142857142857143,-2.5
ALNS-B,Example5,5,1,destroy,destroy_streak_around_worst_worker,15,0.2542372881355932,1,0.06666666666666667,0.06666666666666667,18.733333333333334,-2.0
ALNS-B,Example5,5,1,destroy,destroy_all_forbidden_sequences,8,0.13559322033898305,0,0.0,0.0,0.0,nan
ALNS-B,Example5,5,1,repair,repair_chuffed_long,3,0.05084745762711865,0,0.0,0.0,7.333333333333333,nan
ALNS-B,Example5,5,1,destroy,destroy_max_border_work,1,0.01694915254237288,0,0.0,0.0,0.0,nan
ALNS-B,Example5,5,1,destroy,destroy_max_border_shift_2,2,0.03389830508474576,0,0.0,0.0,0.0,nan
ALNS-B,Example5,5,1,repair,repair_gecode_long,3,0.05084745762711865,0,0.0,0.0,0.0,nan
ALNS-B,Example5,5,1,destroy,destroy_max_border_shift_3,1,0.01694915254237288,0,0.0,0.0,0.0,nan
ALNS-B,Example5,5,1,destroy,destroy_exploration,8,0.13559322033898305,0,0.0,0.0,0.0,nan
ALNS-B,Example5,5,1,repair,repair_exploration,8,0.13559322033898305,0,0.0,0.0,0.0,nan
ALNS-B,Example5,5,2,destroy,destroy_worst_workers_10pct,8,0.21621621621621623,1,0.125,0.25,-0.2857142857142857,-2.0
ALNS-B,Example5,5,2,repair,repair_gecode_long,11,0.2972972972972973,4,0.36363636363636365,0.45454545454545453,2.1,-2.5
ALNS-B,Example5,5,2,destroy,destroy_max_border_off,4,0.10810810810810811,1,0.25,0.5,-0.75,-3.0
ALNS-B,Example5,5,2,repair,repair_chuffed_fast,11,0.2972972972972973,0,0.0,0.09090909090909091,8.818181818181818,nan
ALNS-B,Example5,5,2,destroy,destroy_all_forbidden_sequences,6,0.16216216216216217,1,0.16666666666666666,0.16666666666666666,-1.8333333333333333,-11.0
ALNS-B,Example5,5,2,repair,repair_gecode_fast,11,0.2972972972972973,5,0.45454545454545453,0.45454545454545453,-2.0,-5.4
ALNS-B,Example5,5,2,destroy,destroy_streak_around_worst_worker,8,0.21621621621621623,3,0.375,0.375,17.125,-3.3333333333333335
ALNS-B,Example5,5,2,destroy,destroy_random_workers_20pct,2,0.05405405405405406,1,0.5,0.5,1.0,-3.0
ALNS-B,Example5,5,2,destroy,destroy_random_window_20pct,4,0.10810810810810811,2,0.5,0.5,5.25,-4.0
ALNS-B,Example5,5,2,destroy,destroy_worst_days_10pct,2,0.05405405405405406,0,0.0,0.0,0.0,nan
ALNS-B,Example5,5,2,repair,repair_chuffed_long,2,0.05405405405405406,0,0.0,0.0,24.0,nan
ALNS-B,Example5,5,2,destroy,destroy_exploration,2,0.05405405405405406,1,0.5,0.5,-0.5,-1.0
ALNS-B,Example5,5,2,repair,repair_exploration,2,0.05405405405405406,1,0.5,0.5,-0.5,-1.0
ALNS-B,Example5,5,2,destroy,destroy_max_border_shift_3,1,0.02702702702702703,0,0.0,0.0,0.0,nan
ALNS-B,Example6,6,0,destroy,destroy_streak_around_worst_worker,19,0.27941176470588236,4,0.21052631578947367,0.2631578947368421,4.333333333333333,-1.75
ALNS-B,Example6,6,0,repair,repair_chuffed_long,12,0.17647058823529413,0,0.0,0.08333333333333333,1.6363636363636365,nan
ALNS-B,Example6,6,0,destroy,destroy_random_days_20pct,1,0.014705882352941176,1,1.0,1.0,-2.0,-2.0
ALNS-B,Example6,6,0,repair,repair_gecode_fast,23,0.3382352941176471,6,0.2608695652173913,0.2608695652173913,0.13043478260869565,-2.0
ALNS-B,Example6,6,0,destroy,destroy_random_window_20pct,1,0.014705882352941176,1,1.0,1.0,-3.0,-3.0
ALNS-B,Example6,6,0,destroy,destroy_all_forbidden_sequences,11,0.16176470588235295,0,0.0,0.0,0.0,nan
ALNS-B,Example6,6,0,repair,repair_gecode_long,10,0.14705882352941177,0,0.0,0.0,2.3,nan
ALNS-B,Example6,6,0,destroy,destroy_worst_days_10pct,8,0.11764705882352941,0,0.0,0.0,0.0,nan
ALNS-B,Example6,6,0,destroy,destroy_max_border_shift_3,5,0.07352941176470588,0,0.0,0.0,0.0,nan
ALNS-B,Example6,6,0,repair,repair_chuffed_fast,13,0.19117647058823528,0,0.0,0.0,2.230769230769231,nan
ALNS-B,Example6,6,0,destroy,destroy_worst_workers_10pct,3,0.04411764705882353,0,0.0,0.0,0.0,nan
ALNS-B,Example6,6,0,destroy,destroy_exploration,10,0.14705882352941177,3,0.3,0.3,-0.6,-2.0
ALNS-B,Example6,6,0,repair,repair_exploration,10,0.14705882352941177,3,0.3,0.3,-0.6,-2.0
ALNS-B,Example6,6,0,destroy,destroy_max_border_work,7,0.10294117647058823,0,0.0,0.0,0.0,nan
ALNS-B,Example6,6,0,destroy,destroy_max_border_off,2,0.029411764705882353,0,0.0,0.0,0.0,nan
ALNS-B,Example6,6,0,destroy,destroy_max_border_shift_1,1,0.014705882352941176,0,0.0,0.0,0.0,nan
ALNS-B,Example6,6,1,destroy,destroy_random_window_20pct,1,0.008264462809917356,0,0.0,1.0,nan,nan
ALNS-B,Example6,6,1,repair,repair_chuffed_fast,40,0.3305785123966942,4,0.1,0.125,0.28205128205128205,-1.5
ALNS-B,Example6,6,1,destroy,destroy_random_workers_20pct,1,0.008264462809917356,1,1.0,1.0,-3.0,-3.0
ALNS-B,Example6,6,1,destroy,destroy_streak_around_worst_worker,23,0.19008264462809918,2,0.08695652173913043,0.08695652173913043,1.0434782608695652,-3.5
ALNS-B,Example6,6,1,repair,repair_chuffed_long,17,0.14049586776859505,1,0.058823529411764705,0.058823529411764705,-0.11764705882352941,-2.0
ALNS-B,Example6,6,1,destroy,destroy_worst_days_10pct,26,0.21487603305785125,4,0.15384615384615385,0.15384615384615385,-0.15384615384615385,-1.0
ALNS-B,Example6,6,1,repair,repair_gecode_long,19,0.15702479338842976,2,0.10526315789473684,0.10526315789473684,0.05263157894736842,-1.0
ALNS-B,Example6,6,1,destroy,destroy_all_forbidden_sequences,15,0.12396694214876033,1,0.06666666666666667,0.06666666666666667,-0.06666666666666667,-1.0
ALNS-B,Example6,6,1,repair,repair_gecode_fast,25,0.2066115702479339,1,0.04,0.04,0.24,-5.0
ALNS-B,Example6,6,1,destroy,destroy_max_border_work,3,0.024793388429752067,0,0.0,0.0,0.0,nan
ALNS-B,Example6,6,1,destroy,destroy_max_border_shift_3,9,0.0743801652892562,0,0.0,0.0,0.0,nan
ALNS-B,Example6,6,1,destroy,destroy_max_border_shift_1,4,0.03305785123966942,0,0.0,0.0,0.0,nan
ALNS-B,Example6,6,1,destroy,destroy_max_border_shift_2,5,0.04132231404958678,0,0.0,0.0,0.0,nan
ALNS-B,Example6,6,1,destroy,destroy_exploration,20,0.1652892561983471,1,0.05,0.05,-0.05,-1.0
ALNS-B,Example6,6,1,repair,repair_exploration,20,0.1652892561983471,1,0.05,0.05,-0.05,-1.0
ALNS-B,Example6,6,1,destroy,destroy_max_border_off,3,0.024793388429752067,0,0.0,0.0,0.0,nan
ALNS-B,Example6,6,1,destroy,destroy_worst_workers_10pct,11,0.09090909090909091,0,0.0,0.0,0.0,nan
ALNS-B,Example6,6,2,destroy,destroy_worst_workers_10pct,8,0.06557377049180328,0,0.0,0.125,0.0,nan
ALNS-B,Example6,6,2,repair,repair_gecode_long,16,0.13114754098360656,1,0.0625,0.125,-0.2,-3.0
ALNS-B,Example6,6,2,destroy,destroy_all_forbidden_sequences,20,0.16393442622950818,1,0.05,0.05,0.95,-2.0
ALNS-B,Example6,6,2,repair,repair_chuffed_fast,29,0.23770491803278687,3,0.10344827586206896,0.13793103448275862,1.9655172413793103,-2.3333333333333335
ALNS-B,Example6,6,2,destroy,destroy_max_border_work,2,0.01639344262295082,0,0.0,0.5,0.0,nan
ALNS-B,Example6,6,2,repair,repair_chuffed_long,24,0.19672131147540983,0,0.0,0.08333333333333333,0.0,nan
ALNS-B,Example6,6,2,destroy,destroy_worst_days_30pct,1,0.00819672131147541,0,0.0,0.0,4.0,nan
ALNS-B,Example6,6,2,repair,repair_gecode_fast,33,0.27049180327868855,3,0.09090909090909091,0.12121212121212122,0.696969696969697,-3.6666666666666665
ALNS-B,Example6,6,2,destroy,destroy_max_border_shift_2,5,0.040983606557377046,0,0.0,0.4,0.0,nan
ALNS-B,Example6,6,2,destroy,destroy_max_border_off,2,0.01639344262295082,0,0.0,0.5,0.0,nan
ALNS-B,Example6,6,2,destroy,destroy_streak_around_worst_worker,29,0.23770491803278687,5,0.1724137931034483,0.1724137931034483,2.1379310344827585,-2.2
ALNS-B,Example6,6,2,destroy,destroy_random_workers_20pct,1,0.00819672131147541,1,1.0,1.0,-8.0,-8.0
ALNS-B,Example6,6,2,destroy,destroy_max_border_shift_3,2,0.01639344262295082,0,0.0,0.0,0.0,nan
ALNS-B,Example6,6,2,destroy,destroy_max_border_shift_1,3,0.02459016393442623,0,0.0,0.0,0.0,nan
ALNS-B,Example6,6,2,destroy,destroy_worst_days_10pct,29,0.23770491803278687,0,0.0,0.0,0.0,nan
ALNS-B,Example6,6,2,destroy,destroy_exploration,20,0.16393442622950818,1,0.05,0.05,-0.05,-1.0
ALNS-B,Example6,6,2,repair,repair_exploration,20,0.16393442622950818,1,0.05,0.05,-0.05,-1.0
ALNS-B,Example7,7,0,destroy,destroy_max_border_off,2,0.09090909090909091,1,0.5,1.0,-37.0,-37.0
ALNS-B,Example7,7,0,repair,repair_chuffed_long,7,0.3181818181818182,1,0.14285714285714285,0.2857142857142857,153.83333333333334,-43.0
ALNS-B,Example7,7,0,destroy,destroy_random_window_20pct,7,0.3181818181818182,1,0.14285714285714285,0.14285714285714285,137.57142857142858,-252.0
ALNS-B,Example7,7,0,repair,repair_gecode_fast,4,0.18181818181818182,1,0.25,0.25,-35.5,-252.0
ALNS-B,Example7,7,0,destroy,destroy_worst_workers_30pct,2,0.09090909090909091,0,0.0,0.0,37.5,nan
ALNS-B,Example7,7,0,destroy,destroy_all_forbidden_sequences,2,0.09090909090909091,1,0.5,1.0,-21.5,-43.0
ALNS-B,Example7,7,0,destroy,destroy_random_workers_20pct,6,0.2727272727272727,1,0.16666666666666666,0.16666666666666666,26.166666666666668,-1.0
ALNS-B,Example7,7,0,repair,repair_chuffed_fast,9,0.4090909090909091,1,0.1111111111111111,0.2222222222222222,54.55555555555556,-1.0
ALNS-B,Example7,7,0,repair,repair_gecode_long,1,0.045454545454545456,1,1.0,1.0,-37.0,-37.0
ALNS-B,Example7,7,0,destroy,destroy_streak_around_worst_worker,2,0.09090909090909091,0,0.0,0.0,60.0,nan
ALNS-B,Example7,7,0,destroy,destroy_exploration,1,0.045454545454545456,0,0.0,0.0,48.0,nan
ALNS-B,Example7,7,0,repair,repair_exploration,1,0.045454545454545456,0,0.0,0.0,48.0,nan
ALNS-B,Example7,7,1,destroy,destroy_max_border_off,5,0.1388888888888889,4,0.8,1.0,-16.75,-16.75
ALNS-B,Example7,7,1,repair,repair_chuffed_fast,25,0.6944444444444444,7,0.28,0.32,55.583333333333336,-26.285714285714285
ALNS-B,Example7,7,1,destroy,destroy_worst_workers_30pct,1,0.027777777777777776,1,1.0,1.0,-98.0,-98.0
ALNS-B,Example7,7,1,destroy,destroy_random_window_20pct,23,0.6388888888888888,3,0.13043478260869565,0.13043478260869565,95.43478260869566,-18.0
ALNS-B,Example7,7,1,destroy,destroy_all_forbidden_sequences,1,0.027777777777777776,1,1.0,1.0,-3.0,-3.0
ALNS-B,Example7,7,1,repair,repair_gecode_fast,7,0.19444444444444445,1,0.14285714285714285,0.14285714285714285,118.85714285714286,-25.0
ALNS-B,Example7,7,1,destroy,destroy_random_workers_20pct,6,0.16666666666666666,0,0.0,0.16666666666666666,36.166666666666664,nan
ALNS-B,Example7,7,1,repair,repair_chuffed_long,3,0.08333333333333333,1,0.3333333333333333,0.6666666666666666,23.333333333333332,-13.0
ALNS-B,Example7,7,1,repair,repair_gecode_long,1,0.027777777777777776,0,0.0,0.0,8.0,nan
ALNS-B,Example7,7,2,destroy,destroy_worst_workers_10pct,1,0.041666666666666664,0,0.0,1.0,nan,nan
ALNS-B,Example7,7,2,repair,repair_gecode_long,6,0.25,1,0.16666666666666666,0.3333333333333333,38.2,-2.0
ALNS-B,Example7,7,2,destroy,destroy_max_border_off,3,0.125,3,1.0,1.0,-46.333333333333336,-46.333333333333336
ALNS-B,Example7,7,2,repair,repair_chuffed_fast,9,0.375,3,0.3333333333333333,0.4444444444444444,20.444444444444443,-47.333333333333336
ALNS-B,Example7,7,2,destroy,destroy_all_forbidden_sequences,2,0.08333333333333333,2,1.0,1.0,-124.0,-124.0
ALNS-B,Example7,7,2,repair,repair_gecode_fast,6,0.25,2,0.3333333333333333,0.3333333333333333,-1.3333333333333333,-124.0
ALNS-B,Example7,7,2,destroy,destroy_streak_around_worst_worker,3,0.125,0,0.0,0.0,154.0,nan
ALNS-B,Example7,7,2,destroy,destroy_random_window_20pct,7,0.2916666666666667,0,0.0,0.0,54.57142857142857,nan
ALNS-B,Example7,7,2,destroy,destroy_random_workers_20pct,7,0.2916666666666667,2,0.2857142857142857,0.2857142857142857,24.714285714285715,-16.5
ALNS-B,Example7,7,2,repair,repair_chuffed_long,3,0.125,1,0.3333333333333333,0.3333333333333333,87.66666666666667,-28.0
ALNS-B,Example7,7,2,destroy,destroy_max_border_shift_1,1,0.041666666666666664,0,0.0,1.0,0.0,nan
ALNS-B,Example8,8,0,destroy,destroy_max_border_off,4,0.058823529411764705,2,0.5,0.75,-3.6666666666666665,-5.5
ALNS-B,Example8,8,0,repair,repair_chuffed_long,17,0.25,5,0.29411764705882354,0.35294117647058826,2.875,-7.6
ALNS-B,Example8,8,0,destroy,destroy_random_window_20pct,5,0.07352941176470588,1,0.2,0.6,9.6,-6.0
ALNS-B,Example8,8,0,repair,repair_gecode_fast,21,0.3088235294117647,2,0.09523809523809523,0.19047619047619047,7.809523809523809,-7.5
ALNS-B,Example8,8,0,destroy,destroy_worst_days_30pct,1,0.014705882352941176,0,0.0,0.0,24.0,nan
ALNS-B,Example8,8,0,destroy,destroy_random_days_20pct,1,0.014705882352941176,0,0.0,0.0,5.0,nan
ALNS-B,Example8,8,0,destroy,destroy_all_forbidden_sequences,8,0.11764705882352941,1,0.125,0.125,-3.875,-31.0
ALNS-B,Example8,8,0,destroy,destroy_worst_workers_30pct,1,0.014705882352941176,0,0.0,0.0,33.0,nan
ALNS-B,Example8,8,0,destroy,destroy_random_workers_20pct,4,0.058823529411764705,0,0.0,0.0,20.75,nan
ALNS-B,Example8,8,0,destroy,destroy_streak_around_worst_worker,7,0.10294117647058823,0,0.0,0.0,82.42857142857143,nan
ALNS-B,Example8,8,0,repair,repair_chuffed_fast,22,0.3235294117647059,2,0.09090909090909091,0.09090909090909091,23.136363636363637,-2.0
ALNS-B,Example8,8,0,destroy,destroy_exploration,5,0.07352941176470588,2,0.4,0.4,-1.4,-3.5
ALNS-B,Example8,8,0,repair,repair_exploration,5,0.07352941176470588,2,0.4,0.4,-1.4,-3.5
ALNS-B,Example8,8,0,destroy,destroy_worst_workers_10pct,28,0.4117647058823529,6,0.21428571428571427,0.21428571428571427,-0.39285714285714285,-1.8333333333333333
ALNS-B,Example8,8,0,repair,repair_gecode_long,3,0.04411764705882353,1,0.3333333333333333,0.3333333333333333,-0.6666666666666666,-2.0
ALNS-B,Example8,8,0,destroy,destroy_max_border_shift_2,1,0.014705882352941176,0,0.0,0.0,0.0,nan
ALNS-B,Example8,8,0,destroy,destroy_max_border_work,1,0.014705882352941176,0,0.0,0.0,0.0,nan
ALNS-B,Example8,8,0,destroy,destroy_worst_days_10pct,2,0.029411764705882353,0,0.0,0.0,0.0,nan
ALNS-B,Example8,8,1,destroy,destroy_max_border_off,4,0.12121212121212122,1,0.25,0.5,-6.333333333333333,-19.0
ALNS-B,Example8,8,1,repair,repair_chuffed_fast,11,0.3333333333333333,3,0.2727272727272727,0.36363636363636365,23.7,-4.333333333333333
ALNS-B,Example8,8,1,destroy,destroy_worst_workers_30pct,1,0.030303030303030304,1,1.0,1.0,-7.0,-7.0
ALNS-B,Example8,8,1,destroy,destroy_worst_days_10pct,5,0.15151515151515152,2,0.4,0.4,-1.2,-3.0
ALNS-B,Example8,8,1,destroy,destroy_worst_workers_10pct,7,0.21212121212121213,5,0.7142857142857143,0.7142857142857143,-3.0,-4.2
ALNS-B,Example8,8,1,repair,repair_gecode_fast,11,0.3333333333333333,4,0.36363636363636365,0.36363636363636365,11.0,-9.5
ALNS-B,Example8,8,1,destroy,destroy_streak_around_worst_worker,8,0.24242424242424243,0,0.0,0.0,68.25,nan
ALNS-B,Example8,8,1,destroy,destroy_random_window_20pct,1,0.030303030303030304,1,1.0,1.0,-4.0,-4.0
ALNS-B,Example8,8,1,destroy,destroy_all_forbidden_sequences,4,0.12121212121212122,1,0.25,0.25,-0.25,-1.0
ALNS-B,Example8,8,1,repair,repair_gecode_long,4,0.12121212121212122,1,0.25,0.25,8.5,-1.0
ALNS-B,Example8,8,1,destroy,destroy_max_border_shift_3,1,0.030303030303030304,0,0.0,0.0,0.0,nan
ALNS-B,Example8,8,1,repair,repair_chuffed_long,6,0.18181818181818182,3,0.5,0.5,16.0,-2.0
ALNS-B,Example8,8,1,destroy,destroy_max_border_shift_1,1,0.030303030303030304,0,0.0,0.0,0.0,nan
ALNS-B,Example8,8,1,destroy,destroy_exploration,1,0.030303030303030304,0,0.0,0.0,26.0,nan
ALNS-B,Example8,8,1,repair,repair_exploration,1,0.030303030303030304,0,0.0,0.0,26.0,nan
ALNS-B,Example8,8,2,destroy,destroy_worst_workers_10pct,7,0.25,3,0.42857142857142855,0.5714285714285714,-1.6666666666666667,-3.3333333333333335
ALNS-B,Example8,8,2,repair,repair_gecode_long,6,0.21428571428571427,0,0.0,0.16666666666666666,27.4,nan
ALNS-B,Example8,8,2,destroy,destroy_max_border_off,3,0.10714285714285714,1,0.3333333333333333,0.3333333333333333,-0.3333333333333333,-1.0
ALNS-B,Example8,8,2,repair,repair_chuffed_fast,10,0.35714285714285715,1,0.1,0.1,-0.1,-1.0
ALNS-B,Example8,8,2,destroy,destroy_all_forbidden_sequences,3,0.10714285714285714,1,0.3333333333333333,0.3333333333333333,-15.0,-45.0
ALNS-B,Example8,8,2,repair,repair_gecode_fast,6,0.21428571428571427,2,0.3333333333333333,0.3333333333333333,3.5,-24.0
ALNS-B,Example8,8,2,destroy,destroy_streak_around_worst_worker,6,0.21428571428571427,0,0.0,0.0,62.0,nan
ALNS-B,Example8,8,2,repair,repair_chuffed_long,5,0.17857142857142858,2,0.4,0.4,31.8,-3.5
ALNS-B,Example8,8,2,destroy,destroy_max_border_work,4,0.14285714285714285,0,0.0,0.0,0.0,nan
ALNS-B,Example8,8,2,destroy,destroy_max_border_shift_1,1,0.03571428571428571,0,0.0,0.0,0.0,nan
ALNS-B,Example8,8,2,destroy,destroy_worst_days_10pct,1,0.03571428571428571,0,0.0,0.0,0.0,nan
ALNS-B,Example8,8,2,destroy,destroy_max_border_shift_2,1,0.03571428571428571,0,0.0,0.0,0.0,nan
ALNS-B,Example8,8,2,destroy,destroy_max_border_shift_3,1,0.03571428571428571,0,0.0,0.0,0.0,nan
ALNS-B,Example8,8,2,destroy,destroy_exploration,1,0.03571428571428571,0,0.0,0.0,15.0,nan
ALNS-B,Example8,8,2,repair,repair_exploration,1,0.03571428571428571,0,0.0,0.0,15.0,nan
ALNS-B,Example9,9,0,destroy,destroy_max_border_off,2,0.1,1,0.5,1.0,-22.0,-22.0
ALNS-B,Example9,9,0,repair,repair_chuffed_long,4,0.2,0,0.0,0.25,106.0,nan
ALNS-B,Example9,9,0,destroy,destroy_random_window_20pct,10,0.5,1,0.1,0.1,79.7,-203.0
ALNS-B,Example9,9,0,repair,repair_gecode_fast,7,0.35,2,0.2857142857142857,0.2857142857142857,72.0,-111.5
ALNS-B,Example9,9,0,destroy,destroy_all_forbidden_sequences,1,0.05,1,1.0,1.0,-20.0,-20.0
ALNS-B,Example9,9,0,destroy,destroy_random_workers_20pct,5,0.25,0,0.0,0.0,74.6,nan
ALNS-B,Example9,9,0,repair,repair_chuffed_fast,8,0.4,1,0.125,0.125,91.875,-22.0
ALNS-B,Example9,9,0,destroy,destroy_worst_workers_30pct,1,0.05,0,0.0,0.0,429.0,nan
ALNS-B,Example9,9,0,destroy,destroy_exploration,1,0.05,0,0.0,0.0,280.0,nan
ALNS-B,Example9,9,0,repair,repair_exploration,1,0.05,0,0.0,0.0,280.0,nan
ALNS-B,Example9,9,1,destroy,destroy_max_border_off,2,0.10526315789473684,1,0.5,1.0,-28.0,-28.0
ALNS-B,Example9,9,1,repair,repair_chuffed_fast,9,0.47368421052631576,2,0.2222222222222222,0.3333333333333333,43.375,-128.0
ALNS-B,Example9,9,1,destroy,destroy_worst_workers_30pct,2,0.10526315789473684,0,0.0,0.0,167.0,nan
ALNS-B,Example9,9,1,destroy,destroy_random_window_20pct,9,0.47368421052631576,1,0.1111111111111111,0.1111111111111111,46.77777777777778,-228.0
ALNS-B,Example9,9,1,destroy,destroy_all_forbidden_sequences,1,0.05263157894736842,0,0.0,1.0,0.0,nan
ALNS-B,Example9,9,1,repair,repair_gecode_fast,5,0.2631578947368421,0,0.0,0.2,96.4,nan
ALNS-B,Example9,9,1,repair,repair_gecode_long,2,0.10526315789473684,0,0.0,0.0,45.5,nan
ALNS-B,Example9,9,1,destroy,destroy_random_workers_20pct,3,0.15789473684210525,0,0.0,0.0,91.33333333333333,nan
ALNS-B,Example9,9,1,repair,repair_chuffed_long,1,0.05263157894736842,0,0.0,0.0,81.0,nan
ALNS-B,Example9,9,1,destroy,destroy_exploration,2,0.10526315789473684,1,0.5,0.5,7.0,-29.0
ALNS-B,Example9,9,1,repair,repair_exploration,2,0.10526315789473684,1,0.5,0.5,7.0,-29.0
ALNS-B,Example9,9,2,destroy,destroy_worst_workers_10pct,1,0.06666666666666667,0,0.0,1.0,nan,nan
ALNS-B,Example9,9,2,repair,repair_gecode_long,3,0.2,0,0.0,0.3333333333333333,106.5,nan
ALNS-B,Example9,9,2,destroy,destroy_max_border_off,1,0.06666666666666667,1,1.0,1.0,-78.0,-78.0
ALNS-B,Example9,9,2,repair,repair_chuffed_fast,8,0.5333333333333333,1,0.125,0.125,142.125,-78.0
ALNS-B,Example9,9,2,destroy,destroy_all_forbidden_sequences,1,0.06666666666666667,1,1.0,1.0,-72.0,-72.0
ALNS-B,Example9,9,2,repair,repair_gecode_fast,2,0.13333333333333333,1,0.5,0.5,-24.5,-72.0
ALNS-B,Example9,9,2,destroy,destroy_streak_around_worst_worker,2,0.13333333333333333,0,0.0,0.0,284.0,nan
ALNS-B,Example9,9,2,destroy,destroy_random_window_20pct,3,0.2,0,0.0,0.0,70.66666666666667,nan
ALNS-B,Example9,9,2,destroy,destroy_random_workers_20pct,4,0.26666666666666666,0,0.0,0.0,118.25,nan
ALNS-B,Example9,9,2,destroy,destroy_worst_workers_30pct,1,0.06666666666666667,0,0.0,0.0,198.0,nan
ALNS-B,Example9,9,2,destroy,destroy_exploration,2,0.13333333333333333,0,0.0,0.0,31.0,nan
ALNS-B,Example9,9,2,repair,repair_exploration,2,0.13333333333333333,0,0.0,0.0,31.0,nan
ALNS-B,Example10,10,0,destroy,destroy_max_border_off,2,0.09090909090909091,1,0.5,1.0,-15.0,-15.0
ALNS-B,Example10,10,0,repair,repair_chuffed_long,3,0.13636363636363635,0,0.0,0.3333333333333333,29.5,nan
ALNS-B,Example10,10,0,destroy,destroy_random_window_20pct,10,0.45454545454545453,2,0.2,0.2,48.2,-187.5
ALNS-B,Example10,10,0,repair,repair_gecode_fast,8,0.36363636363636365,3,0.375,0.5,37.5,-130.0
ALNS-B,Example10,10,0,destroy,destroy_all_forbidden_sequences,2,0.09090909090909091,1,0.5,1.0,-3.5,-7.0
ALNS-B,Example10,10,0,repair,repair_chuffed_fast,8,0.36363636363636365,2,0.25,0.25,41.25,-11.0
ALNS-B,Example10,10,0,destroy,destroy_random_workers_20pct,6,0.2727272727272727,1,0.16666666666666666,0.16666666666666666,24.0,-15.0
ALNS-B,Example10,10,0,repair,repair_gecode_long,2,0.09090909090909091,0,0.0,0.0,49.5,nan
ALNS-B,Example10,10,0,destroy,destroy_worst_workers_30pct,1,0.045454545454545456,0,0.0,0.0,184.0,nan
ALNS-B,Example10,10,0,destroy,destroy_exploration,1,0.045454545454545456,0,0.0,0.0,18.0,nan
ALNS-B,Example10,10,0,repair,repair_exploration,1,0.045454545454545456,0,0.0,0.0,18.0,nan
ALNS-B,Example10,10,1,destroy,destroy_max_border_off,3,0.11538461538461539,2,0.6666666666666666,1.0,-46.0,-46.0
ALNS-B,Example10,10,1,repair,repair_chuffed_fast,18,0.6923076923076923,5,0.2777777777777778,0.3888888888888889,7.588235294117647,-88.0
ALNS-B,Example10,10,1,destroy,destroy_worst_workers_30pct,2,0.07692307692307693,1,0.5,0.5,-123.5,-293.0
ALNS-B,Example10,10,1,destroy,destroy_random_window_20pct,11,0.4230769230769231,2,0.18181818181818182,0.36363636363636365,17.727272727272727,-25.0
ALNS-B,Example10,10,1,destroy,destroy_all_forbidden_sequences,2,0.07692307692307693,1,0.5,1.0,-3.0,-6.0
ALNS-B,Example10,10,1,repair,repair_gecode_fast,3,0.11538461538461539,1,0.3333333333333333,0.6666666666666666,7.333333333333333,-1.0
ALNS-B,Example10,10,1,destroy,destroy_random_workers_20pct,3,0.11538461538461539,0,0.0,0.0,55.333333333333336,nan
ALNS-B,Example10,10,1,repair,repair_gecode_long,1,0.038461538461538464,0,0.0,0.0,38.0,nan
ALNS-B,Example10,10,1,destroy,destroy_worst_days_30pct,2,0.07692307692307693,0,0.0,0.0,58.5,nan
ALNS-B,Example10,10,1,repair,repair_chuffed_long,3,0.11538461538461539,0,0.0,0.3333333333333333,33.333333333333336,nan
ALNS-B,Example10,10,1,destroy,destroy_random_days_20pct,2,0.07692307692307693,0,0.0,0.0,78.0,nan
ALNS-B,Example10,10,1,destroy,destroy_exploration,1,0.038461538461538464,0,0.0,0.0,28.0,nan
ALNS-B,Example10,10,1,repair,repair_exploration,1,0.038461538461538464,0,0.0,0.0,28.0,nan
ALNS-B,Example10,10,2,destroy,destroy_worst_workers_10pct,2,0.09523809523809523,1,0.5,1.0,-1.0,-1.0
ALNS-B,Example10,10,2,repair,repair_gecode_long,8,0.38095238095238093,2,0.25,0.5,16.142857142857142,-24.5
ALNS-B,Example10,10,2,destroy,destroy_max_border_off,2,0.09523809523809523,2,1.0,1.0,-13.0,-13.0
ALNS-B,Example10,10,2,repair,repair_chuffed_fast,5,0.23809523809523808,1,0.2,0.2,44.8,-12.0
ALNS-B,Example10,10,2,destroy,destroy_all_forbidden_sequences,3,0.14285714285714285,2,0.6666666666666666,1.0,-147.0,-220.5
ALNS-B,Example10,10,2,repair,repair_gecode_fast,6,0.2857142857142857,3,0.5,0.5,-30.833333333333332,-151.66666666666666
ALNS-B,Example10,10,2,destroy,destroy_max_border_shift_2,1,0.047619047619047616,1,1.0,1.0,-48.0,-48.0
ALNS-B,Example10,10,2,destroy,destroy_streak_around_worst_worker,2,0.09523809523809523,0,0.0,0.0,127.0,nan
ALNS-B,Example10,10,2,destroy,destroy_random_window_20pct,4,0.19047619047619047,0,0.0,0.0,39.75,nan
ALNS-B,Example10,10,2,destroy,destroy_worst_workers_30pct,1,0.047619047619047616,0,0.0,0.0,59.0,nan
ALNS-B,Example10,10,2,destroy,destroy_random_workers_20pct,4,0.19047619047619047,0,0.0,0.0,49.0,nan
ALNS-B,Example10,10,2,destroy,destroy_exploration,2,0.09523809523809523,0,0.0,0.0,52.0,nan
ALNS-B,Example10,10,2,repair,repair_exploration,2,0.09523809523809523,0,0.0,0.0,52.0,nan
ALNS-B,Example11,11,0,destroy,destroy_max_border_off,3,0.10344827586206896,2,0.6666666666666666,1.0,-14.0,-14.0
ALNS-B,Example11,11,0,repair,repair_chuffed_long,3,0.10344827586206896,0,0.0,0.3333333333333333,34.0,nan
ALNS-B,Example11,11,0,destroy,destroy_random_window_20pct,8,0.27586206896551724,1,0.125,0.125,-81.0,-954.0
ALNS-B,Example11,11,0,repair,repair_gecode_fast,16,0.5517241379310345,5,0.3125,0.3125,-28.0,-197.4
ALNS-B,Example11,11,0,destroy,destroy_all_forbidden_sequences,3,0.10344827586206896,2,0.6666666666666666,1.0,-1.6666666666666667,-2.5
ALNS-B,Example11,11,0,destroy,destroy_random_workers_20pct,9,0.3103448275862069,1,0.1111111111111111,0.1111111111111111,32.666666666666664,-48.0
ALNS-B,Example11,11,0,repair,repair_gecode_long,5,0.1724137931034483,1,0.2,0.4,9.2,-48.0
ALNS-B,Example11,11,0,destroy,destroy_worst_workers_30pct,3,0.10344827586206896,0,0.0,0.0,62.0,nan
ALNS-B,Example11,11,0,repair,repair_chuffed_fast,5,0.1724137931034483,1,0.2,0.2,38.8,-16.0
ALNS-B,Example11,11,0,destroy,destroy_max_border_shift_1,1,0.034482758620689655,1,1.0,1.0,-16.0,-16.0
ALNS-B,Example11,11,0,destroy,destroy_worst_days_30pct,1,0.034482758620689655,0,0.0,0.0,39.0,nan
ALNS-B,Example11,11,0,destroy,destroy_random_days_20pct,1,0.034482758620689655,0,0.0,0.0,38.0,nan
ALNS-B,Example11,11,1,destroy,destroy_max_border_shift_1,1,0.05263157894736842,0,0.0,1.0,nan,nan
ALNS-B,Example11,11,1,repair,repair_chuffed_fast,6,0.3157894736842105,1,0.16666666666666666,0.5,25.8,-4.0
ALNS-B,Example11,11,1,destroy,destroy_random_window_20pct,3,0.15789473684210525,1,0.3333333333333333,0.6666666666666666,0.3333333333333333,-116.0
ALNS-B,Example11,11,1,repair,repair_gecode_fast,8,0.42105263157894735,3,0.375,0.375,37.625,-44.0
ALNS-B,Example11,11,1,destroy,destroy_worst_workers_10pct,2,0.10526315789473684,0,0.0,0.0,4.5,nan
ALNS-B,Example11,11,1,destroy,destroy_max_border_off,2,0.10526315789473684,2,1.0,1.0,-8.0,-8.0
ALNS-B,Example11,11,1,destroy,destroy_all_forbidden_sequences,1,0.05263157894736842,1,1.0,1.0,-4.0,-4.0
ALNS-B,Example11,11,1,destroy,destroy_random_workers_20pct,3,0.15789473684210525,0,0.0,0.0,55.666666666666664,nan
ALNS-B,Example11,11,1,destroy,destroy_streak_around_worst_worker,1,0.05263157894736842,0,0.0,0.0,350.0,nan
ALNS-B,Example11,11,1,repair,repair_chuffed_long,2,0.10526315789473684,0,0.0,0.0,195.5,nan
ALNS-B,Example11,11,1,destroy,destroy_worst_workers_30pct,3,0.15789473684210525,0,0.0,0.0,125.66666666666667,nan
ALNS-B,Example11,11,1,repair,repair_gecode_long,1,0.05263157894736842,0,0.0,0.0,119.0,nan
ALNS-B,Example11,11,1,destroy,destroy_worst_days_30pct,1,0.05263157894736842,0,0.0,0.0,56.0,nan
ALNS-B,Example11,11,1,destroy,destroy_exploration,2,0.10526315789473684,0,0.0,0.0,103.5,nan
ALNS-B,Example11,11,1,repair,repair_exploration,2,0.10526315789473684,0,0.0,0.0,103.5,nan
ALNS-B,Example11,11,2,destroy,destroy_worst_workers_10pct,1,0.03571428571428571,0,0.0,1.0,nan,nan
ALNS-B,Example11,11,2,repair,repair_gecode_long,4,0.14285714285714285,0,0.0,0.25,63.666666666666664,nan
ALNS-B,Example11,11,2,destroy,destroy_max_border_shift_1,1,0.03571428571428571,1,1.0,1.0,-773.0,-773.0
ALNS-B,Example11,11,2,repair,repair_chuffed_fast,7,0.25,2,0.2857142857142857,0.42857142857142855,-78.42857142857143,-387.0
ALNS-B,Example11,11,2,destroy,destroy_all_forbidden_sequences,2,0.07142857142857142,2,1.0,1.0,-55.5,-55.5
ALNS-B,Example11,11,2,repair,repair_gecode_fast,13,0.4642857142857143,3,0.23076923076923078,0.23076923076923078,49.84615384615385,-48.666666666666664
ALNS-B,Example11,11,2,destroy,destroy_random_window_20pct,10,0.35714285714285715,0,0.0,0.0,62.0,nan
ALNS-B,Example11,11,2,destroy,destroy_random_workers_20pct,8,0.2857142857142857,0,0.0,0.0,41.125,nan
ALNS-B,Example11,11,2,destroy,destroy_max_border_off,2,0.07142857142857142,1,0.5,1.0,-17.5,-35.0
ALNS-B,Example11,11,2,repair,repair_chuffed_long,3,0.10714285714285714,0,0.0,0.0,61.666666666666664,nan
ALNS-B,Example11,11,2,destroy,destroy_streak_around_worst_worker,1,0.03571428571428571,0,0.0,0.0,351.0,nan
ALNS-B,Example11,11,2,destroy,destroy_max_border_shift_2,1,0.03571428571428571,1,1.0,1.0,-1.0,-1.0
ALNS-B,Example11,11,2,destroy,destroy_random_days_20pct,1,0.03571428571428571,0,0.0,0.0,95.0,nan
ALNS-B,Example11,11,2,destroy,destroy_exploration,1,0.03571428571428571,0,0.0,0.0,45.0,nan
ALNS-B,Example11,11,2,repair,repair_exploration,1,0.03571428571428571,0,0.0,0.0,45.0,nan
ALNS-B,Example12,12,0,destroy,destroy_streak_around_worst_worker,2,0.06060606060606061,0,0.0,0.5,66.0,nan
ALNS-B,Example12,12,0,repair,repair_chuffed_long,5,0.15151515151515152,1,0.2,0.4,14.75,-2.0
ALNS-B,Example12,12,0,destroy,destroy_random_days_20pct,4,0.12121212121212122,1,0.25,0.25,-54.75,-289.0
ALNS-B,Example12,12,0,repair,repair_gecode_fast,12,0.36363636363636365,2,0.16666666666666666,0.3333333333333333,-16.5,-148.5
ALNS-B,Example12,12,0,destroy,destroy_max_border_shift_2,1,0.030303030303030304,1,1.0,1.0,-2.0,-2.0
ALNS-B,Example12,12,0,repair,repair_chuffed_fast,11,0.3333333333333333,5,0.45454545454545453,0.5454545454545454,14.090909090909092,-8.8
ALNS-B,Example12,12,0,destroy,destroy_worst_days_30pct,2,0.06060606060606061,0,0.0,0.0,55.0,nan
ALNS-B,Example12,12,0,destroy,destroy_random_window_20pct,8,0.24242424242424243,3,0.375,0.5,5.25,-10.666666666666666
ALNS-B,Example12,12,0,destroy,destroy_max_border_off,4,0.12121212121212122,4,1.0,1.0,-9.5,-9.5
ALNS-B,Example12,12,0,repair,repair_gecode_long,5,0.15151515151515152,2,0.4,0.4,18.0,-10.0
ALNS-B,Example12,12,0,destroy,destroy_worst_workers_30pct,3,0.09090909090909091,0,0.0,0.0,26.0,nan
ALNS-B,Example12,12,0,destroy,destroy_random_workers_20pct,8,0.24242424242424243,0,0.0,0.25,8.875,nan
ALNS-B,Example12,12,0,destroy,destroy_all_forbidden_sequences,1,0.030303030303030304,1,1.0,1.0,-2.0,-2.0
ALNS-B,Example12,12,1,destroy,destroy_max_border_shift_1,1,0.02857142857142857,0,0.0,1.0,nan,nan
ALNS-B,Example12,12,1,repair,repair_chuffed_fast,9,0.2571428571428571,2,0.2222222222222222,0.3333333333333333,27.375,-5.0
ALNS-B,Example12,12,1,destroy,destroy_random_window_20pct,8,0.22857142857142856,5,0.625,0.625,-5.25,-33.6
ALNS-B,Example12,12,1,repair,repair_gecode_fast,15,0.42857142857142855,6,0.4,0.5333333333333333,-2.466666666666667,-30.333333333333332
ALNS-B,Example12,12,1,destroy,destroy_worst_workers_10pct,4,0.11428571428571428,2,0.5,0.5,-2.0,-4.0
ALNS-B,Example12,12,1,destroy,destroy_streak_around_worst_worker,4,0.11428571428571428,1,0.25,0.25,43.5,-3.0
ALNS-B,Example12,12,1,repair,repair_chuffed_long,11,0.3142857142857143,3,0.2727272727272727,0.2727272727272727,21.181818181818183,-3.6666666666666665
ALNS-B,Example12,12,1,destroy,destroy_worst_days_30pct,2,0.05714285714285714,0,0.0,0.0,57.0,nan
ALNS-B,Example12,12,1,destroy,destroy_worst_workers_30pct,3,0.08571428571428572,0,0.0,0.0,26.666666666666668,nan
ALNS-B,Example12,12,1,destroy,destroy_random_workers_20pct,7,0.2,0,0.0,0.14285714285714285,17.285714285714285,nan
ALNS-B,Example12,12,1,destroy,destroy_all_forbidden_sequences,3,0.08571428571428572,1,0.3333333333333333,0.6666666666666666,-5.0,-15.0
ALNS-B,Example12,12,1,destroy,destroy_max_border_off,2,0.05714285714285714,1,0.5,0.5,-4.0,-8.0
ALNS-B,Example12,12,1,destroy,destroy_worst_days_10pct,1,0.02857142857142857,1,1.0,1.0,-1.0,-1.0
ALNS-B,Example12,12,2,destroy,destroy_max_border_shift_2,1,0.043478260869565216,0,0.0,1.0,nan,nan
ALNS-B,Example12,12,2,repair,repair_gecode_long,3,0.13043478260869565,0,0.0,0.3333333333333333,11.5,nan
ALNS-B,Example12,12,2,destroy,destroy_worst_workers_30pct,4,0.17391304347826086,1,0.25,0.25,-1.25,-97.0
ALNS-B,Example12,12,2,repair,repair_chuffed_fast,8,0.34782608695652173,3,0.375,0.375,-4.125,-44.333333333333336
ALNS-B,Example12,12,2,destroy,destroy_random_days_20pct,4,0.17391304347826086,1,0.25,0.25,2.0,-40.0
ALNS-B,Example12,12,2,repair,repair_chuffed_long,3,0.13043478260869565,2,0.6666666666666666,0.6666666666666666,-9.333333333333334,-22.5
ALNS-B,Example12,12,2,destroy,destroy_worst_days_30pct,2,0.08695652173913043,0,0.0,0.0,32.5,nan
ALNS-B,Example12,12,2,repair,repair_gecode_fast,7,0.30434782608695654,1,0.14285714285714285,0.2857142857142857,12.857142857142858,-22.0
ALNS-B,Example12,12,2,destroy,destroy_streak_around_worst_worker,1,0.043478260869565216,1,1.0,1.0,-18.0,-18.0
ALNS-B,Example12,12,2,destroy,destroy_random_workers_20pct,3,0.13043478260869565,0,0.0,0.3333333333333333,7.0,nan
ALNS-B,Example12,12,2,destroy,destroy_all_forbidden_sequences,1,0.043478260869565216,1,1.0,1.0,-5.0,-5.0
ALNS-B,Example12,12,2,destroy,destroy_random_window_20pct,5,0.21739130434782608,2,0.4,0.4,-2.8,-20.0
ALNS-B,Example12,12,2,destroy,destroy_exploration,2,0.08695652173913043,1,0.5,1.0,-6.0,-13.0
ALNS-B,Example12,12,2,repair,repair_exploration,2,0.08695652173913043,1,0.5,1.0,-6.0,-13.0
ALNS-B,Example13,13,0,destroy,destroy_max_border_off,4,0.14814814814814814,3,0.75,1.0,-16.0,-16.0
ALNS-B,Example13,13,0,repair,repair_chuffed_long,2,0.07407407407407407,0,0.0,1.0,1.0,nan
ALNS-B,Example13,13,0,destroy,destroy_random_window_20pct,9,0.3333333333333333,2,0.2222222222222222,0.4444444444444444,-13.88888888888889,-173.0
ALNS-B,Example13,13,0,repair,repair_gecode_fast,12,0.4444444444444444,3,0.25,0.4166666666666667,-0.75,-120.33333333333333
ALNS-B,Example13,13,0,destroy,destroy_all_forbidden_sequences,1,0.037037037037037035,1,1.0,1.0,-2.0,-2.0
ALNS-B,Example13,13,0,repair,repair_gecode_long,6,0.2222222222222222,2,0.3333333333333333,0.3333333333333333,46.166666666666664,-3.0
ALNS-B,Example13,13,0,destroy,destroy_worst_workers_30pct,6,0.2222222222222222,0,0.0,0.0,86.33333333333333,nan
ALNS-B,Example13,13,0,repair,repair_chuffed_fast,6,0.2222222222222222,1,0.16666666666666666,0.16666666666666666,56.5,-29.0
ALNS-B,Example13,13,0,destroy,destroy_random_workers_20pct,4,0.14814814814814814,0,0.0,0.25,27.75,nan
ALNS-B,Example13,13,0,destroy,destroy_worst_days_30pct,2,0.07407407407407407,0,0.0,0.0,77.0,nan
ALNS-B,Example13,13,0,destroy,destroy_exploration,1,0.037037037037037035,0,0.0,0.0,23.0,nan
ALNS-B,Example13,13,0,repair,repair_exploration,1,0.037037037037037035,0,0.0,0.0,23.0,nan
ALNS-B,Example13,13,1,destroy,destroy_max_border_shift_1,1,0.04,0,0.0,1.0,nan,nan
ALNS-B,Example13,13,1,repair,repair_chuffed_fast,10,0.4,1,0.1,0.2,61.666666666666664,-19.0
ALNS-B,Example13,13,1,destroy,destroy_random_window_20pct,5,0.2,2,0.4,0.4,21.6,-39.0
ALNS-B,Example13,13,1,repair,repair_gecode_fast,8,0.32,2,0.25,0.25,28.75,-39.0
ALNS-B,Example13,13,1,destroy,destroy_max_border_off,2,0.08,2,1.0,1.0,-17.0,-17.0
ALNS-B,Example13,13,1,destroy,destroy_all_forbidden_sequences,1,0.04,1,1.0,1.0,-7.0,-7.0
ALNS-B,Example13,13,1,repair,repair_gecode_long,2,0.08,1,0.5,0.5,4.0,-7.0
ALNS-B,Example13,13,1,destroy,destroy_worst_workers_30pct,2,0.08,0,0.0,0.0,72.0,nan
ALNS-B,Example13,13,1,destroy,destroy_random_workers_20pct,6,0.24,0,0.0,0.0,32.166666666666664,nan
ALNS-B,Example13,13,1,destroy,destroy_streak_around_worst_worker,3,0.12,0,0.0,0.0,121.0,nan
ALNS-B,Example13,13,1,repair,repair_chuffed_long,4,0.16,1,0.25,0.25,47.25,-15.0
ALNS-B,Example13,13,1,destroy,destroy_random_days_20pct,3,0.12,0,0.0,0.0,48.333333333333336,nan
ALNS-B,Example13,13,1,destroy,destroy_worst_days_30pct,1,0.04,0,0.0,0.0,70.0,nan
ALNS-B,Example13,13,1,destroy,destroy_exploration,1,0.04,0,0.0,0.0,56.0,nan
ALNS-B,Example13,13,1,repair,repair_exploration,1,0.04,0,0.0,0.0,56.0,nan
ALNS-B,Example13,13,2,destroy,destroy_worst_workers_10pct,1,0.047619047619047616,0,0.0,1.0,nan,nan
ALNS-B,Example13,13,2,repair,repair_gecode_long,4,0.19047619047619047,0,0.0,0.25,34.666666666666664,nan
ALNS-B,Example13,13,2,destroy,destroy_max_border_shift_1,1,0.047619047619047616,1,1.0,1.0,-168.0,-168.0
ALNS-B,Example13,13,2,repair,repair_chuffed_fast,5,0.23809523809523808,1,0.2,0.2,-3.0,-168.0
ALNS-B,Example13,13,2,destroy,destroy_all_forbidden_sequences,1,0.047619047619047616,1,1.0,1.0,-105.0,-105.0
ALNS-B,Example13,13,2,repair,repair_gecode_fast,10,0.47619047619047616,3,0.3,0.3,24.7,-42.0
ALNS-B,Example13,13,2,destroy,destroy_random_window_20pct,4,0.19047619047619047,0,0.0,0.0,41.25,nan
ALNS-B,Example13,13,2,destroy,destroy_random_workers_20pct,6,0.2857142857142857,0,0.0,0.0,27.666666666666668,nan
ALNS-B,Example13,13,2,destroy,destroy_max_border_shift_2,1,0.047619047619047616,1,1.0,1.0,-2.0,-2.0
ALNS-B,Example13,13,2,destroy,destroy_max_border_off,1,0.047619047619047616,1,1.0,1.0,-19.0,-19.0
ALNS-B,Example13,13,2,destroy,destroy_worst_workers_30pct,4,0.19047619047619047,0,0.0,0.0,74.75,nan
ALNS-B,Example13,13,2,destroy,destroy_exploration,2,0.09523809523809523,0,0.0,0.0,42.5,nan
ALNS-B,Example13,13,2,repair,repair_exploration,2,0.09523809523809523,0,0.0,0.0,42.5,nan
ALNS-B,Example14,14,0,destroy,destroy_max_border_off,2,0.07142857142857142,0,0.0,0.5,0.0,nan
ALNS-B,Example14,14,0,repair,repair_chuffed_long,8,0.2857142857142857,2,0.25,0.375,3.5714285714285716,-10.0
ALNS-B,Example14,14,0,destroy,destroy_random_window_20pct,1,0.03571428571428571,1,1.0,1.0,-86.0,-86.0
ALNS-B,Example14,14,0,repair,repair_gecode_fast,9,0.32142857142857145,1,0.1111111111111111,0.1111111111111111,-9.555555555555555,-86.0
ALNS-B,Example14,14,0,destroy,destroy_streak_around_worst_worker,5,0.17857142857142858,1,0.2,0.2,22.0,-14.0
ALNS-B,Example14,14,0,repair,repair_gecode_long,4,0.14285714285714285,1,0.25,0.25,5.5,-14.0
ALNS-B,Example14,14,0,destroy,destroy_all_forbidden_sequences,4,0.14285714285714285,1,0.25,0.25,-2.5,-10.0
ALNS-B,Example14,14,0,destroy,destroy_random_workers_20pct,1,0.03571428571428571,1,1.0,1.0,-10.0,-10.0
ALNS-B,Example14,14,0,destroy,destroy_max_border_shift_2,3,0.10714285714285714,0,0.0,0.0,0.0,nan
ALNS-B,Example14,14,0,repair,repair_chuffed_fast,4,0.14285714285714285,0,0.0,0.0,10.75,nan
ALNS-B,Example14,14,0,destroy,destroy_worst_workers_10pct,2,0.07142857142857142,0,0.0,0.0,0.0,nan
ALNS-B,Example14,14,0,destroy,destroy_max_border_shift_1,2,0.07142857142857142,0,0.0,0.0,0.0,nan
ALNS-B,Example14,14,0,destroy,destroy_max_border_work,3,0.10714285714285714,0,0.0,0.0,0.0,nan
ALNS-B,Example14,14,0,destroy,destroy_worst_days_10pct,1,0.03571428571428571,0,0.0,0.0,0.0,nan
ALNS-B,Example14,14,0,destroy,destroy_exploration,3,0.10714285714285714,2,0.6666666666666666,0.6666666666666666,8.666666666666666,-1.0
ALNS-B,Example14,14,0,repair,repair_exploration,3,0.10714285714285714,2,0.6666666666666666,0.6666666666666666,8.666666666666666,-1.0
ALNS-B,Example14,14,0,destroy,destroy_max_border_shift_3,1,0.03571428571428571,0,0.0,0.0,0.0,nan
ALNS-B,Example14,14,1,destroy,destroy_max_border_shift_1,2,0.04878048780487805,0,0.0,0.5,0.0,nan
ALNS-B,Example14,14,1,repair,repair_chuffed_fast,16,0.3902439024390244,1,0.0625,0.1875,8.933333333333334,-2.0
ALNS-B,Example14,14,1,destroy,destroy_random_window_20pct,2,0.04878048780487805,1,0.5,1.0,-32.5,-65.0
ALNS-B,Example14,14,1,repair,repair_gecode_fast,12,0.2926829268292683,2,0.16666666666666666,0.25,2.6666666666666665,-35.0
ALNS-B,Example14,14,1,destroy,destroy_worst_workers_30pct,1,0.024390243902439025,0,0.0,1.0,2.0,nan
ALNS-B,Example14,14,1,destroy,destroy_max_border_off,1,0.024390243902439025,1,1.0,1.0,-15.0,-15.0
ALNS-B,Example14,14,1,repair,repair_chuffed_long,6,0.14634146341463414,2,0.3333333333333333,0.3333333333333333,7.333333333333333,-9.0
ALNS-B,Example14,14,1,destroy,destroy_worst_workers_10pct,7,0.17073170731707318,1,0.14285714285714285,0.14285714285714285,-0.7142857142857143,-5.0
ALNS-B,Example14,14,1,destroy,destroy_all_forbidden_sequences,6,0.14634146341463414,1,0.16666666666666666,0.16666666666666666,-0.5,-3.0
ALNS-B,Example14,14,1,destroy,destroy_streak_around_worst_worker,7,0.17073170731707318,0,0.0,0.0,44.57142857142857,nan
ALNS-B,Example14,14,1,destroy,destroy_max_border_shift_2,3,0.07317073170731707,0,0.0,0.0,0.0,nan
ALNS-B,Example14,14,1,repair,repair_gecode_long,3,0.07317073170731707,0,0.0,0.0,4.666666666666667,nan
ALNS-B,Example14,14,1,destroy,destroy_worst_days_10pct,7,0.17073170731707318,1,0.14285714285714285,0.14285714285714285,-0.2857142857142857,-2.0
ALNS-B,Example14,14,1,destroy,destroy_exploration,4,0.0975609756097561,1,0.25,0.25,-0.5,-2.0
ALNS-B,Example14,14,1,repair,repair_exploration,4,0.0975609756097561,1,0.25,0.25,-0.5,-2.0
ALNS-B,Example14,14,1,destroy,destroy_max_border_work,1,0.024390243902439025,0,0.0,0.0,0.0,nan
ALNS-B,Example14,14,2,destroy,destroy_worst_workers_10pct,25,0.5555555555555556,5,0.2,0.24,-0.4166666666666667,-2.0
ALNS-B,Example14,14,2,repair,repair_gecode_long,6,0.13333333333333333,0,0.0,0.16666666666666666,5.6,nan
ALNS-B,Example14,14,2,destroy,destroy_max_border_shift_1,3,0.06666666666666667,1,0.3333333333333333,0.3333333333333333,-12.333333333333334,-37.0
ALNS-B,Example14,14,2,repair,repair_chuffed_fast,17,0.37777777777777777,2,0.11764705882352941,0.11764705882352941,-0.058823529411764705,-21.5
ALNS-B,Example14,14,2,destroy,destroy_all_forbidden_sequences,4,0.08888888888888889,2,0.5,0.5,-17.25,-34.5
ALNS-B,Example14,14,2,repair,repair_gecode_fast,19,0.4222222222222222,7,0.3684210526315789,0.3684210526315789,-3.0526315789473686,-11.142857142857142
ALNS-B,Example14,14,2,destroy,destroy_random_window_20pct,1,0.022222222222222223,1,1.0,1.0,-5.0,-5.0
ALNS-B,Example14,14,2,destroy,destroy_streak_around_worst_worker,4,0.08888888888888889,0,0.0,0.0,22.5,nan
ALNS-B,Example14,14,2,destroy,destroy_max_border_shift_2,5,0.1111111111111111,0,0.0,0.0,0.0,nan
ALNS-B,Example14,14,2,repair,repair_chuffed_long,2,0.044444444444444446,0,0.0,0.0,0.0,nan
ALNS-B,Example14,14,2,destroy,destroy_worst_days_10pct,2,0.044444444444444446,0,0.0,0.0,0.0,nan
ALNS-B,Example14,14,2,destroy,destroy_exploration,1,0.022222222222222223,0,0.0,0.0,0.0,nan
ALNS-B,Example14,14,2,repair,repair_exploration,1,0.022222222222222223,0,0.0,0.0,0.0,nan
